Iteration	Posterior	Likelihood	Prior	matrix_probs[1]	matrix_probs[2]	matrix_probs[3]	matrix_probs[4]	neo_beta	rate_log_sd	tree_length	two_beta
0	-2633.027	-3253.481	620.4534	0.482405	0.0667425	0.250172	0.200681	1.914931	1.461196	4.304125	2.066943
6	-2638.995	-3257.9	618.905	0.480359	0.164987	0.154823	0.19983	1.403652	1.535619	4.304125	5.637355
12	-2622.902	-3242.017	619.1154	0.533832	0.183753	0.0359257	0.246489	1.664755	1.626495	4.376615	4.157235
18	-2636.224	-3255.437	619.2131	0.630642	0.0942029	0.0796151	0.19554	1.522357	1.648338	4.376615	4.157235
24	-2659.41	-3277.018	617.6082	0.621358	0.0141574	0.210798	0.153687	1.722579	1.620405	4.242529	8.716105
30	-2662.408	-3283.99	621.5828	0.563694	0.00144918	0.141606	0.29325	1.50737	1.558868	3.669986	2.366318
36	-2652.854	-3273.303	620.4488	0.494534	0.00166655	0.166562	0.337237	1.709827	1.566438	4.227239	2.343048
42	-2633.951	-3254.77	620.8184	0.510336	0.00203776	0.171884	0.315743	1.455054	1.566438	3.815797	3.246055
48	-2649.427	-3268.479	619.0523	0.523572	0.0090554	0.176342	0.291031	1.530032	1.643903	4.437831	4.260452
54	-2636.526	-3257.352	620.826	0.478573	0.00999937	0.275178	0.23625	1.379286	1.49045	4.171807	2.457704
60	-2648.536	-3270.12	621.5843	0.489371	0.0172456	0.245326	0.248058	1.626444	1.747155	3.464965	2.457704
66	-2664.275	-3285.563	621.2879	0.494684	0.0905735	0.206223	0.20852	1.061451	1.545744	3.507965	4.090319
72	-2671.545	-3295.002	623.4571	0.36585	0.244403	0.347853	0.0418944	0.7784593	1.541912	3.874541	0.6316237
78	-2690.196	-3307.454	617.2573	0.409001	0.271289	0.273207	0.0465032	1.141572	1.446735	5.545263	5.034065
84	-2676.732	-3298.129	621.3966	0.24527	0.385622	0.273864	0.0952435	0.7918487	1.361569	3.895595	3.473846
90	-2650.598	-3273.993	623.3952	0.283955	0.394154	0.203127	0.118764	0.7881889	1.498451	3.659063	1.086909
96	-2649.446	-3273.807	624.3608	0.347165	0.193044	0.428987	0.0308043	0.7339527	1.625283	3.402084	0.5107998
102	-2668.408	-3291.867	623.4594	0.32929	0.234593	0.406899	0.0292182	1.157778	1.522244	3.77894	0.4349722
108	-2659.082	-3283.454	624.3726	0.308706	0.302887	0.374382	0.0140247	0.7289366	1.641647	3.241026	0.7502075
114	-2666.077	-3288.438	622.3601	0.226906	0.370254	0.304772	0.0980689	0.5713148	1.469288	4.630771	0.6826456
120	-2642.229	-3265.587	623.3581	0.413064	0.294019	0.206646	0.0862708	1.006584	1.653961	3.650699	0.7647063
126	-2626.311	-3250.681	624.3699	0.3321	0.236389	0.362149	0.0693611	0.7986001	1.552926	3.494941	0.3147468
132	-2631.384	-3256.647	625.2628	0.279652	0.27195	0.375181	0.0732174	0.9149055	1.841285	2.714327	0.3269942
138	-2642.402	-3268.855	626.4526	0.425311	0.177868	0.332025	0.0647955	0.9149055	1.707566	2.059469	0.2727743
144	-2652.927	-3278.096	625.1691	0.301528	0.203058	0.421443	0.0739719	1.176311	1.598183	2.776258	0.2727743
150	-2638.09	-3262.887	624.7972	0.420078	0.138033	0.407119	0.0347696	1.176311	1.50035	3.056944	0.2891248
156	-2625.378	-3250.459	625.0817	0.449482	0.0789897	0.375603	0.0959255	0.9461906	1.544206	2.996847	0.2834685
162	-2637.925	-3264.163	626.2383	0.429364	0.120211	0.358792	0.0916322	0.9461906	1.740692	2.15761	0.2335213
168	-2647.785	-3273.299	625.5145	0.325882	0.229821	0.401988	0.0423092	0.913642	1.84252	2.569671	0.2171569
174	-2639.678	-3266.252	626.5739	0.281826	0.285281	0.359039	0.0738544	0.913642	1.888014	1.835972	0.1850551
180	-2635.388	-3257.455	622.067	0.507412	0.15472	0.095481	0.242387	0.9454192	1.285538	4.294021	1.37428
186	-2635.879	-3260.286	624.4074	0.523577	0.168191	0.255263	0.0529686	0.4300378	1.431555	3.717412	0.4233133
192	-2659.104	-3283.578	624.4734	0.468637	0.150543	0.250789	0.130031	0.8210479	1.445888	3.427122	0.4411216
198	-2645.502	-3269.276	623.7738	0.445347	0.266081	0.21804	0.0705316	0.9157288	1.432554	3.843279	0.21019
204	-2642.459	-3266.234	623.7752	0.610777	0.100357	0.169072	0.119794	1.024761	1.33291	3.843279	0.2497399
210	-2646.045	-3270.213	624.1674	0.409824	0.0621872	0.447608	0.0803806	0.6987601	1.443907	3.747337	0.2497399
216	-2647.381	-3272.653	625.2717	0.312293	0.0860583	0.490413	0.111235	0.8148057	1.492063	2.998426	0.255531
222	-2641.339	-3266.131	624.7918	0.276604	0.188566	0.435948	0.0988816	0.4187194	1.492063	3.522075	0.255531
228	-2629.087	-3254.013	624.9262	0.428999	0.194265	0.344778	0.0319582	0.4217998	1.56464	3.398116	0.2732075
234	-2647.503	-3271.94	624.4361	0.432404	0.11871	0.409057	0.0398287	0.933794	1.518616	3.398116	0.2095955
240	-2632.002	-3257.171	625.1696	0.376514	0.201037	0.380182	0.0422672	0.5278414	1.510954	3.225267	0.2263375
246	-2644.561	-3269.612	625.0515	0.379293	0.202521	0.375607	0.0425792	0.5960593	1.505873	3.257159	0.2312311
252	-2649.614	-3272.455	622.8404	0.244883	0.272951	0.434592	0.0475736	0.4268939	1.224446	4.779914	0.2359556
258	-2637.607	-3263.663	626.0566	0.408731	0.190108	0.288469	0.112693	0.4950254	1.656639	2.619806	0.2181959
264	-2663.971	-3290.107	626.1361	0.264212	0.209712	0.329444	0.196632	0.4950254	1.686961	2.554399	0.2297791
270	-2657.884	-3284.154	626.2699	0.387792	0.270412	0.306272	0.0355241	0.4196794	1.758166	2.469113	0.221842
276	-2642.545	-3268.884	626.339	0.33506	0.233641	0.389461	0.0418382	0.2971451	1.777074	2.466646	0.2199148
282	-2649.3	-3275.445	626.1452	0.301219	0.186625	0.452827	0.0593286	0.3478204	1.735729	2.597326	0.2266495
288	-2662.943	-3289.732	626.7882	0.429028	0.224689	0.261781	0.084502	0.4118472	1.786421	2.125144	0.2266495
294	-2669.463	-3293.867	624.4036	0.327648	0.339176	0.280661	0.0525155	0.8092725	1.646751	3.140574	0.7964819
300	-2669.454	-3296.077	626.6224	0.417322	0.200008	0.329639	0.0530305	0.3591023	1.742791	2.288291	0.2289677
306	-2650.717	-3277.352	626.6354	0.298512	0.280271	0.341747	0.0794701	0.307404	1.746135	2.295745	0.2199685
312	-2647.793	-3274.73	626.9365	0.360918	0.130657	0.413192	0.0952338	0.3457053	1.768778	2.062917	0.1995296
318	-2633.07	-3259.68	626.6107	0.389984	0.201524	0.364202	0.0442901	0.3457053	1.816908	2.253765	0.226525
324	-2653.5	-3279.628	626.1279	0.3609	0.144555	0.484176	0.0103684	0.3522567	1.708748	2.621501	0.2210156
330	-2645.404	-3271.923	626.5196	0.480624	0.139957	0.358015	0.0214042	0.5194576	1.813956	2.213816	0.2210156
336	-2661.598	-3287.539	625.9403	0.486154	0.141567	0.362133	0.0101465	0.5461894	1.679829	2.639803	0.3108669
342	-2654.373	-3280.778	626.4052	0.409172	0.277499	0.30479	0.00853982	0.4104194	1.785994	2.373145	0.2754057
348	-2648.824	-3275.578	626.754	0.248929	0.352761	0.387454	0.010856	0.5540916	1.788284	2.056454	0.2754057
354	-2656.654	-3283.087	626.4336	0.262844	0.37248	0.354691	0.00998495	0.6255578	1.777442	2.223829	0.2754057
360	-2643.331	-3269.803	626.4716	0.283811	0.288224	0.42016	0.00780456	0.4346526	1.807493	2.287066	0.3333927
366	-2655.555	-3282.143	626.5884	0.343691	0.174858	0.472	0.00945119	0.4377087	1.743328	2.251546	0.3333927
372	-2661.99	-3288.189	626.199	0.350782	0.178466	0.452691	0.0180612	0.4613213	1.694805	2.514732	0.3333927
378	-2653.82	-3280.012	626.1925	0.364825	0.257176	0.359215	0.0187843	0.4157694	1.68781	2.566884	0.2572383
384	-2646.744	-3268.407	621.6629	0.328678	0.146434	0.288621	0.236267	1.550135	1.723071	3.796822	1.696154
390	-2655.155	-3276.371	621.2163	0.249721	0.429673	0.141096	0.17951	1.222612	1.449844	4.57557	1.28193
396	-2649.019	-3270.35	621.3308	0.388782	0.172287	0.328243	0.110688	0.5700556	1.614619	4.29387	2.402106
402	-2668.163	-3292.171	624.0074	0.366	0.186974	0.309009	0.138017	0.8627741	1.388156	3.772427	0.2547335
408	-2653.638	-3280.412	626.7743	0.189238	0.436691	0.320188	0.0538835	0.3480539	1.803107	2.158406	0.2547335
414	-2648.32	-3275.059	626.7389	0.163603	0.403819	0.421988	0.0105906	0.4014853	1.868492	2.104244	0.3017302
420	-2646.286	-3272.233	625.9476	0.208038	0.438961	0.347437	0.00556388	0.4328618	1.612862	2.719464	0.374562
426	-2660.162	-3285.751	625.5887	0.259937	0.310569	0.422725	0.00676954	0.6424553	1.530505	2.882659	0.3158537
432	-2660.78	-3286.554	625.7738	0.33903	0.285572	0.367588	0.00781064	0.3633721	1.625944	2.882659	0.2911746
438	-2652.024	-3277.735	625.7116	0.154534	0.314411	0.503892	0.0271627	0.4305256	1.60195	2.850188	0.4162931
444	-2645.891	-3272.101	626.2094	0.181656	0.369593	0.41415	0.0345999	0.5270114	1.797701	2.402428	0.334473
450	-2646.853	-3272.45	625.5963	0.203134	0.366217	0.385724	0.0449247	0.8031002	1.797701	2.599641	0.3461391
456	-2644.578	-3269.631	625.0527	0.298605	0.35558	0.309739	0.0360749	0.6031526	1.677151	2.993235	0.5925688
462	-2632.252	-3256.403	624.1504	0.211134	0.359956	0.36062	0.0682905	0.6557262	1.743945	3.60691	0.28348
468	-2643.52	-3268.302	624.7826	0.214779	0.36617	0.366845	0.0522054	0.6752648	1.585419	3.034174	0.7984917
474	-2630.238	-3255.416	625.1776	0.242018	0.240871	0.371004	0.146107	0.5326295	1.568249	3.171592	0.3259761
480	-2635.799	-3258.603	622.8042	0.325344	0.357022	0.237445	0.08019	0.4831568	1.512919	4.317186	0.833338
486	-2649.833	-3273.743	623.9094	0.0446558	0.544708	0.370407	0.0402289	0.4519866	1.567536	3.785587	0.6454388
492	-2658.451	-3282.604	624.1529	0.253159	0.427149	0.251411	0.0682809	0.7816221	1.583155	3.587267	0.3831756
498	-2650.557	-3273.43	622.873	0.21996	0.371133	0.294702	0.114205	0.7816221	1.55677	4.32496	0.404899
504	-2645.6	-3268.761	623.1612	0.230424	0.393842	0.297055	0.0786789	0.6948138	1.423704	4.261385	0.4589744
510	-2666.609	-3291.459	624.8496	0.38577	0.19368	0.102625	0.317925	1.118612	1.707326	2.635377	0.812171
516	-2670.525	-3294.268	623.7435	0.343816	0.247598	0.146972	0.261615	1.434929	1.707326	2.613353	1.730862
522	-2659.76	-3283.136	623.376	0.425823	0.173464	0.130176	0.270537	1.434929	1.707326	3.07284	1.279162
528	-2657.891	-3283.001	625.1105	0.372722	0.276535	0.113943	0.236801	1.253811	1.620455	2.746407	0.3078406
534	-2650.29	-3275.318	625.0283	0.356828	0.344353	0.160995	0.137824	1.295397	1.717902	2.713613	0.3078406
540	-2641.305	-3266.191	624.8865	0.437412	0.126797	0.317398	0.118394	1.438853	1.733045	2.713613	0.3033249
546	-2645.943	-3269.156	623.2128	0.587157	0.138836	0.115082	0.158925	2.017118	1.589468	3.508303	0.3342143
552	-2643.12	-3265.626	622.5066	0.320604	0.239923	0.131301	0.308172	1.193813	1.426297	4.349112	0.4507719
558	-2636.41	-3257.88	621.4701	0.310252	0.0736866	0.31784	0.298221	1.743318	1.379013	4.74431	0.326319
564	-2645.382	-3268.866	623.4834	0.394426	0.163594	0.404073	0.0379065	1.242982	1.52638	3.755858	0.3509475
570	-2658.852	-3282.461	623.6084	0.489002	0.14442	0.288034	0.0785439	0.9759922	1.470753	3.875604	0.3207632
576	-2639.199	-3264.08	624.8814	0.334799	0.305191	0.322152	0.0378584	0.8090408	1.611874	3.076888	0.4740411
582	-2639.818	-3264.951	625.1332	0.435495	0.149412	0.343391	0.0717019	0.5526648	1.583401	3.186075	0.2936861
588	-2656.765	-3281.79	625.0243	0.528375	0.128422	0.306815	0.0363882	0.483578	1.578608	3.287363	0.3195474
594	-2644.764	-3269.925	625.1609	0.459104	0.0953979	0.437708	0.00779014	0.4314482	1.635779	3.160199	0.4153799
600	-2652.068	-3276.974	624.9055	0.416831	0.214304	0.363767	0.00509821	0.4988272	1.490416	3.243029	0.6133029
606	-2646.001	-3269.278	623.2766	0.313075	0.229255	0.432196	0.0254739	0.3964055	1.45349	4.296223	0.551548
612	-2641.472	-3265.418	623.9452	0.207506	0.383044	0.378814	0.0306363	0.6948839	1.605661	3.774062	0.3146963
618	-2634.346	-3259.998	625.6524	0.422403	0.105727	0.436476	0.0353944	0.8694665	1.811031	2.498581	0.3790053
624	-2648.022	-3272.701	624.6797	0.375321	0.0898432	0.364139	0.170696	1.180977	1.713743	2.983838	0.3334222
630	-2631.108	-3255.514	624.4058	0.392557	0.230261	0.262094	0.115089	0.8725973	1.772693	3.310628	0.2518162
636	-2621.168	-3246.579	625.4114	0.448894	0.223702	0.27324	0.0541643	0.6632257	1.698579	2.886268	0.2518162
642	-2628.417	-3252.657	624.2409	0.427494	0.108709	0.410459	0.0533375	0.6632257	1.666241	3.593904	0.2886813
648	-2637.08	-3260.812	623.7315	0.39835	0.174792	0.382476	0.0443809	0.4977607	1.618492	4.001094	0.3332723
654	-2625.893	-3250.793	624.8997	0.407884	0.208901	0.359224	0.0239909	0.9972492	1.582129	3.050252	0.293656
660	-2625.471	-3249.823	624.3524	0.51808	0.0692575	0.325689	0.0869736	0.6323426	1.717598	3.521341	0.2366097
666	-2652.786	-3275.82	623.034	0.347536	0.22573	0.218477	0.208257	0.7944422	1.494442	3.521341	1.760546
672	-2648.328	-3270.083	621.7548	0.373273	0.187514	0.326694	0.112519	0.5290596	1.641835	4.351486	1.713583
678	-2654.316	-3278.654	624.3385	0.25209	0.270255	0.315486	0.162169	0.7247852	1.492175	3.593817	0.3149148
684	-2653.12	-3275.676	622.5562	0.400272	0.246645	0.331091	0.021992	0.8347698	1.492175	4.550975	0.2192675
690	-2649.774	-3275.233	625.4596	0.42727	0.189207	0.290586	0.0929364	0.5540318	1.666858	2.919449	0.355294
696	-2643.598	-3269.77	626.1714	0.39382	0.252682	0.267837	0.0856606	0.5007731	1.682358	2.527207	0.212477
702	-2673.759	-3297.37	623.6112	0.309813	0.244037	0.403825	0.0423256	0.5155751	1.667623	3.116188	2.059796
708	-2671.71	-3294.248	622.5383	0.356392	0.207667	0.30666	0.129281	0.6231639	1.571159	3.116188	3.778736
714	-2651.454	-3273.557	622.1033	0.368648	0.122459	0.2781	0.230793	1.697557	1.781778	3.285772	2.024137
720	-2639.81	-3263.42	623.6092	0.431228	0.216297	0.127838	0.224636	1.410586	1.736765	2.434302	2.281275
726	-2644.669	-3266.457	621.7876	0.491926	0.0668011	0.185018	0.256255	1.259376	1.637644	3.038584	4.119867
732	-2654.515	-3275.139	620.6241	0.318795	0.344021	0.182902	0.154282	1.325004	1.56067	4.017059	3.184727
738	-2656.791	-3280.579	623.7881	0.426225	0.338609	0.0833114	0.151855	1.206992	1.598267	3.337978	0.7336345
744	-2667.693	-3293.473	625.78	0.314063	0.26893	0.400749	0.016258	0.4944274	1.605059	2.825625	0.2544389
750	-2671.124	-3295.221	624.0974	0.320542	0.299152	0.362782	0.0175232	0.6335732	1.67425	3.659168	0.3793993
756	-2645.037	-3269.837	624.8008	0.205593	0.342242	0.415037	0.0371276	0.4925191	1.655248	3.344822	0.3793993
762	-2657.952	-3282.043	624.0906	0.0760178	0.387592	0.489974	0.0464168	0.560323	1.650162	3.754132	0.2811742
768	-2642.68	-3267.267	624.5866	0.566074	0.102211	0.293386	0.0383289	0.853404	1.582028	3.325444	0.2811742
774	-2637.912	-3262.769	624.8566	0.305346	0.266567	0.31491	0.113177	1.372387	1.582028	2.86726	0.2431754
780	-2654.399	-3278.89	624.4903	0.374408	0.219373	0.311319	0.0949002	0.9977106	1.555473	2.955269	0.9134629
786	-2636.036	-3259.367	623.3311	0.280617	0.176114	0.416351	0.126917	1.370046	1.662724	2.880431	1.828542
792	-2641.087	-3262.859	621.7718	0.554026	0.0624227	0.258529	0.125022	1.246917	1.467072	3.521558	2.976062
798	-2630.352	-3252.995	622.6438	0.564858	0.00642903	0.295365	0.133348	1.246917	1.522192	3.36697	1.988705
804	-2603.762	-3227.241	623.4793	0.549156	0.034048	0.287154	0.129641	1.035143	1.457086	2.942411	2.189176
810	-2631.794	-3255.805	624.0103	0.422377	0.0220808	0.382745	0.172798	1.156946	1.561977	2.942411	1.261211
816	-2638.954	-3261.334	622.3802	0.483081	0.0281379	0.390651	0.0981306	1.156946	1.567265	3.47791	2.142933
822	-2645.412	-3268.173	622.7605	0.50317	0.029308	0.330734	0.136789	1.156946	1.596419	3.05238	2.596041
828	-2652.242	-3274.977	622.735	0.416254	0.0358358	0.380654	0.167256	1.156946	1.333664	3.747135	1.411341
834	-2632.885	-3257.023	624.1381	0.442386	0.0617112	0.235703	0.260201	1.257189	1.710383	2.633661	1.411491
840	-2644.459	-3269.87	625.4106	0.275684	0.294853	0.314929	0.114533	0.5132156	1.597007	3.026645	0.1929748
846	-2647.076	-3273.598	626.5216	0.29386	0.266728	0.317328	0.122085	0.6350895	1.811199	2.139586	0.2388207
852	-2644.777	-3266.651	621.8738	0.588089	0.0785767	0.0820682	0.251266	1.674456	1.592781	3.814595	1.441637
858	-2652.988	-3273.529	620.5405	0.408619	0.110949	0.125647	0.354784	1.782147	1.428846	3.742962	3.738659
864	-2670.255	-3292.819	622.5647	0.378201	0.0901055	0.228665	0.303029	1.518318	1.765302	3.15265	1.93122
870	-2657.049	-3278.825	621.776	0.557848	0.0394243	0.151935	0.250792	1.471042	1.609066	3.77854	1.82183
876	-2658.546	-3279.226	620.6793	0.491376	0.038901	0.268534	0.201189	1.664693	1.526397	4.162915	2.285182
882	-2648.952	-3269.136	620.1844	0.516382	0.0206952	0.245143	0.21778	1.793751	1.515463	4.162915	2.900067
888	-2638.372	-3262.582	624.21	0.419566	0.159017	0.162229	0.259188	0.9621271	1.592345	2.936993	1.229441
894	-2624.329	-3246.775	622.4458	0.359728	0.170755	0.176083	0.293434	1.417063	1.542365	3.59854	1.523997
900	-2611.752	-3234.174	622.4222	0.362186	0.192133	0.198128	0.247553	1.459896	1.59606	3.905735	0.8871124
906	-2630.86	-3253.354	622.4943	0.423591	0.289461	0.0604439	0.226504	1.568129	1.662129	3.828199	0.7946296
912	-2626.447	-3246.739	620.2918	0.440115	0.182182	0.126117	0.251586	1.22102	1.486531	4.918542	1.59563
918	-2638.685	-3260.298	621.6129	0.380741	0.119591	0.240994	0.258675	1.56166	1.641219	3.904458	1.617096
924	-2640.108	-3260.194	620.0856	0.46863	0.137116	0.230686	0.163568	1.525299	1.497709	5.12817	1.092474
930	-2633.577	-3253.776	620.1994	0.495767	0.149013	0.182179	0.17304	1.431493	1.499479	4.838152	1.634627
936	-2650.662	-3274.08	623.4181	0.374058	0.232059	0.188994	0.204889	1.448375	1.563547	3.093772	1.339149
942	-2655.132	-3278.681	623.5486	0.308581	0.269517	0.219501	0.202402	1.302645	1.69806	2.992518	1.377661
948	-2662.086	-3285.323	623.2368	0.397827	0.234728	0.191168	0.176276	1.252028	1.696263	2.992518	1.806239
954	-2676.358	-3300.636	624.2777	0.449235	0.247168	0.245372	0.0582254	0.7445739	1.750268	2.771071	1.535538
960	-2655.844	-3280.702	624.8575	0.426035	0.158595	0.378009	0.0373603	0.7659862	1.754363	3.017889	0.4998113
966	-2648.923	-3273.522	624.5988	0.407136	0.225954	0.331207	0.035703	0.6790103	1.777608	3.16981	0.5709648
972	-2655.397	-3280.689	625.2927	0.481154	0.234283	0.242369	0.0421939	0.7824359	1.728977	2.411666	1.041964
978	-2643.72	-3266.301	622.5819	0.406563	0.231325	0.204795	0.157317	1.376771	1.406311	3.823458	1.134766
984	-2638.255	-3265.211	626.9561	0.361134	0.188976	0.416655	0.0332351	0.4072714	1.708333	2.070995	0.2620704
990	-2634.638	-3261.412	626.7749	0.238616	0.443729	0.297004	0.0206509	0.4569147	1.836439	2.070995	0.2937424
996	-2646.508	-3273.309	626.8008	0.201976	0.444043	0.320102	0.0338787	0.4722075	1.788474	2.070995	0.3107335
1002	-2654.307	-3279.626	625.3185	0.26291	0.317505	0.332395	0.0871892	0.4483148	1.885466	2.438691	1.165961
1008	-2659.314	-3285.742	626.4278	0.393688	0.321697	0.23006	0.0545556	0.418178	1.752712	2.372398	0.2920141
1014	-2662.297	-3287.9	625.6026	0.432464	0.305249	0.210071	0.0522161	1.317852	1.685813	2.372398	0.2546825
1020	-2677.917	-3304.522	626.6059	0.353384	0.27299	0.273484	0.100142	0.4722771	1.820728	2.18362	0.2202229
1026	-2643.191	-3270.264	627.0728	0.384371	0.296927	0.297465	0.0212382	0.5406371	1.841037	1.808054	0.2077415
1032	-2653.743	-3279.905	626.1613	0.479201	0.159896	0.144501	0.216401	0.9917226	1.683618	2.200012	0.1936358
1038	-2647.471	-3273.416	625.9444	0.476825	0.140349	0.19288	0.189946	0.9917226	1.697658	2.339519	0.2127384
1044	-2656.674	-3283.196	626.5214	0.302842	0.236679	0.413272	0.0472073	0.5394806	1.769823	2.231835	0.24791
1050	-2646.344	-3273.45	627.1063	0.30015	0.36376	0.289302	0.0467877	0.3869152	1.826724	1.90296	0.2437989
1056	-2640.686	-3267.723	627.0371	0.408983	0.312687	0.210514	0.0678166	0.3869152	1.895995	1.90296	0.2437989
1062	-2645.256	-3270.771	625.5146	0.398915	0.181677	0.254888	0.164521	1.128351	1.665006	2.506393	0.3945486
1068	-2644.777	-3270.792	626.0155	0.448604	0.1478	0.369992	0.033603	0.6233982	1.712577	2.523777	0.2054703
1074	-2631.22	-3256.718	625.4982	0.4444	0.235817	0.255271	0.0645108	1.048526	1.645215	2.621217	0.2738064
1080	-2643.675	-3266.374	622.6993	0.282179	0.309686	0.335234	0.0729005	0.7092417	1.567981	4.504381	0.2747261
1086	-2642.602	-3266.237	623.6359	0.285348	0.313163	0.338998	0.0624909	1.27276	1.622025	3.615	0.2914839
1092	-2628.451	-3254.206	625.755	0.264691	0.386178	0.272071	0.0770608	1.248023	1.785234	2.248384	0.2886677
1098	-2636.889	-3263.113	626.2238	0.211942	0.373624	0.309431	0.105002	0.7745593	1.731517	2.287489	0.2708026
1104	-2623.512	-3250.111	626.5994	0.235634	0.285649	0.379261	0.0994556	0.4785296	1.761858	2.224884	0.2708026
1110	-2624.314	-3250.943	626.6287	0.401403	0.18319	0.351626	0.0637819	0.4989097	1.725925	2.205963	0.3139953
1116	-2634.265	-3260.017	625.7519	0.350581	0.24968	0.316331	0.0834075	1.193892	1.786471	2.270086	0.1927604
1122	-2630.32	-3256.16	625.8404	0.345909	0.198451	0.386146	0.0694941	0.6531133	1.710562	2.610473	0.3197849
1128	-2635.108	-3260.901	625.7933	0.458039	0.1955	0.296568	0.049893	0.8790016	1.611439	2.564267	0.2253903
1134	-2654.002	-3280.005	626.0029	0.584387	0.0540815	0.345333	0.0161979	1.182728	1.757959	2.149722	0.2488001
1140	-2646.165	-3271.039	624.8743	0.525539	0.130966	0.219642	0.123854	1.282785	1.615149	2.88278	0.2229649
1146	-2642.711	-3268.541	625.8308	0.49365	0.0638637	0.23204	0.210446	1.049929	1.714857	2.367113	0.2229649
1152	-2622.954	-3245.475	622.5211	0.378849	0.193332	0.324848	0.102971	1.237043	1.620285	3.82468	1.106101
1158	-2649.648	-3273.041	623.3927	0.355978	0.213316	0.305237	0.125468	0.778287	1.638006	3.82468	0.683749
1164	-2658.71	-3281.271	622.5609	0.383663	0.229906	0.206281	0.180149	0.6832233	1.484787	4.24103	1.028432
1170	-2660.372	-3282.767	622.3956	0.462823	0.263794	0.220206	0.0531767	1.758115	1.596357	3.853571	0.7603697
1176	-2654.589	-3277.528	622.9388	0.412004	0.22834	0.204308	0.155347	1.688737	1.762975	3.527564	0.6752236
1182	-2650.212	-3271.604	621.3927	0.300535	0.297366	0.146355	0.255744	1.569105	1.609575	4.370851	0.9898773
1188	-2635.624	-3254.499	618.875	0.589807	0.145172	0.0545085	0.210513	1.975383	1.425721	4.369031	4.600554
1194	-2647.119	-3268.925	621.8059	0.391491	0.228864	0.192992	0.186653	1.975383	1.569506	3.736341	1.430284
1200	-2640.728	-3259.951	619.2227	0.474626	0.0562703	0.12482	0.344283	1.721059	1.680951	3.619115	6.883976
1206	-2631.573	-3251.29	619.7166	0.593314	0.0753265	0.156033	0.175326	1.72192	1.645254	4.076843	3.881018
1212	-2642.038	-3261.195	619.1566	0.403517	0.217655	0.156709	0.22212	1.619338	1.626983	4.076843	5.322864
1218	-2627.378	-3249.575	622.1965	0.463309	0.161637	0.131325	0.243729	1.430971	1.542163	3.466039	2.112259
1224	-2623.866	-3244.085	620.2188	0.488777	0.170522	0.138544	0.202157	1.413038	1.472595	4.313843	3.001361
1230	-2643.596	-3263.802	620.2059	0.211032	0.217713	0.304849	0.266406	1.571606	1.487693	4.913005	1.345893
1236	-2641.494	-3260.265	618.7707	0.337745	0.211258	0.288854	0.162144	1.61466	1.49267	5.278972	2.269711
1242	-2623.588	-3245.875	622.287	0.369462	0.111617	0.385659	0.133261	1.201421	1.614015	3.660558	1.737175
1248	-2634.544	-3256.156	621.6115	0.462046	0.0554144	0.34406	0.13848	1.201421	1.461195	3.797164	2.551332
1254	-2650.831	-3271.415	620.5837	0.441318	0.116338	0.286155	0.15619	2.050993	1.623375	3.961464	2.357807
1260	-2654.55	-3276.717	622.1667	0.38721	0.189296	0.211816	0.211678	2.079992	1.666934	3.497682	1.291329
1266	-2660.005	-3282.5	622.495	0.369523	0.154341	0.199847	0.276289	1.346355	1.600728	3.287154	2.144096
1272	-2646.384	-3267.826	621.4418	0.330677	0.18372	0.238359	0.247244	1.346355	1.725727	3.78658	2.243059
1278	-2642.894	-3264.739	621.845	0.593025	0.040352	0.238525	0.128098	1.470055	1.50076	3.908386	1.593361
1284	-2625.745	-3247.283	621.538	0.586323	0.0778085	0.209218	0.12665	1.125137	1.705063	2.950626	5.11592
1290	-2637.553	-3261.941	624.3878	0.415951	0.107562	0.363253	0.113234	1.260937	1.741239	2.950626	0.5996638
1296	-2640.398	-3264.24	623.8419	0.495236	0.209517	0.133634	0.161613	1.270588	1.765251	2.950626	1.097589
1302	-2645.088	-3265.467	620.3797	0.468592	0.106887	0.270905	0.153616	2.197922	1.777197	3.318954	4.188597
1308	-2639.524	-3260.331	620.8064	0.427717	0.097563	0.334503	0.140216	1.967811	1.727399	3.174666	4.263898
1314	-2638.057	-3262.222	624.1644	0.359199	0.111487	0.331068	0.198246	1.474705	1.595524	3.155794	0.4337953
1320	-2614.522	-3240.249	625.7269	0.315647	0.332689	0.290927	0.0607368	0.5581552	1.672101	2.770678	0.2102627
1326	-2643.643	-3269.204	625.5605	0.208741	0.327331	0.311659	0.152269	0.68989	1.664562	2.795966	0.2843777
1332	-2649.011	-3274.191	625.1795	0.279977	0.275223	0.328062	0.116738	0.5709629	1.730018	2.795966	0.7632954
1338	-2634.883	-3260.262	625.3791	0.281394	0.130027	0.520877	0.067702	0.627415	1.62805	2.753594	0.6806269
1344	-2633.925	-3257.197	623.2724	0.428867	0.154563	0.165432	0.251138	1.267173	1.700092	2.652921	2.504017
1350	-2638.41	-3260.78	622.3701	0.494434	0.103811	0.13122	0.270535	1.32143	1.675891	2.870533	3.359024
1356	-2649.199	-3271.563	622.3641	0.489886	0.0435595	0.198508	0.268046	1.32143	1.717646	2.746713	3.66754
1362	-2633.084	-3253.241	620.1568	0.450706	0.0457746	0.221843	0.281677	1.565374	1.544903	3.833173	4.317385
1368	-2631.647	-3250.477	618.8297	0.455079	0.0282519	0.223995	0.292674	1.462217	1.443398	3.884882	8.060839
1374	-2652.985	-3273.423	620.4379	0.559233	0.0133964	0.222943	0.204428	1.222148	1.633008	4.694626	1.726354
1380	-2642.797	-3261.909	619.1115	0.490054	0.174067	0.106564	0.229315	1.356733	1.50809	4.945098	2.994805
1386	-2650.13	-3270.044	619.914	0.585115	0.011481	0.0877184	0.315685	1.502208	1.513925	4.46417	2.868009
1392	-2661.389	-3280.052	618.6632	0.67111	0.0131683	0.107083	0.208639	1.996735	1.537332	4.358128	4.830227
1398	-2650.727	-3273.298	622.5715	0.344606	0.0253183	0.205884	0.424192	1.622683	1.557809	3.42486	1.501095
1404	-2646.354	-3268.264	621.9098	0.309856	0.108791	0.49571	0.0856426	0.9805129	1.438132	3.42486	3.526818
1410	-2636.614	-3260.31	623.6962	0.357877	0.120967	0.422241	0.0989154	0.9431179	1.577884	3.153851	1.433526
1416	-2650.991	-3272.719	621.7283	0.337828	0.168224	0.398586	0.0953615	1.100509	1.533895	3.559351	3.061663
1422	-2637.711	-3261.191	623.4798	0.280216	0.118234	0.485415	0.116135	1.129402	1.618415	3.009097	1.71045
1428	-2630.114	-3254.111	623.9967	0.465644	0.02452	0.394762	0.115074	1.082031	1.637118	2.934788	1.286659
1434	-2647.803	-3271.277	623.474	0.473329	0.0183337	0.295165	0.213173	0.9791733	1.571382	2.934788	2.133086
1440	-2656.335	-3279.937	623.602	0.293386	0.27794	0.344896	0.083778	0.5801982	1.657922	3.730119	0.8203928
1446	-2643.324	-3267.231	623.9063	0.251268	0.363101	0.324463	0.061168	0.5237696	1.594102	3.303361	1.386993
1452	-2631.495	-3255.93	624.4348	0.277376	0.343458	0.321668	0.0574985	0.5164102	1.585213	3.437679	0.6391497
1458	-2656.484	-3282.34	625.8564	0.312508	0.274303	0.362411	0.0507776	0.5153511	1.806063	2.376175	0.7453006
1464	-2647.282	-3271.033	623.7503	0.460844	0.231859	0.126595	0.180703	0.7087056	1.802747	2.983095	1.731264
1470	-2670.321	-3294.202	623.8809	0.358367	0.180301	0.285042	0.17629	1.185587	1.607752	2.983095	1.249082
1476	-2669.636	-3293.356	623.7206	0.464303	0.198842	0.193271	0.143584	0.8839661	1.426921	3.40328	1.175785
1482	-2657.791	-3280.869	623.0782	0.259187	0.284889	0.286303	0.169621	1.209397	1.521462	3.40328	1.423472
1488	-2642.329	-3264.99	622.6615	0.362843	0.0240922	0.400804	0.212261	1.138461	1.592184	3.40328	1.926766
1494	-2629.215	-3251.221	622.0064	0.450849	0.0392266	0.323455	0.18647	1.138461	1.557602	3.448369	2.817024
1500	-2641.441	-3266.902	625.4609	0.310429	0.305888	0.329682	0.0540012	0.4807049	1.549951	2.760774	0.808888
1506	-2643.406	-3267.966	624.56	0.373129	0.294527	0.317436	0.0149077	0.4886137	1.668628	3.225843	0.808888
1512	-2660.307	-3284.686	624.3786	0.218048	0.36739	0.395967	0.0185958	0.6701257	1.79956	3.215754	0.6944747
1518	-2632.292	-3257.565	625.2726	0.202617	0.358636	0.415371	0.0233763	0.3362205	1.588704	3.1889	0.3689115
1524	-2645.053	-3269.163	624.1093	0.446742	0.0729378	0.353037	0.127283	1.035864	1.464425	3.56338	0.290722
1530	-2648.287	-3272.625	624.3374	0.407525	0.06791	0.385558	0.139008	1.190492	1.495204	3.323313	0.2142368
1536	-2646.288	-3271.452	625.1634	0.456222	0.0999211	0.221994	0.221863	1.190492	1.70171	2.701542	0.3046696
1542	-2628.055	-3252.758	624.7037	0.497805	0.0922801	0.205017	0.204897	1.24846	1.580796	3.0178	0.2017056
1548	-2637.661	-3261.616	623.9558	0.534382	0.0990605	0.220081	0.146476	1.489021	1.531098	3.371677	0.2308934
1554	-2655.676	-3278.39	622.7137	0.460706	0.153424	0.337503	0.0483676	0.7033848	1.297431	4.650793	0.2807898
1560	-2639.264	-3262.305	623.0407	0.437353	0.142269	0.38087	0.0395077	0.6829197	1.509127	4.361688	0.2365634
1566	-2646.731	-3271.748	625.0178	0.386232	0.160491	0.324216	0.129062	1.193364	1.722424	2.783261	0.2698389
1572	-2641.076	-3265.924	624.8479	0.464278	0.137047	0.279012	0.119663	1.073001	1.572765	3.035891	0.200225
1578	-2626.627	-3252.393	625.7656	0.430029	0.145808	0.29685	0.127313	0.9518018	1.595163	2.536329	0.200225
1584	-2625.579	-3251.698	626.1192	0.44644	0.15208	0.269309	0.132171	0.5372889	1.708054	2.515359	0.200225
1590	-2635.478	-3260.574	625.096	0.459182	0.183141	0.223034	0.134643	1.276436	1.692418	2.707452	0.248845
1596	-2642.014	-3268.08	626.066	0.460243	0.223004	0.184113	0.132641	1.162033	1.802468	2.089651	0.2268825
1602	-2643.161	-3269.377	626.2162	0.298509	0.255879	0.374303	0.0713087	0.8262854	1.753368	2.242357	0.2268825
1608	-2645.627	-3271.829	626.2019	0.450816	0.180627	0.288166	0.0803911	1.35676	1.882022	1.825782	0.2632161
1614	-2618.064	-3244.666	626.602	0.404004	0.189437	0.297413	0.109146	1.067604	2.10749	1.571908	0.223619
1620	-2664.344	-3286.076	621.7319	0.3461	0.14186	0.406083	0.105957	0.7110743	1.457671	4.20668	2.064873
1626	-2647.45	-3268.92	621.4702	0.351306	0.256562	0.200501	0.19163	0.7110743	1.402412	4.873978	1.045413
1632	-2656.12	-3280.411	624.2906	0.518769	0.0889801	0.32811	0.0641412	0.9105562	1.765553	2.406165	2.021118
1638	-2649.1	-3274.423	625.323	0.358314	0.285595	0.223921	0.132171	1.008103	1.673996	2.686271	0.4065731
1644	-2625.662	-3250.573	624.911	0.372338	0.260759	0.230719	0.136184	0.9113507	1.920884	2.686271	0.6688108
1650	-2625.349	-3251.104	625.7541	0.388569	0.119185	0.363333	0.128914	0.5318956	1.821458	2.686271	0.2519383
1656	-2657.164	-3283.269	626.1048	0.407089	0.124866	0.332987	0.135058	0.3489878	1.650483	2.659811	0.3314251
1662	-2639.027	-3262.959	623.9316	0.326731	0.245244	0.267256	0.160769	0.4820461	1.398812	4.037372	0.2455064
1668	-2658.064	-3282.709	624.6449	0.289612	0.408045	0.268296	0.0340477	0.4363161	1.439791	3.614518	0.3260429
1674	-2639.857	-3263.308	623.4505	0.428262	0.196196	0.325195	0.0503478	0.6932674	1.488751	4.128303	0.30343
1680	-2641.901	-3267.006	625.1052	0.455998	0.208902	0.256989	0.0781106	0.9192146	1.635877	2.947134	0.2462718
1686	-2638.754	-3265.376	626.6225	0.391134	0.191706	0.278417	0.138743	0.5183068	1.781347	2.172903	0.2462718
1692	-2648.456	-3274.934	626.4786	0.437433	0.206981	0.28168	0.0739055	0.5183068	1.832328	2.226749	0.2132088
1698	-2660.736	-3285.559	624.8234	0.383402	0.15698	0.400345	0.059272	1.394748	1.686058	2.809525	0.2818998
1704	-2648.879	-3269.672	620.7929	0.471511	0.0907738	0.136257	0.301458	1.675981	1.47724	4.312944	1.828587
1710	-2637.53	-3259.202	621.672	0.451357	0.0951797	0.164891	0.288572	1.620754	1.612679	3.792017	1.758322
1716	-2635.601	-3255.078	619.4767	0.565624	0.0276982	0.180207	0.226471	1.768781	1.402806	5.117786	1.675347
1722	-2642.936	-3262.352	619.4158	0.460318	0.151052	0.146657	0.241974	1.014824	1.402806	5.152068	2.59777
1728	-2644.386	-3268.358	623.9714	0.285859	0.342738	0.0554676	0.315935	1.096701	1.54019	2.96598	1.348251
1734	-2669.037	-3292.059	623.0217	0.382338	0.365123	0.057479	0.19506	1.496005	1.661009	3.169608	1.486139
1740	-2662.207	-3284.285	622.0772	0.320705	0.312581	0.203098	0.163616	1.513726	1.554598	4.104981	0.8784397
1746	-2654.027	-3278.01	623.9829	0.334506	0.282998	0.211839	0.170657	1.03754	1.685044	3.167238	0.8973848
1752	-2641.411	-3266.493	625.0812	0.381142	0.170918	0.26572	0.182221	0.9262322	1.635237	2.952187	0.2950128
1758	-2644.808	-3269.363	624.5543	0.362238	0.212038	0.25254	0.173183	1.394689	1.816115	2.566124	0.852788
1764	-2636.704	-3261.537	624.8325	0.373075	0.2279	0.215256	0.183769	1.394689	1.868424	2.073458	1.304576
1770	-2648.778	-3272.165	623.3871	0.378245	0.293497	0.120359	0.207899	1.080277	1.713307	3.220677	1.348547
1776	-2640.156	-3263.81	623.6538	0.465773	0.321461	0.0437327	0.169033	1.520137	1.888108	2.706584	1.359436
1782	-2626.982	-3250.469	623.4872	0.435657	0.124833	0.153872	0.285638	2.105108	1.888108	1.91777	2.587534
1788	-2635.079	-3258.534	623.4549	0.414047	0.118641	0.0740073	0.393304	2.014026	1.814446	1.939098	2.810034
1794	-2645.358	-3270.095	624.7373	0.355591	0.136003	0.17063	0.337777	1.419989	1.857907	1.981581	1.55633
1800	-2645.618	-3270.242	624.6243	0.396747	0.124233	0.170476	0.308544	1.336814	1.895471	1.981581	1.737578
1806	-2632.881	-3258.163	625.282	0.277675	0.158988	0.218169	0.345168	1.448697	1.976851	1.396113	1.715405
1812	-2645.404	-3268.436	623.0317	0.488958	0.0752421	0.0563309	0.379469	2.276391	2.113672	1.382403	4.093064
1818	-2649.637	-3273.607	623.97	0.572197	0.00868094	0.111647	0.307475	2.276391	2.080369	1.625704	2.043061
1824	-2633.709	-3258.508	624.799	0.356142	0.0902526	0.211612	0.341993	1.244612	2.007897	1.679513	2.043061
1830	-2646.158	-3270.384	624.2251	0.405594	0.083727	0.399769	0.110909	1.501941	2.007897	1.917456	2.043061
1836	-2632.176	-3257.259	625.0828	0.279673	0.122704	0.336068	0.261556	0.9701323	1.886511	1.902828	1.760236
1842	-2640.323	-3257.187	616.8636	0.287094	0.36299	0.0599108	0.290006	1.352667	1.318356	5.89031	4.361128
1848	-2626.73	-3245.642	618.912	0.401214	0.317938	0.0480852	0.232763	1.684154	1.310716	4.893844	3.35412
1854	-2644.613	-3270.604	625.9909	0.433351	0.219839	0.195025	0.151785	0.9566525	1.894885	1.652055	1.141443
1860	-2627.453	-3252.775	625.322	0.464423	0.135691	0.284795	0.115091	1.114433	1.852815	1.784403	1.547563
1866	-2652.365	-3278.337	625.972	0.415696	0.17541	0.254915	0.153979	0.6445714	1.611675	2.136133	1.055691
1872	-2630.412	-3254.013	623.6002	0.49439	0.208616	0.113866	0.183128	1.351506	1.555744	3.394361	0.7348116
1878	-2632.613	-3253.821	621.208	0.281666	0.273643	0.204481	0.24021	1.380449	1.59511	3.88412	2.481918
1884	-2631.276	-3252.67	621.3938	0.497019	0.0940146	0.104077	0.304889	1.563213	1.442443	4.109938	1.685916
1890	-2644.848	-3265.743	620.8954	0.367412	0.0694986	0.340022	0.223067	1.421857	1.543282	4.455374	1.577042
1896	-2637.175	-3261.196	624.0206	0.323559	0.198327	0.299438	0.178677	0.9757168	1.482316	3.186395	1.091653
1902	-2648.94	-3268.854	619.9139	0.387956	0.160127	0.301519	0.150399	1.386675	1.641902	4.448335	2.870655
1908	-2658.258	-3279.416	621.1574	0.353608	0.281474	0.260558	0.10436	0.739745	1.585541	3.907717	3.564057
1914	-2648.912	-3270.954	622.042	0.341337	0.236143	0.251516	0.171004	1.505099	1.771989	2.809831	3.67075
1920	-2639.566	-3259.695	620.1288	0.458281	0.131586	0.0996618	0.31047	1.453239	1.410878	4.819698	1.849825
1926	-2637.906	-3259.19	621.2833	0.524514	0.0489924	0.235	0.191494	1.730761	1.710329	4.113486	1.334827
1932	-2647.877	-3268.223	620.3466	0.428864	0.0462655	0.322702	0.202169	1.583459	1.710223	4.110103	2.751465
1938	-2653.799	-3275.603	621.8037	0.402903	0.0659508	0.268391	0.262755	1.149016	1.587488	4.110103	1.470106
1944	-2632.634	-3254.841	622.2069	0.518934	0.0101873	0.252763	0.218116	1.272065	1.682925	3.753112	1.48013
1950	-2625.972	-3246.984	621.0121	0.490221	0.076348	0.232661	0.20077	2.220812	1.704078	3.79102	1.897133
1956	-2643.178	-3265.434	622.2566	0.549667	0.0695502	0.211946	0.168837	1.276949	1.737808	3.18717	2.632246
1962	-2655.062	-3278.443	623.3805	0.487453	0.151743	0.159758	0.201047	1.435109	1.803078	3.328372	0.7445544
1968	-2640.661	-3264.515	623.8547	0.414123	0.105181	0.309893	0.170803	1.227799	1.817777	3.213382	0.6444333
1974	-2636.459	-3259.919	623.4604	0.434931	0.183723	0.143649	0.237697	1.095042	1.654338	3.213382	1.330391
1980	-2639.906	-3264.475	624.5684	0.354604	0.372618	0.161825	0.110953	1.136155	1.65374	2.772692	0.9028898
1986	-2627.899	-3252.307	624.408	0.397654	0.204859	0.22885	0.168637	1.445833	1.604485	2.95145	0.5502273
1992	-2646.383	-3268.681	622.2988	0.503617	0.048662	0.193288	0.254433	1.267893	1.593538	3.3973	2.267162
1998	-2646.788	-3267.362	620.5739	0.539379	0.038492	0.166402	0.255727	1.778403	1.571994	4.759021	0.983241
2004	-2636.92	-3259.592	622.6715	0.512456	0.0346975	0.317834	0.135012	1.432664	1.474259	3.728283	1.091336
2010	-2629.435	-3252.108	622.6728	0.389511	0.0263731	0.39623	0.187886	1.052459	1.559412	3.430054	2.005193
2016	-2621.143	-3243.878	622.735	0.377457	0.0135373	0.468234	0.140771	1.298852	1.499559	3.470336	1.618778
2022	-2631.466	-3253.711	622.2448	0.45818	0.00861593	0.259223	0.273981	1.298852	1.654724	3.48775	2.004979
2028	-2637.68	-3261.218	623.538	0.448388	0.00338625	0.199776	0.34845	1.298852	1.729523	2.670163	2.004979
2034	-2654.475	-3277.912	623.4377	0.513524	0.0309077	0.209466	0.246103	1.298852	1.729523	2.670163	2.1411
2040	-2667.462	-3291.507	624.0449	0.42421	0.0275981	0.331457	0.216736	0.9860039	1.554248	2.717066	1.864065
2046	-2674.285	-3297.782	623.497	0.562757	0.0235362	0.201872	0.211835	1.151289	1.724762	2.544968	2.555695
2052	-2651.572	-3274.493	622.9209	0.224753	0.506735	0.136741	0.131772	0.9864319	1.424869	3.585255	1.608396
2058	-2652.955	-3276.683	623.7286	0.254384	0.430806	0.202784	0.112027	1.095308	1.398499	3.104028	1.524917
2064	-2640.156	-3264.225	624.0684	0.339247	0.105398	0.168933	0.386421	1.320904	1.714559	2.4598	1.751188
2070	-2642.878	-3266.295	623.4171	0.434845	0.279879	0.0393404	0.245936	1.25488	1.787767	2.773258	1.919179
2076	-2645.818	-3265.811	619.993	0.326538	0.280817	0.0651104	0.327535	1.491519	1.748346	4.055457	3.595648
2082	-2626.316	-3248.741	622.4249	0.390144	0.271112	0.067025	0.271719	1.883282	1.691139	3.583649	0.9977899
2088	-2626.53	-3249.471	622.9405	0.281118	0.221339	0.275709	0.221834	1.227984	1.673883	3.574451	1.073513
2094	-2623.193	-3247.77	624.5767	0.427324	0.0944895	0.419101	0.0590859	1.101206	1.646946	3.033579	0.5210691
2100	-2619.571	-3244.07	624.4986	0.470526	0.18072	0.173951	0.174803	1.154082	1.625521	2.946123	0.7065397
2106	-2628.811	-3251.742	622.9303	0.529023	0.0788659	0.195576	0.196535	0.9570449	1.702493	2.899756	2.872285
2112	-2614.636	-3238.841	624.2049	0.523109	0.0300387	0.19339	0.253463	1.133059	1.676471	2.572429	1.625118
2118	-2633.774	-3257.145	623.3716	0.400018	0.106472	0.312485	0.181024	1.018118	1.701699	3.039163	1.815046
2124	-2635.883	-3260.172	624.2893	0.427976	0.0440222	0.334325	0.193676	1.10152	1.581438	2.795691	1.258178
2130	-2624.507	-3247.239	622.7326	0.398392	0.0763764	0.268805	0.256426	1.227906	1.704475	3.667224	1.091438
2136	-2665.379	-3287.621	622.2425	0.269651	0.296839	0.299552	0.133958	0.9071768	1.582612	4.110066	1.25424
2142	-2654.347	-3277.553	623.2056	0.326252	0.0643939	0.36243	0.246924	0.8971291	1.567605	2.963954	2.579106
2148	-2648.711	-3271.085	622.3739	0.419917	0.140771	0.326756	0.112555	1.251342	2.011342	2.963954	2.642542
2154	-2679.326	-3299.121	619.7949	0.562219	0.157062	0.109238	0.171482	1.5842	1.794806	4.063052	3.707302
2160	-2653.118	-3277.786	624.6683	0.393728	0.121751	0.34995	0.134571	0.4117639	1.73124	2.330901	2.424667
2166	-2652.785	-3277.88	625.095	0.274155	0.227121	0.385358	0.113367	0.3921857	1.69599	2.411315	1.743816
2172	-2651.238	-3269.823	618.5843	0.420252	0.135432	0.0814461	0.362869	2.117659	1.583519	5.401763	1.592867
2178	-2635.599	-3256.317	620.7181	0.46242	0.212612	0.128537	0.196431	1.575143	1.532355	4.341483	1.896692
2184	-2632.945	-3256.148	623.203	0.370078	0.167556	0.248585	0.213781	1.090416	1.540688	3.666986	0.9163007
2190	-2615.389	-3236.773	621.3838	0.459923	0.208234	0.0661618	0.265682	1.53369	1.684618	3.829864	2.048881
2196	-2610.821	-3233.142	622.3208	0.44836	0.22814	0.0644984	0.259002	1.360197	1.673204	3.612418	1.548525
2202	-2618.78	-3241.4	622.6198	0.217917	0.429239	0.143067	0.209776	1.274981	1.747532	3.234682	1.984879
2208	-2632.177	-3253.109	620.9316	0.535929	0.157661	0.11141	0.194999	1.565197	1.542195	4.070466	2.252874
2214	-2620.889	-3243.267	622.3778	0.198347	0.407594	0.285881	0.108178	0.611651	1.647318	4.082212	1.429999
2220	-2652.853	-3274.691	621.8383	0.365038	0.28235	0.112293	0.240319	1.220499	1.6534	3.415776	2.898507
2226	-2657.828	-3281.358	623.5307	0.50238	0.189349	0.163309	0.144962	1.061323	1.567833	3.337156	1.157941
2232	-2657.354	-3277.413	620.0594	0.317242	0.338927	0.218106	0.125725	0.8455088	1.518962	4.702792	2.948349
2238	-2644.155	-3267.321	623.1661	0.287598	0.375266	0.223159	0.113977	0.5790091	1.499707	4.163866	0.6667125
2244	-2635.486	-3255.17	619.6837	0.51718	0.0287504	0.101299	0.352771	1.672624	1.605716	3.842214	4.99313
2250	-2649.213	-3268.926	619.7128	0.439765	0.0197257	0.203019	0.337491	1.883631	1.596834	4.511274	2.437952
2256	-2646.182	-3265.476	619.2937	0.564842	0.0308005	0.151879	0.252478	1.79698	1.553399	4.657142	2.857563
2262	-2651.503	-3272.505	621.0026	0.536296	0.0261373	0.119908	0.317659	1.79698	1.521859	4.41098	1.216693
2268	-2634.458	-3255.374	620.9161	0.424675	0.0199244	0.214989	0.340411	1.675781	1.530473	3.923274	2.535369
2274	-2652.269	-3269.684	617.4151	0.590864	0.00926356	0.0424155	0.357457	1.659789	1.616988	5.040469	5.329786
2280	-2646.498	-3266.803	620.3047	0.570597	0.0376562	0.0882751	0.303472	1.326355	1.458769	4.512821	2.453621
2286	-2647.394	-3268.892	621.498	0.35144	0.157444	0.212921	0.278196	0.9977682	1.719568	3.809997	2.59844
2292	-2650.419	-3273.793	623.3739	0.367464	0.192984	0.166524	0.273028	1.027495	1.615263	3.478509	1.056437
2298	-2659.282	-3281.518	622.2363	0.334062	0.201971	0.286351	0.177616	2.600232	1.756091	3.478509	0.7988232
2304	-2646.943	-3274.25	627.3069	0.348056	0.270338	0.291401	0.090205	0.3587347	1.823736	1.777435	0.2186793
2310	-2636.64	-3263.536	626.8956	0.255633	0.329511	0.355186	0.0596702	0.3273751	1.823736	2.050195	0.3449744
2316	-2638.799	-3265.645	626.8455	0.25382	0.274364	0.352667	0.11915	0.3466093	1.758974	2.117781	0.3449744
2322	-2637.184	-3263.203	626.0182	0.191463	0.401	0.34077	0.0667669	0.3088092	1.719196	2.54819	0.5767915
2328	-2650.529	-3277.251	626.7229	0.191463	0.401	0.34077	0.0667669	0.4018954	1.71945	2.20254	0.3283148
2334	-2639.44	-3265.863	626.4235	0.231424	0.411301	0.246809	0.110466	0.4451426	1.741972	2.347662	0.3472011
2340	-2642.934	-3269.882	626.9478	0.195105	0.496177	0.222821	0.085896	0.4364739	1.877395	1.836352	0.4918632
2346	-2635.831	-3262.979	627.1476	0.313444	0.269573	0.35797	0.059013	0.3406487	1.828911	1.869576	0.3504297
2352	-2637.348	-3264.197	626.8493	0.3206	0.275728	0.366143	0.037529	0.4261152	1.79581	2.046911	0.3504297
2358	-2646.978	-3273.257	626.2785	0.495614	0.242749	0.205471	0.0561658	0.5170075	1.765639	1.977074	0.9684068
2364	-2660.743	-3285.845	625.1021	0.182591	0.464253	0.131551	0.221605	0.4925234	1.874229	2.020879	2.173782
2370	-2648.174	-3273.863	625.6887	0.385563	0.289602	0.277786	0.047049	0.4746213	1.871371	1.96715	1.551586
2376	-2638.28	-3265.222	626.9424	0.321129	0.394488	0.220295	0.0640889	0.418241	1.81746	1.938839	0.4186037
2382	-2641.764	-3268.661	626.8979	0.281105	0.273346	0.377149	0.0683991	0.5040969	1.870929	1.938839	0.2277245
2388	-2638.968	-3265.823	626.8553	0.275228	0.264168	0.430564	0.0300404	0.4197442	1.702756	2.122321	0.3141208
2394	-2635.019	-3261.12	626.1011	0.29096	0.184472	0.523759	0.000808683	0.3818532	1.673597	2.648979	0.2682655
2400	-2616.466	-3241.789	625.3229	0.325798	0.17808	0.495288	0.000832952	0.5448998	1.748472	2.968243	0.3300905
2406	-2619.572	-3245.653	626.0813	0.317629	0.306017	0.374575	0.00177877	0.5393655	1.694369	2.541276	0.3300905
2412	-2616.36	-3241.458	625.0978	0.324672	0.358517	0.315962	0.000848106	0.3568747	1.573262	3.304992	0.3403276
2418	-2629.235	-3255.471	626.2359	0.339886	0.21802	0.441454	0.000640826	0.4136215	1.717619	2.516815	0.2952204
2424	-2618.551	-3244.602	626.0512	0.354642	0.280533	0.364536	0.000289595	0.4427677	1.698909	2.626849	0.2952204
2430	-2618.003	-3244.516	626.5132	0.280842	0.222155	0.496436	0.000567589	0.4638058	1.706493	2.325115	0.2371043
2436	-2642.185	-3268.54	626.3552	0.30689	0.188153	0.504536	0.000421266	0.3909995	1.706493	2.451704	0.3258458
2442	-2630.104	-3253.224	623.1199	0.441923	0.222994	0.149951	0.185133	1.411673	1.610137	3.404888	1.081381
2448	-2626.008	-3248.58	622.572	0.239252	0.299461	0.20137	0.259918	1.296126	1.649432	3.467543	1.64336
2454	-2639.71	-3260.404	620.6945	0.457292	0.116217	0.103294	0.323197	1.296126	1.52076	4.94273	0.9963755
2460	-2633.267	-3253.686	620.4183	0.418803	0.143297	0.141906	0.295994	1.668375	1.554116	4.532826	1.72068
2466	-2632.974	-3254.426	621.4523	0.385367	0.193286	0.245588	0.175759	1.363528	1.480983	4.890401	0.2672939
2472	-2663.361	-3288.982	625.6204	0.378491	0.232353	0.387079	0.00207756	0.3694236	1.57821	3.000226	0.2949978
2478	-2659.538	-3285.157	625.6187	0.308648	0.239502	0.38762	0.0642302	0.4709962	1.625083	2.919496	0.2949978
2484	-2641.63	-3267.873	626.2428	0.293875	0.228039	0.408375	0.0697112	0.5669921	1.685965	2.43596	0.3048887
2490	-2644.196	-3270.378	626.1814	0.259575	0.381324	0.284442	0.0746585	0.854289	1.724597	2.266241	0.2660655
2496	-2634.14	-3260.48	626.3401	0.272602	0.295497	0.367812	0.064089	0.4128775	1.686153	2.476864	0.2660655
2502	-2644.509	-3270.88	626.3711	0.419043	0.214931	0.283478	0.0825481	0.694745	1.729622	2.248345	0.2336771
2508	-2645.156	-3269.67	624.5142	0.401896	0.223932	0.26015	0.114023	1.55869	1.711052	2.897128	0.2336771
2514	-2661.686	-3283.032	621.3458	0.359671	0.200405	0.33788	0.102043	1.117194	1.514421	5.045584	0.326864
2520	-2636.969	-3261.069	624.0995	0.411169	0.200516	0.338066	0.0502498	1.310479	1.596944	3.338148	0.2151732
2526	-2628.161	-3251.901	623.7402	0.432385	0.174876	0.340353	0.0523861	1.108766	1.561367	3.677625	0.2107694
2532	-2645.07	-3267.785	622.7157	0.495194	0.189983	0.186994	0.127829	1.235668	1.601533	4.177089	0.2770945
2538	-2637.216	-3259.201	621.9858	0.465641	0.125261	0.271753	0.137345	1.162081	1.704063	3.800099	1.745608
2544	-2659.204	-3284.265	625.0612	0.443079	0.119191	0.258585	0.179144	1.060911	1.558855	2.903265	0.1723059
2550	-2642.429	-3266.205	623.776	0.424585	0.117968	0.415168	0.0422796	0.7758778	1.522111	3.816266	0.4387257
2556	-2652.836	-3276.454	623.6182	0.339373	0.292876	0.31656	0.0511915	0.8441002	1.391918	4.004729	0.2510072
2562	-2661.035	-3285.05	624.0145	0.462353	0.198847	0.214928	0.123872	0.4963365	1.61418	3.857926	0.2367474
2568	-2651.41	-3275.571	624.161	0.238609	0.346186	0.332174	0.0830317	0.6084006	1.509467	3.654523	0.5257952
2574	-2660.564	-3283.417	622.8531	0.313308	0.204724	0.372943	0.109026	0.6084006	1.382995	4.582958	0.2398068
2580	-2653.183	-3275.435	622.2523	0.414241	0.241682	0.228533	0.115544	1.10196	1.480334	4.580661	0.2434112
2586	-2641.438	-3263.406	621.9676	0.237127	0.332721	0.238472	0.19168	0.4912174	1.354621	5.072707	0.4859189
2592	-2628.811	-3251.063	622.2523	0.163102	0.512165	0.26208	0.0626534	0.4473382	1.371784	4.712049	0.8575623
2598	-2616.753	-3239.308	622.5557	0.276871	0.282449	0.355656	0.0850239	0.7159438	1.599099	4.564103	0.2707936
2604	-2624.798	-3246.846	622.0485	0.322534	0.345736	0.267727	0.0640035	0.6715995	1.346213	5.014843	0.2691635
2610	-2610.035	-3232.577	622.5421	0.228295	0.342647	0.374588	0.0544702	0.7671081	1.405748	4.649998	0.2691635
2616	-2622.35	-3247.18	624.8294	0.361676	0.314985	0.287638	0.0357014	0.6206985	1.401187	3.418929	0.1900517
2622	-2614.856	-3237.704	622.8481	0.552693	0.217779	0.200013	0.0295149	0.6920742	1.358832	4.538116	0.1973013
2628	-2629.456	-3252.627	623.1705	0.226953	0.324728	0.37876	0.0695596	0.4283951	1.458297	4.459654	0.2182089
2634	-2619.855	-3243.615	623.76	0.217239	0.429751	0.322905	0.0301042	0.5554335	1.554811	3.993272	0.3162503
2640	-2643.672	-3268.585	624.9134	0.238951	0.268613	0.447414	0.0450224	0.5890864	1.560046	3.30112	0.3169514
2646	-2628.594	-3251.722	623.128	0.291673	0.318173	0.335199	0.0549561	0.4809151	1.498103	4.425915	0.3190325
2652	-2644.525	-3267.852	623.3267	0.268308	0.335051	0.3638	0.0328414	0.4351609	1.343917	4.425915	0.3168625
2658	-2640.71	-3264.039	623.329	0.270155	0.337357	0.387889	0.0045988	0.4640754	1.323453	4.42032	0.3187602
2664	-2639.307	-3262.749	623.442	0.322385	0.310732	0.363919	0.00296328	0.8155217	1.40358	4.112908	0.2814709
2670	-2639.316	-3263.162	623.8467	0.324556	0.272093	0.38791	0.015441	0.5677433	1.520283	3.96161	0.2955608
2676	-2623.803	-3247.17	623.3672	0.394601	0.151928	0.360029	0.093443	0.8289089	1.606384	3.96161	0.4554941
2682	-2620.003	-3243.648	623.6447	0.355637	0.387601	0.130176	0.126586	1.466196	1.786533	3.243522	0.6207652
2688	-2633.151	-3255.813	622.6621	0.334649	0.311502	0.234733	0.119116	1.141667	1.749727	3.737953	1.075693
2694	-2655.027	-3280.251	625.2232	0.316186	0.289446	0.241526	0.152842	0.6160015	1.70032	2.65456	0.9267882
2700	-2638.823	-3262.044	623.2214	0.451462	0.172668	0.267621	0.10825	1.35023	1.562025	3.58543	0.778735
2706	-2637.78	-3261.378	623.5981	0.454863	0.142046	0.158362	0.244729	1.346505	1.662933	3.408088	0.6176459
2712	-2639.685	-3261.893	622.2075	0.402877	0.0956478	0.226345	0.275131	1.818057	1.725938	3.513349	1.371641
2718	-2637.282	-3262.25	624.9674	0.429865	0.0655675	0.315963	0.188605	1.327277	1.773698	2.106783	1.271638
2724	-2653.337	-3279.261	625.9239	0.404822	0.12656	0.28292	0.185698	1.214374	1.765522	2.11134	0.4257022
2730	-2648.988	-3274.604	625.6169	0.414132	0.20199	0.198446	0.185432	0.8594066	1.790611	2.402562	0.6060027
2736	-2639.197	-3264.414	625.2175	0.518728	0.131193	0.248567	0.101512	0.8594066	1.843186	1.964323	1.674659
2742	-2654	-3277.367	623.3663	0.543935	0.0666656	0.260646	0.128754	1.190968	1.860082	1.833521	4.470431
2748	-2630.951	-3254.224	623.2735	0.540118	0.0914702	0.222545	0.145866	1.190968	1.728946	2.496744	2.967144
2754	-2630.549	-3253.414	622.8647	0.58017	0.0402339	0.293155	0.0864414	1.014537	1.633711	3.461819	1.645755
2760	-2638.777	-3258.876	620.0994	0.548943	0.0462578	0.305415	0.0993836	1.410882	1.616741	3.635343	5.358785
2766	-2632.771	-3254.048	621.2764	0.503582	0.0388753	0.280178	0.177366	1.15976	1.513334	3.872066	2.853236
2772	-2630.637	-3253.722	623.0844	0.582719	0.0534915	0.269669	0.0941207	1.072118	1.399977	3.269435	2.007546
2778	-2655.431	-3279.211	623.7803	0.366188	0.0632332	0.428206	0.142373	1.491421	1.576434	3.178385	0.7745827
2784	-2640.941	-3264.573	623.6319	0.420056	0.2556	0.123911	0.200433	1.218121	1.572025	3.150203	1.221562
2790	-2642.455	-3264.442	621.9868	0.429962	0.225547	0.0996177	0.244873	1.495492	1.623561	3.926075	1.234642
2796	-2658.115	-3280.251	622.1361	0.491949	0.0864132	0.154769	0.266869	1.556823	1.643193	3.997642	0.8823116
2802	-2631.769	-3257.095	625.3255	0.234916	0.337588	0.185743	0.241753	1.323984	1.753465	2.175033	0.8256813
2808	-2640.46	-3266.126	625.666	0.410948	0.269682	0.208332	0.111037	1.526258	1.746198	2.175033	0.2460695
2814	-2647.011	-3267.354	620.343	0.451193	0.185487	0.172138	0.191182	1.740792	1.620145	3.563066	4.446325
2820	-2662.076	-3281.919	619.843	0.357347	0.265644	0.105103	0.271906	2.210389	1.552393	4.794364	1.363804
2826	-2648.533	-3269.363	620.8303	0.384365	0.22895	0.0443802	0.342304	1.810073	1.399256	4.420244	1.515267
2832	-2644.105	-3267.269	623.1633	0.40138	0.174182	0.0487132	0.375725	1.206971	1.443434	3.763647	0.7795214
2838	-2633.254	-3256.348	623.0945	0.229961	0.331961	0.239885	0.198192	1.086571	1.485181	3.528367	1.337928
2844	-2651.467	-3273.592	622.1254	0.403927	0.216893	0.223647	0.155533	1.625307	1.543124	4.098471	0.7638397
2850	-2660.871	-3284.299	623.4273	0.360467	0.324276	0.0572669	0.25799	1.36349	1.658993	3.008568	1.466604
2856	-2650.551	-3275.375	624.8232	0.316186	0.310559	0.152167	0.221089	1.276952	1.708915	2.359287	1.126733
2862	-2636.941	-3261.547	624.6061	0.471407	0.0843307	0.226868	0.217395	1.29952	1.766815	2.424454	1.163608
2868	-2638.946	-3260.363	621.4174	0.439284	0.156509	0.119218	0.284989	1.717938	1.642016	3.13456	3.740521
2874	-2634.148	-3255.451	621.3028	0.559963	0.0437152	0.146697	0.249625	1.717938	1.558592	3.735239	2.353965
2880	-2649.752	-3270.957	621.2057	0.485818	0.0510811	0.171415	0.291686	1.413504	1.586542	3.58061	3.309301
2886	-2634.835	-3257.648	622.8131	0.604247	0.0202394	0.178657	0.196857	1.394987	1.555884	2.808585	2.868994
2892	-2651.951	-3274.779	622.8274	0.616237	0.00173368	0.181266	0.200763	1.483045	1.871126	2.976908	1.874096
2898	-2642.753	-3263.254	620.5009	0.526149	0.00159842	0.219258	0.252994	1.483045	1.760155	3.364851	5.017088
2904	-2645.274	-3263.178	617.9039	0.494106	0.00719915	0.226371	0.272324	1.483045	1.766836	3.364851	13.92003
2910	-2644.876	-3265.762	620.8861	0.494335	0.021205	0.21201	0.27245	1.345457	1.42123	3.692248	3.972522
2916	-2652.597	-3273.115	620.5179	0.418025	0.124734	0.203069	0.254172	1.927581	1.534765	4.342046	1.786437
2922	-2634.08	-3254.941	620.8614	0.437949	0.187945	0.136526	0.237581	1.319969	1.534765	4.678243	1.278641
2928	-2647.438	-3266.023	618.585	0.479167	0.147655	0.219969	0.153209	1.170154	1.418843	5.103185	3.908795
2934	-2620.702	-3240.57	619.868	0.435014	0.19201	0.1997	0.173276	1.282556	1.395722	4.98549	2.021668
2940	-2657.353	-3279.258	621.9052	0.474411	0.155421	0.195277	0.174891	1.112081	1.611122	4.069472	1.449219
2946	-2654.256	-3275.44	621.1842	0.479123	0.156965	0.158223	0.205689	1.7787	1.62638	4.069472	1.589046
2952	-2652.96	-3274.128	621.1686	0.482994	0.276134	0.0810146	0.159857	1.403421	1.74063	4.16424	1.649557
2958	-2648.619	-3269.367	620.7483	0.414911	0.23721	0.11357	0.234309	1.547702	1.540179	4.702402	1.134413
2964	-2644.725	-3265.262	620.5366	0.397756	0.216397	0.177496	0.208351	1.198963	1.429741	4.788036	1.676227
2970	-2640.922	-3262.338	621.4163	0.428461	0.248882	0.116875	0.205782	1.630849	1.480506	4.04764	1.676227
2976	-2634.031	-3256.186	622.155	0.373016	0.263551	0.0478608	0.315572	1.488518	1.581582	3.978103	1.015841
2982	-2638.693	-3261.642	622.9497	0.331352	0.314069	0.0570349	0.297544	1.488518	1.592507	3.472693	1.086181
2988	-2660.484	-3281.543	621.0591	0.34134	0.254207	0.160122	0.244332	1.592208	1.458735	4.185533	1.888426
2994	-2644.919	-3264.802	619.8832	0.276708	0.1469	0.339599	0.236793	1.624394	1.541878	4.870332	1.696736
3000	-2631.401	-3251.533	620.1312	0.403591	0.16137	0.322101	0.112937	1.352457	1.487192	4.758996	2.005843
3006	-2660.454	-3281.038	620.5848	0.32044	0.336205	0.253687	0.089669	1.424532	1.394605	4.758996	1.478423
3012	-2652.342	-3274.072	621.7295	0.308382	0.407025	0.16608	0.118513	1.424532	1.595238	4.237817	1.027532
3018	-2643.969	-3265.774	621.8043	0.392541	0.328314	0.128063	0.151081	1.483171	1.409207	4.280636	1.011778
3024	-2665.416	-3286.672	621.2558	0.360146	0.284402	0.164002	0.191449	1.675922	1.512019	4.444543	1.004777
3030	-2649.514	-3271.53	622.0152	0.354692	0.189777	0.155825	0.299705	1.675922	1.59842	4.046745	0.8631897
3036	-2651.705	-3272.781	621.0758	0.170954	0.43365	0.0918452	0.303551	1.537522	1.492227	4.166304	1.927283
3042	-2642.292	-3261.571	619.2789	0.386303	0.347923	0.0222322	0.243542	1.930395	1.321909	5.199979	1.680105
3048	-2651.143	-3274.386	623.243	0.485617	0.304847	0.0279479	0.181587	1.856221	1.518003	2.847414	1.680105
3054	-2639.926	-3263.606	623.6804	0.355604	0.393015	0.23179	0.019591	0.5478122	1.377848	4.132683	0.3491616
3060	-2649.741	-3273.661	623.9194	0.282221	0.418471	0.280393	0.0189148	0.5478122	1.629461	3.610708	0.7735809
3066	-2648.987	-3270.922	621.9349	0.400729	0.291261	0.279755	0.0282548	0.4257663	1.471654	4.648298	1.21237
3072	-2637.965	-3262.196	624.2315	0.280934	0.357254	0.346492	0.0153211	0.4257663	1.389915	3.793048	0.5173458
3078	-2654.8	-3278.671	623.8711	0.276304	0.347302	0.340782	0.0356126	0.7162871	1.453885	3.793048	0.5173458
3084	-2670.382	-3295.897	625.5148	0.342179	0.18011	0.425259	0.0524522	0.4810861	1.565068	2.930868	0.4729765
3090	-2645.768	-3270.918	625.1508	0.398277	0.209638	0.331033	0.0610516	0.4288999	1.466363	3.321106	0.2643166
3096	-2622.256	-3247.157	624.9009	0.3603	0.310904	0.299467	0.0293296	0.4667586	1.541337	3.321106	0.4688985
3102	-2638.133	-3262.214	624.0813	0.30608	0.303055	0.333191	0.0576744	0.6077987	1.612522	3.026911	1.601017
3108	-2645.004	-3268.948	623.9448	0.194505	0.472014	0.211733	0.121748	0.5894768	1.711621	3.238441	1.26167
3114	-2642.709	-3265.654	622.9447	0.185012	0.55412	0.198472	0.0623954	0.8745878	1.549443	3.945986	0.8983972
3120	-2629.149	-3251.575	622.426	0.410722	0.184384	0.331743	0.0731513	0.5204587	1.708507	2.79815	5.073743
3126	-2650.587	-3274.436	623.8499	0.255917	0.418066	0.160156	0.165861	0.6311908	1.758715	3.382889	1.010722
3132	-2632.821	-3255.552	622.7315	0.415646	0.0638492	0.29235	0.228154	1.065538	1.455859	3.879074	1.13045
3138	-2647.172	-3269.599	622.426	0.596081	0.0767448	0.0770353	0.250139	1.985211	1.634416	2.836892	2.522419
3144	-2634.935	-3256.127	621.1922	0.453057	0.0932628	0.106822	0.346858	1.484477	1.720736	3.243504	4.051134
3150	-2634.22	-3257.599	623.3788	0.432426	0.0890159	0.147495	0.331063	1.385113	1.642253	2.918606	1.698619
3156	-2631.16	-3253.637	622.4779	0.469685	0.0966857	0.210376	0.223253	1.385113	1.51288	3.520787	1.715293
3162	-2638.042	-3260.42	622.3777	0.455506	0.0709645	0.297256	0.176273	1.385113	1.693614	3.276724	2.154232
3168	-2667.408	-3287.69	620.2812	0.361491	0.0737814	0.106227	0.4585	1.385113	1.288937	4.708578	2.154232
3174	-2649.873	-3272.412	622.5391	0.425937	0.255563	0.0920183	0.226481	1.669514	1.578391	3.66102	1.03355
3180	-2645.855	-3269.472	623.6172	0.424984	0.0880662	0.260976	0.225974	1.296473	1.781459	3.074368	1.075301
3186	-2626.146	-3249.402	623.2565	0.418586	0.132164	0.213558	0.235693	1.545976	1.604313	3.262901	1.075301
3192	-2610.993	-3233.021	622.0282	0.452157	0.146579	0.190747	0.210517	1.521152	1.517922	3.299936	2.695284
3198	-2606.068	-3230.681	624.6136	0.387377	0.267589	0.0546195	0.290415	1.476998	1.750651	2.304176	1.205941
3204	-2614.321	-3236.375	622.0544	0.306395	0.323377	0.0192664	0.350962	1.294358	1.555847	3.541669	2.282191
3210	-2649.947	-3271.604	621.6568	0.373318	0.280412	0.0704185	0.275852	1.966464	1.555847	3.697008	1.711359
3216	-2639.648	-3261.341	621.6926	0.235179	0.36194	0.121473	0.281407	1.998477	1.523179	3.697008	1.677916
3222	-2654.305	-3277.325	623.02	0.366672	0.358292	0.0900076	0.185028	1.564495	1.620504	3.39401	1.056712
3228	-2646.076	-3269.194	623.1178	0.361678	0.217353	0.218671	0.202298	1.557064	1.528983	3.39401	1.056712
3234	-2629.448	-3249.642	620.1944	0.487851	0.249828	0.0709895	0.191331	2.16508	1.466603	4.594754	1.504238
3240	-2620.591	-3243.051	622.4598	0.403104	0.187506	0.196466	0.212924	2.042403	1.683634	3.357841	1.244676
3246	-2631.89	-3253.993	622.1024	0.290321	0.104468	0.388623	0.216588	0.7194622	1.546331	3.397487	3.557053
3252	-2615.667	-3239.271	623.6037	0.233259	0.442211	0.256732	0.0677975	0.4613571	1.529399	3.800612	0.9410004
3258	-2645.288	-3268.002	622.714	0.285073	0.280016	0.0800207	0.35489	1.054374	1.606573	3.927827	0.9216594
3264	-2664.631	-3287.226	622.5953	0.129809	0.557666	0.0837442	0.228781	1.517047	1.638701	3.226509	1.895465
3270	-2659.1	-3281.152	622.0525	0.291735	0.406178	0.135454	0.166633	1.756467	1.765637	3.687802	1.222966
3276	-2654.026	-3275.081	621.0553	0.34738	0.352602	0.0673938	0.232624	1.49667	1.624305	3.579422	3.384235
3282	-2637.409	-3261.646	624.2365	0.294248	0.464303	0.0255201	0.215929	1.584224	1.857771	2.100993	1.774031
3288	-2657.826	-3281.198	623.3721	0.321933	0.372846	0.015894	0.289326	1.503806	1.857771	2.824993	1.509599
3294	-2650.865	-3272.765	621.9003	0.462611	0.162758	0.0147641	0.359867	2.021617	1.835412	2.21818	4.945436
3300	-2656.267	-3279.256	622.9896	0.396559	0.276099	0.0188569	0.308485	1.491689	1.660417	3.184248	1.499743
3306	-2650.596	-3273.618	623.022	0.350476	0.244015	0.0263968	0.379112	1.491689	1.660417	2.746884	2.409149
3312	-2654.369	-3274.97	620.6008	0.334356	0.427607	0.0327139	0.205323	1.421289	1.699612	3.788213	3.537323
3318	-2633.121	-3256.32	623.199	0.486023	0.216439	0.140336	0.157202	1.069776	1.518322	2.913783	2.527098
3324	-2636.082	-3259.095	623.0126	0.391543	0.174365	0.21167	0.222422	0.9626189	1.627908	2.986499	2.622823
3330	-2638.869	-3262.486	623.6172	0.432289	0.19251	0.129633	0.245569	1.06731	1.50265	3.331966	1.138677
3336	-2636.619	-3259.434	622.8155	0.256487	0.274272	0.0608463	0.408395	1.495773	1.594335	3.245783	1.657151
3342	-2648.528	-3271.987	623.458	0.436536	0.284597	0.0477241	0.231144	1.48331	1.727989	2.995334	1.262398
3348	-2644.548	-3269.12	624.5725	0.421856	0.266037	0.0533666	0.25874	1.48331	1.816294	2.348494	1.10173
3354	-2622.808	-3247.123	624.3147	0.306739	0.31271	0.0447003	0.33585	1.48331	1.698609	2.584075	1.10173
3360	-2645.882	-3268.684	622.8022	0.266626	0.472333	0.0306624	0.230378	1.762775	1.809258	3.483457	0.7756174
3366	-2658.917	-3280.881	621.9639	0.397117	0.204088	0.055666	0.343129	1.762775	1.686814	3.806793	1.176485
3372	-2650.444	-3270.351	619.907	0.397524	0.150035	0.108961	0.34348	1.392937	1.521919	4.7659	2.198397
3378	-2642.495	-3263.989	621.4941	0.502744	0.0463665	0.16244	0.288449	1.392937	1.650028	4.083093	1.55053
3384	-2631.72	-3253.21	621.4896	0.465665	0.0710126	0.207416	0.255907	1.392937	1.56374	3.994019	1.853707
3390	-2629.357	-3251.027	621.6698	0.496734	0.0757505	0.221254	0.206261	1.581883	1.66836	4.054395	1.20702
3396	-2640.937	-3261.786	620.8485	0.390925	0.255988	0.182735	0.170352	1.581883	1.591365	4.657857	1.031191
3402	-2620.831	-3241.862	621.0304	0.470783	0.101275	0.266894	0.161048	1.516942	1.561249	4.616255	1.008755
3408	-2626.908	-3247.571	620.6624	0.40874	0.0879282	0.240881	0.26245	2.252011	1.609599	4.435983	1.079028
3414	-2649.769	-3271.933	622.1641	0.455326	0.153955	0.0482579	0.342462	1.40014	1.473381	4.043406	1.079028
3420	-2661.715	-3284.671	622.9566	0.379961	0.144607	0.114671	0.360761	1.207278	1.530534	3.535766	1.298513
3426	-2648.34	-3272.469	624.1292	0.429813	0.168432	0.0969006	0.304855	1.346093	1.761266	2.157975	2.203973
3432	-2651.46	-3273.847	622.3871	0.377861	0.187474	0.0676867	0.366978	2.243303	1.654585	3.210497	1.473698
3438	-2650.068	-3274.017	623.9498	0.327099	0.378423	0.0338424	0.260636	1.241104	1.953717	2.785898	1.100728
3444	-2666.523	-3288.266	621.7424	0.464795	0.116762	0.0480888	0.370354	2.034451	1.678937	3.792093	1.224514
3450	-2641.82	-3263.755	621.9348	0.414164	0.113273	0.0935653	0.378998	1.883229	1.710766	3.663945	1.346782
3456	-2646.881	-3268.596	621.7142	0.465689	0.250977	0.0417966	0.241538	1.883229	1.622128	3.842329	1.346782
3462	-2643.138	-3263.12	619.9819	0.454061	0.244972	0.0654593	0.235507	1.892243	1.439183	4.572635	2.113895
3468	-2648.135	-3269.149	621.0133	0.383167	0.257642	0.111503	0.247688	1.863973	1.591031	4.405532	1.08831
3474	-2628.761	-3251.403	622.6424	0.409302	0.251638	0.119108	0.219951	1.636941	1.652584	3.928419	0.4349089
3480	-2638.928	-3262.191	623.2636	0.478901	0.171707	0.182181	0.167212	1.636941	1.499799	3.721248	0.2440234
3486	-2638.582	-3261.959	623.3772	0.485956	0.19491	0.206799	0.112335	1.636941	1.549482	3.626936	0.2532673
3492	-2640.424	-3263.582	623.1585	0.387291	0.232188	0.246578	0.133943	1.443689	1.472604	3.892419	0.2532673
3498	-2626.927	-3249.062	622.1347	0.411333	0.19442	0.282092	0.112155	1.443689	1.35378	4.536989	0.2882815
3504	-2627.276	-3248.371	621.0943	0.570159	0.0303449	0.0924214	0.307074	2.065311	1.449149	4.749648	0.1608155
3510	-2626.806	-3249.934	623.1285	0.480277	0.133871	0.0544034	0.331449	1.736473	1.605787	3.670572	0.1837629
3516	-2642.307	-3266.641	624.3339	0.403834	0.104727	0.232149	0.259291	1.347327	1.724158	3.088301	0.1837629
3522	-2650.137	-3274.908	624.7713	0.578598	0.093827	0.151526	0.176048	1.621794	1.64061	2.705313	0.1584004
3528	-2644.2	-3267.084	622.8845	0.701871	0.0899969	0.152467	0.0556646	1.561945	1.593275	3.906975	0.1923055
3534	-2653.071	-3275.354	622.2825	0.546815	0.1745	0.118785	0.1599	1.636052	1.473538	4.262138	0.1660916
3540	-2624.207	-3248.75	624.5422	0.407369	0.239367	0.270741	0.0825228	1.141862	1.440009	3.241577	0.1770756
3546	-2628.719	-3252.393	623.6746	0.442314	0.11991	0.401179	0.0365966	1.455377	1.519656	3.559521	0.2758249
3552	-2649.311	-3272.198	622.8872	0.509388	0.157941	0.262505	0.0701671	1.766702	1.569122	3.829215	0.2060315
3558	-2639.118	-3261.788	622.6698	0.350889	0.165761	0.409708	0.0736415	1.609023	1.498312	4.074721	0.2308735
3564	-2641.2	-3264.24	623.0393	0.504077	0.170188	0.219944	0.105791	1.642344	1.666817	3.750374	0.2308735
3570	-2635.138	-3259.137	623.999	0.410984	0.0998953	0.332692	0.156428	1.234159	1.643809	3.414017	0.2780648
3576	-2618.261	-3241.976	623.7144	0.455418	0.122026	0.377035	0.0455207	1.208454	1.465678	3.69119	0.2063723
3582	-2622.119	-3243.57	621.4508	0.422964	0.120252	0.266041	0.190743	1.208454	1.555048	4.127513	1.831014
3588	-2634.102	-3254.835	620.7323	0.347776	0.0527925	0.318044	0.281388	1.797945	1.440265	4.897189	0.7036663
3594	-2617.046	-3238.706	621.6608	0.400795	0.118627	0.201928	0.27865	1.861187	1.644169	3.93446	1.224882
3600	-2608.867	-3231.122	622.255	0.419283	0.120536	0.211243	0.248939	1.59874	1.7597	3.75075	1.039927
3606	-2632.229	-3255.715	623.4865	0.462515	0.132964	0.129914	0.274607	1.603787	2.144378	2.701392	1.195151
3612	-2646.155	-3269.154	622.9984	0.223477	0.442191	0.0648526	0.269479	1.552659	1.769213	3.316416	1.071943
3618	-2629.203	-3251.754	622.5517	0.337138	0.328579	0.0824137	0.25187	1.790307	1.51226	3.820145	0.7229786
3624	-2630.77	-3250.67	619.9006	0.481273	0.0440098	0.201171	0.273547	1.906123	1.51226	4.235397	3.018572
3630	-2650.099	-3270.053	619.9542	0.472955	0.0541666	0.211165	0.261713	1.97748	1.498468	4.549462	2.038635
3636	-2637.765	-3257.119	619.3546	0.451635	0.0178109	0.201646	0.328908	1.951209	1.381285	4.532847	3.21583
3642	-2642.537	-3262.639	620.1023	0.409177	0.0161365	0.289456	0.28523	1.463533	1.418654	4.459063	2.786673
3648	-2645.912	-3263.546	617.6331	0.426364	0.0146259	0.300483	0.258528	1.802768	1.454812	5.173403	4.399377
3654	-2648.476	-3267.169	618.6929	0.508999	0.0101738	0.298877	0.18195	1.039765	1.351722	6.110604	1.300282
3660	-2637.989	-3257.64	619.6509	0.482711	0.0337815	0.116234	0.367274	1.612087	1.373614	4.876569	2.222367
3666	-2636	-3256.412	620.4124	0.39875	0.0203703	0.213116	0.367764	1.612087	1.473919	4.856734	1.2095
3672	-2629.783	-3252.64	622.8577	0.369908	0.0399318	0.240092	0.350068	1.612087	1.634717	3.417578	1.126416
3678	-2643.66	-3266.434	622.7737	0.570808	0.0554558	0.114706	0.25903	1.48627	1.617562	3.417578	1.349468
3684	-2638.744	-3261.406	622.662	0.356479	0.233665	0.125792	0.284064	1.694373	1.728698	3.006651	1.979396
3690	-2656.531	-3278.385	621.8545	0.336455	0.22054	0.122649	0.320357	1.24721	1.731622	3.855721	1.655753
3696	-2657.436	-3279.609	622.1728	0.341185	0.190694	0.124373	0.343747	1.591325	1.684894	4.029968	0.7253705
3702	-2642.538	-3263.76	621.2227	0.442207	0.19846	0.0919038	0.267429	1.972996	1.601032	4.210714	1.130951
3708	-2665.317	-3286.687	621.3706	0.470601	0.168667	0.0761308	0.284601	1.753948	1.590725	4.175128	1.231872
3714	-2636.318	-3257.116	620.7981	0.369848	0.274919	0.0749703	0.280263	1.753948	1.506922	4.633598	1.068468
3720	-2611.492	-3232.541	621.0494	0.441172	0.13509	0.089428	0.33431	1.790911	1.694886	4.183484	1.42217
3726	-2625.5	-3246.81	621.3098	0.41177	0.121233	0.0870975	0.3799	1.382596	1.561781	4.275631	1.483854
3732	-2628.033	-3248.673	620.6404	0.51919	0.0925404	0.140443	0.247827	1.87266	1.582414	4.411652	1.483854
3738	-2629.462	-3250.136	620.6737	0.412862	0.172692	0.0557277	0.358718	1.838313	1.596922	4.411652	1.459769
3744	-2640.208	-3260.042	619.8344	0.356222	0.335011	0.0657765	0.24299	1.838313	1.688466	4.528927	2.138673
3750	-2633.255	-3252.948	619.6932	0.548819	0.0689434	0.0864918	0.295746	1.894711	1.615241	4.245529	3.180944
3756	-2640.117	-3262.592	622.475	0.328436	0.221404	0.124216	0.325944	1.80797	1.637779	3.487716	1.232293
3762	-2636.135	-3259.725	623.5894	0.341563	0.215976	0.225063	0.217398	1.426847	1.687292	3.025076	1.165582
3768	-2647.003	-3268.91	621.9075	0.217411	0.346548	0.304624	0.131417	1.584961	1.79293	3.629293	1.630595
3774	-2640.02	-3263.842	623.8224	0.161112	0.453726	0.148983	0.23618	0.8111828	1.608026	3.529533	0.7553934
3780	-2648.364	-3270.807	622.4431	0.145583	0.389341	0.238284	0.226792	1.522831	1.570677	3.91637	0.8210443
3786	-2652.096	-3273.493	621.397	0.177965	0.182245	0.521858	0.117932	0.6845941	1.381322	5.228249	0.5475079
3792	-2657.16	-3279.721	622.5605	0.439368	0.192479	0.163218	0.204936	1.227721	1.730831	3.2026	2.222813
3798	-2663.95	-3286.892	622.9416	0.349263	0.0515194	0.443235	0.155983	1.256812	1.69841	3.283245	1.561636
3804	-2623.342	-3246.175	622.8332	0.212408	0.397035	0.271072	0.119485	0.6064271	1.651507	4.034078	1.034494
3810	-2634.757	-3256.462	621.7045	0.39423	0.260616	0.189718	0.155436	1.309881	1.488769	3.937164	1.897879
3816	-2641.616	-3265.394	623.7772	0.313404	0.308582	0.201756	0.176258	0.6911816	1.405707	3.543746	1.099005
3822	-2613.915	-3238.21	624.2943	0.258279	0.335557	0.209119	0.197045	0.8401328	1.589714	3.037777	1.099005
3828	-2635.996	-3260.556	624.5599	0.344916	0.128064	0.328389	0.198631	0.5945611	1.631275	2.767842	1.536253
3834	-2635.185	-3259.484	624.2996	0.225063	0.270943	0.314041	0.189953	1.138766	1.790799	2.710758	1.134733
3840	-2635.291	-3259.43	624.1396	0.299323	0.184876	0.326733	0.189067	1.011705	1.557744	2.542773	2.073099
3846	-2644.826	-3268.446	623.6195	0.227243	0.298394	0.300485	0.173878	0.9588409	1.482725	2.867419	2.237983
3852	-2654.205	-3278.641	624.4367	0.380667	0.219929	0.253002	0.146402	1.222326	1.822936	2.539172	1.165225
3858	-2643.988	-3268.498	624.5097	0.306572	0.2257	0.329635	0.138094	1.052302	1.743526	2.545905	1.336441
3864	-2607.64	-3230.621	622.9814	0.379744	0.239268	0.163032	0.217956	1.08852	1.779593	2.676922	3.049425
3870	-2631.524	-3255.63	624.1058	0.369907	0.207122	0.307383	0.115589	1.101665	1.779593	2.405357	1.996174
3876	-2641.2	-3261.983	620.7824	0.309442	0.173266	0.257139	0.260153	1.437438	1.712274	2.934907	6.345405
3882	-2636.558	-3259.341	622.7828	0.455358	0.174635	0.154459	0.215548	1.841659	1.712274	3.226574	1.270735
3888	-2637.809	-3258.154	620.3448	0.43883	0.159269	0.180598	0.221304	1.841659	1.50202	4.74337	1.270735
3894	-2641.039	-3261.044	620.0055	0.430725	0.1999	0.0916133	0.277762	1.685659	1.468358	5.118723	1.084574
3900	-2633.222	-3251.45	618.2281	0.48052	0.10045	0.186709	0.232321	1.956155	1.487272	5.045598	3.390002
3906	-2640.245	-3259.994	619.7491	0.452474	0.121076	0.180021	0.246429	1.788776	1.449283	4.833261	1.89787
3912	-2641.37	-3261.063	619.6936	0.53048	0.1413	0.254992	0.0732278	1.395503	1.38021	4.804612	2.615005
3918	-2638.048	-3259.294	621.2464	0.380735	0.22131	0.255164	0.142791	0.4080774	1.28302	5.285672	0.9527346
3924	-2623.273	-3246.833	623.5599	0.390166	0.226793	0.261485	0.121556	0.8157947	1.844001	3.328337	1.11526
3930	-2648.993	-3271.541	622.548	0.292875	0.275629	0.314434	0.117063	1.765031	1.659182	3.664772	0.8623494
3936	-2653.944	-3276.902	622.9578	0.334341	0.174451	0.358952	0.132256	1.176536	1.567301	3.786682	0.8468522
3942	-2630.436	-3253.298	622.8628	0.400854	0.167661	0.344981	0.0865038	1.041644	1.567301	3.58529	1.445544
3948	-2655.127	-3277.796	622.669	0.369914	0.308435	0.145425	0.176226	1.041644	1.567301	3.142749	2.722266
3954	-2635.821	-3258.444	622.6234	0.267969	0.361518	0.167516	0.202997	1.08925	1.663486	3.885509	0.9941251
3960	-2625.981	-3247.258	621.2773	0.262256	0.278617	0.253513	0.205613	1.712714	1.602885	3.885509	1.97194
3966	-2636.552	-3259.911	623.3595	0.265734	0.282313	0.243612	0.20834	1.363267	1.698012	3.490375	0.6627612
3972	-2614.807	-3237.785	622.9779	0.312923	0.375008	0.04317	0.268899	1.363267	1.568191	3.462879	1.214983
3978	-2629.377	-3252.005	622.6273	0.417905	0.181788	0.0788919	0.321415	1.757215	1.696446	3.667129	0.7530134
3984	-2617.989	-3240.576	622.5867	0.289312	0.230299	0.223796	0.256593	1.490951	1.635351	3.467136	1.439934
3990	-2622.36	-3244.939	622.5783	0.328389	0.188479	0.273134	0.209998	0.9843634	1.600982	4.038916	0.9379446
3996	-2624.917	-3247.831	622.914	0.462556	0.1377	0.199548	0.200196	1.092374	1.666262	3.353903	1.676943
4002	-2633.737	-3257.165	623.4286	0.374419	0.210714	0.284943	0.129925	1.092374	1.711525	3.322286	1.109409
4008	-2645.245	-3270.175	624.9303	0.30097	0.262297	0.26947	0.167262	0.9673607	1.756519	2.23717	1.493951
4014	-2634.306	-3255.819	621.5128	0.365282	0.348106	0.168271	0.11834	0.9287036	1.687617	3.405623	3.972478
4020	-2646.815	-3270.928	624.1131	0.341487	0.32543	0.15731	0.175774	1.018221	1.660304	2.707143	1.62751
4026	-2648.078	-3271.814	623.7357	0.309432	0.294882	0.142543	0.253143	1.176159	1.800778	2.850195	1.450129
4032	-2651.134	-3274.117	622.9839	0.440373	0.0256607	0.384385	0.149581	1.103847	1.736608	2.586034	3.349501
4038	-2647.659	-3271.604	623.9455	0.448146	0.00846205	0.39117	0.152222	1.191274	1.723668	2.699998	1.5654
4044	-2664.832	-3288.37	623.5374	0.502362	0.00764157	0.430986	0.0590101	1.028042	1.74828	2.699998	2.269083
4050	-2668.562	-3292.575	624.013	0.382047	0.0104641	0.489952	0.117537	1.028042	1.581772	2.773217	1.701448
4056	-2669.188	-3293.347	624.1595	0.460123	0.0516375	0.333589	0.154651	1.028042	1.764638	2.460417	1.925105
4062	-2664.291	-3288.618	624.3262	0.58373	0.141132	0.118937	0.156201	1.118844	1.563637	2.460417	1.854349
4068	-2636.899	-3259.576	622.6769	0.447873	0.0866122	0.345669	0.119846	1.288106	1.465209	3.376879	1.947692
4074	-2661.041	-3285.37	624.3298	0.345368	0.178212	0.308221	0.168198	0.6580893	1.5391	3.376879	0.7404708
4080	-2644.151	-3267.524	623.3731	0.394753	0.0607044	0.352293	0.192249	1.001499	1.416357	3.376879	1.48859
4086	-2649.652	-3272.252	622.5999	0.547	0.0841168	0.198833	0.17005	1.304299	1.435319	3.123329	2.696998
4092	-2644.246	-3265.8	621.5531	0.455582	0.110731	0.228042	0.205644	1.407709	1.404063	4.508378	0.9312727
4098	-2657.795	-3281.197	623.402	0.440574	0.0937165	0.229111	0.236598	1.395933	1.544786	3.301142	1.054645
4104	-2622.363	-3244.103	621.7399	0.448956	0.161218	0.171198	0.218628	1.762222	1.62442	3.472497	2.230902
4110	-2618.191	-3239.381	621.1893	0.462018	0.0882634	0.135509	0.31421	1.762222	1.796954	3.658079	2.314942
4116	-2625.125	-3247.044	621.919	0.36975	0.0211425	0.269942	0.339166	1.305491	1.539591	3.075164	3.847347
4122	-2651.421	-3271.781	620.3608	0.624509	0.0238777	0.123872	0.227741	2.016038	1.653708	2.852772	6.754152
4128	-2639.85	-3261.26	621.4097	0.540161	0.0206527	0.162043	0.277143	2.015002	1.792518	3.524079	2.06248
4134	-2655.89	-3277.962	622.0715	0.444127	0.274702	0.0868964	0.194275	1.753162	1.73228	4.074292	0.5770066
4140	-2642.953	-3264.975	622.0229	0.409561	0.274776	0.104641	0.211021	1.606115	1.69919	3.874556	1.112796
4146	-2647.59	-3270.538	622.9478	0.357111	0.239587	0.250666	0.152636	1.175913	1.747421	3.533717	1.112796
4152	-2656.068	-3279.931	623.8635	0.309644	0.221145	0.390234	0.0789771	1.228769	1.760442	3.330567	0.4986504
4158	-2646.441	-3270.174	623.733	0.24214	0.350844	0.30516	0.101856	0.6018522	1.644111	3.840963	0.5030604
4164	-2641.115	-3263.518	622.403	0.259434	0.375902	0.120253	0.244412	2.017909	1.642874	3.790483	0.6230716
4170	-2643.549	-3266.356	622.8075	0.384484	0.134625	0.203764	0.277126	1.278885	1.746547	3.081893	2.074616
4176	-2661.294	-3282.276	620.9812	0.440758	0.131732	0.257693	0.169817	1.709603	1.830566	3.081893	4.43328
4182	-2654.847	-3278.523	623.6754	0.49917	0.14919	0.18841	0.16323	1.247509	1.790342	2.559902	2.041809
4188	-2636.126	-3259.94	623.8145	0.336687	0.330386	0.174525	0.158402	0.990357	1.695035	3.304022	0.8722651
4194	-2637.674	-3260.909	623.235	0.299502	0.353328	0.202917	0.144253	0.9422562	1.673523	3.499031	1.192191
4200	-2630.547	-3253.064	622.5172	0.283428	0.334365	0.192026	0.19018	1.197065	1.498236	4.17137	0.6735233
4206	-2634.187	-3256.171	621.9833	0.494461	0.0642417	0.31789	0.123407	1.568468	1.625892	3.526861	1.986285
4212	-2640.019	-3263.791	623.7716	0.340026	0.364908	0.221855	0.0732117	0.6350404	1.504477	3.464826	1.20518
4218	-2642.871	-3268.119	625.2479	0.213234	0.480438	0.230322	0.0760058	0.5699845	1.872668	2.612849	0.8477939
4224	-2633.742	-3259.481	625.7388	0.114584	0.50863	0.319332	0.0574535	0.5281853	1.712907	2.752627	0.3168105
4230	-2641.511	-3265.369	623.8579	0.137185	0.373577	0.424258	0.0649797	0.6430873	1.625567	2.967217	1.942231
4236	-2630.991	-3253.94	622.9496	0.355003	0.38106	0.23802	0.0259172	0.7416658	1.665621	3.750537	1.264986
4242	-2634.086	-3255.558	621.4715	0.360909	0.247755	0.375915	0.0154204	1.282437	1.626568	3.933833	2.064992
4248	-2648.416	-3269.982	621.5662	0.470034	0.232361	0.26752	0.0300849	1.115827	1.6354	3.385411	3.676417
4254	-2676.903	-3297.237	620.3339	0.563912	0.0147004	0.232928	0.188459	1.339132	1.498086	4.508927	2.346128
4260	-2653.363	-3273.898	620.5357	0.586914	0.107987	0.160863	0.144237	1.339132	1.440757	4.671857	1.760377
4266	-2655.025	-3278.514	623.4898	0.340622	0.226997	0.0931144	0.339267	1.360761	1.60251	3.238649	1.04631
4272	-2637.739	-3260.694	622.9553	0.37226	0.295735	0.0537646	0.278241	1.16534	1.818261	3.330761	1.413609
4278	-2620.56	-3241.681	621.121	0.33059	0.315366	0.0573335	0.29671	1.518928	1.738106	4.332967	1.251785
4284	-2621.152	-3242.382	621.2296	0.42429	0.248992	0.064294	0.262424	1.494689	1.650086	4.437751	1.057949
4290	-2615.371	-3235.598	620.2267	0.418834	0.191191	0.117207	0.272769	1.846358	1.505374	4.922824	1.050002
4296	-2630.693	-3250.844	620.1502	0.444471	0.156072	0.124382	0.275076	2.092359	1.473645	4.900489	1.011657
4302	-2628.274	-3250.114	621.8395	0.502409	0.184455	0.140595	0.172542	1.629627	1.770816	4.118262	0.7827257
4308	-2654.539	-3275.344	620.8049	0.400067	0.0989384	0.198007	0.302987	1.674118	1.712017	4.535716	1.096425
4314	-2652.67	-3274.718	622.0474	0.379507	0.148281	0.218691	0.25352	1.491023	1.562898	4.427462	0.3482476
4320	-2648.783	-3269.811	621.0285	0.376576	0.167082	0.254817	0.201524	1.928531	1.627882	4.435851	0.9321375
4326	-2632.011	-3254.197	622.1859	0.373935	0.172924	0.25303	0.200111	1.425434	1.581529	4.392629	0.2447671
4332	-2627.34	-3249.877	622.5368	0.413735	0.255014	0.109841	0.221409	1.425434	1.626472	4.015367	0.5955295
4338	-2651.857	-3273.664	621.8072	0.472003	0.150095	0.12531	0.252591	1.480207	1.819987	4.061284	0.9867967
4344	-2650.429	-3270.147	619.7178	0.506765	0.16115	0.0676631	0.264422	1.080799	1.444372	4.873181	2.743501
4350	-2648.157	-3270.179	622.0221	0.294691	0.22413	0.13754	0.343639	1.801148	1.58493	3.884673	1.050037
4356	-2646.478	-3269.144	622.6662	0.201383	0.359186	0.0722506	0.36718	1.801148	1.629471	3.724742	0.6523043
4362	-2646.902	-3272.092	625.1894	0.263016	0.345115	0.223827	0.168042	1.146479	1.742394	2.683346	0.3146695
4368	-2656.906	-3280.887	623.9809	0.342045	0.148341	0.291081	0.218533	1.530547	1.893307	2.319425	1.684391
4374	-2646.238	-3267.59	621.3524	0.57278	0.106816	0.089539	0.230865	1.763728	1.620698	3.973949	1.609083
4380	-2657.758	-3279.751	621.9928	0.364491	0.356039	0.0422837	0.237186	1.578202	1.66469	3.18738	2.743379
4386	-2648.876	-3272.322	623.4457	0.375273	0.301048	0.0192129	0.304467	1.247237	1.532577	3.18738	1.369683
4392	-2655.973	-3281.998	626.0251	0.46477	0.18138	0.293849	0.0600014	0.7803323	1.671248	2.445642	0.2224632
4398	-2628.692	-3254.017	625.3246	0.635679	0.0946393	0.132504	0.137177	1.145889	1.67446	2.650065	0.2224632
4404	-2641.129	-3266.372	625.2431	0.370044	0.157167	0.329262	0.143527	1.142075	1.67446	2.704009	0.2754016
4410	-2629.498	-3254.763	625.2647	0.440802	0.191382	0.284576	0.083241	1.09534	1.700579	2.704009	0.2434621
4416	-2632.115	-3257.044	624.9295	0.402251	0.167068	0.179631	0.25105	1.130749	1.540254	2.983893	0.2434621
4422	-2660.21	-3282.591	622.3811	0.358715	0.305567	0.0444824	0.291235	2.213166	1.69056	3.580573	0.8073608
4428	-2643.627	-3265.452	621.8249	0.311462	0.291181	0.164059	0.233298	1.73688	1.676089	4.115808	0.8073608
4434	-2664.877	-3286.442	621.5654	0.44454	0.107842	0.22508	0.222539	1.226507	1.629182	4.115808	1.602697
4440	-2663.503	-3286.03	622.5268	0.411738	0.176517	0.16472	0.247026	1.333515	1.510388	3.812335	1.144441
4446	-2664.751	-3286.059	621.3076	0.389147	0.105943	0.362939	0.141972	1.368172	1.627746	4.245713	1.486046
4452	-2642.463	-3262.332	619.8687	0.393048	0.144943	0.25959	0.202419	1.456391	1.742366	4.245713	3.280258
4458	-2629.235	-3251.001	621.7668	0.390802	0.132563	0.275503	0.201132	1.234591	1.671416	4.245713	1.073113
4464	-2642.357	-3263.734	621.3768	0.340662	0.187817	0.250709	0.220812	1.982288	1.706401	3.908021	1.417381
4470	-2671.679	-3294.542	622.8629	0.412254	0.00830146	0.38214	0.197305	1.174339	1.593815	3.306379	1.833386
4476	-2672.862	-3294.413	621.551	0.441414	0.008321	0.443322	0.106944	1.420171	1.416074	4.053705	1.799694
4482	-2660.222	-3279.611	619.3897	0.631651	0.0119071	0.203409	0.153033	2.007268	1.700232	3.97732	4.335418
4488	-2648.609	-3271.586	622.9773	0.237204	0.291329	0.299241	0.172227	1.41327	1.747165	2.968849	1.937266
4494	-2631.487	-3254.283	622.7969	0.5207	0.143984	0.173904	0.161411	1.398254	1.585043	3.739751	0.8669474
4500	-2637.831	-3260.187	622.3554	0.456822	0.163174	0.197081	0.182923	0.9166655	1.399417	4.15946	1.226061
4506	-2631.115	-3254.405	623.2899	0.427919	0.203044	0.197688	0.17135	1.125385	1.630843	3.538439	0.9265059
4512	-2651.654	-3273.319	621.6649	0.462746	0.0412105	0.213777	0.282267	1.125385	1.5851	3.619461	2.870176
4518	-2657.273	-3280.889	623.6161	0.480527	0.0613352	0.221991	0.236147	1.125385	1.759251	2.478451	2.522039
4524	-2637.066	-3260.886	623.8202	0.497486	0.0524774	0.189932	0.260105	1.125385	1.745611	2.64699	1.877091
4530	-2646.952	-3270.896	623.9434	0.401228	0.0941408	0.164367	0.340264	1.154423	1.751727	2.633853	1.705907
4536	-2636.114	-3261.517	625.4031	0.471692	0.225094	0.0621341	0.241081	1.617113	1.949763	1.847685	0.7899108
4542	-2619.212	-3243.101	623.8891	0.422238	0.19207	0.0530185	0.332673	1.504767	1.715394	2.504404	1.682756
4548	-2625.396	-3249.471	624.0754	0.520676	0.156788	0.0992347	0.223301	1.04512	1.610239	2.472245	2.199206
4554	-2622.916	-3245.323	622.4064	0.34426	0.195658	0.144079	0.316003	1.588053	1.55875	3.213724	2.205784
4560	-2635.278	-3258.475	623.1969	0.441382	0.184676	0.0756749	0.298267	1.208594	1.647613	3.028032	1.895656
4566	-2636.227	-3256.351	620.1236	0.469824	0.0923636	0.0973209	0.340492	1.698856	1.436794	4.457303	2.425999
4572	-2642.662	-3264.171	621.5094	0.408291	0.153875	0.143691	0.294143	1.283374	1.64392	4.114592	1.59155
4578	-2653.895	-3274.744	620.8492	0.488687	0.0805763	0.23391	0.196827	1.427461	1.649785	4.117313	2.269252
4584	-2651.863	-3270.329	618.466	0.462906	0.0763256	0.274325	0.186443	1.427461	1.292504	5.319202	3.203902
4590	-2644.932	-3267.336	622.4044	0.343708	0.437628	0.0892588	0.129406	0.777517	1.504075	4.340644	0.891436
4596	-2650.63	-3274.881	624.2514	0.353052	0.309258	0.204767	0.132924	0.6207746	1.618018	3.425396	0.698976
4602	-2633.824	-3258.554	624.7298	0.29784	0.385455	0.239871	0.0768336	0.5171362	1.958446	2.826244	0.9830978
4608	-2640.534	-3265.368	624.8337	0.427902	0.384444	0.0772682	0.110386	1.220383	1.826687	2.13508	1.42239
4614	-2661.256	-3281.635	620.3792	0.471178	0.151496	0.130079	0.247247	1.82111	1.37942	4.849628	1.178828
4620	-2666.107	-3286.991	620.8842	0.402004	0.181691	0.11978	0.296525	1.252277	1.49552	4.482847	1.776797
4626	-2650.751	-3269.963	619.2128	0.487511	0.130921	0.156085	0.225483	1.48542	1.408614	5.28375	1.919601
4632	-2666.204	-3287.771	621.5669	0.401511	0.284063	0.192679	0.121747	0.65991	1.723556	4.056883	2.369415
4638	-2639.084	-3261.739	622.6546	0.222114	0.499623	0.127853	0.150409	1.601268	1.817221	3.45502	1.090909
4644	-2650.044	-3272.322	622.2781	0.457399	0.100157	0.297527	0.144918	1.582799	1.734898	3.824945	0.9267328
4650	-2654.946	-3275.908	620.9623	0.467748	0.182897	0.183645	0.16571	2.134306	1.519825	4.407393	1.002912
4656	-2682.362	-3303.415	621.0532	0.511005	0.108977	0.185094	0.194924	1.254226	1.482644	4.407393	1.746727
4662	-2670.217	-3291.192	620.9748	0.637534	0.0684328	0.0767393	0.217294	1.803503	1.58276	4.115233	1.776054
4668	-2660.258	-3283.581	623.3236	0.583965	0.0649495	0.152049	0.199036	1.238197	1.817161	2.808544	1.947551
4674	-2639.992	-3260.977	620.9842	0.307478	0.337211	0.228221	0.127091	1.37153	1.480026	4.864213	0.8241242
4680	-2635.083	-3256.611	621.5278	0.434677	0.0630247	0.322632	0.179666	1.374211	1.418355	4.288522	1.381667
4686	-2654.222	-3274.634	620.4118	0.396007	0.0734741	0.240271	0.290249	1.492699	1.556066	4.556091	1.860711
4692	-2632.34	-3253.644	621.3048	0.44227	0.109699	0.196773	0.251258	1.609087	1.534478	4.556091	0.7956409
4698	-2638.531	-3260.977	622.4455	0.452205	0.191452	0.154059	0.202283	1.686654	1.397559	3.933815	0.8241187
4704	-2649.385	-3270.789	621.4044	0.436585	0.17271	0.133837	0.256868	1.299511	1.334044	4.592643	1.098189
4710	-2668.334	-3289.103	620.7693	0.324834	0.363655	0.0861431	0.225368	1.118098	1.569147	4.153593	2.850708
4716	-2646.577	-3268.283	621.7061	0.284754	0.288379	0.146747	0.28012	1.220258	1.608419	4.540909	0.6970755
4722	-2656.025	-3277.338	621.3134	0.385261	0.168507	0.160817	0.285416	1.081523	1.641896	3.63264	3.409807
4728	-2656.026	-3278.157	622.1312	0.53159	0.0226943	0.132373	0.313343	1.028492	1.361569	4.179349	1.350512
4734	-2658.715	-3279.339	620.6246	0.550625	0.024184	0.28321	0.141981	1.542997	1.550672	4.179349	2.435596
4740	-2643.006	-3262.292	619.2863	0.464776	0.0503448	0.207029	0.27785	1.807089	1.607953	4.591139	2.960209
4746	-2638.633	-3261.109	622.4757	0.418544	0.144807	0.186436	0.250213	2.112018	1.76262	3.297103	1.198888
4752	-2641.811	-3264.29	622.4792	0.395864	0.227723	0.191734	0.184679	1.424279	1.49937	3.160412	2.522314
4758	-2649.11	-3273.229	624.1193	0.349147	0.201686	0.169812	0.279354	1.678343	1.849636	1.986613	2.060479
4764	-2643.249	-3266.839	623.59	0.416571	0.240634	0.00949512	0.3333	1.602357	1.672883	2.84995	1.330879
4770	-2633.017	-3256.569	623.5523	0.467778	0.247836	0.0121981	0.272187	1.439417	1.552931	2.695276	1.998907
4776	-2630.654	-3252.684	622.0304	0.467778	0.247836	0.0121981	0.272187	1.95463	1.794594	3.682618	1.063955
4782	-2639.396	-3260.997	621.6014	0.416974	0.288384	0.0520159	0.242626	1.650566	1.746068	4.073405	1.102461
4788	-2650.68	-3272.556	621.8767	0.398925	0.121972	0.24698	0.232123	1.298985	1.786002	3.905767	1.408167
4794	-2646.165	-3268.86	622.6952	0.267212	0.260257	0.206395	0.266137	1.298985	1.591757	3.387187	1.727859
4800	-2657.112	-3278.772	621.6601	0.532363	0.0348982	0.0755675	0.357171	1.285023	1.416924	4.013752	1.904462
4806	-2674.6	-3295.015	620.4147	0.552698	0.0404419	0.0360447	0.370815	1.117348	1.457359	4.204792	3.501323
4812	-2658.466	-3280.384	621.9179	0.432997	0.078763	0.101175	0.387065	1.575138	1.474543	3.422735	2.539027
4818	-2660.945	-3283.806	622.8615	0.402405	0.14385	0.0940269	0.359718	1.459733	1.478605	3.178894	1.926563
4824	-2662.413	-3285.421	623.0085	0.387984	0.190995	0.150452	0.270568	1.187643	1.567269	2.998024	2.360877
4830	-2632.578	-3255.752	623.1741	0.425869	0.209645	0.179007	0.185479	0.9396934	1.634825	3.37806	1.536116
4836	-2638.32	-3260.376	622.0558	0.569466	0.113704	0.155602	0.161228	0.9247875	1.426708	4.172952	1.493126
4842	-2643.017	-3265.852	622.8343	0.512304	0.0637389	0.12374	0.300217	1.025627	1.552296	3.480107	1.730902
4848	-2645.558	-3266.543	620.9851	0.447168	0.212016	0.0787685	0.262047	1.429725	1.346983	4.375036	1.876534
4854	-2661.88	-3282.441	620.5615	0.532163	0.0970416	0.218657	0.152138	1.061814	1.577737	4.461407	2.402855
4860	-2643.046	-3263.997	620.9514	0.531055	0.142982	0.0924431	0.23352	1.982642	1.483058	4.461407	1.067651
4866	-2646.274	-3267.395	621.1211	0.448426	0.120735	0.0543914	0.376447	1.982642	1.51676	4.346676	1.067651
4872	-2653.759	-3274.573	620.8141	0.443955	0.12149	0.0557544	0.378801	1.604365	1.483457	4.312444	1.87049
4878	-2635.185	-3256.067	620.8823	0.443793	0.254099	0.070246	0.231862	1.971045	1.678411	4.470977	0.9331476
4884	-2649.39	-3270.733	621.343	0.430252	0.155077	0.211659	0.203012	1.440327	1.490671	4.464391	1.105012
4890	-2636.771	-3257.142	620.3718	0.439514	0.0758491	0.277255	0.207382	1.440327	1.506492	4.344146	2.578248
4896	-2643.075	-3264.085	621.01	0.463242	0.0799439	0.292223	0.164591	1.427731	1.581234	3.745025	3.142659
4902	-2648.32	-3270.573	622.2525	0.464064	0.200003	0.142446	0.193487	1.526259	1.52194	3.714073	1.430979
4908	-2657.66	-3282.247	624.5864	0.433058	0.163217	0.223166	0.180559	1.117056	1.772005	2.533515	1.176357
4914	-2651.742	-3275.575	623.8329	0.433058	0.163217	0.223166	0.180559	1.16534	1.547713	2.655359	2.052944
4920	-2639.19	-3260.101	620.9108	0.436401	0.0868941	0.227568	0.249137	1.067429	1.638933	3.251849	5.710161
4926	-2638.938	-3263.954	625.0162	0.296394	0.250582	0.227451	0.225573	1.17726	1.822122	2.309945	0.9890899
4932	-2642.936	-3268.419	625.4825	0.411242	0.188295	0.202481	0.197981	1.406642	1.63888	2.418332	0.3075149
4938	-2623.157	-3246.464	623.3067	0.392538	0.179732	0.193272	0.234458	2.354245	1.485574	3.317858	0.4499213
4944	-2622	-3246.547	624.5467	0.36031	0.235762	0.259752	0.144176	1.899159	1.556141	2.803346	0.2268504
4950	-2634.236	-3259.994	625.7578	0.307182	0.200999	0.368902	0.122917	0.9073609	1.695584	2.518478	0.2468299
4956	-2631.911	-3257.699	625.7884	0.294336	0.293083	0.353475	0.0591056	0.9051233	1.781345	2.404552	0.3875037
4962	-2645.617	-3268.67	623.0526	0.382676	0.0919154	0.340984	0.184424	1.594288	1.621968	2.854157	2.048759
4968	-2649.081	-3270.514	621.433	0.468567	0.045534	0.417518	0.0683806	0.9609962	1.429716	3.404526	4.612565
4974	-2629.935	-3252.901	622.9658	0.490912	0.0477053	0.437428	0.0239547	1.507302	1.717376	3.069536	1.673398
4980	-2642.481	-3265.035	622.5537	0.455312	0.0756269	0.431086	0.0379753	0.9958473	1.55728	3.422439	2.267614
4986	-2639.353	-3262.472	623.119	0.430281	0.170185	0.315725	0.0838099	0.9989735	1.594826	3.422439	1.489045
4992	-2636.955	-3261.533	624.5775	0.297183	0.258085	0.351441	0.0932909	0.9766194	1.572635	2.860381	0.9864728
4998	-2664.059	-3287.557	623.4977	0.311729	0.22004	0.388692	0.0795387	0.9095589	1.564066	3.200623	1.629632
5004	-2641.204	-3266.102	624.8978	0.354486	0.194921	0.389135	0.0614585	0.7272388	1.56974	3.077601	0.5831481
5010	-2636.988	-3259.712	622.7241	0.382707	0.160927	0.386248	0.0701182	0.9117961	1.621851	3.655446	1.554367
5016	-2631.296	-3254.969	623.6731	0.274059	0.424139	0.207025	0.0947773	1.050651	1.621851	3.43544	0.8057639
5022	-2615.148	-3238.211	623.0624	0.265223	0.372044	0.279597	0.0831361	0.9003488	1.587048	3.244355	2.074542
5028	-2623.607	-3248.59	624.9833	0.178059	0.357532	0.362096	0.102313	0.7348008	1.610758	2.944647	0.6659183
5034	-2629.967	-3254.209	624.2416	0.167967	0.432434	0.266208	0.13339	0.5278735	1.781546	2.485561	2.454785
5040	-2616.804	-3241.581	624.7774	0.335649	0.0978134	0.368013	0.198525	1.507732	1.650223	2.600261	0.6521616
5046	-2629.117	-3251.303	622.1866	0.516886	0.0293052	0.393105	0.0607035	1.136419	1.625065	2.836045	4.254917
5052	-2631.123	-3252.586	621.4634	0.573898	0.118872	0.0591255	0.248104	1.254614	1.624826	2.877859	5.482759
5058	-2609.308	-3232.91	623.6018	0.41659	0.2014	0.166782	0.215228	1.254614	1.730398	2.777235	1.748949
5064	-2600.248	-3224.359	624.1107	0.303681	0.242481	0.295382	0.158456	1.428323	1.744491	2.35467	1.748949
5070	-2612.658	-3233.463	620.8048	0.38208	0.0559706	0.362586	0.199363	1.646375	1.78465	2.956487	5.545061
5076	-2615.221	-3240.009	624.7882	0.420044	0.0189756	0.456091	0.104889	0.9811811	1.806567	2.088969	1.867288
5082	-2616.895	-3241.399	624.5042	0.506318	0.03774	0.247332	0.20861	1.212241	1.802788	2.088969	1.949117
5088	-2626.993	-3250.823	623.8299	0.568301	0.0423601	0.27761	0.111729	1.110932	1.726895	2.523237	2.175374
5094	-2643.648	-3267.063	623.4145	0.428038	0.176785	0.203925	0.191252	1.110932	1.771323	2.781976	2.107862
5100	-2668.485	-3287.654	619.1694	0.459763	0.0505406	0.174794	0.314902	1.316366	1.333023	5.187002	2.545304
5106	-2648.423	-3269.894	621.4712	0.441451	0.0190826	0.237106	0.30236	1.236202	1.398331	3.740528	2.979013
5112	-2674.529	-3296.966	622.4365	0.424019	0.0182364	0.267324	0.29042	1.15432	1.432031	3.326309	2.640759
5118	-2681.231	-3301.914	620.6834	0.485688	0.0290292	0.35368	0.131603	1.320286	1.459377	4.041731	3.190101
5124	-2663.783	-3286.497	622.7141	0.199613	0.353946	0.319613	0.126829	0.4484423	1.521809	4.185892	1.180461
5130	-2635.57	-3257.229	621.6588	0.415552	0.29868	0.178742	0.107026	0.6298382	1.519623	4.678176	1.180461
5136	-2644.721	-3267.955	623.2344	0.309706	0.324736	0.293135	0.0724231	0.6298382	1.497539	4.172718	0.5377037
5142	-2648.21	-3270.002	621.7925	0.411434	0.176831	0.315523	0.0962116	0.6654385	1.458925	4.872415	0.7264536
5148	-2660.186	-3282.861	622.6757	0.257266	0.210977	0.410942	0.120815	0.6521487	1.375022	4.661415	0.2554374
5154	-2644.22	-3265.015	620.7956	0.34657	0.31723	0.250975	0.0852258	0.5941093	1.312912	5.460474	0.8755231
5160	-2649.087	-3271.034	621.9466	0.356231	0.0862343	0.3075	0.250035	1.615941	1.563308	3.955803	1.177682
5166	-2652.569	-3276.429	623.8601	0.350384	0.147616	0.256067	0.245932	1.183427	1.60798	2.953277	1.327685
5172	-2642.006	-3266.033	624.0269	0.416035	0.261441	0.147142	0.175382	1.197992	1.669847	2.812228	1.317391
5178	-2630.454	-3254.155	623.7014	0.408893	0.175031	0.14689	0.269185	1.040918	1.567234	3.301746	1.06518
5184	-2653.264	-3277.093	623.8291	0.423559	0.196212	0.218554	0.161675	1.156732	1.679473	2.922111	1.368306
5190	-2647.636	-3270.569	622.9335	0.474713	0.151047	0.201777	0.172463	2.037794	1.517441	2.947883	1.686797
5196	-2630.265	-3253.167	622.9026	0.465005	0.182838	0.128775	0.223381	1.596409	1.565632	2.696871	2.724202
5202	-2644.647	-3265.733	621.0858	0.417373	0.200301	0.269558	0.112768	1.240312	1.42863	3.587287	4.114096
5208	-2643.319	-3266.963	623.6446	0.497339	0.0954959	0.209836	0.197329	1.240312	1.588771	2.624345	2.227879
5214	-2648.947	-3273.778	624.8309	0.446034	0.104658	0.221341	0.227967	1.334367	1.753944	1.977376	1.668057
5220	-2655.297	-3277.216	621.9191	0.469398	0.19718	0.0438374	0.289584	1.405553	1.508636	4.046436	1.289622
5226	-2649.121	-3271.968	622.8466	0.35692	0.322383	0.0570052	0.263692	1.918891	1.525177	3.234923	1.324562
5232	-2652.503	-3273.322	620.8185	0.320952	0.299105	0.0222102	0.357732	1.933704	1.465595	3.63873	3.274846
5238	-2625.074	-3246.466	621.392	0.33237	0.309746	0.0237547	0.334129	1.501838	1.676527	4.080834	1.531874
5244	-2653.979	-3273.383	619.4039	0.317259	0.257837	0.0150743	0.40983	1.598876	1.58966	4.727897	2.680146
5250	-2636.824	-3257.28	620.4558	0.420397	0.213787	0.0216453	0.34417	1.771887	1.664612	3.855277	3.126832
5256	-2653.793	-3275.413	621.6204	0.373382	0.239947	0.0242939	0.362378	1.861615	1.59691	4.241341	0.7728868
5262	-2644.436	-3264.953	620.5166	0.41375	0.359773	0.0129022	0.213574	1.376306	1.478713	5.085147	0.8889525
5268	-2621.549	-3241.755	620.2059	0.342402	0.318868	0.144336	0.194395	1.379818	1.477696	5.085147	1.20162
5274	-2617.126	-3238.252	621.1261	0.392337	0.183867	0.201051	0.222745	1.889914	1.477696	4.585355	0.7553535
5280	-2633.841	-3255.206	621.3651	0.397535	0.0788042	0.191801	0.33186	1.474902	1.656757	4.127905	1.517116
5286	-2639.083	-3260.46	621.3774	0.409643	0.0831907	0.181507	0.325659	1.474902	1.569141	4.472501	0.9464675
5292	-2640.954	-3260.159	619.2047	0.478006	0.017837	0.247351	0.256805	1.284266	1.578502	4.5622	4.075726
5298	-2647.251	-3266.651	619.4001	0.465005	0.0445505	0.240624	0.249821	1.742606	1.54314	4.621895	2.874148
5304	-2627.385	-3246.602	619.2173	0.453304	0.0264759	0.189592	0.330629	1.706709	1.526345	5.112596	1.921561
5310	-2624.771	-3245.208	620.4365	0.486335	0.0307079	0.117761	0.365196	1.931968	1.670928	4.223566	1.981645
5316	-2646.725	-3269.895	623.1697	0.478679	0.0490588	0.151885	0.320377	1.973433	1.533123	2.939005	1.46303
5322	-2640.848	-3264.647	623.7995	0.300251	0.286139	0.196963	0.216647	1.27016	1.763583	2.939005	1.163822
5328	-2629.375	-3254.802	625.4271	0.340014	0.330493	0.0792649	0.250228	1.221958	1.914381	1.99432	0.9287537
5334	-2631.829	-3255.322	623.4928	0.396822	0.304907	0.0925083	0.205762	1.677958	1.819321	2.141803	2.674313
5340	-2639.693	-3262.161	622.4678	0.164911	0.475937	0.0379735	0.321179	1.677958	1.629888	3.568418	1.212199
5346	-2654.185	-3276.462	622.277	0.360766	0.191402	0.0473496	0.400483	1.483512	1.597343	3.792484	1.212199
5352	-2660.482	-3282.107	621.6253	0.488146	0.268258	0.0185922	0.225004	1.569516	1.598008	3.811138	1.848205
5358	-2646.46	-3269.528	623.0679	0.449221	0.175672	0.00774234	0.367365	1.569516	1.614205	3.128511	1.494183
5364	-2649.274	-3271.497	622.2231	0.442825	0.309619	0.00675365	0.240802	1.44551	1.422115	3.512362	2.114003
5370	-2656.252	-3279.54	623.2883	0.523582	0.183716	0.00798529	0.284717	1.537016	1.63007	2.705761	2.114003
5376	-2656.117	-3279.461	623.3437	0.484908	0.196413	0.0549929	0.263686	1.41459	1.55155	3.076278	1.503888
5382	-2642.676	-3266.661	623.9844	0.423618	0.314764	0.0499775	0.21164	1.138811	1.594425	2.817794	1.503888
5388	-2647.905	-3269.238	621.3323	0.423698	0.151282	0.110683	0.314338	1.368126	1.525722	4.622297	0.864575
5394	-2645.971	-3267.822	621.8509	0.397734	0.237273	0.098026	0.266967	1.420047	1.668619	4.223313	0.864575
5400	-2634.354	-3256.16	621.8056	0.288455	0.367879	0.071093	0.272572	1.489579	1.617889	3.188295	3.257738
5406	-2627.509	-3252.252	624.743	0.28529	0.182855	0.26142	0.270436	1.034007	1.615443	2.87962	0.6996281
5412	-2619.912	-3242.054	622.1418	0.547974	0.093711	0.11286	0.245455	1.336016	1.593886	3.761426	1.575085
5418	-2633.595	-3257.286	623.6904	0.496061	0.104581	0.192921	0.206436	1.386945	1.668367	3.159201	0.8918204
5424	-2619.915	-3243.486	623.5706	0.462993	0.0515999	0.305819	0.179587	0.9967172	1.680662	3.084088	1.532615
5430	-2629.623	-3253.403	623.7802	0.352719	0.277488	0.23298	0.136814	1.160451	1.789293	3.056265	1.061817
5436	-2629.493	-3251.424	621.9314	0.399311	0.0609105	0.361274	0.178504	1.534091	1.581055	3.352038	2.592979
5442	-2648.868	-3273.603	624.7351	0.408058	0.162433	0.335903	0.0936061	1.130062	1.628809	3.047151	0.2672825
5448	-2643.483	-3268.066	624.5828	0.364644	0.253047	0.237291	0.145017	1.108544	1.523042	3.181098	0.3717747
5454	-2657.525	-3282.049	624.5243	0.314944	0.190298	0.369506	0.125252	1.262296	1.489367	3.181098	0.2346165
5460	-2647.645	-3272.459	624.8137	0.48514	0.193409	0.160967	0.160484	1.513333	1.675259	2.69443	0.1449997
5466	-2635.416	-3258.354	622.938	0.338445	0.26815	0.12031	0.273095	1.643176	1.725032	2.836866	2.047796
5472	-2633.954	-3257.148	623.1933	0.337248	0.126379	0.187992	0.348381	1.643176	1.671229	2.713948	2.047796
5478	-2629.644	-3253.728	624.0835	0.245818	0.106557	0.496752	0.150873	0.804219	1.697633	2.969291	1.371662
5484	-2630.568	-3253.973	623.4053	0.433055	0.0882183	0.170663	0.308063	1.747182	1.949481	2.828602	1.142749
5490	-2635.129	-3258.273	623.144	0.310276	0.377962	0.112843	0.198919	1.423507	1.749075	2.671697	2.367465
5496	-2627.274	-3251.027	623.7524	0.354884	0.288533	0.129066	0.227517	1.118181	1.81078	2.959736	1.280257
5502	-2626.876	-3249.147	622.2704	0.357227	0.290438	0.123315	0.22902	1.441007	1.577945	3.852424	1.168777
5508	-2625.698	-3248.934	623.2357	0.440331	0.173791	0.103581	0.282297	1.441007	1.654583	3.477053	0.7772691
5514	-2645.267	-3268.45	623.1834	0.34832	0.233323	0.139062	0.279295	1.441007	1.853133	2.966945	1.524819
5520	-2643.97	-3267.047	623.0769	0.339745	0.227579	0.135638	0.297037	1.626052	1.638993	2.966945	1.719996
5526	-2637.217	-3258.524	621.3066	0.404694	0.185355	0.132245	0.277706	2.300376	1.506561	3.783527	1.719996
5532	-2646.502	-3266.198	619.6963	0.385696	0.169784	0.0616539	0.382866	2.028451	1.627391	4.386881	2.583704
5538	-2635.184	-3259.918	624.7334	0.288354	0.372457	0.267303	0.0718856	0.6379987	1.738255	2.835612	1.058995
5544	-2635.873	-3259.016	623.1429	0.273411	0.380401	0.25345	0.0927384	0.9690581	1.641573	3.520475	1.256467
5550	-2635.607	-3259.004	623.3973	0.449146	0.256319	0.0277413	0.266793	1.573185	1.57661	3.400491	0.7141946
5556	-2624.191	-3247.673	623.4819	0.344632	0.393734	0.0259579	0.235676	1.813818	1.763192	2.915951	1.05268
5562	-2634.642	-3257.272	622.6293	0.332892	0.36409	0.0300637	0.272954	1.925992	1.601854	3.045905	1.863317
5568	-2636.1	-3260.029	623.9293	0.278526	0.472234	0.0208644	0.228376	1.291803	1.722082	3.075178	0.8286023
5574	-2648.008	-3270.897	622.8882	0.177499	0.420956	0.0111416	0.390404	2.080873	1.779412	2.688845	1.910809
5580	-2643.331	-3268.094	624.7632	0.378962	0.353681	0.0486387	0.218718	1.647101	1.819446	2.42047	0.6666321
5586	-2632.49	-3255.285	622.7959	0.239116	0.553144	0.0357759	0.171964	2.316037	1.887215	2.963045	1.168497
5592	-2642.145	-3264.784	622.6393	0.279285	0.527076	0.0297791	0.16386	1.439287	1.836351	2.844452	2.546976
5598	-2641.245	-3262.743	621.4976	0.468807	0.23442	0.0601529	0.236621	1.441963	1.454472	4.217744	1.44839
5604	-2657.659	-3276.207	618.5474	0.415547	0.217177	0.0896904	0.277585	2.370369	1.477325	5.38978	1.576509
5610	-2648.21	-3268.562	620.3515	0.373599	0.23585	0.263094	0.127457	1.104789	1.374767	4.456907	2.996941
5616	-2640.238	-3260.846	620.6073	0.403689	0.2998	0.172486	0.124024	1.232678	1.506566	4.22429	2.836344
5622	-2620.955	-3243.225	622.2702	0.423818	0.223614	0.263151	0.0894165	1.282355	1.512009	4.065708	1.000782
5628	-2621.48	-3244.66	623.1802	0.377775	0.159064	0.234563	0.228599	1.147272	1.487178	3.237363	1.747811
5634	-2624.891	-3247.246	622.3544	0.353779	0.173718	0.346186	0.126317	1.568991	1.647729	3.333589	1.9034
5640	-2615.602	-3237.552	621.9506	0.379357	0.309222	0.0502327	0.261189	1.568991	1.594238	3.595977	1.914132
5646	-2614.652	-3236.397	621.7453	0.345338	0.302543	0.131072	0.221047	1.362412	1.555697	4.189587	1.19693
5652	-2627.095	-3249.533	622.4384	0.361681	0.316861	0.137275	0.184182	1.362412	1.482309	3.723497	1.409617
5658	-2631.663	-3254.778	623.115	0.372245	0.326116	0.161371	0.140268	1.380215	1.701725	3.154704	1.477838
5664	-2631.696	-3256.077	624.3808	0.46861	0.13977	0.230212	0.161408	1.380215	1.841136	2.292463	1.477838
5670	-2617.654	-3240.392	622.7377	0.532303	0.107583	0.169159	0.190954	1.380215	1.877656	2.413204	3.57562
5676	-2649.004	-3271.768	622.7643	0.572592	0.166887	0.0551143	0.205407	1.332822	1.730934	2.672002	3.124288
5682	-2662.725	-3287.559	624.8347	0.286629	0.159144	0.334856	0.219372	1.163912	1.77834	2.866238	0.3188434
5688	-2654.722	-3277.638	622.9153	0.277848	0.238555	0.259948	0.22365	1.638045	1.659027	3.493383	0.8924804
5694	-2673.386	-3297.616	624.23	0.367665	0.350171	0.0855414	0.196623	1.611036	2.023505	2.067834	1.613123
5700	-2649.469	-3272.822	623.3528	0.425139	0.129252	0.216721	0.228888	1.63022	1.724316	3.019114	1.203081
5706	-2682.538	-3306.097	623.5596	0.366411	0.151321	0.266129	0.216139	1.63022	1.749268	3.019114	0.9656848
5712	-2643.315	-3265.731	622.4162	0.389517	0.197505	0.124213	0.288766	1.771437	1.78734	3.325001	1.471859
5718	-2673.465	-3296.012	622.547	0.452232	0.229304	0.0512409	0.267223	1.569553	1.684217	3.757013	0.8402356
5724	-2641.728	-3264.007	622.2792	0.40402	0.187371	0.166742	0.241866	1.569553	1.468448	3.549607	1.75681
5730	-2645.242	-3268.154	622.9116	0.392262	0.219516	0.16189	0.226333	1.259821	1.526391	3.56819	1.23837
5736	-2635.756	-3258.448	622.692	0.451808	0.192908	0.140049	0.215236	1.597989	1.494847	3.45024	1.409279
5742	-2630.095	-3252.203	622.1078	0.504935	0.147174	0.157527	0.190363	1.597989	1.742311	3.880543	0.9794447
5748	-2628.733	-3249.837	621.1038	0.454526	0.323671	0.0504445	0.171359	1.594617	1.746987	3.735607	2.519322
5754	-2637.832	-3259.905	622.0724	0.484249	0.174043	0.121498	0.220209	1.2844	1.62977	3.095186	3.365694
5760	-2644.695	-3266.003	621.3078	0.359724	0.190686	0.133116	0.316474	1.636744	1.867903	3.671062	2.159905
5766	-2633.079	-3254.424	621.3447	0.467327	0.0531612	0.203094	0.276419	1.616968	1.450272	4.066941	1.774559
5772	-2641.304	-3262.155	620.8504	0.641429	0.0729663	0.208347	0.0772579	1.56764	1.368673	4.203845	2.278804
5778	-2640.711	-3263.535	622.8234	0.353689	0.176607	0.425184	0.0445198	1.046294	1.54954	3.712199	1.260785
5784	-2642.889	-3264.273	621.3843	0.445338	0.0817032	0.452363	0.0205961	1.111565	1.532951	4.091612	2.155296
5790	-2658.756	-3277.227	618.4715	0.389308	0.18103	0.39545	0.034213	1.065436	1.36712	4.091612	9.564453
5796	-2643.991	-3262.262	618.2708	0.397997	0.0448594	0.528772	0.0283714	0.9537546	1.451913	4.220794	9.564453
5802	-2646.808	-3267.361	620.5537	0.41896	0.0200107	0.52039	0.0406393	1.034524	1.414852	4.854546	1.722434
5808	-2643.318	-3266.64	623.3219	0.465532	0.0332441	0.425678	0.0755457	1.085811	1.439608	3.425454	1.332571
5814	-2646.171	-3267.947	621.7762	0.525311	0.0251557	0.233784	0.215749	1.404329	1.487089	3.699267	2.248216
5820	-2644.791	-3267.134	622.3425	0.525311	0.0251557	0.233784	0.215749	1.136435	1.51084	3.564497	2.095188
5826	-2629.599	-3251.015	621.4154	0.508293	0.0224535	0.265906	0.203348	1.39106	1.371822	3.539888	3.480171
5832	-2634.5	-3257.958	623.4584	0.464217	0.117009	0.174948	0.243826	0.8481889	1.650537	2.778583	2.61121
5838	-2645.638	-3267.913	622.2741	0.487522	0.1005	0.143166	0.268812	1.462491	1.683178	2.810992	3.469518
5844	-2634.649	-3256.972	622.3226	0.289679	0.059146	0.576626	0.0745492	0.8476008	1.484104	3.667313	2.317609
5850	-2631.061	-3253.449	622.388	0.340203	0.0464292	0.491311	0.122056	1.167663	1.665083	3.21341	2.631393
5856	-2635.475	-3258.072	622.5974	0.345095	0.0470967	0.491205	0.116603	1.088125	1.532408	3.21341	2.631393
5862	-2632.211	-3255.384	623.1725	0.434287	0.126388	0.183925	0.255401	1.220145	1.63325	3.133248	1.708317
5868	-2631.961	-3255.698	623.7374	0.403016	0.0832365	0.276737	0.23701	1.027485	1.63325	2.90618	1.708317
5874	-2611.919	-3233.972	622.0531	0.56453	0.0107947	0.252427	0.172248	1.490109	1.52917	3.246328	2.824788
5880	-2661.675	-3282.569	620.895	0.363966	0.0989464	0.162745	0.374343	2.037331	1.52917	4.003275	1.969574
5886	-2662.027	-3283.058	621.0311	0.40242	0.106316	0.177073	0.314191	1.310061	1.454658	3.907688	3.020669
5892	-2639.224	-3261.904	622.6798	0.349415	0.323839	0.0539394	0.272807	1.376548	1.707105	3.449757	1.400787
5898	-2625.241	-3246.33	621.0894	0.274122	0.463224	0.0433591	0.219295	1.523225	1.474129	4.045969	2.237347
5904	-2625.471	-3246.546	621.0748	0.308555	0.301622	0.188309	0.201515	1.523225	1.39451	4.819059	0.7697004
5910	-2635.371	-3255.846	620.4746	0.530269	0.0684448	0.193846	0.20744	1.553395	1.505163	4.938587	1.012379
5916	-2639.637	-3260.819	621.1819	0.435953	0.229496	0.161608	0.172942	1.365512	1.55107	4.539889	1.139097
5922	-2632.265	-3254.86	622.5952	0.543662	0.0861829	0.210325	0.15983	1.365512	1.668676	3.020167	2.525433
5928	-2623.878	-3245.96	622.0817	0.551717	0.071877	0.169426	0.20698	1.229929	1.673365	2.883424	4.029913
5934	-2628.807	-3251.864	623.0561	0.363519	0.167277	0.255263	0.213941	0.9297784	1.621934	2.631497	3.609323
5940	-2631.335	-3252.48	621.1457	0.487503	0.0526076	0.342325	0.117564	0.8965346	1.630012	3.010672	6.644159
5946	-2637.47	-3260.554	623.0839	0.556888	0.226864	0.0680642	0.148184	1.167036	1.696673	2.809997	2.548308
5952	-2632.637	-3256.329	623.6921	0.432288	0.176105	0.200825	0.190782	0.80761	1.757427	2.669061	2.430914
5958	-2625.537	-3250.177	624.6404	0.506044	0.0511553	0.23509	0.207711	1.343045	1.823791	2.268262	1.286382
5964	-2642.37	-3263.494	621.1241	0.431724	0.150098	0.242948	0.17523	1.478383	1.563106	3.240769	4.543263
5970	-2637.017	-3260.097	623.0804	0.302219	0.309808	0.2254	0.162574	1.013269	1.708718	3.240769	1.752199
5976	-2664.73	-3289.252	624.5216	0.37522	0.298585	0.226885	0.0993095	0.6121447	1.656512	2.614841	1.834175
5982	-2647.391	-3272.705	625.314	0.409082	0.225009	0.233401	0.132508	1.113731	1.857961	2.545942	0.3381565
5988	-2655.635	-3279.086	623.4502	0.321642	0.301186	0.22834	0.148833	1.558069	1.583998	3.594898	0.3058523
5994	-2670.399	-3293.608	623.2083	0.472056	0.241067	0.22075	0.0661268	1.031755	1.53503	3.540993	1.195764
6000	-2651.166	-3273.316	622.15	0.262026	0.285053	0.367124	0.0857969	0.5610685	1.271765	4.853251	0.7017511
6006	-2660.26	-3283.898	623.6376	0.185882	0.363384	0.414545	0.036189	0.6047438	1.48271	4.021813	0.4387319
6012	-2663.29	-3285.957	622.6675	0.445453	0.265458	0.17723	0.111859	1.481912	1.490653	3.953828	0.6556244
6018	-2644.065	-3265.513	621.448	0.451922	0.267491	0.0497032	0.230884	1.481912	1.546939	4.036659	1.734654
6024	-2667.207	-3288.311	621.1046	0.434685	0.317317	0.0355103	0.212487	1.625549	1.369146	4.595889	1.071924
6030	-2657.363	-3278.389	621.0261	0.339089	0.33816	0.0152474	0.307504	2.124872	1.48436	4.038138	1.699843
6036	-2655.516	-3277.599	622.0835	0.357252	0.186204	0.132568	0.323976	1.453379	1.711449	3.776897	1.356411
6042	-2653.904	-3277.145	623.2408	0.469919	0.153565	0.10933	0.267186	1.106957	1.585272	3.082933	1.92656
6048	-2646.485	-3269.858	623.3736	0.561273	0.127155	0.0903358	0.221237	1.169945	1.553524	2.986188	1.92656
6054	-2640.766	-3264.128	623.3621	0.450407	0.272655	0.0913544	0.185584	1.169945	1.601999	3.494739	0.9156703
6060	-2615.627	-3238.871	623.2433	0.367144	0.262939	0.117856	0.252061	1.169945	1.499431	2.991724	2.162487
6066	-2631.666	-3254.678	623.0112	0.358948	0.224753	0.0877845	0.328515	1.118733	1.523096	3.407919	1.590554
6072	-2623.281	-3246.037	622.7557	0.570367	0.102839	0.176478	0.150316	1.201393	1.55691	3.559987	1.453189
6078	-2631.721	-3253.865	622.144	0.349081	0.281662	0.199409	0.169848	0.5966872	1.458828	4.465887	1.168509
6084	-2654.218	-3276.145	621.9268	0.349081	0.281662	0.199409	0.169848	0.6101345	1.525442	4.738218	0.8197318
6090	-2643.256	-3264.706	621.4502	0.349081	0.281662	0.199409	0.169848	0.5362058	1.553593	4.559969	1.732568
6096	-2632.718	-3254.075	621.3579	0.409176	0.255249	0.18071	0.154866	1.273924	1.656705	3.775218	2.594994
6102	-2646.713	-3266.636	619.9225	0.553215	0.159689	0.10836	0.178736	1.273924	1.641704	3.775218	5.440703
6108	-2660.598	-3280.964	620.3658	0.452665	0.167197	0.099658	0.28048	1.273924	1.50039	4.350968	2.813116
6114	-2635.628	-3256.442	620.8139	0.487764	0.134086	0.0799224	0.298227	1.658162	1.530583	4.096208	2.262179
6120	-2650.182	-3269.533	619.3513	0.436398	0.31228	0.0122231	0.239099	1.598224	1.62359	4.173653	4.537536
6126	-2651.657	-3272.232	620.5752	0.487048	0.275655	0.0262414	0.211056	1.598224	1.480105	3.989592	3.080399
6132	-2637.04	-3257.202	620.1626	0.372287	0.322412	0.0448583	0.260444	1.353061	1.411965	4.781673	2.009464
6138	-2660.337	-3280.59	620.2525	0.553317	0.0998057	0.0242792	0.322598	1.297802	1.261977	4.980507	1.693918
6144	-2629.349	-3251.652	622.3034	0.513423	0.232379	0.0225287	0.23167	1.443589	1.536966	3.588283	1.693918
6150	-2655.574	-3276.237	620.6632	0.238732	0.336241	0.00495835	0.420069	1.396326	1.343629	4.795244	1.40177
6156	-2658.895	-3281.795	622.8996	0.237276	0.33419	0.0110271	0.417507	1.738166	1.480681	3.200948	1.541525
6162	-2641.252	-3264.507	623.2547	0.375408	0.390071	0.00856024	0.225961	1.424664	1.641014	3.051437	1.541525
6168	-2664.912	-3287.385	622.4723	0.41113	0.273829	0.0133581	0.301684	1.366437	1.59843	3.270864	2.192005
6174	-2665.803	-3288.507	622.7038	0.326834	0.471449	0.00426304	0.197454	1.943264	1.59843	3.00677	1.839109
6180	-2646.425	-3268.353	621.9283	0.285128	0.49881	0.00714757	0.208914	0.9550639	1.466676	4.116979	1.67762
6186	-2642.622	-3263.927	621.3057	0.317614	0.477971	0.00422823	0.200186	1.48416	1.624979	4.112414	1.64811
6192	-2628.198	-3250.626	622.4274	0.413901	0.277468	0.00638391	0.302247	1.489456	1.478363	3.548899	1.64811
6198	-2645.124	-3265.39	620.2666	0.462508	0.30067	0.00558385	0.231238	1.393906	1.474959	3.771937	4.784391
6204	-2649.38	-3269.365	619.9851	0.48067	0.278298	0.00502743	0.236005	1.494899	1.667856	3.771937	4.784391
6210	-2647.879	-3269.708	621.8288	0.472176	0.27338	0.0049386	0.249505	1.794339	1.707149	3.947417	1.016793
6216	-2630.439	-3253.138	622.699	0.435033	0.282121	0.0253645	0.257482	1.783606	1.705988	3.356074	1.181293
6222	-2645.325	-3267.991	622.6661	0.451537	0.346394	0.0483819	0.153688	1.131698	1.682303	3.361577	1.904486
6228	-2645.817	-3270.227	624.4106	0.316608	0.410591	0.0312581	0.241542	0.9505612	1.627337	2.498887	1.799866
6234	-2642.205	-3264.077	621.8717	0.264309	0.316554	0.0752479	0.34389	1.259661	1.48971	3.999137	1.610932
6240	-2647.707	-3268.203	620.4961	0.381699	0.339922	0.0800674	0.198312	1.903292	1.548186	4.565431	1.34993
6246	-2627.077	-3248.877	621.7998	0.386735	0.24861	0.117014	0.247641	1.643791	1.548546	4.216082	0.8574964
6252	-2641.921	-3263.614	621.6927	0.344466	0.0759315	0.289045	0.290558	1.983229	1.615177	4.216082	0.6413127
6258	-2642.787	-3263.174	620.3863	0.56266	0.110988	0.170327	0.156025	2.585085	1.726339	4.252021	1.354825
6264	-2636.202	-3256.468	620.2655	0.524882	0.0859385	0.131565	0.257614	2.384269	1.726339	3.918061	2.436868
6270	-2622.451	-3243.314	620.8632	0.384634	0.0597462	0.195432	0.360188	1.387939	1.651497	3.819824	3.11181
6276	-2637.395	-3257.128	619.7333	0.341606	0.191454	0.197024	0.269917	1.735599	1.642489	4.054436	3.90904
6282	-2656.654	-3278.877	622.223	0.529132	0.236285	0.0895895	0.144994	1.297491	1.548932	4.111387	0.917877
6288	-2656.191	-3279.485	623.2934	0.462891	0.220122	0.122782	0.194205	1.473474	1.736894	2.815787	1.801574
6294	-2625.672	-3250.613	624.9401	0.308072	0.246316	0.347565	0.0980472	0.612144	1.688229	2.915495	0.8021408
6300	-2652.995	-3275.28	622.2851	0.179442	0.387785	0.251588	0.181185	0.5073016	1.599949	3.586068	2.964623
6306	-2647.265	-3270.374	623.1096	0.116796	0.553899	0.211376	0.11793	0.3440428	1.537379	4.105406	0.9919654
6312	-2650.036	-3274.907	624.8703	0.27217	0.323629	0.381017	0.023184	0.5926521	1.620196	3.033194	0.7664783
6318	-2643.244	-3267.429	624.1845	0.337975	0.330041	0.250514	0.0814702	0.5672349	1.435725	3.818837	0.284832
6324	-2633.082	-3256.119	623.037	0.322116	0.273601	0.35192	0.0523631	0.5322835	1.495099	4.166377	0.8351602
6330	-2639.567	-3264.695	625.1285	0.222255	0.40229	0.252759	0.122696	0.4146029	1.761832	3.004961	0.5989037
6336	-2627.893	-3251.154	623.2612	0.318368	0.217462	0.312482	0.151688	0.5410748	1.64864	2.861179	3.245718
6342	-2631.696	-3256.235	624.5388	0.345814	0.248945	0.350867	0.0543746	0.7443827	1.681217	2.952738	1.003773
6348	-2633.075	-3256.574	623.4991	0.399013	0.111326	0.404843	0.0848175	1.044913	1.655762	3.107974	1.542532
6354	-2619.214	-3240.457	621.2435	0.613023	0.149385	0.155045	0.0825465	1.496418	1.572728	3.107974	4.716768
6360	-2625.753	-3247.023	621.2696	0.37038	0.109024	0.367061	0.153535	1.290654	1.531104	3.225977	4.716768
6366	-2640.688	-3260.464	619.7764	0.394913	0.123203	0.391375	0.090509	1.617169	1.518523	3.567504	6.280201
6372	-2644.347	-3269.93	625.5833	0.333612	0.248989	0.351046	0.0663529	0.5196987	1.524052	2.977931	0.2598813
6378	-2627.85	-3252.557	624.7076	0.348062	0.259774	0.36625	0.0259144	0.6026256	1.480328	3.357436	0.5237589
6384	-2625.34	-3250.631	625.2913	0.416121	0.234216	0.331313	0.0183505	0.6213054	1.573624	3.059523	0.2663313
6390	-2658.692	-3277.662	618.9697	0.368922	0.231004	0.107853	0.292221	2.229962	1.572392	4.631796	2.899704
6396	-2656.293	-3277.423	621.1294	0.380996	0.341008	0.0594452	0.218551	1.420778	1.656716	4.225535	1.649234
6402	-2662.192	-3288.242	626.0492	0.346425	0.339976	0.282592	0.0310074	0.4261917	1.796424	2.558544	0.3493308
6408	-2653.781	-3279.342	625.5604	0.267124	0.255741	0.47507	0.00206569	0.63868	1.732571	2.790422	0.2648319
6414	-2636.548	-3263.278	626.7308	0.338735	0.291167	0.369707	0.000391629	0.3934091	1.714046	2.221936	0.2447108
6420	-2631.891	-3257.913	626.0226	0.338118	0.290636	0.369034	0.00221252	0.46894	1.731867	2.604778	0.310018
6426	-2648.391	-3273.621	625.2306	0.337226	0.28987	0.368061	0.00484208	0.5911366	1.666987	3.054543	0.2933444
6432	-2634.006	-3260.279	626.273	0.29692	0.255224	0.439915	0.00794148	0.3910241	1.601777	2.578847	0.2179565
6438	-2627.102	-3252.949	625.8466	0.339302	0.239839	0.413396	0.00746276	0.5392934	1.60281	2.6937	0.4325601
6444	-2648.824	-3274.306	625.4823	0.299947	0.280552	0.41136	0.00814031	0.5162852	1.561123	3.018465	0.2465812
6450	-2638.394	-3264.073	625.6785	0.153833	0.44872	0.376516	0.0209318	0.2863386	1.54547	3.018465	0.2641734
6456	-2632.492	-3258.52	626.0276	0.281738	0.427167	0.259676	0.0314182	0.372816	1.563619	2.766623	0.2463776
6462	-2661.693	-3287.977	626.284	0.21073	0.310394	0.417612	0.0612639	0.4285319	1.714358	2.48627	0.2463776
6468	-2643.205	-3270.293	627.0881	0.238241	0.341354	0.373952	0.0464533	0.3434234	1.827658	1.934274	0.2281847
6474	-2647.682	-3274.237	626.5551	0.241388	0.262986	0.409009	0.0866164	0.5440842	1.827658	2.167395	0.2281847
6480	-2645.88	-3272.573	626.6929	0.316942	0.271963	0.321521	0.0895731	0.5459484	1.849582	2.062778	0.2685746
6486	-2634.139	-3259.87	625.7312	0.354306	0.306976	0.241573	0.0971445	0.6234131	1.796925	2.656374	0.2403783
6492	-2637.4	-3263.36	625.96	0.329661	0.222494	0.396013	0.0518313	0.622606	1.637668	2.591372	0.3466649
6498	-2629.115	-3254.879	625.7643	0.249925	0.354994	0.339627	0.0554538	0.603338	1.641058	2.745088	0.2538171
6504	-2608.651	-3235.124	626.4727	0.258734	0.287989	0.351598	0.10168	0.546312	1.697009	2.304069	0.2335549
6510	-2603.886	-3229.977	626.0907	0.525535	0.146665	0.28579	0.0420096	0.8592723	1.763415	2.29564	0.2335549
6516	-2621.842	-3248.193	626.3507	0.390668	0.180448	0.280351	0.148534	0.9596127	1.764188	2.044714	0.3263881
6522	-2622.378	-3249.452	627.0742	0.30311	0.324456	0.314684	0.0577502	0.3298903	1.754668	1.997995	0.278599
6528	-2652.152	-3279.129	626.9773	0.375563	0.290724	0.281967	0.0517461	0.4123328	1.853085	1.938884	0.333126
6534	-2650.894	-3277.81	626.9151	0.472287	0.154011	0.315756	0.0579469	0.3746225	1.939771	1.951004	0.2023903
6540	-2637.228	-3263.956	626.7281	0.406868	0.184607	0.31694	0.0915843	0.5169292	1.787217	2.062518	0.3762329
6546	-2628.487	-3255.451	626.9642	0.471021	0.203011	0.252892	0.0730767	0.4947678	1.832783	1.921666	0.2127014
6552	-2637.985	-3264.943	626.9572	0.405852	0.198968	0.331046	0.0641334	0.4546191	1.893761	1.911486	0.2127014
6558	-2639.401	-3266.225	626.8235	0.479841	0.284067	0.176489	0.0596034	0.6322903	1.772794	1.964597	0.2233991
6564	-2642.43	-3269.456	627.0261	0.451165	0.190933	0.216803	0.141099	0.5088572	1.812898	1.887116	0.2233991
6570	-2640.698	-3267.025	626.327	0.391917	0.172776	0.284676	0.150631	0.5088572	1.850338	2.319339	0.2932806
6576	-2649.759	-3276.276	626.5172	0.584696	0.163878	0.173632	0.0777935	0.9669015	1.795848	1.916815	0.2125237
6582	-2640.423	-3266.202	625.7782	0.468164	0.0846878	0.302295	0.144854	1.152056	1.815976	2.269709	0.2125237
6588	-2638.586	-3264.955	626.3687	0.436454	0.150855	0.28182	0.130871	0.8554711	1.736393	2.132011	0.2164166
6594	-2643.053	-3269.014	625.9611	0.323754	0.320789	0.210428	0.145029	0.8437765	1.847271	2.132011	0.641088
6600	-2625.185	-3251.188	626.0024	0.438283	0.280319	0.183881	0.0975163	1.050574	1.810447	2.189335	0.2054519
6606	-2628.295	-3255.23	626.9351	0.243218	0.377665	0.247737	0.13138	0.6562209	1.817762	1.83455	0.2054519
6612	-2636.741	-3263.241	626.5	0.550531	0.0762581	0.250642	0.122569	0.8987542	1.860402	1.93037	0.2093966
6618	-2640.448	-3266.541	626.0932	0.492242	0.148298	0.279297	0.0801636	1.306667	1.843857	1.945624	0.3122323
6624	-2647.432	-3273.135	625.7035	0.393858	0.0847593	0.394102	0.12728	1.270586	1.787754	2.256818	0.3215136
6630	-2650.095	-3276.129	626.0341	0.525501	0.0602634	0.32374	0.0904956	1.068209	1.787754	2.181801	0.2457858
6636	-2635.731	-3261.688	625.957	0.44521	0.0731631	0.37176	0.109867	1.011177	1.787754	2.245199	0.3439188
6642	-2627.343	-3251.766	624.4237	0.471205	0.0892538	0.3324	0.107142	1.007821	1.569182	2.783594	1.247445
6648	-2633.332	-3257.054	623.7221	0.495225	0.0901661	0.306372	0.108237	1.247507	1.56219	3.166865	1.079683
6654	-2645.916	-3270.733	624.8171	0.40121	0.183383	0.248209	0.167198	0.8965867	1.550606	2.828016	0.9047767
6660	-2650.705	-3274.465	623.7597	0.434772	0.0914165	0.283107	0.190705	0.9439816	1.554169	3.394137	0.9595436
6666	-2638.115	-3260.137	622.0222	0.524908	0.173863	0.0709864	0.230242	1.75972	1.598181	3.177519	2.594643
6672	-2654.231	-3277.144	622.9125	0.524686	0.154256	0.217722	0.103336	1.402904	1.819591	3.186324	1.490729
6678	-2653.622	-3277.092	623.4703	0.431802	0.230958	0.234162	0.103078	1.556521	1.709104	3.225192	0.8152029
6684	-2636.403	-3260.597	624.194	0.510695	0.139373	0.300371	0.0495608	1.340581	1.616953	3.259187	0.2646595
6690	-2636.719	-3260.899	624.1799	0.554337	0.167162	0.205518	0.0729831	0.9216532	1.575226	3.528511	0.2646595
6696	-2631.575	-3255.341	623.7661	0.440702	0.218566	0.264836	0.0758967	1.167378	1.565168	3.634364	0.2488664
6702	-2620.018	-3244.981	624.9633	0.422213	0.225791	0.273591	0.0784056	1.167378	1.574223	2.92217	0.2488664
6708	-2610.082	-3233.479	623.3961	0.459713	0.176182	0.302927	0.0611789	1.058222	1.375891	4.014831	0.2276393
6714	-2639.167	-3261.387	622.2194	0.417236	0.14216	0.274937	0.165667	1.58646	1.464079	4.359873	0.2276393
6720	-2638.894	-3263.84	624.9461	0.522722	0.173383	0.246283	0.0576109	0.9710861	1.474791	3.078471	0.1743946
6726	-2655.231	-3280.091	624.8599	0.299083	0.221926	0.405251	0.0737404	0.7883512	1.685551	3.138294	0.301715
6732	-2650.725	-3276.841	626.1155	0.50313	0.157456	0.287298	0.0521165	0.9658065	1.734052	2.229101	0.2372285
6738	-2641.124	-3267.2	626.0759	0.329795	0.167563	0.416514	0.0861278	0.8432325	1.797776	2.288748	0.2965752
6744	-2649.473	-3275.198	625.7251	0.407558	0.295155	0.169765	0.127522	1.148199	1.751291	2.347147	0.2980035
6750	-2660.725	-3287.876	627.1511	0.314778	0.331095	0.229765	0.124362	0.3111384	1.806633	1.917868	0.2809699
6756	-2665.679	-3291.957	626.2783	0.327749	0.300807	0.305548	0.0658959	0.5219113	1.702592	2.438751	0.2764017
6762	-2662.452	-3286.112	623.6598	0.437728	0.181935	0.342649	0.0376883	0.9864552	1.476124	3.847593	0.229823
6768	-2657.96	-3282.084	624.1238	0.377658	0.138856	0.315951	0.167536	0.9864552	1.46611	3.5689	0.337223
6774	-2633.133	-3257.967	624.8341	0.378056	0.124524	0.363846	0.133574	1.030862	1.593306	3.014214	0.4138042
6780	-2629.401	-3254.475	625.0743	0.392498	0.11852	0.362539	0.126443	0.9274515	1.546431	3.014214	0.2423879
6786	-2635.726	-3260.367	624.6403	0.383693	0.115861	0.354406	0.14604	0.9441924	1.589765	2.706455	1.19727
6792	-2652.606	-3276.568	623.9626	0.43379	0.16719	0.317416	0.0816049	1.535869	1.554142	3.323663	0.2063713
6798	-2649.39	-3274.364	624.9738	0.566876	0.112711	0.213986	0.106428	0.9388095	1.498696	3.079238	0.1901171
6804	-2644.392	-3264.618	620.2263	0.416796	0.234698	0.185342	0.163164	1.631352	1.43107	4.366044	2.60755
6810	-2632.846	-3257.547	624.7011	0.273726	0.387901	0.1642	0.174172	0.4624722	1.791074	2.938711	1.047378
6816	-2643.831	-3268.876	625.0452	0.411335	0.304596	0.186319	0.0977498	0.9391216	1.768586	2.220265	1.41138
6822	-2635.893	-3260.186	624.2921	0.43248	0.156474	0.308271	0.102775	0.8889733	1.732956	2.434261	2.032676
6828	-2657.13	-3282.621	625.4917	0.446977	0.1282	0.318604	0.10622	1.276689	1.732956	2.434261	0.2277944
6834	-2645.836	-3270.536	624.7006	0.369985	0.154785	0.320439	0.154791	1.210614	1.787597	2.924902	0.2790267
6840	-2643.915	-3269.68	625.7646	0.364339	0.145815	0.385654	0.104193	0.9626904	1.756391	2.413125	0.3567543
6846	-2655.932	-3281.109	625.1775	0.482553	0.250658	0.12879	0.137999	1.095992	1.756391	2.722814	0.2423079
6852	-2639.538	-3260.863	621.3251	0.521726	0.0200905	0.219768	0.238416	1.234249	1.582957	3.837447	2.649404
6858	-2648.498	-3271.908	623.4099	0.476121	0.0214464	0.210942	0.291491	1.018155	1.688804	3.50523	0.910931
6864	-2646.179	-3270.621	624.4418	0.403898	0.15725	0.38755	0.0513023	1.132513	1.568952	3.230419	0.3563397
6870	-2686.992	-3309.52	622.5272	0.545999	0.00619464	0.271877	0.175929	0.9540189	1.550325	3.421017	2.38017
6876	-2675.091	-3299.63	624.5391	0.472607	0.00505103	0.312084	0.210259	1.147715	1.605529	2.61859	1.226306
6882	-2641.693	-3264.429	622.7361	0.486105	0.147135	0.214066	0.152694	1.561858	1.705732	3.10761	1.836658
6888	-2639.915	-3262.534	622.6188	0.528471	0.146931	0.20164	0.122958	0.9959655	1.603153	3.54425	1.836658
6894	-2656.927	-3282.445	625.5173	0.347096	0.128876	0.474669	0.0493593	0.7052698	1.666362	2.812903	0.2745129
6900	-2653.075	-3278.392	625.3163	0.347517	0.128793	0.474362	0.0493274	0.9940952	1.645033	2.722431	0.3955805
6906	-2647.106	-3273.208	626.1018	0.57246	0.142073	0.222367	0.0630995	0.8948394	1.652511	2.333407	0.2215261
6912	-2634.727	-3258.459	623.7316	0.406504	0.0977133	0.400342	0.0954408	1.153169	1.642728	3.115318	1.168453
6918	-2635.343	-3256.253	620.9099	0.413458	0.123284	0.320696	0.142562	1.983457	1.416439	3.692435	2.979045
6924	-2638.176	-3258.022	619.8462	0.478241	0.134138	0.258161	0.129459	1.462921	1.496113	4.266992	3.692818
6930	-2619.896	-3242.319	622.4229	0.491987	0.116368	0.17292	0.218725	1.561158	1.427487	3.708069	1.324442
6936	-2623.157	-3245.156	621.9992	0.441732	0.249932	0.10219	0.206145	1.805841	1.590907	3.681797	1.442578
6942	-2625.561	-3249.635	624.0738	0.489117	0.158561	0.241817	0.110504	1.677276	1.77912	3.062664	0.252397
6948	-2647.863	-3272.403	624.54	0.449134	0.128425	0.326795	0.0956453	1.636206	1.766221	2.804333	0.2945908
6954	-2672.245	-3296.384	624.1383	0.471181	0.142786	0.243214	0.142819	1.522879	1.712447	3.140683	0.241067
6960	-2652.278	-3275.268	622.9896	0.241125	0.24989	0.266585	0.2424	1.366648	1.495285	3.999907	0.3302588
6966	-2639.167	-3263.644	624.4773	0.464856	0.228363	0.243621	0.0631606	1.080424	1.67772	3.199565	0.2320958
6972	-2628.42	-3254.04	625.62	0.386185	0.189542	0.283131	0.141142	0.8021844	1.714932	2.658071	0.2320958
6978	-2625.67	-3251.935	626.2651	0.54409	0.140782	0.210295	0.104833	0.6009331	1.724437	2.382272	0.2320958
6984	-2642.805	-3269.197	626.392	0.389613	0.368467	0.204217	0.0377037	0.3940788	1.749831	2.382272	0.3670273
6990	-2638.742	-3265.709	626.9672	0.202042	0.278524	0.499882	0.019552	0.3940788	1.84337	1.980854	0.2674743
6996	-2632.102	-3258.724	626.622	0.274381	0.253274	0.454565	0.0177795	0.4845971	1.815664	2.132733	0.3799238
7002	-2656.202	-3283.3	627.0974	0.352515	0.264207	0.315299	0.0679792	0.507139	1.815664	1.840332	0.2660773
7008	-2649.483	-3275.785	626.3021	0.262331	0.375198	0.311883	0.050588	0.4726438	1.820333	2.348284	0.3695767
7014	-2630.686	-3253.316	622.6293	0.469742	0.0306773	0.0830793	0.416502	1.37447	1.77605	3.161823	1.977591
7020	-2647.099	-3269.632	622.5324	0.433436	0.020359	0.286862	0.259343	1.603032	1.557208	3.063402	2.371263
7026	-2643.753	-3265.429	621.6761	0.471246	0.0178504	0.283517	0.227387	1.129362	1.613826	3.066324	4.565249
7032	-2659.981	-3280.354	620.3731	0.565302	0.0605499	0.197401	0.176747	2.458503	1.629194	2.902249	5.727894
7038	-2648.806	-3271.152	622.3456	0.317286	0.229029	0.170561	0.283124	1.537961	1.62738	3.627828	1.364052
7044	-2648.036	-3268.365	620.3298	0.35017	0.155945	0.181418	0.312467	1.805057	1.534747	3.966885	3.186727
7050	-2646.313	-3267.165	620.8521	0.508506	0.112721	0.11528	0.263493	1.02117	1.316848	4.655582	1.937382
7056	-2646.519	-3267.597	621.0783	0.427742	0.0948222	0.155062	0.322374	1.34991	1.454835	4.429944	1.594729
7062	-2649.872	-3273.161	623.2893	0.38824	0.295417	0.0237402	0.292603	0.9621921	1.454835	3.227734	1.902539
7068	-2650.834	-3272.523	621.689	0.411106	0.152531	0.229588	0.206775	1.03331	1.459466	3.70133	2.952502
7074	-2660.475	-3282.96	622.4851	0.402116	0.20895	0.190307	0.198627	0.9326702	1.472618	3.288061	2.952502
7080	-2651.74	-3275.753	624.0133	0.397651	0.136264	0.190352	0.275733	0.9834864	1.656692	2.659889	1.895961
7086	-2649.473	-3273.39	623.9167	0.461512	0.0391644	0.342449	0.156874	0.6513011	1.629686	2.945516	1.895961
7092	-2656.671	-3281.219	624.548	0.476795	0.0446757	0.39064	0.0878899	0.9851554	1.778959	2.337237	1.715575
7098	-2657.672	-3281.691	624.0197	0.435618	0.089925	0.350281	0.124176	1.152773	1.778959	2.337237	2.193795
7104	-2665.04	-3288.345	623.3051	0.456972	0.106569	0.265652	0.170807	1.152773	1.717688	2.89377	2.02465
7110	-2645.094	-3267.441	622.3463	0.479517	0.0636441	0.218967	0.237872	0.868855	1.458196	3.451591	2.854525
7116	-2623.396	-3245.261	621.8648	0.476172	0.0295304	0.258084	0.236213	1.547002	1.558242	3.451591	2.454901
7122	-2644.686	-3266.121	621.4349	0.421486	0.248861	0.111758	0.217895	1.885005	1.485522	3.643838	2.305874
7128	-2631.992	-3254.851	622.859	0.421165	0.183297	0.177809	0.217729	0.981529	1.417179	3.643838	1.576912
7134	-2627.45	-3251.245	623.795	0.304548	0.205008	0.250002	0.240441	1.083869	1.534556	3.064211	1.382397
7140	-2638.572	-3261.655	623.0833	0.361975	0.243666	0.26404	0.13032	1.083869	1.588279	3.122459	2.073884
7146	-2633.999	-3256.45	622.4513	0.492174	0.202659	0.127972	0.177195	1.724974	1.588279	3.66472	1.060252
7152	-2652.763	-3274.682	621.9192	0.364506	0.255501	0.0720888	0.307904	1.33918	1.561016	4.154385	1.09646
7158	-2617.791	-3238.465	620.6744	0.358866	0.208287	0.0922891	0.340558	1.33918	1.457795	4.154385	2.847553
7164	-2638.161	-3259.188	621.0267	0.420659	0.154652	0.171828	0.252862	1.159554	1.45462	4.375992	2.003417
7170	-2636.071	-3256.763	620.6918	0.503203	0.139357	0.178853	0.178587	1.481475	1.467513	4.381675	2.028722
7176	-2640.026	-3261.807	621.7809	0.40606	0.181222	0.144325	0.268394	1.510314	1.443935	4.157632	1.199449
7182	-2642.817	-3264.636	621.8194	0.495607	0.159678	0.13884	0.205874	1.358717	1.55277	4.157632	1.184693
7188	-2658.282	-3282.952	624.6708	0.42158	0.135828	0.267468	0.175123	1.087274	1.576951	3.139569	0.2794666
7194	-2656.21	-3276.028	619.8175	0.400207	0.130621	0.257215	0.211957	1.181888	1.20838	5.769024	0.7994354
7200	-2655.339	-3279.398	624.0593	0.173806	0.440361	0.33381	0.0520226	0.5826162	1.499464	3.648378	0.6686392
7206	-2643.033	-3269.615	626.5815	0.257112	0.175201	0.53186	0.0358263	0.5826162	1.782009	2.155481	0.2384998
7212	-2633.156	-3259.807	626.6512	0.217638	0.276109	0.474303	0.0319493	0.4856407	1.805666	2.155481	0.2876994
7218	-2635.919	-3262.579	626.6602	0.181705	0.351346	0.454355	0.0125941	0.4856407	1.78661	2.155481	0.2031387
7224	-2636.027	-3262.481	626.4538	0.319728	0.273543	0.394362	0.0123676	0.4856407	1.839736	2.156142	0.4978009
7230	-2633.957	-3260.804	626.8465	0.172572	0.414832	0.401325	0.0112706	0.4856407	1.91539	1.813949	0.5405512
7236	-2618.669	-3245.338	626.6692	0.391669	0.301232	0.291424	0.0156757	0.6132897	1.902058	1.991464	0.2971479
7242	-2639.119	-3265.726	626.6069	0.281962	0.43679	0.238326	0.0429226	0.513589	1.924726	1.947895	0.546217
7248	-2638.097	-3262.313	624.2161	0.310865	0.25394	0.365666	0.0695287	0.4635261	1.792037	2.318546	2.995815
7254	-2640.135	-3264.945	624.8097	0.346102	0.222216	0.354272	0.0774098	0.5011144	1.591806	2.616032	1.695568
7260	-2645.439	-3270.132	624.6931	0.388924	0.109242	0.398106	0.103728	1.282379	1.592091	2.837456	0.6103643
7266	-2650.61	-3271.365	620.755	0.535735	0.144519	0.27849	0.0412563	0.6300655	1.474098	3.953333	4.680398
7272	-2660.951	-3282.472	621.5208	0.361056	0.313421	0.283085	0.0424382	0.3307977	1.49294	3.954523	3.642289
7278	-2661.869	-3287.273	625.4034	0.271005	0.375378	0.323354	0.0302632	0.3305859	1.551146	2.798237	0.9246833
7284	-2652.549	-3278.41	625.8605	0.592095	0.133909	0.196034	0.0779624	1.242761	1.779033	2.191745	0.2446403
7290	-2645.339	-3271.332	625.9924	0.578263	0.121019	0.177165	0.123553	1.039544	1.805225	2.215012	0.237053
7296	-2646.658	-3272.906	626.2477	0.564245	0.0431081	0.186071	0.206576	1.030034	1.712705	2.110819	0.2165952
7302	-2656.446	-3282.333	625.887	0.54064	0.034401	0.297414	0.127545	1.107971	1.790252	2.246686	0.2845311
7308	-2653.292	-3279.585	626.2933	0.246846	0.243396	0.392959	0.1168	0.9435471	1.873433	2.028389	0.3053918
7314	-2657.914	-3283.145	625.2309	0.509142	0.240837	0.111371	0.13865	1.220432	1.61593	2.695237	0.3053918
7320	-2640.41	-3264.274	623.864	0.391726	0.185296	0.238307	0.184671	1.220432	1.586631	2.93453	1.342766
7326	-2640.116	-3263.975	623.8585	0.434365	0.0654922	0.264247	0.235895	1.375179	1.635147	2.830965	1.327756
7332	-2645.421	-3268.509	623.0876	0.562071	0.0675548	0.195685	0.17469	1.654634	1.63661	3.018444	1.577481
7338	-2643.495	-3264.148	620.6529	0.55774	0.0171841	0.0596459	0.36543	2.278504	1.662212	3.559514	3.022311
7344	-2662.627	-3286.005	623.3779	0.404884	0.0844416	0.160613	0.350061	1.949945	1.703254	2.23086	2.489009
7350	-2660.565	-3284.426	623.8604	0.450619	0.105248	0.114576	0.329558	1.505055	1.710276	2.466132	1.800377
7356	-2641.26	-3264.594	623.3346	0.446362	0.202576	0.0791823	0.271879	1.715741	1.678932	2.394935	2.480559
7362	-2648.023	-3270.511	622.4881	0.448575	0.18234	0.138036	0.23105	1.80644	1.822727	2.243021	3.986778
7368	-2644.45	-3269.179	624.7291	0.425529	0.165793	0.189498	0.21918	1.348392	1.940166	1.867816	1.748072
7374	-2652.1	-3277.24	625.1408	0.466443	0.149286	0.170631	0.21364	1.271268	2.005375	1.623424	1.676696
7380	-2640.738	-3265.204	624.4653	0.386138	0.177836	0.141254	0.294772	2.183605	1.664001	2.184958	1.063937
7386	-2647.747	-3271.717	623.9701	0.373134	0.188167	0.171266	0.267433	1.70631	1.677425	2.572088	1.31185
7392	-2639.926	-3264.154	624.2273	0.308275	0.372545	0.0993307	0.219849	1.259096	1.686717	2.610739	1.377487
7398	-2645.607	-3270.117	624.5095	0.372101	0.0865706	0.268904	0.272425	0.8323471	1.552751	2.764907	1.401866
7404	-2649.779	-3274.226	624.4467	0.296791	0.241458	0.229479	0.232272	0.9086588	1.701577	2.444045	1.825008
7410	-2641.636	-3264.2	622.5642	0.518432	0.129375	0.203424	0.148769	1.428346	1.753032	3.351557	1.623244
7416	-2643.719	-3266.057	622.3384	0.310882	0.193539	0.297843	0.197736	1.428346	1.595027	3.634213	1.504441
7422	-2651.728	-3272.825	621.0973	0.352612	0.219518	0.219119	0.208751	1.622317	1.78508	3.307798	3.669822
7428	-2638.857	-3260.219	621.3623	0.421063	0.151636	0.15136	0.275941	1.757749	1.781059	4.11358	1.150609
7434	-2648.655	-3270.474	621.8185	0.429678	0.10157	0.187165	0.281586	1.652012	1.602178	4.119013	0.9469683
7440	-2654.862	-3276.329	621.4661	0.42935	0.0929396	0.171261	0.306449	1.394432	1.576638	4.119013	1.594322
7446	-2639.094	-3260.217	621.1236	0.407951	0.0977737	0.1772	0.317076	1.620102	1.469755	4.284266	1.551539
7452	-2641.061	-3262.145	621.0845	0.356751	0.160709	0.257638	0.224902	1.830259	1.558865	4.11874	1.636919
7458	-2625.629	-3249.092	623.4633	0.308049	0.200718	0.297034	0.194199	1.329773	1.802687	2.861249	1.577719
7464	-2644.479	-3265.889	621.4096	0.379123	0.26838	0.113492	0.239006	2.028154	1.885049	3.251284	2.584991
7470	-2652.244	-3275.844	623.6001	0.402759	0.103219	0.285411	0.208611	1.220098	1.577634	3.363555	0.8797076
7476	-2641.9	-3262.644	620.744	0.46394	0.0619826	0.22436	0.249718	1.417616	1.642362	4.122489	2.432217
7482	-2635.815	-3257.175	621.3604	0.305942	0.154589	0.227557	0.311912	1.41407	1.485951	4.225225	1.584738
7488	-2625.261	-3243.734	618.4734	0.546259	0.211955	0.145807	0.095979	0.6171124	1.33733	5.597737	3.64133
7494	-2626.904	-3249.02	622.1163	0.350346	0.217339	0.3139	0.118416	0.9239007	1.340916	4.211565	1.445065
7500	-2631.434	-3253.687	622.2536	0.24823	0.46362	0.178031	0.110119	0.5847838	1.634627	3.809061	2.245788
7506	-2634.018	-3257.153	623.1352	0.328505	0.309288	0.265002	0.0972054	0.5847838	1.487038	3.842056	1.264715
7512	-2654.897	-3275.867	620.9697	0.350647	0.229599	0.284944	0.13481	0.76504	1.684176	3.834843	3.926179
7518	-2650.082	-3271.044	620.9622	0.36876	0.241459	0.168688	0.221092	1.251393	1.541834	3.949834	2.957763
7524	-2641.598	-3263.919	622.321	0.501141	0.190822	0.133312	0.174726	1.029248	1.60803	3.409302	2.518386
7530	-2646.678	-3269.83	623.1524	0.579911	0.0728246	0.154266	0.192998	1.098934	1.525345	3.096318	2.105281
7536	-2646.938	-3269.968	623.0308	0.444549	0.203597	0.154687	0.197167	1.141878	1.720091	3.020726	2.121489
7542	-2653.112	-3277.459	624.3464	0.331708	0.214217	0.246623	0.207452	0.8183509	1.617939	2.515131	2.039276
7548	-2637.813	-3260.402	622.5886	0.50497	0.0178998	0.375443	0.101688	0.97224	1.617939	3.4769	2.039276
7554	-2662.621	-3284.91	622.2882	0.546508	0.0811094	0.287754	0.0846279	1.574718	1.595477	3.632615	1.420007
7560	-2638.155	-3259.164	621.0085	0.410105	0.033833	0.35743	0.198632	1.476857	1.570448	4.153964	2.010576
7566	-2639.209	-3262.05	622.8409	0.438771	0.0369761	0.390635	0.133619	1.476857	1.568666	3.090812	2.010576
7572	-2623.625	-3247.428	623.8027	0.456993	0.0226695	0.298202	0.222136	1.103737	1.583049	2.707983	2.010576
7578	-2650.321	-3272.717	622.3957	0.374412	0.017801	0.244315	0.363471	1.728711	1.518808	3.395616	1.713709
7584	-2651.465	-3273.468	622.0038	0.637208	0.0455739	0.119427	0.197791	1.357686	1.585785	3.251663	2.989509
7590	-2636.846	-3260.883	624.0373	0.357563	0.130826	0.447521	0.0640905	1.13034	1.454186	3.473638	0.4802036
7596	-2630.288	-3254.078	623.7903	0.397129	0.153027	0.407119	0.0427252	1.158586	1.415448	3.624156	0.4802036
7602	-2641.786	-3265.962	624.1761	0.304025	0.341689	0.2976	0.0566859	1.021067	1.4823	3.526064	0.2693627
7608	-2650.156	-3274.803	624.6463	0.324348	0.276385	0.384499	0.0147688	0.6444397	1.348054	3.551849	0.3013718
7614	-2648.301	-3271.936	623.6355	0.341055	0.264301	0.338883	0.0557603	1.020291	1.493961	3.829436	0.2895945
7620	-2633.848	-3256.32	622.4726	0.493481	0.23651	0.0582119	0.211796	1.41475	1.432747	4.003451	0.8694936
7626	-2614.033	-3235.817	621.784	0.392466	0.292549	0.0324385	0.282547	1.947442	1.675245	3.917688	1.026421
7632	-2622.813	-3244.895	622.0817	0.395295	0.261047	0.0915364	0.252122	1.258181	1.620856	4.135947	0.9794933
7638	-2653.546	-3273.209	619.6626	0.371713	0.164295	0.15817	0.305821	1.487081	1.410091	5.34625	1.248978
7644	-2665.386	-3288.633	623.2467	0.440187	0.191908	0.300767	0.0671383	0.9254614	1.298167	4.16337	0.4287087
7650	-2645.196	-3269.165	623.9689	0.435609	0.156647	0.341304	0.0664401	0.9257452	1.404479	3.727383	0.3441563
7656	-2632.502	-3256.517	624.0145	0.324253	0.270809	0.360848	0.0440901	0.6404437	1.489766	3.790463	0.4186107
7662	-2645.9	-3268.873	622.9732	0.510608	0.18821	0.250785	0.050397	1.534385	1.485833	3.929088	0.334954
7668	-2626.809	-3249.999	623.1908	0.49464	0.16132	0.254073	0.0899664	1.353677	1.45629	3.929088	0.2556323
7674	-2629.429	-3250.795	621.3662	0.49464	0.16132	0.254073	0.0899664	1.519291	1.472904	4.45879	1.039724
7680	-2644.131	-3266.47	622.3388	0.461102	0.133662	0.242568	0.162668	1.423524	1.492496	3.934204	1.054999
7686	-2639.657	-3262.56	622.9033	0.452595	0.122477	0.252059	0.172868	1.264001	1.574961	3.863752	0.6860228
7692	-2642.267	-3266.733	624.4667	0.387344	0.154565	0.215719	0.242372	1.036325	1.575607	3.267412	0.3561064
7698	-2637.527	-3262.081	624.5536	0.44372	0.0651609	0.370331	0.120788	1.489893	1.627843	2.607107	0.8908236
7704	-2626.518	-3251.113	624.5952	0.432248	0.109864	0.370458	0.0874297	1.377097	1.828949	2.703055	0.6060042
7710	-2613.231	-3238.881	625.65	0.527629	0.111184	0.196968	0.164219	1.377097	1.700968	2.2956	0.2821208
7716	-2607.981	-3233.68	625.6989	0.48556	0.0590109	0.234092	0.221337	1.211491	1.801431	2.300279	0.2501605
7722	-2614.633	-3240.824	626.1909	0.369062	0.172195	0.162339	0.296403	1.298037	1.939915	1.830681	0.2501605
7728	-2634.762	-3260.799	626.0364	0.585965	0.101131	0.201916	0.110988	1.01496	1.820132	2.1935	0.2501605
7734	-2636.299	-3262.19	625.891	0.59045	0.0865283	0.218021	0.105001	1.178861	1.881111	2.140094	0.2184991
7740	-2640.567	-3267.097	626.5295	0.526419	0.0735508	0.284374	0.115656	1.025653	1.846808	1.835664	0.2184991
7746	-2651.203	-3277.877	626.6748	0.526419	0.0735508	0.284374	0.115656	1.068539	1.846808	1.704938	0.2184991
7752	-2624.649	-3251.349	626.7	0.485346	0.12	0.267765	0.126888	0.9456566	1.941191	1.707083	0.2184991
7758	-2625.271	-3251.678	626.4068	0.271567	0.168459	0.281686	0.278288	0.9456566	1.750378	2.037577	0.2184991
7764	-2638.651	-3264.301	625.65	0.561393	0.0479431	0.35035	0.0403134	0.7754079	1.475495	2.688407	0.5195282
7770	-2626.138	-3251.103	624.9655	0.452801	0.236436	0.2445	0.0662625	0.7582539	1.445379	3.243409	0.2391253
7776	-2630.935	-3254.634	623.6996	0.486333	0.122968	0.330323	0.0603761	1.533319	1.508401	3.481416	0.3726248
7782	-2624.749	-3249.687	624.9383	0.238625	0.30466	0.358841	0.0978738	1.533319	1.688776	2.664797	0.2748524
7788	-2634.756	-3260.453	625.6977	0.339737	0.331071	0.189846	0.139346	1.097974	1.707057	2.429398	0.2424347
7794	-2644.075	-3269.818	625.7431	0.303592	0.220771	0.396948	0.0786896	0.724474	1.586041	2.708704	0.2907899
7800	-2647.034	-3271.524	624.4901	0.106883	0.434617	0.450334	0.00816577	0.5475814	1.699602	3.089642	1.012888
7806	-2633.542	-3256.659	623.1171	0.212703	0.112447	0.662831	0.0120189	1.1146	1.551295	3.869528	0.6304845
7812	-2608.735	-3231.714	622.9792	0.34195	0.179447	0.46718	0.0114231	0.9596957	1.317285	4.208769	0.5644291
7818	-2627.294	-3252.29	624.9956	0.494054	0.117008	0.373568	0.0153709	0.7837939	1.621912	2.796908	0.8261834
7824	-2632.457	-3257.493	625.0358	0.281384	0.264813	0.212762	0.24104	0.9605808	1.584792	2.948362	0.3983742
7830	-2627.129	-3251.277	624.1479	0.412738	0.236132	0.17647	0.17466	0.9842493	1.567347	3.002488	1.182624
7836	-2648.094	-3271.298	623.2042	0.57733	0.156198	0.183047	0.0834247	1.412941	1.687584	2.934992	1.794916
7842	-2638.026	-3259.884	621.8571	0.542344	0.059196	0.273714	0.124746	2.132771	1.499063	3.445819	1.920771
7848	-2639.376	-3262.693	623.3163	0.419459	0.0232368	0.508834	0.0484702	1.870402	1.464096	3.58006	0.3502038
7854	-2636.637	-3259.95	623.3134	0.518798	0.217363	0.207073	0.0567665	2.143656	1.534459	3.381924	0.4326842
7860	-2643.385	-3265.159	621.7748	0.582541	0.0812143	0.2639	0.0723448	1.235417	1.383264	4.450569	0.9891805
7866	-2631.694	-3253.322	621.6286	0.470397	0.0593074	0.402978	0.0673172	1.282184	1.353259	4.484925	1.06147
7872	-2645.076	-3267.486	622.4106	0.414779	0.150433	0.264037	0.17075	1.148341	1.351942	4.484925	0.4210159
7878	-2649.273	-3269.704	620.4308	0.437693	0.144083	0.197054	0.221171	1.69189	1.390607	4.497814	1.968454
7884	-2628.417	-3247.472	619.0541	0.447952	0.158473	0.16722	0.226355	1.771504	1.463876	4.889163	2.751593
7890	-2638.843	-3261.018	622.1749	0.306308	0.159462	0.355558	0.178672	1.771504	1.469074	3.724347	1.330267
7896	-2632.016	-3254.457	622.4416	0.413358	0.0196219	0.378092	0.188928	1.034251	1.534639	3.408325	2.442884
7902	-2623.441	-3244.449	621.0086	0.413358	0.0196219	0.378092	0.188928	1.339743	1.604055	3.407821	4.358401
7908	-2629.234	-3253.159	623.9253	0.492815	0.0133999	0.329259	0.164527	1.339743	1.659099	2.66719	1.566324
7914	-2630.216	-3254.713	624.4968	0.444742	0.0266197	0.352499	0.176139	0.9340914	1.639194	2.557412	1.585147
7920	-2641.857	-3264.443	622.5859	0.530615	0.0212928	0.197936	0.250156	1.077441	1.529252	3.350406	2.321851
7926	-2660.578	-3281.693	621.1145	0.516886	0.0207418	0.192814	0.269558	1.077441	1.485508	4.433586	1.819489
7932	-2643.982	-3263.924	619.9413	0.465175	0.0757332	0.127121	0.33197	1.834479	1.467254	5.148327	0.9763266
7938	-2640.299	-3262.663	622.3638	0.330582	0.248134	0.170062	0.251222	1.468994	1.445002	3.836119	1.214692
7944	-2642.614	-3266.548	623.9337	0.470039	0.167871	0.146167	0.215923	1.172388	1.726317	3.076591	0.9260357
7950	-2659.103	-3286.013	626.9091	0.488009	0.120963	0.382938	0.00809019	0.8629418	1.918068	1.633174	0.2137973
7956	-2643.819	-3270.669	626.8508	0.47368	0.146774	0.371694	0.00785264	0.914132	1.918068	1.633174	0.2049204
7962	-2627.627	-3254.045	626.4188	0.42413	0.180884	0.332812	0.0621743	0.7812533	1.816672	2.09794	0.2180046
7968	-2625.016	-3251.611	626.595	0.431691	0.150683	0.349753	0.0678735	0.8397193	1.788321	1.959261	0.2180046
7974	-2638.01	-3263.88	625.8699	0.353119	0.290244	0.298676	0.0579615	1.153158	1.755701	2.255369	0.2469877
7980	-2647.264	-3272.019	624.7552	0.332305	0.296222	0.304828	0.0666454	0.7965942	1.623279	3.23921	0.2469877
7986	-2638.326	-3262.674	624.348	0.350315	0.273042	0.286406	0.0902377	1.102623	1.405345	3.411248	0.1953984
7992	-2653.021	-3277.841	624.8198	0.53185	0.041307	0.310941	0.115902	1.434291	1.565461	2.860568	0.2133259
7998	-2626.046	-3250.933	624.8873	0.381323	0.175755	0.309057	0.133865	1.188682	1.627886	2.917511	0.2133259
8004	-2623.127	-3248.637	625.5097	0.470818	0.179413	0.290345	0.059425	0.9283584	1.599417	2.712032	0.2133259
8010	-2645.172	-3270.441	625.2694	0.472293	0.179975	0.287386	0.0603456	1.169051	1.704795	2.643808	0.2007551
8016	-2660.592	-3285.992	625.4005	0.563819	0.15638	0.171275	0.108526	1.239919	1.700594	2.532084	0.2237164
8022	-2647.83	-3273.483	625.6525	0.325233	0.226062	0.284105	0.1646	1.060553	1.754043	2.103239	0.8560459
8028	-2635.81	-3259.535	623.7245	0.394724	0.136125	0.180717	0.288434	1.250924	1.756548	2.877476	1.38237
8034	-2638.056	-3262.86	624.804	0.430303	0.14327	0.16744	0.258988	1.180559	1.694594	2.562	0.9259005
8040	-2638.687	-3260.402	621.7142	0.415302	0.135757	0.237924	0.211016	1.728373	1.779818	3.232057	2.686785
8046	-2651.575	-3272.285	620.7105	0.415453	0.0805098	0.292944	0.211093	2.244595	1.621964	3.669908	2.723379
8052	-2632.28	-3253.903	621.6229	0.498713	0.0306509	0.208507	0.262129	1.518936	1.727627	3.669908	2.059295
8058	-2624.147	-3245.268	621.1217	0.495034	0.0684049	0.28532	0.151242	1.451927	1.611706	4.553044	1.036161
8064	-2627.938	-3247.16	619.2224	0.496644	0.0793005	0.17704	0.247015	1.657797	1.632356	4.561674	3.325111
8070	-2634.04	-3256.002	621.9615	0.543641	0.0868045	0.0756791	0.293876	1.239728	1.607679	3.803653	1.797271
8076	-2656.73	-3277.272	620.542	0.582293	0.0929761	0.07494	0.249791	1.690804	1.699508	4.175638	2.172912
8082	-2641.161	-3262.116	620.9557	0.517436	0.171013	0.0895824	0.221969	1.80623	1.674433	4.199878	1.50601
8088	-2628.027	-3248.953	620.926	0.257202	0.347407	0.110772	0.284619	1.752482	1.460604	4.199878	1.855512
8094	-2627.229	-3249.285	622.0558	0.442534	0.248671	0.0419904	0.266805	1.789928	1.559338	3.641007	1.509317
8100	-2614.53	-3237.362	622.8321	0.40547	0.285513	0.0581887	0.250828	1.295117	1.55536	3.641007	1.125104
8106	-2633.677	-3255.454	621.7771	0.24114	0.331846	0.151373	0.275641	1.295117	1.490133	4.062057	1.553067
8112	-2634.334	-3255.19	620.8561	0.657231	0.0116406	0.110197	0.220931	1.489387	1.668404	4.063729	2.28997
8118	-2647.703	-3269.718	622.0151	0.511582	0.0115584	0.257488	0.219372	1.489387	1.612768	3.097266	3.168668
8124	-2632.137	-3252.193	620.0562	0.511582	0.0115584	0.257488	0.219372	1.489387	1.598516	4.140134	3.484393
8130	-2627.941	-3248.903	620.9622	0.611848	0.0750134	0.0507722	0.262367	1.788036	1.738854	3.559898	2.987485
8136	-2633.051	-3252.215	619.1644	0.529241	0.150362	0.0439173	0.27648	1.4968	1.638928	4.219154	4.932875
8142	-2636.706	-3257.114	620.4087	0.569033	0.0963257	0.0373732	0.297268	1.58387	1.473576	4.280377	2.556002
8148	-2642.289	-3263.557	621.2683	0.430502	0.202704	0.0668077	0.299985	1.55759	1.580532	4.280377	1.328248
8154	-2664.044	-3284.518	620.4742	0.18735	0.475429	0.173964	0.163257	1.103001	1.216193	5.308485	1.043564
8160	-2640.757	-3263.2	622.4431	0.516898	0.0600043	0.301598	0.1215	1.977103	1.424624	4.031123	0.410746
8166	-2636.118	-3257.651	621.5329	0.39604	0.103264	0.368837	0.131859	1.977103	1.788558	4.031123	0.9437196
8172	-2637.788	-3259.955	622.1666	0.305254	0.118786	0.42428	0.15168	0.9235916	1.553586	4.128703	1.314469
8178	-2643.954	-3265.85	621.8963	0.36016	0.118766	0.356261	0.164812	1.215261	1.740475	3.757123	1.843082
8184	-2639.31	-3261.704	622.3942	0.351373	0.131521	0.344488	0.172618	1.004243	1.631413	3.791803	1.543506
8190	-2656.04	-3279.179	623.1391	0.353808	0.070928	0.352919	0.222344	1.106311	1.562443	3.170089	1.898838
8196	-2635.573	-3258.357	622.7838	0.363795	0.0447033	0.362881	0.22862	1.157077	1.449189	3.33556	2.084306
8202	-2635.564	-3259.535	623.9708	0.387645	0.305015	0.188806	0.118535	0.5068743	1.493019	3.52987	1.032957
8208	-2642.321	-3267.226	624.9043	0.380583	0.335013	0.168029	0.116375	0.4387817	1.642943	2.451266	1.921596
8214	-2631.472	-3254.528	623.0558	0.342799	0.275313	0.233962	0.147926	0.5264423	1.521209	3.338858	2.508782
8220	-2634.161	-3256.702	622.5411	0.204564	0.454197	0.286631	0.0546073	0.7706888	1.578083	4.153125	1.017323
8226	-2653.199	-3279.551	626.3525	0.224821	0.329003	0.408875	0.0373016	0.5008381	1.734028	2.302526	0.4617673
8232	-2640.806	-3267.177	626.3708	0.277087	0.360581	0.348761	0.0135707	0.5213988	1.734028	2.302526	0.4194699
8238	-2679.037	-3304.687	625.6493	0.294126	0.338428	0.352328	0.0151176	0.5751383	1.734028	2.274029	1.117327
8244	-2688.977	-3309.697	620.7199	0.221487	0.191018	0.395393	0.192102	0.8460435	1.495822	5.266986	0.8545115
8250	-2672.146	-3295.321	623.1754	0.226654	0.29642	0.285633	0.191293	0.7461031	1.666604	3.849472	0.8545115
8256	-2652.715	-3274.336	621.6208	0.275844	0.205956	0.378064	0.140135	1.449507	1.572508	4.699474	0.2187532
8262	-2655.893	-3282.426	626.533	0.304424	0.331927	0.301813	0.0618358	0.6610255	1.844825	2.089153	0.222229
8268	-2638.537	-3265.711	627.174	0.28179	0.307248	0.353724	0.0572383	0.389158	1.844825	1.839659	0.222229
8274	-2622.471	-3249.424	626.9532	0.389659	0.176761	0.35443	0.0791492	0.5704598	1.886937	1.839659	0.2125502
8280	-2622.477	-3249.653	627.1756	0.357539	0.328664	0.284486	0.0293102	0.4816951	1.94993	1.708517	0.2289401
8286	-2640.219	-3266.642	626.4234	0.355714	0.301616	0.310663	0.0320072	0.4798226	1.698385	2.375932	0.2273614
8292	-2649.804	-3275.98	626.1756	0.406599	0.289304	0.232222	0.0718745	0.4191946	1.797905	2.5059	0.2335943
8298	-2632.854	-3259.433	626.579	0.369534	0.262931	0.309068	0.0584668	0.4697313	1.740944	2.257668	0.2640031
8304	-2645.744	-3271.371	625.6265	0.410514	0.234801	0.245983	0.108702	1.346555	1.746315	2.294435	0.2094414
8310	-2639.014	-3264.968	625.9541	0.312995	0.342552	0.261573	0.0828795	0.5761515	1.719576	2.590052	0.2094414
8316	-2644.698	-3271.328	626.6309	0.289353	0.295804	0.296292	0.11855	0.5649393	1.719576	2.168735	0.2094414
8322	-2648.457	-3273.879	625.4226	0.541681	0.101472	0.287053	0.0697945	0.8741358	2.136898	2.19743	0.7514748
8328	-2628.674	-3253.661	624.9872	0.562446	0.0758124	0.190891	0.17085	1.011311	1.793943	2.14835	1.492387
8334	-2663.611	-3286.995	623.3833	0.391287	0.0833794	0.285487	0.239847	1.474642	1.82454	3.133573	1.007028
8340	-2660.339	-3282.021	621.6819	0.402795	0.106614	0.275458	0.215134	1.553258	1.610581	4.166428	1.074843
8346	-2621.525	-3243.332	621.8073	0.377946	0.135028	0.285164	0.201862	1.444528	1.596183	4.166428	1.057341
8352	-2639.399	-3261.027	621.6278	0.354392	0.166055	0.290404	0.189149	1.444528	1.535707	4.456766	0.7891176
8358	-2642.423	-3266.037	623.6138	0.371081	0.173875	0.240526	0.214518	1.099642	1.486462	3.459368	0.9079397
8364	-2650.784	-3272.542	621.7573	0.379989	0.174818	0.225526	0.219667	1.026862	1.415758	4.228415	1.621633
8370	-2637.091	-3259.853	622.7621	0.372614	0.216072	0.228694	0.18262	0.9291777	1.435051	3.864572	1.291971
8376	-2639.464	-3262.174	622.7101	0.318917	0.256356	0.294379	0.130348	0.9861014	1.429482	3.864572	1.291971
8382	-2647.598	-3268.484	620.8866	0.560221	0.105148	0.105657	0.228974	1.452406	1.47653	4.623653	1.291971
8388	-2666.099	-3290.056	623.9578	0.553638	0.0723285	0.0726787	0.301354	1.225539	1.553088	2.791099	1.538375
8394	-2657.468	-3284.214	626.7469	0.393608	0.193115	0.302642	0.110635	0.5333504	1.704707	2.111453	0.3375683
8400	-2636.003	-3262.364	626.361	0.276817	0.327281	0.289918	0.105984	0.5333504	1.746301	2.337373	0.3277631
8406	-2651.783	-3278.496	626.7136	0.274371	0.356985	0.316231	0.0524127	0.3157993	1.734197	2.251756	0.2821828
8412	-2629.021	-3255.511	626.4898	0.371889	0.321555	0.284846	0.021709	0.3992274	1.776689	2.333252	0.248321
8418	-2623.299	-3249.865	626.5652	0.2095	0.38011	0.284229	0.126161	0.3699237	1.720818	2.333252	0.2792171
8424	-2630.672	-3256.519	625.8466	0.34579	0.155705	0.436544	0.0619614	0.4789822	1.66329	2.751518	0.301789
8430	-2624.935	-3251.353	626.4177	0.29667	0.210698	0.413573	0.079059	0.5139724	1.769118	2.30777	0.301789
8436	-2631.515	-3257.684	626.1694	0.30286	0.191461	0.424867	0.0808124	0.4697414	1.743072	2.30715	0.654238
8442	-2641.85	-3268.307	626.4566	0.315475	0.196284	0.280397	0.207845	0.3691718	1.99816	2.034566	0.6212463
8448	-2627.703	-3253.648	625.945	0.403003	0.126478	0.315126	0.155393	0.5966635	1.788888	2.01041	1.149523
8454	-2635.45	-3258.738	623.2879	0.386163	0.20331	0.301957	0.10857	0.5681762	1.677158	3.883723	0.8593893
8460	-2642.253	-3265.247	622.994	0.399107	0.210125	0.278558	0.112209	0.6792683	1.547238	3.898659	1.140355
8466	-2648.031	-3269.459	621.4287	0.414715	0.171206	0.257782	0.156297	1.046021	1.54207	4.372485	1.537056
8472	-2656.716	-3279.166	622.4508	0.28734	0.234037	0.129206	0.349417	1.3228	1.507482	3.740445	1.374657
8478	-2661.222	-3281.842	620.6202	0.385912	0.293733	0.153018	0.167338	1.3228	1.335997	4.910569	1.30173
8484	-2653.877	-3274.813	620.9362	0.351361	0.228306	0.108294	0.312038	1.242862	1.163849	4.528153	2.047088
8490	-2663.331	-3285.596	622.2649	0.536366	0.059303	0.231836	0.172495	1.518643	1.755619	3.380537	1.832204
8496	-2653.026	-3275.628	622.6022	0.418895	0.214523	0.231961	0.134621	1.545083	1.557943	3.743882	0.9517741
8502	-2646.862	-3268.636	621.7739	0.355364	0.179586	0.245232	0.219817	1.291593	1.733817	3.696392	2.057711
8508	-2659.729	-3280.698	620.9691	0.344857	0.132867	0.308958	0.213318	1.873139	1.694912	3.280412	3.790428
8514	-2661.939	-3283.873	621.9336	0.464076	0.207736	0.0832258	0.244962	1.504448	1.531316	3.794448	1.652571
8520	-2632.077	-3253.767	621.69	0.351029	0.230311	0.13567	0.282991	1.358648	1.523217	4.471618	0.7893637
8526	-2657.559	-3280.18	622.6204	0.381148	0.250132	0.147311	0.221409	1.681796	1.756456	3.578086	0.9081279
8532	-2661.515	-3281.729	620.214	0.359946	0.285347	0.145615	0.209092	1.681796	1.582406	4.837978	1.280426
8538	-2650.363	-3272.592	622.2286	0.353444	0.246834	0.197254	0.202467	1.201995	1.439557	3.627762	2.114051
8544	-2650.913	-3273.676	622.7624	0.221503	0.321469	0.256898	0.20013	1.633582	1.482183	3.627762	0.99341
8550	-2657.435	-3280.357	622.9213	0.226274	0.328393	0.240893	0.20444	1.32882	1.549686	3.966979	0.4605119
8556	-2653.547	-3276.463	622.9159	0.272708	0.320138	0.234838	0.172317	1.512345	1.652691	3.659975	0.7252795
8562	-2656.308	-3281.233	624.9249	0.210802	0.492443	0.210247	0.086507	0.4205232	1.742597	2.521431	1.650254
8568	-2640.386	-3266.06	625.674	0.256067	0.464199	0.198188	0.0815453	0.3056347	1.846163	2.026892	1.650254
8574	-2650.499	-3277.053	626.554	0.358678	0.274244	0.294851	0.0722275	0.3812768	1.865442	1.842451	0.918007
8580	-2636.426	-3263.42	626.9932	0.358678	0.274244	0.294851	0.0722275	0.3504421	1.855828	1.95898	0.3333437
8586	-2643.215	-3270.102	626.8871	0.224167	0.357109	0.336378	0.0823471	0.4279227	1.875918	1.95898	0.3677039
8592	-2647.65	-3274.35	626.7	0.176351	0.219214	0.521758	0.0826764	0.5019356	1.848271	1.733888	0.8378793
8598	-2628.265	-3255.31	627.0456	0.275998	0.318399	0.250778	0.154825	0.4698073	1.923533	1.766603	0.4122917
8604	-2647.144	-3273.952	626.8071	0.260727	0.306354	0.401666	0.0312526	0.4483577	2.020342	1.83691	0.4775419
8610	-2625.546	-3252.19	626.6441	0.23078	0.394285	0.342582	0.0323529	0.5031238	1.769251	2.169771	0.2988378
8616	-2640.416	-3266.376	625.9601	0.174765	0.24448	0.551647	0.0291083	0.5117937	1.708842	2.47398	0.5956763
8622	-2625.553	-3251.856	626.3038	0.132975	0.512492	0.332958	0.0215747	0.4470616	1.597953	2.47398	0.4246966
8628	-2632.827	-3254.33	621.5029	0.147237	0.30518	0.533729	0.013853	0.5445959	1.395089	5.057509	0.8670463
8634	-2634.808	-3257.582	622.7748	0.269255	0.436808	0.242732	0.0512049	0.3855659	1.270478	4.786788	0.3564315
8640	-2675.492	-3302.22	626.7275	0.0990517	0.571506	0.298647	0.0307949	0.2384331	1.877228	2.154209	0.3111294
8646	-2667.024	-3293.86	626.8359	0.0834828	0.563634	0.287159	0.0657238	0.2796988	1.831071	2.113919	0.3035241
8652	-2635.517	-3258.177	622.6602	0.294814	0.400858	0.237792	0.0665362	0.5842921	1.610634	4.142004	1.082934
8658	-2614.234	-3237.806	623.5727	0.291107	0.417458	0.234802	0.056633	0.7169815	1.725735	3.523893	0.988939
8664	-2631.194	-3253.016	621.8223	0.156928	0.478049	0.225808	0.139215	0.6492572	1.553917	4.817611	0.7176045
8670	-2646.94	-3270.54	623.5996	0.222884	0.258675	0.320713	0.197727	1.279359	1.564312	3.456795	0.6886745
8676	-2646.791	-3267.692	620.9016	0.455258	0.0765593	0.265964	0.202218	1.706522	1.635846	4.20569	1.699922
8682	-2652.603	-3273.568	620.9642	0.472042	0.219645	0.0891406	0.219172	1.573212	1.576989	4.033833	2.238796
8688	-2650.369	-3271.3	620.9308	0.447259	0.253575	0.0461374	0.253029	1.388363	1.310494	5.018449	0.7579464
8694	-2661.174	-3286.806	625.6317	0.361348	0.263776	0.18384	0.191035	0.4623284	1.731013	2.400947	1.050414
8700	-2647.435	-3273.188	625.7533	0.406005	0.17279	0.20656	0.214645	0.803971	1.613188	2.171311	1.050414
8706	-2641.347	-3265.126	623.7796	0.384167	0.165262	0.220962	0.229609	1.379084	1.745165	2.171311	2.670803
8712	-2653.676	-3277.948	624.2716	0.404513	0.296462	0.0717802	0.227244	0.9272999	1.749189	2.839205	1.206643
8718	-2662.073	-3286.807	624.7343	0.220611	0.292337	0.362397	0.124655	0.6462666	1.699722	2.873999	1.024153
8724	-2636.578	-3261.121	624.5425	0.442888	0.281004	0.156285	0.119823	0.596294	1.761255	2.574703	1.778284
8730	-2647.231	-3270.041	622.81	0.374725	0.16821	0.258712	0.198353	0.596294	1.67011	4.082221	0.9653859
8736	-2648.373	-3272.151	623.7785	0.277728	0.274194	0.277759	0.170319	0.518717	1.74517	2.839398	2.357976
8742	-2642.521	-3266.536	624.015	0.343442	0.244095	0.30229	0.110173	0.934114	1.566849	3.127397	1.156365
8748	-2613.972	-3237.886	623.9134	0.41198	0.220871	0.28852	0.0786296	0.9696814	1.441225	3.731578	0.2733295
8754	-2630.981	-3256.165	625.1833	0.49783	0.0739503	0.335156	0.0930636	1.024388	1.497482	2.918218	0.2733295
8760	-2611.53	-3236.645	625.1156	0.502984	0.064364	0.338625	0.094027	1.01519	1.57587	2.918218	0.2390812
8766	-2614.862	-3240.113	625.251	0.564458	0.103586	0.226437	0.105519	1.114815	1.608452	2.756898	0.2390812
8772	-2641.125	-3267.401	626.2756	0.375246	0.19622	0.342753	0.0857808	1.012965	1.745223	2.087514	0.2570852
8778	-2653.881	-3280.033	626.1522	0.384483	0.193319	0.337685	0.0845124	1.012965	1.795812	2.135237	0.2570852
8784	-2644.827	-3271.463	626.636	0.480989	0.225188	0.192997	0.100826	0.8741149	1.912908	1.812615	0.321141
8790	-2652.833	-3277.179	624.3464	0.446312	0.178149	0.0839424	0.291596	1.839263	1.89302	1.970275	1.584802
8796	-2645.064	-3269.858	624.7945	0.31408	0.125368	0.35535	0.205203	1.286531	1.968225	1.93032	1.590839
8802	-2628.404	-3253.496	625.092	0.382449	0.206743	0.291421	0.119386	1.286531	1.993204	1.749754	1.520601
8808	-2629.893	-3255.303	625.4096	0.543079	0.108099	0.178617	0.170205	1.286531	2.026319	1.472237	1.557691
8814	-2622.474	-3246.656	624.1827	0.408129	0.271647	0.105207	0.215017	1.286531	1.78592	2.557168	1.384738
8820	-2615.757	-3236.425	620.6684	0.414231	0.320348	0.0471888	0.218232	1.693827	1.469502	4.264022	2.097589
8826	-2622.163	-3244.786	622.6233	0.390321	0.360391	0.0394145	0.209873	1.136328	1.441151	3.667753	1.598612
8832	-2635.9	-3259.024	623.1239	0.464023	0.240711	0.0171917	0.278074	1.136328	1.352828	3.667753	1.139222
8838	-2661.751	-3285.621	623.87	0.244634	0.414773	0.0092151	0.331378	1.454558	1.46865	2.884701	1.323508
8844	-2640.352	-3263.469	623.1172	0.438622	0.130611	0.238924	0.191843	1.097746	1.36214	3.748696	1.031277
8850	-2641.694	-3262.582	620.8881	0.35702	0.163901	0.166673	0.312406	1.612036	1.396778	4.315343	1.872001
8856	-2641.233	-3264.705	623.4719	0.442063	0.151198	0.0563973	0.350342	1.994278	1.638594	2.486093	1.844542
8862	-2632.611	-3256.375	623.7646	0.404207	0.205787	0.0692172	0.320788	1.334844	1.640796	2.762794	1.599
8868	-2630.429	-3254.61	624.181	0.473254	0.14656	0.0674745	0.312712	1.126788	1.587063	2.686461	1.547365
8874	-2644.91	-3267.768	622.8578	0.492356	0.111867	0.238285	0.157492	1.065157	1.595978	3.152918	2.332912
8880	-2638.837	-3259.148	620.3108	0.470131	0.106818	0.227528	0.195523	1.980393	1.569648	3.762556	3.552924
8886	-2629.223	-3249.667	620.4447	0.396173	0.101098	0.330652	0.172076	1.231404	1.448463	4.692645	1.94636
8892	-2621.855	-3246.227	624.3722	0.416331	0.106242	0.347476	0.12995	1.086147	1.449491	3.372896	0.3450933
8898	-2626.409	-3249.954	623.5448	0.489414	0.0692771	0.288548	0.152761	1.179324	1.499082	3.772963	0.3450933
8904	-2610.96	-3234.341	623.3809	0.44462	0.0751119	0.437861	0.0424072	1.13351	1.437967	3.935014	0.3236844
8910	-2618.687	-3242.082	623.3951	0.405093	0.0804577	0.469024	0.0454254	0.7396694	1.432236	4.120494	0.4132653
8916	-2615.326	-3236.781	621.4544	0.318288	0.0391437	0.568003	0.0745652	1.812343	1.313813	4.55485	0.7086073
8922	-2621.997	-3243.965	621.9679	0.445097	0.153292	0.297338	0.104273	1.824317	1.451351	4.268486	0.5636611
8928	-2620.144	-3244.03	623.8863	0.312032	0.247954	0.35635	0.0836641	0.4987054	1.506714	3.866189	0.5486095
8934	-2624.287	-3247.892	623.6056	0.306398	0.249984	0.359268	0.0843491	0.6337198	1.442953	3.957669	0.5921781
8940	-2626.252	-3250.043	623.7909	0.393551	0.277246	0.243689	0.0855149	0.7677843	1.633463	3.264673	1.260904
8946	-2628.342	-3254.047	625.7057	0.224556	0.23261	0.505194	0.0376403	0.4192097	1.562619	2.939043	0.2446098
8952	-2635.396	-3257.675	622.2792	0.267284	0.276871	0.345719	0.110126	0.676859	1.577212	4.315864	1.093444
8958	-2651.56	-3271.53	619.9697	0.39222	0.239829	0.145244	0.222707	2.293269	1.653876	3.621859	4.081418
8964	-2639.19	-3261.884	622.6937	0.291559	0.305917	0.343482	0.0590419	0.6418819	1.569658	4.426076	0.545595
8970	-2632.14	-3257.015	624.8745	0.408452	0.136074	0.20946	0.246014	0.9580344	1.76331	2.116867	1.78812
8976	-2628.574	-3252.551	623.9771	0.493787	0.0153745	0.194614	0.296225	0.9448036	1.635909	2.770507	1.78812
8982	-2631.478	-3255.328	623.8497	0.487337	0.0307486	0.107257	0.374658	1.318912	1.704506	2.412529	2.152855
8988	-2626.942	-3250.593	623.6506	0.474095	0.0103804	0.151048	0.364477	1.114228	1.732315	2.45689	2.579232
8994	-2630.589	-3254.909	624.3198	0.584324	0.0125651	0.182838	0.220273	0.9023017	1.696164	2.539021	1.808446
9000	-2644.566	-3268.231	623.6652	0.452082	0.0707276	0.193133	0.284058	1.200473	1.691201	2.539021	2.301772
9006	-2642.119	-3265.746	623.6265	0.359838	0.260339	0.153725	0.226098	1.306532	1.691201	2.539021	2.216798
9012	-2646.627	-3271.324	624.697	0.454904	0.20759	0.0777421	0.259764	1.225416	1.769708	2.449736	1.095741
9018	-2653.74	-3277.624	623.8836	0.390317	0.218371	0.0748422	0.31647	1.225416	1.688587	2.854122	1.350342
9024	-2652.322	-3273.987	621.6658	0.444317	0.0608629	0.134566	0.360254	2.301142	1.656537	3.232398	2.299583
9030	-2636.314	-3260.087	623.7732	0.462782	0.0586225	0.129613	0.348983	1.807206	1.718472	2.736615	1.107746
9036	-2631.292	-3255.423	624.1305	0.450776	0.106976	0.0885469	0.353702	1.433381	1.751849	2.341343	1.735804
9042	-2624.564	-3249.268	624.7041	0.418152	0.0552899	0.187744	0.338813	1.247663	1.789342	2.341343	1.225746
9048	-2649.063	-3273.433	624.3703	0.49223	0.0650848	0.339038	0.103647	1.09278	1.897506	2.292578	1.743749
9054	-2647.194	-3269.905	622.7105	0.456502	0.0463598	0.308839	0.188299	1.09278	1.775376	2.80612	3.151164
9060	-2640.6	-3263.649	623.0492	0.238889	0.13125	0.457339	0.172522	1.341098	1.711011	3.081238	1.734837
9066	-2654.462	-3278.46	623.9974	0.294737	0.161934	0.29515	0.248179	1.370819	1.715526	2.413351	1.876412
9072	-2632.478	-3255.947	623.4693	0.534674	0.143245	0.0783558	0.243725	1.370819	1.665159	2.811699	1.793057
9078	-2665.988	-3288.952	622.9634	0.456677	0.150909	0.222628	0.169785	1.036613	1.579258	2.811699	3.132708
9084	-2648.468	-3275.08	626.6121	0.254498	0.306418	0.429832	0.00925197	0.483697	1.680614	2.036483	0.6757229
9090	-2661.753	-3286.336	624.5833	0.433344	0.137942	0.394573	0.0341413	0.629463	1.639697	3.434176	0.2624798
9096	-2655.534	-3281.063	625.5288	0.393159	0.242405	0.310539	0.0538969	0.5792164	1.705912	2.863925	0.2624798
9102	-2647.978	-3273.458	625.4805	0.288712	0.317531	0.381187	0.0125704	0.5660878	1.704681	2.836931	0.4346767
9108	-2660.356	-3286.135	625.7799	0.231855	0.367873	0.390177	0.0100949	0.4919217	1.676758	2.742333	0.3874027
9114	-2653.25	-3279.089	625.8392	0.239002	0.32477	0.344462	0.0917663	0.4877234	1.714529	2.691968	0.373861
9120	-2663.477	-3289.614	626.1363	0.203457	0.33994	0.360551	0.0960526	0.4595832	1.766664	2.519159	0.3064817
9126	-2648.893	-3275.048	626.1555	0.350139	0.320062	0.294238	0.0355608	0.4428912	1.70967	2.561227	0.253953
9132	-2635.594	-3260.668	625.0739	0.182056	0.388986	0.344652	0.0843065	0.5397136	1.580558	3.151595	0.4706252
9138	-2634.734	-3259.336	624.6025	0.23764	0.314809	0.377532	0.070019	0.4685274	1.560395	2.933333	1.402188
9144	-2663.051	-3288.18	625.1292	0.247872	0.328364	0.358786	0.0649789	0.3853781	1.474512	3.138973	0.6810311
9150	-2655.82	-3280.728	624.9085	0.31419	0.283995	0.340202	0.0616132	0.5641781	1.474512	3.247491	0.5546781
9156	-2648.267	-3273.329	625.062	0.302017	0.272991	0.365767	0.0592259	0.4456083	1.642206	2.40948	1.797295
9162	-2644.961	-3269.66	624.6987	0.469978	0.20331	0.27403	0.0526819	0.3248047	1.672027	2.368426	2.475324
9168	-2644.044	-3270.098	626.0542	0.243623	0.281848	0.414439	0.0600902	0.3248047	1.684215	2.578764	0.5196895
9174	-2640.084	-3266.365	626.2808	0.27538	0.318587	0.338109	0.0679232	0.4284916	1.730821	2.406984	0.4397982
9180	-2664.611	-3290.845	626.2344	0.350108	0.234128	0.331158	0.084606	0.4396368	1.718592	2.50812	0.2424033
9186	-2658.007	-3284.841	626.8337	0.367042	0.245453	0.347176	0.0403281	0.3011521	1.718592	2.191593	0.2424033
9192	-2668.988	-3296.102	627.1132	0.464139	0.206705	0.292369	0.0367869	0.3011521	1.816622	1.942482	0.2424033
9198	-2636.645	-3263.194	626.5494	0.297046	0.361378	0.318419	0.023157	0.4354091	1.816622	2.249026	0.2424033
9204	-2656.249	-3282.875	626.6266	0.461841	0.263788	0.23243	0.0419396	0.3491846	1.757237	2.249026	0.3684298
9210	-2644.667	-3270.354	625.6871	0.396843	0.188421	0.375582	0.0391541	0.7603895	1.855814	2.535409	0.3453865
9216	-2644.162	-3269.816	625.6543	0.296821	0.317504	0.35639	0.0292856	0.4785843	1.851342	2.535409	0.6882695
9222	-2625.987	-3253.253	627.266	0.342603	0.310815	0.312924	0.0336576	0.3317499	1.835244	1.813383	0.2735267
9228	-2624.594	-3251.688	627.0948	0.393245	0.260084	0.295563	0.0511073	0.438936	1.792095	1.902186	0.2735267
9234	-2622.562	-3248.694	626.1321	0.206828	0.440451	0.314211	0.0385096	0.3345359	1.525223	2.738519	0.2882721
9240	-2614.75	-3240.682	625.9324	0.261847	0.308049	0.397795	0.032309	0.3831103	1.529104	2.822701	0.3350741
9246	-2624.491	-3249.485	624.9944	0.306739	0.328094	0.281155	0.0840123	0.6018866	1.737671	2.287756	1.805403
9252	-2620.512	-3246.383	625.8708	0.348971	0.211031	0.34592	0.0940788	0.6384268	1.737671	2.206706	0.9290568
9258	-2637.181	-3263.642	626.4616	0.292145	0.248928	0.408041	0.0508853	0.4875546	1.793004	2.101321	0.6151781
9264	-2642.833	-3269.002	626.169	0.434145	0.198992	0.326185	0.0406774	0.5069911	1.773141	1.906794	1.18982
9270	-2676.451	-3300.112	623.6617	0.439508	0.253546	0.233587	0.0733583	0.6321198	1.435007	4.068132	0.3282298
9276	-2662.203	-3287.145	624.9413	0.231324	0.303667	0.32171	0.143299	0.4680942	1.573736	3.143946	0.6871435
9282	-2643.545	-3266.457	622.9126	0.26157	0.237982	0.346228	0.15422	0.4680942	1.800999	2.913723	3.574421
9288	-2649.012	-3273.096	624.0843	0.301379	0.320435	0.353016	0.0251698	0.5226944	1.651933	3.671743	0.5192014
9294	-2637.19	-3261.381	624.1909	0.304475	0.323727	0.332962	0.0388364	0.4521423	1.530779	3.829457	0.2626957
9300	-2633.094	-3257.048	623.9539	0.304475	0.323727	0.332962	0.0388364	0.6203333	1.621745	3.815295	0.2626957
9306	-2634.441	-3259.36	624.9197	0.26782	0.401824	0.292877	0.0374786	0.5355561	1.65158	3.284894	0.2250904
9312	-2647.802	-3274.071	626.2682	0.248094	0.326549	0.41906	0.00629684	0.3595349	1.670263	2.547698	0.3146714
9318	-2654.807	-3280.014	625.2068	0.269399	0.307055	0.369999	0.0535471	0.4035415	1.776725	3.076674	0.3893398
9324	-2643.207	-3268.309	625.102	0.271813	0.322243	0.373315	0.0326293	0.4467667	1.909513	3.076674	0.2736748
9330	-2648.144	-3272.559	624.4147	0.377241	0.252468	0.322485	0.0478061	0.5263027	1.514016	3.666842	0.2736748
9336	-2618.746	-3242.814	624.0674	0.425512	0.142945	0.364246	0.0672975	0.5581482	1.601036	3.696137	0.5085687
9342	-2640.738	-3266.859	626.121	0.472605	0.0766318	0.404559	0.0462043	0.6405619	1.698887	2.460018	0.2193205
9348	-2639.466	-3265.878	626.4125	0.458838	0.15854	0.325501	0.0571205	0.5495604	1.677189	2.345779	0.3045039
9354	-2618.317	-3244.95	626.6328	0.355003	0.321599	0.27519	0.0482077	0.4432661	1.806299	2.182812	0.3231339
9360	-2640.775	-3267.134	626.3584	0.43211	0.134649	0.374563	0.0586784	0.5112437	1.78695	2.34337	0.2600019
9366	-2635.99	-3262.032	626.042	0.478811	0.254289	0.20085	0.0660499	0.5733309	1.760922	2.518861	0.2600019
9372	-2659.596	-3285.018	625.4218	0.279012	0.205831	0.375581	0.139576	0.5686687	1.622853	2.952992	0.3703075
9378	-2646.045	-3271.572	625.527	0.289387	0.354921	0.319813	0.0358793	0.5686687	1.677917	2.883007	0.2968941
9384	-2646.203	-3271.529	625.3257	0.355507	0.31953	0.305432	0.0195301	0.8891821	1.644652	2.827156	0.2485011
9390	-2644.952	-3270.116	625.1641	0.311425	0.111953	0.444766	0.131855	0.5368278	1.626909	2.949044	0.6696313
9396	-2655.535	-3278.72	623.185	0.393282	0.209288	0.224665	0.172765	0.5481844	1.611132	3.908504	1.003207
9402	-2643.792	-3268.158	624.366	0.409524	0.217931	0.233944	0.138601	0.5643909	1.595588	3.433553	0.6545698
9408	-2646.189	-3271.048	624.8591	0.435152	0.188459	0.229115	0.147275	0.6240784	1.416917	3.406774	0.2567174
9414	-2638.023	-3263.477	625.4547	0.520639	0.111603	0.32265	0.045108	1.031128	1.63373	2.667233	0.2567174
9420	-2633.593	-3259.581	625.9873	0.326383	0.204709	0.357907	0.111001	0.4827119	1.63373	2.686469	0.2282339
9426	-2628.729	-3253.93	625.2016	0.383155	0.176212	0.424394	0.0162386	0.4874176	1.47449	3.234122	0.3417169
9432	-2625.913	-3251.472	625.5588	0.383155	0.176212	0.424394	0.0162386	0.4112227	1.523402	2.901965	0.5818827
9438	-2647.445	-3273.086	625.6407	0.207093	0.396237	0.379457	0.0172127	0.3274917	1.610493	2.971929	0.338681
9444	-2638.737	-3264.633	625.8959	0.335772	0.173551	0.467218	0.0234597	0.4735334	1.624622	2.754702	0.2356991
9450	-2634.228	-3259.037	624.8084	0.48691	0.130211	0.306975	0.0759047	0.6959243	1.522518	3.327452	0.2804389
9456	-2632.945	-3257.277	624.3316	0.444093	0.118761	0.367916	0.06923	0.6997429	1.490157	3.624721	0.260919
9462	-2656.417	-3279.916	623.4987	0.436949	0.154844	0.340091	0.0681163	0.8963432	1.586482	3.719475	0.6886808
9468	-2657.516	-3281.464	623.948	0.474117	0.16756	0.260324	0.097999	0.7343442	1.481642	3.193133	1.428034
9474	-2669.739	-3295.055	625.3162	0.247758	0.234484	0.371188	0.14657	0.9196174	1.724907	2.754453	0.3132377
9480	-2655.024	-3279.667	624.6437	0.380703	0.306718	0.254934	0.0576454	0.4505538	1.583177	3.508797	0.3657581
9486	-2664.2	-3287.574	623.3742	0.383645	0.309087	0.249177	0.0580908	0.4505538	1.368294	4.233062	0.6004596
9492	-2639.907	-3264.605	624.6977	0.285426	0.284658	0.366803	0.0631137	0.4964017	1.424259	3.569161	0.2910452
9498	-2650.469	-3275.05	624.5805	0.257015	0.271617	0.42511	0.0462575	0.6106137	1.424259	3.569161	0.2180466
9504	-2643.305	-3268.665	625.3594	0.272224	0.409931	0.287428	0.0304169	0.747078	1.702911	2.522807	0.8636436
9510	-2665.573	-3291.267	625.6939	0.357358	0.162707	0.46476	0.0151749	0.5570043	1.691914	2.780032	0.2986838
9516	-2658.899	-3284.052	625.1526	0.281543	0.0744138	0.638615	0.00542885	0.7569563	1.691914	2.899178	0.4734428
9522	-2651.71	-3277.263	625.5534	0.184704	0.353831	0.458996	0.00246976	0.5493901	1.643573	2.899178	0.2995552
9528	-2634.394	-3260.314	625.9199	0.267825	0.234165	0.488143	0.00986772	0.6198495	1.699302	2.601696	0.2708521
9534	-2637.931	-3261.924	623.9936	0.261023	0.365489	0.363871	0.0096171	0.4090253	1.511271	3.934092	0.3953654
9540	-2621.014	-3243.902	622.8887	0.420526	0.165798	0.277068	0.136608	1.240075	1.444696	4.106083	0.4342005
9546	-2619.417	-3239.595	620.178	0.392528	0.199272	0.258621	0.14958	1.21527	1.485298	4.106083	4.057588
9552	-2631.608	-3252.815	621.2074	0.347301	0.187236	0.324919	0.140544	1.492782	1.490997	4.684473	0.8058819
9558	-2630.865	-3251.408	620.5434	0.393976	0.145854	0.368586	0.0915839	1.434934	1.364147	4.382645	2.43875
9564	-2629.23	-3251.972	622.7428	0.307275	0.131777	0.287473	0.273475	0.9903205	1.44116	3.935258	1.109853
9570	-2636.275	-3257.328	621.0526	0.294351	0.180593	0.205242	0.319814	1.748981	1.482197	4.334625	1.395298
9576	-2650.977	-3271.561	620.5833	0.389033	0.187006	0.357915	0.0660466	1.247391	1.477607	4.52663	2.098148
9582	-2644.226	-3263.787	619.5607	0.381823	0.109497	0.351282	0.157398	1.921055	1.442683	4.91329	1.831264
9588	-2645.48	-3265.913	620.433	0.521973	0.0341559	0.24767	0.196202	1.499879	1.444264	4.593932	1.882561
9594	-2617.221	-3237.794	620.5738	0.505448	0.0616422	0.259322	0.173588	1.950285	1.554587	4.353766	1.64615
9600	-2640.691	-3259.677	618.9857	0.389892	0.0829854	0.293432	0.233691	1.66385	1.624248	4.419065	4.27571
9606	-2634.618	-3257.49	622.872	0.42296	0.0715528	0.251976	0.253511	1.072486	1.624248	3.169613	2.221882
9612	-2645.116	-3267.014	621.8979	0.408911	0.102391	0.243607	0.245091	1.333717	1.480829	3.84231	1.844099
9618	-2648.507	-3268.72	620.213	0.358164	0.256207	0.231589	0.15404	1.30252	1.532243	4.782721	1.844099
9624	-2652.4	-3273.637	621.2368	0.383927	0.247909	0.190112	0.178052	1.260162	1.56466	3.915625	2.566733
9630	-2641.581	-3263.188	621.6068	0.278488	0.406843	0.0387451	0.275924	1.557556	1.682013	4.204349	1.007289
9636	-2643.105	-3264.971	621.8663	0.283508	0.414177	0.0214166	0.280898	1.609674	1.638949	4.204349	0.754403
9642	-2637.508	-3258.62	621.1128	0.273364	0.399358	0.0206504	0.306627	1.833975	1.524599	4.318637	1.239595
9648	-2659.685	-3280.742	621.0571	0.439752	0.192109	0.0162956	0.351843	1.329936	1.59106	4.760876	0.8613678
9654	-2661.631	-3284.03	622.3989	0.409412	0.253203	0.00981578	0.327569	1.268707	1.707679	3.671414	1.39781
9660	-2639.157	-3259.964	620.8074	0.499045	0.224122	0.0119647	0.264869	1.919027	1.797453	3.936683	2.002852
9666	-2646.072	-3270.121	624.0487	0.347144	0.359376	0.0130218	0.280458	1.268186	1.771712	2.363431	1.961004
9672	-2623.75	-3248.362	624.6119	0.257096	0.28434	0.207417	0.251147	1.152685	1.677879	2.388022	1.468949
9678	-2638.497	-3263.842	625.3448	0.28174	0.303857	0.146017	0.268386	0.9652991	1.818165	2.125107	1.162133
9684	-2671.175	-3292.263	621.0882	0.609942	0.152079	0.025959	0.21202	1.498488	1.54255	3.790289	2.842948
9690	-2640.891	-3265.368	624.477	0.424226	0.194547	0.174899	0.206329	0.9652991	1.81045	2.047177	2.398954
9696	-2657.553	-3282.297	624.7437	0.357458	0.285114	0.139693	0.217735	0.9794759	1.81045	2.149149	1.804026
9702	-2649.436	-3273.731	624.2952	0.442127	0.153928	0.134637	0.269308	1.175458	1.667136	2.450681	1.714521
9708	-2638.293	-3262.641	624.3479	0.43189	0.178022	0.130018	0.260069	1.175458	1.706394	2.392746	1.714521
9714	-2637.075	-3259.15	622.0751	0.524383	0.0344562	0.230331	0.21083	1.791875	1.613284	3.321696	2.105118
9720	-2630.977	-3253.09	622.1132	0.554552	0.0282849	0.29783	0.119333	1.354973	1.54573	3.308689	2.724121
9726	-2629.741	-3253.874	624.1329	0.482031	0.0433138	0.262181	0.212474	1.228514	1.627962	2.546188	1.712938
9732	-2636.044	-3259.347	623.3028	0.432771	0.047433	0.287116	0.232681	1.443117	1.730094	2.792743	1.880455
9738	-2625.704	-3247.112	621.4083	0.525861	0.00726142	0.257885	0.208992	1.332365	1.614252	3.282448	3.969627
9744	-2646.663	-3268.226	621.5629	0.454163	0.0132324	0.29419	0.238414	1.332365	1.359597	4.255611	1.518127
9750	-2624.451	-3247.781	623.3301	0.548756	0.00825029	0.154923	0.288071	2.57174	1.896582	1.993829	2.168119
9756	-2634.786	-3259.102	624.3156	0.498033	0.00748769	0.140603	0.353877	1.314139	1.875998	2.08811	1.978657
9762	-2653.865	-3277.998	624.1337	0.283935	0.416191	0.089146	0.210728	1.314139	1.650685	2.852387	1.041955
9768	-2651.726	-3274.977	623.2517	0.485235	0.20958	0.0443851	0.260801	1.385007	1.589058	3.24525	1.275403
9774	-2646.1	-3269.104	623.0043	0.544428	0.113201	0.060176	0.282195	1.141027	1.535044	2.944758	2.614775
9780	-2641.303	-3262.955	621.6518	0.468358	0.195662	0.194968	0.141011	1.386657	1.593343	4.32519	0.9862661
9786	-2665.873	-3287.766	621.893	0.312004	0.193889	0.306135	0.187971	1.134061	1.602636	3.484454	2.834594
9792	-2648.201	-3272.038	623.8371	0.339168	0.21077	0.245725	0.204337	1.406211	1.537532	2.99493	1.134934
9798	-2643.35	-3265.981	622.6312	0.356635	0.36973	0.0555994	0.218036	1.385585	1.494179	3.739767	1.134934
9804	-2633.812	-3259.013	625.2003	0.348842	0.355572	0.077797	0.217788	1.069896	1.738766	2.222097	1.131278
9810	-2633.421	-3257.109	623.6877	0.352154	0.213814	0.214177	0.219856	1.359216	1.738766	2.900942	1.290436
9816	-2660.756	-3283.846	623.0898	0.35416	0.286685	0.130102	0.229053	1.615347	1.852909	2.775723	1.842956
9822	-2635.888	-3258.248	622.3603	0.318151	0.339959	0.136126	0.205764	1.122316	1.677991	3.730462	1.5174
9828	-2646.085	-3268.793	622.7082	0.465913	0.271756	0.0557356	0.206596	1.122316	1.639827	3.829543	0.9983159
9834	-2648.681	-3268.187	619.5054	0.545448	0.0984762	0.114212	0.241863	1.579736	1.626246	4.980826	1.862739
9840	-2631.606	-3250.556	618.9501	0.396859	0.0510978	0.376067	0.175976	1.579736	1.389778	5.337293	2.057704
9846	-2627.864	-3245.791	617.9267	0.41659	0.0203334	0.378352	0.184725	1.496628	1.450063	5.337293	3.730027
9852	-2632.145	-3253.98	621.8349	0.401502	0.252753	0.102709	0.243036	1.804648	1.644248	4.009401	0.9572241
9858	-2652.405	-3273.705	621.3004	0.374974	0.212735	0.236907	0.175384	1.774091	1.618298	4.009401	1.590069
9864	-2651.732	-3273.096	621.3641	0.519285	0.131832	0.1192	0.229684	2.262567	1.668299	3.794919	1.466914
9870	-2659.175	-3280.966	621.7914	0.531244	0.154148	0.0460423	0.268565	1.584992	1.821489	4.068511	0.9002276
9876	-2647.832	-3269.586	621.7548	0.447953	0.222125	0.143172	0.186751	1.833673	1.821489	3.771847	1.260575
9882	-2657.322	-3279.825	622.5024	0.485202	0.0950467	0.102545	0.317206	1.83672	1.874241	3.290933	1.28512
9888	-2633.496	-3257.001	623.5056	0.300233	0.149119	0.0924516	0.458197	1.372443	1.912098	3.174827	0.822041
9894	-2641.132	-3264.537	623.4055	0.430297	0.177863	0.0955678	0.296273	1.400311	1.831375	3.174827	0.9739697
9900	-2630.831	-3252.61	621.7792	0.335196	0.342816	0.0911951	0.230793	1.400311	1.666535	4.15133	1.081125
9906	-2636.51	-3258.992	622.4818	0.471617	0.171245	0.128311	0.228827	1.553454	1.592586	4.15133	0.2156049
9912	-2646.088	-3268.242	622.1546	0.468925	0.176567	0.127578	0.226929	1.555368	1.589985	4.325394	0.1888539
9918	-2647.415	-3271.314	623.899	0.554348	0.0879354	0.0775015	0.280215	1.555368	1.672702	3.272318	0.1888539
9924	-2637.552	-3262.107	624.5558	0.527505	0.0866544	0.119193	0.266647	1.268775	1.539146	3.09568	0.1685353
9930	-2636.04	-3259.968	623.9278	0.233305	0.203935	0.173847	0.388913	1.45093	1.876789	2.969841	0.714526
9936	-2647.129	-3271.26	624.1311	0.237298	0.403564	0.231532	0.127605	0.9331272	1.543156	3.492008	0.4607633
9942	-2634.321	-3256.875	622.5538	0.443694	0.296598	0.184329	0.0753797	0.859053	1.446678	4.566964	0.264971
9948	-2637.831	-3259.955	622.1242	0.311101	0.228457	0.386006	0.0744351	1.300227	1.549445	4.368133	0.5771807
9954	-2638.763	-3263.851	625.088	0.289183	0.263917	0.363786	0.0831145	1.023868	1.497955	2.951867	0.3535178
9960	-2642.022	-3266.536	624.5134	0.380824	0.0776853	0.371155	0.170336	0.9753028	1.564244	3.306115	0.2274796
9966	-2627.758	-3252.123	624.3658	0.452884	0.170211	0.258343	0.118562	1.118678	1.616777	3.276462	0.2175727
9972	-2618.004	-3241.154	623.1503	0.401717	0.164575	0.229759	0.203949	1.117427	1.54641	3.728966	0.832608
9978	-2637.943	-3260.148	622.2044	0.435664	0.180561	0.193208	0.190566	1.694459	1.786194	3.662931	1.139357
9984	-2635.745	-3257.633	621.8882	0.297298	0.229712	0.175176	0.297814	1.694459	1.527295	3.415845	2.375017
9990	-2645.087	-3266.55	621.4633	0.347351	0.227403	0.204668	0.220577	1.430243	1.409754	4.527109	0.9617011
9996	-2652.089	-3272.109	620.0205	0.455682	0.275464	0.102656	0.166198	1.433452	1.613338	4.742798	1.928633
10002	-2625.151	-3247.67	622.5191	0.309701	0.129758	0.304132	0.256409	1.516516	1.614908	2.733858	3.295396
10008	-2631.125	-3254.92	623.7944	0.241873	0.160063	0.397811	0.200253	1.174254	1.591025	2.871593	1.587083
10014	-2618.991	-3241.514	622.523	0.330861	0.158466	0.202299	0.308374	1.421726	1.587708	3.480619	1.613661
10020	-2617.082	-3237.853	620.7708	0.367648	0.251263	0.120206	0.260884	1.421726	1.632941	4.457815	1.613661
10026	-2642.398	-3263.932	621.5336	0.336062	0.391132	0.125743	0.147063	1.162342	1.49769	4.347476	1.388908
10032	-2637.166	-3258.096	620.9301	0.459312	0.0634228	0.101324	0.375941	1.535656	1.577863	3.82355	2.896754
10038	-2639.359	-3259.687	620.3275	0.42284	0.150544	0.238198	0.188417	1.535656	1.29244	5.04728	1.197126
10044	-2650.325	-3269.499	619.1745	0.546546	0.036787	0.173127	0.24354	1.573481	1.377572	5.463309	1.511081
10050	-2656.879	-3278.13	621.2512	0.425386	0.0731184	0.202496	0.298999	1.249876	1.346311	4.773355	0.9608829
10056	-2649.957	-3269.559	619.6027	0.347113	0.12975	0.280862	0.242274	1.31237	1.386229	4.917781	2.548754
10062	-2622.357	-3244.591	622.2335	0.355321	0.218793	0.192254	0.233632	1.391749	1.523568	3.658167	1.704553
10068	-2634.814	-3256.492	621.6775	0.383204	0.186624	0.205342	0.22483	1.520222	1.457154	3.554328	2.660532
10074	-2608.138	-3229.212	621.0733	0.358267	0.22749	0.250306	0.163938	1.643116	1.570376	4.329363	1.380357
10080	-2630.139	-3250.865	620.7265	0.359339	0.123189	0.353043	0.164429	1.658173	1.44988	4.644801	1.264125
10086	-2640.349	-3263.166	622.8162	0.346735	0.307604	0.0940461	0.251616	1.350375	1.557207	3.649876	1.07215
10092	-2640.393	-3263.493	623.0996	0.394483	0.176894	0.142358	0.286265	1.297666	1.709237	3.424202	1.07215
10098	-2630.273	-3253.212	622.9394	0.458338	0.209893	0.196015	0.135755	1.608777	1.801149	3.454536	0.8198408
10104	-2631.316	-3252.785	621.4685	0.470875	0.215634	0.0990662	0.214425	1.249902	1.680282	3.71589	2.581044
10110	-2640.886	-3262.774	621.8878	0.451824	0.20691	0.108862	0.232405	1.36178	1.675562	3.863309	1.542179
10116	-2661.53	-3284.985	623.4554	0.357245	0.0745159	0.338098	0.230141	1.08499	1.848294	2.995583	1.542179
10122	-2651.61	-3273.323	621.7126	0.46708	0.0656745	0.253645	0.213601	1.349145	1.652	3.631959	2.340389
10128	-2641.131	-3263.099	621.9682	0.455687	0.0670392	0.282259	0.195015	1.4937	1.558424	3.727952	1.729657
10134	-2653.44	-3274.4	620.9604	0.582052	0.0123087	0.350057	0.0555823	2.361866	1.80398	3.306395	2.898605
10140	-2629.708	-3254.002	624.2932	0.496386	0.0254388	0.352282	0.125894	1.518195	1.721822	2.199234	1.754752
10146	-2656.638	-3280.303	623.665	0.475564	0.163342	0.240482	0.120613	1.481538	1.843294	2.67828	1.487483
10152	-2643.469	-3265.942	622.4735	0.396109	0.189752	0.264935	0.149205	0.9777434	1.556953	3.258228	2.841656
10158	-2658.289	-3280.759	622.4708	0.424053	0.104005	0.365253	0.10669	1.657135	1.556953	3.901162	0.7256669
10164	-2647.217	-3269.284	622.0667	0.451532	0.0928107	0.325942	0.129716	1.629313	1.548478	4.302455	0.4659113
10170	-2623.838	-3247.332	623.4948	0.459844	0.0761107	0.331942	0.132104	1.059938	1.449846	3.523831	0.9907725
10176	-2646.341	-3270.888	624.5471	0.387805	0.141122	0.336969	0.134105	1.207134	1.455354	3.111252	0.5109443
10182	-2647.861	-3268.811	620.9493	0.413521	0.044603	0.359314	0.182561	1.230301	1.380922	4.283942	2.347038
10188	-2636.051	-3257.665	621.6145	0.543094	0.0585789	0.288772	0.109555	1.428658	1.540308	3.43767	3.082253
10194	-2640.817	-3264.119	623.3021	0.420294	0.0743229	0.366383	0.139	1.068002	1.451661	3.886774	0.5637511
10200	-2626.291	-3248.444	622.1531	0.437895	0.065613	0.35167	0.144821	1.562612	1.591747	4.077631	0.7760877
10206	-2650.39	-3270.445	620.0555	0.436701	0.0681607	0.350712	0.144426	1.708607	1.507429	3.937218	3.987833
10212	-2627.598	-3251.149	623.551	0.359157	0.279562	0.0477535	0.313528	1.545676	1.707971	3.009077	1.104853
10218	-2631.201	-3253.927	622.7258	0.49431	0.231793	0.0139431	0.259955	1.422826	1.628341	3.286271	1.719316
10224	-2659.143	-3280.709	621.5662	0.243603	0.293189	0.0750662	0.388142	1.463926	1.562969	4.394916	0.9116584
10230	-2628.908	-3248.723	619.815	0.370175	0.343587	0.0463869	0.239851	1.52293	1.51129	4.795254	2.110444
10236	-2646.523	-3268.688	622.1648	0.372685	0.345916	0.039923	0.241476	1.467765	1.490787	4.049448	0.9899692
10242	-2631.822	-3253.474	621.652	0.376939	0.11375	0.28878	0.220531	1.57017	1.637503	4.198183	1.006821
10248	-2651.745	-3272.52	620.7751	0.41516	0.125284	0.318063	0.141494	2.120383	1.592056	4.396172	1.151084
10254	-2635.552	-3256.575	621.0227	0.366026	0.324905	0.0306116	0.278458	1.916104	1.579353	3.990608	1.885756
10260	-2658.002	-3281.524	623.5221	0.340822	0.248558	0.0883736	0.322246	1.15513	1.841005	2.655035	2.090648
10266	-2643.767	-3267.541	623.7738	0.315123	0.229816	0.157113	0.297948	1.452154	1.711301	2.655035	1.58892
10272	-2645.564	-3267.356	621.7923	0.340186	0.220567	0.117602	0.321645	1.452154	1.815491	2.662121	4.680926
10278	-2637.669	-3261.764	624.0953	0.434029	0.202444	0.0928323	0.270695	1.106346	1.750032	2.586555	1.672327
10284	-2657.153	-3280.371	623.2173	0.392617	0.222946	0.129411	0.255026	1.540344	1.776391	2.497136	2.484985
10290	-2656.149	-3278.917	622.7685	0.487305	0.105507	0.0585304	0.348658	1.479438	1.716264	2.682825	2.894677
10296	-2628.371	-3251.325	622.9541	0.534575	0.0512455	0.0317006	0.382479	1.366413	1.702218	2.425755	3.486186
10302	-2634.99	-3256.263	621.2732	0.623634	0.00898775	0.0490381	0.31834	1.426595	1.725977	2.74693	5.8564
10308	-2653.818	-3275.674	621.8565	0.55639	0.0333578	0.0889036	0.321349	1.419288	1.734535	2.47228	5.500829
10314	-2652.99	-3275.394	622.4036	0.609364	0.0341214	0.0973681	0.259146	1.497578	1.606981	3.083025	2.57396
10320	-2657.148	-3280.263	623.115	0.639682	0.0209005	0.100574	0.238843	1.637317	1.869739	2.388918	2.636747
10326	-2644.016	-3268.656	624.6398	0.337696	0.308363	0.182595	0.171346	1.606684	1.882924	1.981887	1.453746
10332	-2637.736	-3263.408	625.672	0.349413	0.21276	0.244773	0.193054	0.9895882	1.842715	1.783003	1.303963
10338	-2657.483	-3283.782	626.2989	0.351081	0.218406	0.318079	0.112433	1.19836	1.921941	1.738073	0.4642222
10344	-2622.661	-3249.534	626.8729	0.540401	0.124181	0.248874	0.0865437	0.8060114	1.947545	1.676013	0.2041847
10350	-2632.374	-3259.335	626.961	0.369626	0.101154	0.348678	0.180542	0.8955382	1.985814	1.516358	0.2041847
10356	-2622.639	-3249.422	626.7828	0.434814	0.118994	0.290052	0.156141	1.151433	1.985814	1.466009	0.2195902
10362	-2644.132	-3270.565	626.4333	0.614139	0.137038	0.14936	0.0994625	1.079717	2.011582	1.718508	0.1711089
10368	-2635.709	-3262.392	626.6824	0.564612	0.125987	0.21796	0.0914414	1.182633	2.009244	1.466128	0.1711089
10374	-2635.145	-3261.769	626.624	0.578764	0.0998225	0.18155	0.139863	1.486667	2.122697	1.211345	0.1790212
10380	-2634.257	-3261.361	627.1039	0.468557	0.205279	0.178528	0.147635	0.7674326	1.903046	1.579966	0.2300008
10386	-2625.892	-3252.73	626.8374	0.541549	0.101295	0.195493	0.161664	0.7343034	1.903046	1.713467	0.141981
10392	-2629.609	-3256.57	626.9618	0.592946	0.0916323	0.172649	0.142773	0.7343034	1.83546	1.708285	0.162581
10398	-2630.28	-3257.257	626.9774	0.428823	0.128578	0.24226	0.200339	0.8169572	1.972356	1.584118	0.2319097
10404	-2663.593	-3290.543	626.951	0.334306	0.324379	0.2574	0.0839146	0.8783562	1.974141	1.527134	0.1799386
10410	-2652.794	-3274.063	621.2698	0.512115	0.136303	0.0323594	0.319222	1.532505	1.649178	3.439123	3.331322
10416	-2624.082	-3245.254	621.1719	0.568863	0.0929118	0.127783	0.210442	1.57618	1.625351	3.65216	2.853269
10422	-2639.551	-3264.696	625.1452	0.412539	0.140168	0.380956	0.0663374	1.132366	1.604634	2.803787	0.202958
10428	-2652.615	-3276.875	624.2602	0.519378	0.151912	0.2569	0.0718105	1.132366	1.604634	3.338133	0.2180435
10434	-2641.848	-3266.037	624.1888	0.519715	0.112916	0.208005	0.159364	1.115785	1.687405	2.755192	1.309387
10440	-2636.256	-3260.323	624.0675	0.549182	0.124542	0.219086	0.10719	1.03712	1.849148	2.317249	2.230321
10446	-2635.715	-3257.292	621.5771	0.503409	0.112021	0.193262	0.191309	1.363296	1.883103	3.363168	2.882339
10452	-2638.644	-3258.896	620.252	0.456544	0.255013	0.221446	0.0669973	0.9518172	1.229135	5.887647	0.3476913
10458	-2644.182	-3263.917	619.7352	0.3062	0.2943	0.334008	0.0654911	1.389069	1.364754	5.832393	0.4297704
10464	-2636.938	-3259.747	622.809	0.352653	0.197142	0.303418	0.146788	1.407168	1.508843	4.088718	0.2714453
10470	-2656.427	-3276.623	620.1959	0.233702	0.443381	0.0570073	0.265909	1.637857	1.58596	4.336699	2.489052
10476	-2649.6	-3271.334	621.7339	0.4137	0.222646	0.217503	0.146151	1.648522	1.696944	4.081424	1.005257
10482	-2634.01	-3256.395	622.385	0.377594	0.147864	0.386428	0.0881142	1.551853	1.433646	4.292573	0.311819
10488	-2661.353	-3285.621	624.2674	0.513134	0.200941	0.23525	0.050675	1.324966	1.730462	3.147911	0.3104019
10494	-2643.76	-3262.99	619.2301	0.364768	0.0645397	0.398901	0.171791	1.434982	1.48443	5.344314	1.718174
10500	-2647.495	-3272.27	624.7754	0.336417	0.152564	0.478481	0.0325375	0.9246905	1.453896	3.245939	0.284031
10506	-2648.285	-3272.249	623.9637	0.324825	0.170932	0.461994	0.0422493	0.6039195	1.496134	3.886174	0.2980063
10512	-2661.792	-3283.159	621.3676	0.58168	0.00903642	0.152719	0.256565	1.30836	1.587459	3.928905	2.241915
10518	-2633.561	-3255.204	621.6429	0.604848	0.00822288	0.153463	0.233467	1.443276	1.843384	3.474215	2.436497
10524	-2647.142	-3269.206	622.0643	0.43767	0.00815239	0.39145	0.162728	1.378186	1.658918	3.53714	2.031445
10530	-2655.478	-3277.869	622.3908	0.634504	0.00903736	0.176066	0.180393	1.34586	1.786282	2.896825	3.018289
10536	-2644.234	-3268.009	623.7755	0.564939	0.00952277	0.185522	0.240016	1.469234	1.812666	2.471476	1.806679
10542	-2632.928	-3257.406	624.4782	0.522147	0.00880146	0.17147	0.297582	1.526152	1.898487	2.055359	1.574317
10548	-2636.157	-3259.82	623.6638	0.522147	0.00880146	0.17147	0.297582	1.321871	1.612332	3.014928	1.284672
10554	-2634.152	-3256.668	622.5167	0.59134	0.00747571	0.184584	0.2166	1.645289	1.649935	3.293243	1.701591
10560	-2635.209	-3257.946	622.7362	0.598065	0.00819138	0.17468	0.219064	1.540362	1.583482	3.225812	1.762609
10566	-2654.984	-3277.867	622.8834	0.583442	0.0116405	0.144725	0.260192	1.535796	1.562292	3.136726	1.797852
10572	-2625.954	-3248.604	622.6501	0.571527	0.0114027	0.20743	0.20964	1.535796	1.659561	3.324133	1.576689
10578	-2631.865	-3254.088	622.2229	0.562068	0.00182664	0.168702	0.267403	1.732038	1.721735	3.023449	2.528251
10584	-2624.08	-3245.827	621.7478	0.536015	0.00229868	0.312323	0.149363	1.732038	1.716579	3.58301	1.872935
10590	-2646.549	-3268.431	621.8824	0.506593	0.00738031	0.344862	0.141165	1.571905	1.77446	3.590981	1.778817
10596	-2663.82	-3285.856	622.0364	0.564761	0.0192996	0.186298	0.229642	1.571905	1.606752	3.672464	1.623049
10602	-2640.369	-3259.451	619.0818	0.504198	0.0173334	0.214593	0.263876	1.577406	1.410095	4.572202	4.10684
10608	-2643.027	-3264.869	621.8422	0.483705	0.0234593	0.271959	0.220876	1.78797	1.697827	2.295904	5.552522
10614	-2646.461	-3269.538	623.0772	0.516448	0.021461	0.291911	0.170179	1.438375	1.753854	2.314982	3.370514
10620	-2654.002	-3276.175	622.1735	0.463556	0.0334199	0.31777	0.185254	1.697732	1.741789	2.540111	4.012608
10626	-2642.114	-3263.833	621.7191	0.5869	0.0202079	0.115123	0.277768	1.697732	1.716065	2.538798	5.05386
10632	-2639.321	-3261.441	622.1198	0.574897	0.0197947	0.117524	0.287784	1.723269	1.657096	2.834897	3.32902
10638	-2641.773	-3263.684	621.9119	0.473312	0.0259659	0.123219	0.377504	2.994292	1.844363	2.194735	3.628962
10644	-2638.219	-3262.803	624.5841	0.442991	0.00797001	0.446504	0.102534	1.350901	1.844363	2.137343	1.547551
10650	-2654.707	-3279.307	624.5996	0.462147	0.00831465	0.458837	0.0707011	0.9955696	1.811187	2.182313	1.901557
10656	-2659.786	-3285.037	625.2512	0.449305	0.0106157	0.449812	0.0902671	0.9916972	1.782925	2.020177	1.448139
10662	-2661.063	-3282.081	621.019	0.457433	0.0940237	0.292834	0.155709	2.050956	1.431765	4.097492	1.711945
10668	-2660.312	-3280.038	619.7264	0.383271	0.125009	0.321022	0.170698	2.308389	1.486976	4.183704	3.012395
10674	-2664.191	-3285.848	621.6571	0.383903	0.139543	0.358343	0.118211	0.7387747	1.402482	4.363996	1.832112
10680	-2651.161	-3272.938	621.7768	0.240002	0.302467	0.39329	0.0642413	0.6417825	1.538728	4.49061	1.380806
10686	-2649.073	-3271.035	621.962	0.23957	0.277342	0.36062	0.122468	0.4146214	1.431442	4.970906	0.6635814
10692	-2635.73	-3257.468	621.7372	0.317179	0.423085	0.194221	0.0655146	0.7016822	1.492782	4.448544	1.490948
10698	-2650.158	-3273.457	623.2994	0.389955	0.283	0.271813	0.0552323	0.6463486	1.617166	3.635941	1.262495
10704	-2639.963	-3262.403	622.4402	0.300447	0.338817	0.215651	0.145085	0.543825	1.66047	3.719144	2.225925
10710	-2656.901	-3279.745	622.8435	0.283995	0.296136	0.268048	0.151821	0.5943721	1.697686	3.356415	2.41297
10716	-2655.818	-3280.174	624.3557	0.351387	0.268353	0.198979	0.181282	0.5923969	1.651355	2.956721	1.39246
10722	-2639.281	-3263.543	624.262	0.29491	0.365114	0.177899	0.162077	0.5117456	1.84877	2.263192	2.890973
10728	-2635.488	-3260.429	624.9418	0.302962	0.276138	0.281747	0.139153	0.5318178	1.736048	2.65913	1.261474
10734	-2647.04	-3273.062	626.0226	0.396766	0.361638	0.12784	0.113756	0.4700417	1.901469	1.943303	1.190234
10740	-2658.726	-3284.603	625.8771	0.382538	0.286028	0.104962	0.226472	1.205834	1.966371	1.619881	0.9822698
10746	-2640.775	-3264.331	623.556	0.372645	0.296154	0.0336432	0.297558	1.201654	1.866404	2.773652	1.705955
10752	-2638.317	-3262.005	623.6889	0.406561	0.283071	0.0259543	0.284414	1.155426	1.827709	2.246438	2.827435
10758	-2634.63	-3258.884	624.2535	0.378445	0.232713	0.0432642	0.345579	2.375919	1.88808	1.799108	1.5335
10764	-2652.056	-3275.952	623.8958	0.363002	0.292618	0.0648369	0.279543	1.8471	1.894273	2.111778	1.868622
10770	-2632.175	-3256.87	624.6953	0.399595	0.275808	0.0611123	0.263484	1.25755	1.778585	2.089891	1.682327
10776	-2651.223	-3273.108	621.8847	0.396514	0.273681	0.0541351	0.275669	3.07199	1.778585	2.500309	2.869622
10782	-2635.955	-3257.924	621.9691	0.389089	0.0155738	0.353122	0.242215	1.811013	1.724141	2.942667	3.043867
10788	-2628.079	-3250.191	622.1113	0.469478	0.0284214	0.426081	0.0760195	1.363929	1.529756	3.509624	2.226988
10794	-2643.311	-3265.715	622.404	0.507989	0.0918603	0.183619	0.216531	1.377929	1.769582	3.229963	2.1311
10800	-2621.999	-3242.011	620.0124	0.557948	0.0971152	0.116019	0.228918	2.068599	1.725631	4.205927	2.397193
10806	-2617.537	-3239.256	621.7191	0.304281	0.380488	0.0318465	0.283385	1.474097	1.644914	4.125995	1.144564
10812	-2631.875	-3255.093	623.2179	0.445016	0.307009	0.0193166	0.228658	1.334118	1.615622	3.49021	0.9018657
10818	-2611.1	-3232.206	621.1063	0.358532	0.279609	0.0449714	0.316888	1.334118	1.517062	4.536604	1.292193
10824	-2618.113	-3240.175	622.0618	0.404511	0.246517	0.0452714	0.303701	1.582803	1.50423	4.162296	0.788487
10830	-2630.548	-3251.82	621.2726	0.267525	0.478093	0.0260833	0.228299	1.81237	1.391727	4.49161	0.9158149
10836	-2646.528	-3267.113	620.5847	0.224035	0.4901	0.0267383	0.259126	1.453568	1.479697	4.829835	1.21554
10842	-2637.315	-3259.319	622.0039	0.311497	0.299421	0.0163355	0.372747	1.960944	1.678265	3.720996	1.1377
10848	-2652.381	-3274.002	621.6212	0.415496	0.335589	0.0964124	0.152502	1.175499	1.71502	3.917201	1.919995
10854	-2639.373	-3262.406	623.0328	0.408936	0.112957	0.21757	0.260537	1.143355	1.603289	3.198351	1.87574
10860	-2646.357	-3266.592	620.2358	0.371046	0.0228024	0.246856	0.359295	1.786636	1.726843	3.943754	3.112703
10866	-2645.851	-3266.128	620.2773	0.52264	0.0268224	0.249046	0.201492	1.172464	1.742451	3.163168	7.301997
10872	-2631.373	-3253.263	621.8899	0.540661	0.0307669	0.369907	0.0586653	1.172464	1.713214	3.413359	2.798123
10878	-2629.09	-3249.595	620.5049	0.541619	0.0681001	0.159712	0.230569	1.341791	1.526056	4.068721	3.268571
10884	-2631.076	-3255.21	624.1334	0.365773	0.137433	0.325362	0.171432	0.9677374	1.725859	2.688078	1.622445
10890	-2636.384	-3261.314	624.9292	0.372253	0.195259	0.340966	0.0915212	1.549822	1.733709	2.616281	0.3379138
10896	-2655.607	-3281.1	625.4935	0.345513	0.196832	0.373984	0.0836716	0.9771646	1.600754	2.667988	0.3605829
10902	-2651.501	-3276.216	624.7158	0.233452	0.186154	0.523861	0.0565342	0.9953338	1.738766	2.620554	1.055733
10908	-2659.547	-3283.721	624.1742	0.399442	0.0864313	0.271973	0.242154	1.31659	1.773571	2.414147	1.642869
10914	-2628.633	-3251.227	622.5941	0.496137	0.0570845	0.286845	0.159933	1.299116	1.696383	2.389062	4.446636
10920	-2650.774	-3274.077	623.3028	0.436198	0.0745944	0.369846	0.119362	1.299116	1.564086	3.10893	1.595106
10926	-2636.82	-3260.567	623.7463	0.574674	0.0848594	0.153537	0.186929	1.021174	1.573906	3.132115	1.334881
10932	-2638.797	-3263.058	624.2611	0.358787	0.0832206	0.347797	0.210195	1.021174	1.62573	2.564887	1.767541
10938	-2655.657	-3279.265	623.6082	0.369803	0.218684	0.109167	0.302346	1.56941	1.529871	3.112746	1.030692
10944	-2640.68	-3264.226	623.5464	0.462621	0.120547	0.21485	0.201982	1.245779	1.543451	2.959469	1.686841
10950	-2649.169	-3273.029	623.8605	0.510003	0.0766669	0.236855	0.176475	0.9587711	1.527615	2.749161	2.110829
10956	-2657.624	-3282.62	624.9963	0.457301	0.119115	0.339687	0.0838978	0.7533959	1.740613	2.409964	1.380131
10962	-2645.333	-3268.211	622.8778	0.582787	0.0746431	0.212864	0.129706	1.127589	1.628799	2.681201	3.41537
10968	-2655.424	-3278.721	623.2967	0.499897	0.0378137	0.329719	0.132571	1.191099	1.630689	2.910483	2.066832
10974	-2648.975	-3270.416	621.441	0.427325	0.014105	0.281853	0.276717	1.387255	1.585421	3.041568	4.70968
10980	-2638.179	-3262.011	623.8324	0.520673	0.00854069	0.254456	0.216331	1.302144	1.804153	2.356074	2.183566
10986	-2654.802	-3278.334	623.5318	0.606404	0.016216	0.12543	0.25195	1.173589	1.811788	2.211282	3.17869
10992	-2631.51	-3253.934	622.4243	0.557873	0.00791512	0.202425	0.231787	1.381884	1.516022	3.301863	2.282455
10998	-2653.664	-3275.122	621.458	0.576858	0.00231314	0.251607	0.169222	1.381884	1.522853	3.336703	3.783886
11004	-2645.47	-3267.751	622.2803	0.455961	0.00197309	0.389999	0.152067	1.365953	1.567143	3.443261	2.095811
11010	-2645.903	-3268.923	623.02	0.493637	0.00855721	0.341681	0.156125	1.174267	1.595867	3.344781	1.558288
11016	-2642.843	-3265.878	623.0351	0.486744	0.0232044	0.336909	0.153142	1.008918	1.502854	3.344781	1.852118
11022	-2637.763	-3260.62	622.8567	0.455637	0.0310819	0.365221	0.14806	1.213331	1.687732	2.708479	3.127094
11028	-2629.849	-3252.639	622.7902	0.449112	0.139632	0.170714	0.240542	1.2411	1.682698	2.674703	3.302131
11034	-2631.465	-3256.012	624.5466	0.310444	0.236058	0.155542	0.297956	1.493445	1.851441	1.960768	1.755331
11040	-2643.771	-3268.295	624.5237	0.32129	0.203736	0.134245	0.340729	1.054103	2.047467	1.768741	2.455729
11046	-2646.51	-3270.459	623.9491	0.233464	0.346718	0.142277	0.277542	1.696209	1.962963	2.256528	1.590548
11052	-2642.416	-3265.814	623.3973	0.393995	0.117989	0.196612	0.291405	1.696209	1.759183	2.475749	2.114529
11058	-2630.726	-3254.956	624.2301	0.596826	0.030512	0.239738	0.132925	1.126869	1.874851	2.033752	2.463013
11064	-2639.497	-3264.228	624.7312	0.514854	0.0376805	0.197242	0.250224	1.00554	1.87072	1.777432	2.463013
11070	-2645.591	-3269.526	623.9352	0.521589	0.0371574	0.194504	0.24675	1.318252	1.733828	2.612463	1.594315
11076	-2642.488	-3266.443	623.9552	0.525233	0.0396437	0.195863	0.23926	1.285	1.676404	2.654388	1.594315
11082	-2623.956	-3246.6	622.6447	0.629411	0.0207811	0.115676	0.234131	1.432314	1.53548	3.490584	1.500625
11088	-2643.062	-3266.193	623.1307	0.513643	0.0158101	0.330841	0.139707	1.432314	1.619058	2.868166	2.10421
11094	-2642.509	-3265.407	622.898	0.473011	0.0207575	0.328507	0.177725	1.216247	1.653621	3.056019	2.218277
11100	-2642.525	-3265.348	622.8222	0.367839	0.122689	0.371264	0.138209	1.227535	1.573109	3.607681	1.243393
11106	-2649.064	-3274.752	625.6885	0.259259	0.140281	0.437569	0.162892	0.9239147	1.530581	2.481404	0.6029066
11112	-2650.572	-3274.862	624.2896	0.128555	0.439424	0.352397	0.0796246	0.4640891	1.626255	3.617431	0.4911294
11118	-2629.389	-3254.816	625.4268	0.331266	0.340026	0.272684	0.0560243	0.5546119	1.598339	3.002979	0.2833738
11124	-2639.034	-3264.925	625.8908	0.133565	0.419271	0.411984	0.0351801	0.3895196	1.651052	2.769151	0.3389386
11130	-2636.331	-3259.846	623.5146	0.25816	0.297139	0.378721	0.0659805	0.5126258	1.553194	3.855529	0.8625351
11136	-2646.077	-3268.779	622.7024	0.345361	0.257329	0.327981	0.0693289	0.9264272	1.552849	3.540421	1.892626
11142	-2645.415	-3267.672	622.2564	0.305532	0.453119	0.119271	0.122078	1.260127	1.392707	3.73084	1.831968
11148	-2626.898	-3248.511	621.6123	0.323635	0.279617	0.269765	0.126983	1.760618	1.55422	4.161918	1.037177
11154	-2635.113	-3256.526	621.4129	0.429113	0.0941286	0.27889	0.197868	1.096992	1.268848	4.161918	2.333756
11160	-2630.135	-3253.571	623.4359	0.289486	0.055701	0.513927	0.140886	0.8692367	1.386958	3.937155	0.6052997
11166	-2643.221	-3268.342	625.1205	0.447319	0.0506817	0.476735	0.0252644	0.7983969	1.565314	3.026961	0.3614406
11172	-2619.919	-3245.097	625.1779	0.388075	0.167411	0.409639	0.0348744	1.061706	1.606634	2.83344	0.2337705
11178	-2622.419	-3247.491	625.0724	0.341084	0.12823	0.495595	0.0350912	1.084286	1.528636	2.931119	0.2700021
11184	-2620.924	-3245.064	624.1398	0.406091	0.181609	0.33116	0.0811408	1.420656	1.494108	3.321626	0.2611135
11190	-2642.297	-3265.441	623.1434	0.412068	0.0897016	0.336034	0.162196	1.043009	1.582481	3.216984	1.845437
11196	-2650.159	-3272.183	622.0239	0.482346	0.162392	0.165404	0.189858	1.637138	1.613806	3.549621	1.823965
11202	-2645.585	-3266.15	620.5658	0.542625	0.0148675	0.19029	0.252217	1.664452	1.462668	4.456705	1.823965
11208	-2641.956	-3262.728	620.7723	0.463984	0.00670167	0.316458	0.212856	1.538607	1.562495	4.062553	2.509465
11214	-2648.925	-3270.167	621.2419	0.573999	0.00866847	0.17773	0.239603	1.514743	1.357387	4.479347	1.2559
11220	-2628.084	-3251.394	623.3096	0.511126	0.00120496	0.356525	0.131144	1.529105	1.78015	2.986348	1.340861
11226	-2645.641	-3268.092	622.4514	0.511126	0.00120496	0.356525	0.131144	2.058914	1.738788	2.986348	1.915406
11232	-2625.661	-3246.413	620.7522	0.550846	0.00129859	0.12084	0.327015	2.058914	1.588349	3.279422	4.156649
11238	-2630.11	-3249.226	619.1162	0.486766	0.00179977	0.22102	0.290414	1.529816	1.60713	4.112792	5.499869
11244	-2631.479	-3254.56	623.0811	0.439521	0.332775	0.127806	0.0998986	0.9994671	1.564462	3.113821	2.245601
11250	-2644.896	-3265.335	620.4387	0.232604	0.451385	0.192503	0.123509	1.133915	1.585676	4.091693	3.557835
11256	-2636.975	-3257.794	620.8196	0.253923	0.283967	0.333298	0.128812	1.00458	1.601124	3.937801	3.557835
11262	-2630.938	-3251.675	620.7375	0.260184	0.449824	0.195497	0.0944954	0.7181636	1.493657	5.234179	1.030136
11268	-2647.592	-3267.951	620.359	0.197004	0.257114	0.304557	0.241325	0.7280335	1.52101	5.091808	1.694168
11274	-2644.363	-3264.812	620.4494	0.436961	0.182982	0.223175	0.156882	1.334344	1.465129	4.857168	1.443564
11280	-2630.769	-3250.611	619.8422	0.473553	0.128513	0.177625	0.22031	2.310972	1.490093	3.851766	3.844741
11286	-2648.502	-3270.7	622.198	0.403791	0.315859	0.0740911	0.206259	1.454202	1.659493	3.633953	1.567364
11292	-2658.061	-3280.796	622.7351	0.132793	0.615284	0.02093	0.230993	1.563236	1.798218	3.48703	1.005507
11298	-2648.637	-3272.064	623.427	0.220234	0.599978	0.00434731	0.175441	1.115866	1.544996	3.430247	1.06972
11304	-2640.257	-3263.426	623.1688	0.428622	0.289911	0.0116407	0.269826	1.62535	1.552023	3.172863	1.313753
11310	-2639.972	-3261.226	621.2544	0.255654	0.196541	0.366769	0.181035	1.479729	1.412145	4.491854	1.192696
11316	-2640.068	-3261.3	621.2323	0.371782	0.375866	0.101337	0.151015	1.374173	1.449651	4.491854	1.275844
11322	-2639.369	-3262.634	623.264	0.416503	0.185837	0.167357	0.230303	1.402646	1.57882	3.53866	0.7541253
11328	-2625.409	-3248.447	623.0378	0.439908	0.140086	0.176762	0.243245	1.402646	1.682226	3.525935	0.8929154
11334	-2643.931	-3267.122	623.1904	0.421233	0.144757	0.182655	0.251355	1.561501	1.762228	3.250455	0.9905939
11340	-2646.062	-3269.58	623.5177	0.373744	0.279491	0.192419	0.154347	0.971107	1.890376	3.304213	0.9905939
11346	-2670.421	-3292.306	621.8859	0.426631	0.21055	0.192919	0.1699	1.458534	1.655139	3.866296	1.462576
11352	-2665.378	-3287.864	622.4854	0.241291	0.402079	0.139978	0.216652	0.7763637	1.632303	3.813204	1.668907
11358	-2660.104	-3282.828	622.7242	0.366117	0.220983	0.278798	0.134102	0.8359296	1.608995	3.684128	1.603609
11364	-2623.629	-3248.688	625.0591	0.339686	0.192659	0.457231	0.0104241	0.5807703	1.570294	3.22271	0.2240551
11370	-2637.955	-3261.707	623.7513	0.488074	0.18872	0.267087	0.0561186	1.220725	1.427804	3.693049	0.2596838
11376	-2639.425	-3264.939	625.5143	0.358536	0.236474	0.334671	0.0703188	0.7523262	1.739568	2.712767	0.3602889
11382	-2628.291	-3252.146	623.8549	0.351282	0.174577	0.396765	0.0773752	0.8573692	1.527145	3.68284	0.5032959
11388	-2650.106	-3272.314	622.2079	0.347168	0.315827	0.271053	0.0659519	0.5529204	1.554851	4.488666	1.0098
11394	-2630.568	-3253.147	622.5788	0.304091	0.272074	0.245947	0.177888	1.025323	1.857833	3.65468	1.322369
11400	-2642.194	-3263.974	621.7796	0.223638	0.332896	0.325176	0.118289	1.184927	1.599778	4.130866	1.40305
11406	-2641.826	-3263.304	621.4782	0.317467	0.152099	0.385233	0.145202	1.659244	1.537634	4.073382	1.454591
11412	-2648.194	-3269.434	621.2396	0.436986	0.272892	0.0902541	0.199868	1.507689	1.354389	4.378252	1.468197
11418	-2643.831	-3262.079	618.2472	0.362957	0.226662	0.0749643	0.335417	1.507689	1.493286	5.198024	3.503152
11424	-2658.227	-3277.427	619.2004	0.200298	0.428237	0.107411	0.264054	1.781169	1.317877	5.280106	1.746624
11430	-2665.498	-3289.868	624.3701	0.182714	0.349029	0.252667	0.21559	0.8744557	1.959977	2.789734	1.027023
11436	-2632.044	-3255.907	623.8629	0.258934	0.494629	0.0866419	0.159795	1.285385	1.668371	2.886408	1.275647
11442	-2654.301	-3276.172	621.8712	0.320225	0.203695	0.278461	0.19762	0.7777086	1.619667	3.636484	3.004615
11448	-2661.506	-3284.751	623.2452	0.322221	0.204965	0.280198	0.192616	0.7777086	1.774307	3.235476	1.777581
11454	-2638.552	-3261.269	622.717	0.43158	0.274528	0.071613	0.22228	1.320036	1.752286	2.982777	2.374027
11460	-2629.787	-3251.473	621.6866	0.373065	0.20316	0.231633	0.192142	1.46792	1.58301	3.612566	2.374027
11466	-2648.721	-3270.02	621.2993	0.347424	0.373378	0.100261	0.178937	1.594798	1.677113	3.951075	1.824995
11472	-2646.993	-3268.338	621.345	0.297164	0.319363	0.0857566	0.297716	1.594798	1.704079	3.650941	2.441499
11478	-2642.411	-3264.374	621.9635	0.526897	0.223136	0.0419544	0.208012	1.590087	1.801453	3.650941	1.505026
11484	-2638.544	-3260.862	622.3183	0.331737	0.337771	0.0474988	0.282993	1.163836	1.814422	3.860406	1.122162
11490	-2651.661	-3274.228	622.5671	0.295319	0.43969	0.0552247	0.209766	1.768235	1.91965	3.201591	1.390423
11496	-2647.064	-3269.728	622.6642	0.338642	0.295428	0.138607	0.227323	1.768235	1.840139	3.442618	0.9423953
11502	-2632.85	-3254.785	621.935	0.329239	0.289459	0.137555	0.243748	1.177401	1.554241	4.302007	0.9759076
11508	-2630.064	-3251.063	620.999	0.42531	0.194794	0.192295	0.187601	1.787954	1.439396	4.386476	1.365512
11514	-2627.446	-3248.538	621.0914	0.428773	0.18315	0.1808	0.207277	1.725024	1.564572	4.386476	1.184416
11520	-2592.743	-3214.943	622.2003	0.352782	0.164065	0.291612	0.19154	1.309412	1.663341	3.902708	1.184416
11526	-2596.804	-3217.539	620.7348	0.31954	0.182239	0.32473	0.173491	1.701471	1.561403	4.580963	1.219638
11532	-2620.677	-3239.531	618.8541	0.478261	0.144919	0.233008	0.143812	1.289636	1.354903	4.912875	3.959744
11538	-2627.617	-3247.063	619.4452	0.542452	0.0753125	0.103128	0.279108	2.10419	1.515485	4.818295	1.929381
11544	-2621.938	-3244.548	622.6102	0.400911	0.17506	0.114403	0.309625	1.442454	1.31277	3.733133	1.309511
11550	-2622.748	-3244.345	621.5977	0.374236	0.31387	0.0228705	0.289024	1.442454	1.618487	4.169194	1.249945
11556	-2626.745	-3248.196	621.4512	0.382163	0.241046	0.0804524	0.296338	2.319475	1.54918	3.785032	1.47774
11562	-2669.015	-3290.421	621.4054	0.40745	0.256996	0.019608	0.315947	1.947947	1.481677	4.148397	1.199518
11568	-2651.238	-3273.653	622.415	0.457267	0.21219	0.0308559	0.299687	1.853473	1.654134	3.515516	1.190008
11574	-2633.624	-3254.22	620.5963	0.457267	0.21219	0.0308559	0.299687	1.351039	1.540445	4.489136	1.958482
11580	-2649.492	-3268.784	619.2922	0.439281	0.284934	0.0296422	0.246142	2.061639	1.454605	4.94253	1.958482
11586	-2623.592	-3243.26	619.6683	0.45368	0.22529	0.0306138	0.290415	1.965554	1.630473	4.728146	1.83455
11592	-2621.656	-3241.192	619.5364	0.426224	0.0597561	0.201116	0.312904	2.45677	1.619342	4.522945	2.042442
11598	-2632.113	-3253.634	621.5205	0.442579	0.0535731	0.404758	0.0990896	1.457267	1.465688	4.263517	1.304998
11604	-2651.035	-3271.013	619.9779	0.475254	0.0568482	0.14714	0.320758	1.274614	1.506903	4.649603	2.577716
11610	-2656.799	-3276.316	619.5177	0.386303	0.164674	0.195951	0.253072	1.058093	1.631065	3.914777	6.419461
11616	-2655.257	-3278.317	623.0599	0.260853	0.126565	0.28102	0.331563	1.058093	1.574501	3.279639	1.808047
11622	-2641.385	-3264.593	623.2074	0.356539	0.0503702	0.384104	0.208987	1.653192	1.63963	3.060311	1.357524
11628	-2649.009	-3269.901	620.8916	0.418023	0.0343521	0.302598	0.245027	1.476798	1.51808	3.679001	3.595429
11634	-2656.643	-3279.289	622.6456	0.485351	0.0686446	0.1445	0.301504	1.131167	1.662977	3.018209	2.800236
11640	-2661.06	-3283.243	622.1827	0.508717	0.172065	0.236877	0.0823405	0.8158506	1.490014	3.35735	3.45221
11646	-2642.399	-3264.215	621.8159	0.4343	0.19351	0.227679	0.14451	1.437633	1.479809	3.553683	2.525056
11652	-2635.007	-3254.811	619.8043	0.425841	0.168202	0.157142	0.248815	1.242511	1.414391	4.389032	3.89813
11658	-2637.792	-3258.495	620.7036	0.492743	0.127574	0.242641	0.137042	1.28488	1.493824	3.80921	3.89813
11664	-2630.095	-3253.27	623.1751	0.368581	0.334089	0.198562	0.0987675	0.5445057	1.610335	4.048913	0.7783449
11670	-2633.814	-3256.292	622.4782	0.303237	0.31407	0.189935	0.192758	0.5445057	1.555042	4.292326	1.097176
11676	-2655.006	-3277.935	622.9295	0.348048	0.234946	0.218002	0.199005	0.6416021	1.714623	3.796443	1.262083
11682	-2653.496	-3275.698	622.2017	0.533472	0.0488734	0.236539	0.181115	0.7134187	1.483848	3.858422	2.218897
11688	-2649.401	-3272.224	622.8228	0.357417	0.260618	0.27861	0.103354	0.7501335	1.613332	3.943983	1.08972
11694	-2613.899	-3237.322	623.4233	0.373573	0.239286	0.291204	0.0959364	0.5225592	1.724859	3.63951	1.147009
11700	-2627.675	-3250.032	622.3564	0.369704	0.247165	0.288188	0.0949428	0.5225592	1.570667	4.337866	1.147009
11706	-2624.727	-3246.158	621.4308	0.353863	0.247034	0.288036	0.111066	0.6820486	1.55001	4.775663	1.147009
11712	-2620.992	-3243.302	622.3105	0.374979	0.261775	0.223448	0.139797	0.6425684	1.55001	4.365515	1.036734
11718	-2633.744	-3253.614	619.8695	0.294475	0.382822	0.255142	0.0675601	0.8271145	1.453301	5.325121	1.732676
11724	-2644.278	-3265.821	621.5426	0.41407	0.264727	0.0872098	0.233994	2.2366	1.627681	4.146309	0.7124206
11730	-2639.898	-3260.396	620.4979	0.407257	0.347796	0.0594622	0.185485	1.794403	1.430047	4.474395	1.778706
11736	-2635.374	-3255.038	619.6638	0.368072	0.221276	0.190678	0.219973	1.303679	1.315832	5.282087	1.675685
11742	-2655.672	-3275.348	619.676	0.388967	0.233837	0.144735	0.232461	1.539181	1.441687	4.860961	2.217252
11748	-2646.583	-3267.71	621.1261	0.455851	0.141954	0.154327	0.247867	1.5843	1.444535	4.462326	1.255729
11754	-2642.906	-3265.856	622.9501	0.452812	0.14559	0.154098	0.2475	1.021344	1.478271	3.657163	1.331076
11760	-2638.784	-3256.271	617.4866	0.369858	0.0615061	0.184271	0.384366	1.90326	1.388637	5.533341	3.385409
11766	-2642.226	-3265.662	623.4362	0.413742	0.0956772	0.196256	0.294324	1.495334	1.620244	3.062498	1.26998
11772	-2629.117	-3251.375	622.2581	0.345241	0.0498188	0.359346	0.245594	1.218335	1.668644	3.070161	3.152768
11778	-2635.145	-3253.047	617.9025	0.408104	0.039009	0.244761	0.308127	1.958035	1.572108	4.873916	4.468203
11784	-2620.587	-3242.002	621.415	0.414145	0.0339163	0.284038	0.2679	1.663985	1.650727	3.580531	2.512166
11790	-2634.897	-3256.965	622.0676	0.34228	0.1379	0.266064	0.253756	1.198784	1.583091	3.948479	1.442981
11796	-2615.248	-3238.858	623.6096	0.319006	0.390588	0.12294	0.167466	1.383148	1.549527	3.278909	0.8925748
11802	-2650.223	-3274.663	624.4397	0.311539	0.370287	0.134318	0.183857	0.8845522	1.664979	2.839487	1.163942
11808	-2656.964	-3281.611	624.647	0.297896	0.354072	0.172227	0.175805	0.8845522	1.631059	2.79026	1.068309
11814	-2644.94	-3267.714	622.7744	0.404567	0.301699	0.0549757	0.238758	1.187736	1.575823	3.137566	2.349046
11820	-2653.874	-3276.056	622.1821	0.345889	0.317939	0.0901203	0.246052	1.48482	1.392583	4.220072	0.7630685
11826	-2653.443	-3274.924	621.4816	0.324135	0.40812	0.0683776	0.199367	1.168803	1.399337	4.441031	1.36477
11832	-2644.047	-3266.609	622.5622	0.252659	0.504431	0.0592646	0.183646	1.746851	1.426121	3.920038	0.6629327
11838	-2625.447	-3248.894	623.4466	0.345003	0.251111	0.210818	0.193069	1.557995	1.482866	3.63908	0.3542537
11844	-2631.036	-3255.232	624.196	0.335457	0.31096	0.184561	0.169022	0.9621807	1.407649	3.568643	0.3539327
11850	-2633.494	-3255.112	621.6182	0.328863	0.294793	0.152491	0.223853	1.336031	1.486442	4.65743	0.5982062
11856	-2604.984	-3229.436	624.4529	0.387532	0.23355	0.208861	0.170056	0.9525159	1.486877	3.401881	0.268631
11862	-2638.915	-3263.295	624.38	0.518426	0.120104	0.279407	0.0820633	1.085121	1.427132	3.401881	0.2320941
11868	-2636.98	-3262.738	625.7571	0.218958	0.375292	0.355705	0.0500451	0.7886261	1.696559	2.572915	0.3441326
11874	-2634.235	-3258.689	624.4545	0.226915	0.334897	0.232619	0.205569	0.6717693	1.633221	2.920241	1.277742
11880	-2637.746	-3262.853	625.1072	0.278309	0.186791	0.501794	0.0331052	0.5407261	1.618815	3.031956	0.5965277
11886	-2650.122	-3275.562	625.4393	0.44279	0.252741	0.256731	0.0477381	0.4033756	1.596586	3.031956	0.4160257
11892	-2645.416	-3269.695	624.2784	0.314596	0.254831	0.38244	0.0481328	0.6425859	1.632885	3.179509	1.040947
11898	-2644.65	-3270.589	625.9388	0.284602	0.275739	0.359578	0.0800815	0.5010147	1.750823	2.397231	0.7017204
11904	-2646.381	-3272.913	626.5312	0.319051	0.314008	0.347965	0.0189753	0.6408738	1.709015	2.177039	0.1887542
11910	-2637.446	-3263.256	625.81	0.392352	0.310915	0.277244	0.0194888	0.6124475	1.709015	2.667836	0.2304511
11916	-2642.956	-3268.804	625.8476	0.300859	0.259706	0.42048	0.018955	0.5217686	1.644484	2.737485	0.2976442
11922	-2615.957	-3242.207	626.2498	0.361157	0.229123	0.387358	0.0223626	0.5542706	1.644484	2.456457	0.3330233
11928	-2622.76	-3248.182	625.4224	0.245304	0.383161	0.351257	0.0202784	0.5542706	1.636697	2.885359	0.4957289
11934	-2618.218	-3243.706	625.4881	0.195614	0.432182	0.280105	0.0920993	0.5059219	1.568085	3.009105	0.3050653
11940	-2619.266	-3243.325	624.0597	0.358323	0.260483	0.339546	0.0416485	0.5787591	1.619949	3.762947	0.337327
11946	-2622.533	-3247.072	624.5392	0.225302	0.355013	0.373831	0.0458538	0.7236763	1.52423	3.454901	0.3272105
11952	-2647.787	-3273.489	625.7014	0.394582	0.154484	0.429939	0.0209946	0.6931078	1.579702	2.747765	0.3272105
11958	-2634.743	-3261.169	626.4255	0.413831	0.184681	0.382795	0.0186925	0.7400955	1.677922	2.208716	0.3032978
11964	-2627.296	-3252.602	625.3056	0.419553	0.0839176	0.406879	0.0896499	1.258591	1.770091	2.51477	0.3518233
11970	-2625.092	-3246.914	621.8227	0.418683	0.0742028	0.359777	0.147338	1.539442	1.61914	3.481571	2.361151
11976	-2645.245	-3269.36	624.1156	0.494002	0.182188	0.150362	0.173448	1.039377	1.702409	2.579478	1.801767
11982	-2626.809	-3250.881	624.0721	0.34499	0.31348	0.158591	0.18294	1.431321	1.972856	2.579478	1.123508
11988	-2646.004	-3270.062	624.0577	0.264308	0.302468	0.18712	0.246104	1.431321	1.881718	2.451302	1.462292
11994	-2622.924	-3247.041	624.116	0.30102	0.433634	0.149917	0.115429	1.512165	1.830539	2.69187	0.967493
12000	-2636.489	-3262.52	626.0309	0.395152	0.243043	0.262005	0.0997999	1.221677	1.928214	1.95064	0.3854213
12006	-2634.179	-3260.709	626.5307	0.432554	0.313054	0.207593	0.046799	0.7408966	1.698202	2.13465	0.2598153
12012	-2633.756	-3259.573	625.8164	0.49314	0.125751	0.273061	0.108048	1.29443	1.740756	2.212498	0.2305035
12018	-2642.452	-3266.82	624.3689	0.486919	0.0393814	0.392486	0.0812135	1.205323	1.667001	2.708171	1.129936
12024	-2647.33	-3269.342	622.0119	0.508073	0.0651411	0.281787	0.144999	1.232329	1.833843	2.852748	3.945914
12030	-2661.374	-3281.645	620.2706	0.396905	0.162179	0.257031	0.183885	1.568529	1.583624	4.480127	2.1043
12036	-2660.762	-3282.215	621.4528	0.222829	0.148219	0.319264	0.309689	1.22494	1.359351	4.321813	1.627504
12042	-2649.294	-3270.364	621.0699	0.237833	0.28577	0.347034	0.129363	0.5328708	1.522475	4.403089	2.703095
12048	-2654.78	-3277.341	622.5606	0.238973	0.501799	0.157729	0.101499	0.3891607	1.638233	3.202474	3.768152
12054	-2673.349	-3295.29	621.9408	0.265291	0.386562	0.175099	0.173049	1.210196	1.533049	4.280723	0.9977392
12060	-2644.514	-3266.268	621.7539	0.245322	0.357465	0.237189	0.160023	0.5502947	1.435966	4.193544	2.33357
12066	-2654.837	-3277.121	622.2838	0.132153	0.51449	0.318643	0.0347146	0.4852838	1.511738	3.955524	2.160201
12072	-2647.289	-3271.325	624.0368	0.260896	0.421389	0.203453	0.114262	0.5263182	1.600743	3.42745	1.014945
12078	-2648.632	-3273.099	624.4671	0.241887	0.390685	0.261492	0.105936	0.5149507	1.596733	3.159039	1.055806
12084	-2658.803	-3283.021	624.2185	0.23644	0.141255	0.479797	0.142507	0.8787244	1.675939	2.654561	1.757267
12090	-2642.782	-3265.866	623.0845	0.104239	0.600732	0.138676	0.156354	0.6292026	1.625481	3.800986	1.197241
12096	-2633.861	-3256.401	622.5401	0.267474	0.469421	0.127746	0.135359	0.5323268	1.63583	4.026109	1.464247
12102	-2627.193	-3251.702	624.5092	0.454624	0.0949166	0.354179	0.0962812	0.8644667	1.742884	2.333902	1.975231
12108	-2640.819	-3265.192	624.3726	0.343978	0.292302	0.290872	0.0728484	0.5599925	1.81206	2.333902	2.523442
12114	-2633.111	-3260.089	626.9774	0.363501	0.29418	0.292741	0.0495783	0.4379594	1.712482	1.954237	0.4508004
12120	-2642.389	-3268.119	625.73	0.252903	0.290412	0.166143	0.290542	0.450275	1.952514	1.817303	1.697307
12126	-2637.127	-3261.581	624.4542	0.272818	0.234536	0.179226	0.31342	1.011926	1.816616	2.312177	1.801385
12132	-2641.022	-3266.361	625.3385	0.365342	0.31112	0.123452	0.200085	0.7508267	1.822327	1.904539	1.801385
12138	-2655.605	-3280.933	625.3279	0.217863	0.193172	0.440118	0.148847	0.5137398	1.811252	2.579757	0.9377879
12144	-2652.861	-3277.846	624.985	0.319685	0.283454	0.178448	0.218413	0.4818641	1.785148	2.123002	2.260579
12150	-2656.107	-3279.842	623.7348	0.299339	0.256728	0.237537	0.206395	1.313361	1.611944	2.801459	1.616532
12156	-2647.945	-3270.972	623.027	0.235828	0.324578	0.188249	0.251345	1.313361	1.552649	3.181643	1.78104
12162	-2642.856	-3264.603	621.7474	0.6135	0.0386187	0.185942	0.161939	1.313361	1.363498	3.904411	2.078793
12168	-2643.184	-3261.836	618.6518	0.399965	0.108113	0.232267	0.259655	1.390869	1.474011	4.946296	3.825494
12174	-2638.434	-3257.482	619.048	0.46932	0.0193556	0.272543	0.238781	1.77287	1.474011	4.875165	2.783437
12180	-2651.589	-3274.718	623.1299	0.530848	0.0548541	0.237391	0.176907	0.7667436	1.398192	3.366923	2.146267
12186	-2644.39	-3266.381	621.9914	0.388767	0.307822	0.173853	0.129558	0.8217772	1.378631	4.197476	1.702576
12192	-2614.764	-3235.967	621.203	0.392691	0.1922	0.342997	0.0721109	0.7947859	1.425331	5.082661	0.82946
12198	-2602.06	-3225.297	623.2363	0.290525	0.240895	0.378252	0.0903272	0.7014854	1.495602	4.231275	0.3354739
12204	-2617.49	-3242.355	624.8655	0.326319	0.292057	0.31085	0.0707734	0.7014854	1.667952	3.206946	0.254444
12210	-2634.872	-3259.087	624.2144	0.600823	0.0773761	0.286238	0.035563	1.371646	1.608443	3.22375	0.3199702
12216	-2632.652	-3258.24	625.5881	0.312813	0.400561	0.241927	0.0446994	0.8674806	1.776332	2.586368	0.3199702
12222	-2637.769	-3262.921	625.1526	0.193988	0.379774	0.385395	0.0408434	0.8045046	1.683187	2.887966	0.4495956
12228	-2631.527	-3256.684	625.1566	0.250468	0.199193	0.497604	0.0527351	0.808807	1.589182	2.998463	0.3259487
12234	-2624.341	-3248.785	624.444	0.378743	0.262177	0.289671	0.0694095	0.6122879	1.41449	3.628043	0.3653848
12240	-2630	-3254.733	624.7328	0.378743	0.262177	0.289671	0.0694095	0.4727751	1.528215	3.41954	0.4768804
12246	-2649.445	-3273.097	623.6527	0.491491	0.0425336	0.375904	0.0900721	0.9856407	1.557061	3.557844	0.7487377
12252	-2644.777	-3269.036	624.2585	0.507731	0.0444403	0.358852	0.0889763	1.082705	1.536138	3.388306	0.3511344
12258	-2646.711	-3270.59	623.8794	0.378577	0.0884817	0.450381	0.08256	0.8906732	1.588367	3.670199	0.3976453
12264	-2666.122	-3287.763	621.6415	0.322242	0.103636	0.441227	0.132894	1.210484	1.631077	3.981421	1.815111
12270	-2658.763	-3279.021	620.2573	0.43739	0.122448	0.256525	0.183636	1.137838	1.4598	4.51365	2.794799
12276	-2649.424	-3271.644	622.2207	0.439262	0.127003	0.375073	0.0586618	1.09574	1.533101	4.51365	0.4304823
12282	-2648.158	-3271.487	623.3291	0.442196	0.127851	0.3961	0.0338532	0.7231725	1.639719	3.289131	1.799466
12288	-2654.229	-3277.582	623.353	0.38993	0.246036	0.334182	0.0298519	0.4284551	1.527882	4.107613	0.6976621
12294	-2649.825	-3273.488	623.6636	0.265159	0.39302	0.22725	0.114571	0.4686353	1.645709	3.331491	1.616509
12300	-2638.65	-3260.667	622.0172	0.355859	0.114604	0.385324	0.144213	1.535173	1.59711	3.870774	1.297831
12306	-2659.095	-3279.696	620.6008	0.257578	0.207857	0.381013	0.153551	1.307625	1.421791	4.381367	2.440682
12312	-2668.706	-3290.666	621.9595	0.289428	0.209654	0.378017	0.122901	1.529093	1.312929	4.381367	0.7431516
12318	-2648.651	-3270.634	621.9826	0.272806	0.306995	0.206286	0.213913	0.8738209	1.425353	3.874616	2.334848
12324	-2643.093	-3266.531	623.4377	0.433785	0.266877	0.233325	0.0660123	0.5567592	1.42947	4.008263	0.7563246
12330	-2658.09	-3279.851	621.7612	0.410304	0.221115	0.287298	0.0812824	0.5567592	1.526112	4.74812	1.018581
12336	-2650.922	-3275.572	624.6496	0.249151	0.355494	0.320417	0.0749382	0.556386	1.51449	3.507521	0.2983581
12342	-2646.169	-3271.452	625.2839	0.203137	0.431641	0.31336	0.0518623	0.5598911	1.60528	2.954252	0.5451158
12348	-2639.071	-3262.905	623.8341	0.214657	0.404579	0.279912	0.100853	0.5639326	1.773005	3.447378	0.9727259
12354	-2667.607	-3291.818	624.211	0.349183	0.136456	0.320506	0.193855	1.049035	1.433042	3.094412	1.031083
12360	-2635.879	-3259.89	624.0116	0.347236	0.252587	0.257038	0.143139	0.9250956	1.504361	3.294607	0.9460673
12366	-2653.924	-3279.158	625.2342	0.310232	0.214012	0.295394	0.180362	0.6702551	1.748644	2.942464	0.3297967
12372	-2659.792	-3285.936	626.1442	0.249108	0.365503	0.354696	0.0306935	0.351149	1.546632	2.652747	0.4276589
12378	-2631.565	-3257.183	625.6173	0.318685	0.320289	0.297003	0.0640237	0.5391964	1.583183	2.907174	0.282264
12384	-2630.592	-3256.498	625.9056	0.358717	0.262865	0.352104	0.0263135	0.3538496	1.644235	2.777565	0.3470537
12390	-2636.327	-3260.385	624.0579	0.374055	0.295596	0.312485	0.0178638	0.6250696	1.373744	3.888654	0.301727
12396	-2627.184	-3250.435	623.2509	0.345139	0.167326	0.459856	0.0276793	0.5891486	1.416451	4.345231	0.301727
12402	-2645.218	-3269.694	624.4758	0.346412	0.283048	0.29648	0.0740604	0.7438318	1.561093	3.387357	0.4742172
12408	-2638.994	-3263.023	624.0292	0.299319	0.255302	0.303703	0.141676	0.6544906	1.549549	3.673962	0.5350718
12414	-2640.685	-3265.752	625.0673	0.42274	0.178094	0.311703	0.0874637	0.6668167	1.705956	3.08559	0.2384489
12420	-2638.178	-3264.195	626.0174	0.422244	0.179059	0.311337	0.087361	0.4639262	1.665778	2.661516	0.2525308
12426	-2630.825	-3256.937	626.1112	0.412023	0.216246	0.303801	0.0679295	0.580232	1.644878	2.543745	0.2557467
12432	-2652.088	-3277.88	625.7921	0.389928	0.146122	0.247444	0.216506	0.6937284	1.595438	2.640798	0.4165297
12438	-2633.991	-3258.799	624.8076	0.287857	0.356729	0.259618	0.0957955	0.616543	1.759955	2.992372	0.7341461
12444	-2638.773	-3263.624	624.851	0.462177	0.134565	0.264386	0.138872	1.047393	1.426639	3.146041	0.2320429
12450	-2631.82	-3257.014	625.1933	0.321447	0.169776	0.333567	0.17521	1.216016	1.69968	2.674702	0.2234514
12456	-2651.26	-3276.468	625.2082	0.455821	0.183553	0.241081	0.119545	1.48575	1.710346	2.508135	0.2234514
12462	-2619.671	-3245.193	625.5222	0.450608	0.12407	0.307145	0.118177	1.155177	1.688312	2.51667	0.2443862
12468	-2631.334	-3256.63	625.2963	0.413093	0.17938	0.281574	0.125953	1.359797	1.688312	2.52699	0.3180113
12474	-2622.319	-3246.826	624.507	0.349428	0.153295	0.317774	0.179503	1.247066	1.688312	2.869783	0.6758804
12480	-2625.655	-3249.371	623.7161	0.439597	0.192853	0.268728	0.0988225	1.274414	1.785638	2.423569	2.258932
12486	-2611.814	-3235.616	623.8016	0.387076	0.0388302	0.410773	0.163321	1.213738	1.785638	2.380586	2.314807
12492	-2623.607	-3248.141	624.5333	0.38561	0.038683	0.409216	0.166491	1.213738	1.783405	2.206968	1.704898
12498	-2612.387	-3237.639	625.2528	0.431189	0.0600947	0.362851	0.145865	0.9450766	1.967416	1.622323	1.986745
12504	-2627.378	-3252.135	624.7564	0.497937	0.0335787	0.342995	0.12549	0.9450766	1.812575	2.265275	1.607703
12510	-2629.593	-3254.832	625.2396	0.453929	0.025788	0.263415	0.256868	1.198069	1.736764	2.020243	1.288471
12516	-2644.199	-3269.043	624.8449	0.435275	0.0525082	0.25259	0.259627	1.198069	1.80174	2.209888	1.332509
12522	-2646.294	-3270.115	623.8211	0.426203	0.119415	0.254414	0.199968	1.308354	1.801956	3.042788	0.8936796
12528	-2650.681	-3274.084	623.4033	0.58552	0.084066	0.18964	0.140774	1.359782	1.696233	2.590451	2.341088
12534	-2649.644	-3274.907	625.2632	0.335541	0.458187	0.11377	0.092502	1.09194	1.868726	1.796033	1.604455
12540	-2658.944	-3280.755	621.8103	0.414603	0.228128	0.0486196	0.30865	1.757136	1.583066	3.816736	1.444428
12546	-2655.555	-3278.374	622.8188	0.269631	0.305415	0.297219	0.127735	0.8390859	1.863839	3.748208	1.090594
12552	-2633.628	-3257.759	624.1316	0.490808	0.0994245	0.11323	0.296538	1.361771	1.79991	2.516262	1.423558
12558	-2643.183	-3265.784	622.6009	0.497965	0.0321459	0.170353	0.299536	1.361771	1.704431	3.196645	2.048008
12564	-2659.496	-3282.464	622.9682	0.371568	0.200732	0.188424	0.239276	1.870842	1.849611	3.189775	0.977029
12570	-2651.43	-3276.159	624.729	0.422362	0.178158	0.138423	0.261057	1.439147	1.678975	2.300225	1.201115
12576	-2654.661	-3279.044	624.3826	0.423622	0.165367	0.149175	0.261836	1.197373	1.647704	2.434982	1.636808
12582	-2645.072	-3270.955	625.8837	0.443294	0.114201	0.214193	0.228312	0.7924314	1.859564	2.081486	0.8267364
12588	-2631.251	-3254.86	623.6088	0.427016	0.103654	0.215047	0.254283	1.762188	1.703323	2.775168	1.268488
12594	-2644.302	-3268.182	623.8799	0.454029	0.066549	0.254918	0.224503	0.909011	1.791438	3.226659	0.9226565
12600	-2639.453	-3262.39	622.9364	0.41283	0.0804532	0.246243	0.260474	1.55635	1.664719	3.272059	1.324703
12606	-2637.469	-3262.27	624.8012	0.361187	0.195483	0.215439	0.227891	1.341191	1.660712	2.603943	0.7528728
12612	-2641.045	-3264.635	623.5901	0.377059	0.218921	0.26571	0.13831	1.088283	1.500701	3.641347	0.6293157
12618	-2646.957	-3271.561	624.6042	0.514787	0.156147	0.19384	0.135226	1.339829	1.586157	3.031717	0.2242323
12624	-2638.546	-3262.52	623.9742	0.364853	0.174198	0.31009	0.150859	1.746001	1.522872	3.235062	0.2129875
12630	-2651.678	-3275.164	623.4861	0.288567	0.239244	0.166194	0.305995	1.396825	1.635211	3.633654	0.2525485
12636	-2647.251	-3271.859	624.6082	0.388445	0.322051	0.223717	0.0657872	1.396825	1.595117	2.995475	0.266289
12642	-2639.245	-3265.15	625.905	0.470261	0.157528	0.353276	0.0189353	0.7867053	1.672096	2.51878	0.266289
12648	-2627.533	-3253.507	625.9741	0.442681	0.172271	0.363149	0.0218997	0.6748609	1.721223	2.51878	0.266289
12654	-2627.498	-3253.53	626.0319	0.325383	0.233904	0.423951	0.0167627	0.5936081	1.688106	2.55749	0.2547377
12660	-2636.077	-3262.995	626.9172	0.213882	0.335953	0.335572	0.114593	0.428524	1.85238	1.970554	0.1906084
12666	-2649.953	-3277.113	627.1604	0.206544	0.358736	0.324059	0.110662	0.2991292	1.946633	1.820823	0.274959
12672	-2634.867	-3261.208	626.3419	0.352015	0.141317	0.470644	0.0360239	0.7495596	1.835531	2.162008	0.2632823
12678	-2635.775	-3262.203	626.428	0.296552	0.276612	0.396489	0.030348	0.5994686	1.87075	2.186288	0.2632823
12684	-2627.715	-3254.09	626.3747	0.330468	0.133732	0.493737	0.0420631	0.8905168	1.80254	2.06578	0.2632823
12690	-2638.349	-3264.83	626.481	0.363986	0.147296	0.442389	0.0463293	0.6097558	1.825958	2.173947	0.2632823
12696	-2639.952	-3264.824	624.8719	0.29976	0.298805	0.364329	0.0371055	0.5982827	1.6173	3.286525	0.3156254
12702	-2631.96	-3257.596	625.6364	0.286347	0.218389	0.449486	0.0457784	0.5982827	1.600858	2.842583	0.2075725
12708	-2654.207	-3279.948	625.7409	0.281608	0.214774	0.466526	0.0370915	0.8868975	1.629375	2.575047	0.2075725
12714	-2628.836	-3254.826	625.9899	0.374297	0.321674	0.251826	0.0522029	0.5763082	1.719856	2.575047	0.2475202
12720	-2638.464	-3264.109	625.6454	0.447661	0.183212	0.323386	0.0457414	0.7731447	1.513783	2.785806	0.2475202
12726	-2645.113	-3270.837	625.7244	0.370743	0.253439	0.26466	0.111158	0.9711032	1.55325	2.587423	0.2573037
12732	-2634.968	-3259.373	624.4055	0.200369	0.293568	0.3926	0.113463	0.8651854	1.497864	3.445964	0.3675774
12738	-2668.839	-3294.405	625.5658	0.310574	0.302289	0.29201	0.095128	1.084556	1.729697	2.473817	0.3675774
12744	-2651.365	-3278.911	627.5459	0.338215	0.320678	0.339169	0.00193805	0.3108615	1.941769	1.546352	0.2727506
12750	-2661.269	-3288.809	627.5403	0.257679	0.45754	0.279629	0.00515142	0.3081514	1.941769	1.546352	0.2952881
12756	-2638.39	-3265.927	627.5367	0.383385	0.293151	0.321939	0.00152544	0.3104337	1.964835	1.533727	0.2217302
12762	-2636.235	-3263.687	627.4523	0.395861	0.277109	0.325455	0.00157508	0.4202563	1.964835	1.537402	0.2217302
12768	-2631.668	-3259.265	627.5966	0.283592	0.412574	0.300472	0.0033622	0.3039083	2.012251	1.452377	0.2964003
12774	-2637.655	-3265.219	627.5636	0.263626	0.409963	0.319469	0.00694195	0.3039083	2.034303	1.452377	0.1980157
12780	-2636.522	-3263.307	626.7852	0.235914	0.30344	0.45085	0.00979683	0.5100964	1.773887	2.063244	0.1980157
12786	-2615.733	-3242.643	626.91	0.224413	0.30343	0.466547	0.00560927	0.4108277	1.743009	2.063244	0.1980157
12792	-2611.735	-3238.049	626.3138	0.330499	0.259371	0.398803	0.0113279	0.3624372	1.743009	2.440347	0.3896575
12798	-2610.569	-3237.527	626.9581	0.300924	0.23616	0.395583	0.0673331	0.3792772	1.799387	2.020965	0.2864648
12804	-2616.528	-3243.448	626.9204	0.251025	0.280443	0.409359	0.0591729	0.4426146	1.787841	2.020965	0.2400582
12810	-2609.704	-3236.511	626.8073	0.375588	0.23985	0.335995	0.0485681	0.353155	1.806362	2.131983	0.2400582
12816	-2630.369	-3256.917	626.548	0.298062	0.25614	0.393931	0.0518669	0.4815785	1.799635	2.232508	0.2400582
12822	-2628.001	-3253.995	625.9943	0.275305	0.312934	0.363854	0.0479068	0.4815785	1.795057	2.584917	0.2400582
12828	-2650.016	-3276.417	626.4012	0.179085	0.369986	0.387069	0.0638604	0.4000899	1.596673	2.498101	0.2875948
12834	-2643.795	-3270.156	626.361	0.338411	0.346693	0.252847	0.0620491	0.35016	1.675297	2.498101	0.2875948
12840	-2622.628	-3248.985	626.3567	0.193879	0.345607	0.398721	0.0617926	0.453944	1.803058	2.36586	0.2875948
12846	-2621.664	-3247.926	626.2616	0.121138	0.390912	0.461302	0.0266474	0.46259	1.835111	2.36586	0.3795318
12852	-2641.057	-3260.989	619.9322	0.368521	0.146087	0.171779	0.313613	1.952469	1.533	4.822247	1.442654
12858	-2635.337	-3256.031	620.694	0.376703	0.139307	0.163414	0.320576	1.721541	1.521762	4.477139	1.496152
12864	-2639.512	-3265.102	625.5898	0.107958	0.439899	0.433487	0.0186563	0.4232658	1.511408	2.999227	0.3825147
12870	-2632.776	-3259.068	626.2919	0.473681	0.243627	0.271626	0.0110655	0.4722877	1.582682	2.537914	0.2446543
12876	-2653.547	-3279.88	626.3331	0.334833	0.268535	0.368428	0.028204	0.4195147	1.590432	2.537914	0.2446543
12882	-2659.61	-3280.457	620.8467	0.427909	0.0232034	0.214334	0.334554	1.946159	1.543506	4.611822	0.8733707
12888	-2649.467	-3269.439	619.9716	0.492563	0.00919555	0.271003	0.227239	1.658081	1.543506	4.585955	2.209684
12894	-2651.776	-3272.622	620.8454	0.487662	0.0190539	0.268306	0.224978	1.23696	1.605741	4.514987	1.636115
12900	-2638.346	-3259.079	620.7325	0.352598	0.0366591	0.315673	0.29507	1.370575	1.71386	3.948526	2.877551
12906	-2633.618	-3253.09	619.4722	0.390763	0.0444356	0.334952	0.229849	1.42313	1.708255	3.89885	5.524454
12912	-2628.169	-3246.617	618.4472	0.321729	0.0427841	0.446244	0.189243	1.377274	1.589512	3.89885	9.020019
12918	-2636.484	-3258.311	621.8268	0.351619	0.0677657	0.425218	0.155397	0.9340023	1.539948	3.920993	2.190854
12924	-2635.087	-3257.752	622.6655	0.407459	0.0275069	0.420505	0.14453	1.432471	1.564417	3.36928	1.688082
12930	-2657.162	-3284.358	627.1962	0.295595	0.24385	0.382427	0.0781279	0.5485225	2.026923	1.588156	0.2861555
12936	-2646.384	-3273.583	627.1988	0.333649	0.275242	0.364832	0.0262773	0.4363904	2.034344	1.561368	0.4712925
12942	-2643.394	-3270.613	627.2184	0.302863	0.346691	0.329318	0.0211267	0.4363904	1.900347	1.743071	0.2268463
12948	-2648.035	-3275.312	627.2771	0.299811	0.352324	0.319586	0.028279	0.3443257	1.888077	1.738166	0.348764
12954	-2654.376	-3281.372	626.9961	0.424143	0.134158	0.407596	0.0341029	0.4482764	1.951069	1.856135	0.2667125
12960	-2639.528	-3266.708	627.1803	0.396836	0.235135	0.344244	0.0237854	0.3607759	1.978962	1.76058	0.2667125
12966	-2631.6	-3258.793	627.193	0.378482	0.293777	0.305056	0.0226853	0.3613819	1.965299	1.76173	0.2547107
12972	-2623.833	-3250.818	626.9843	0.301212	0.346444	0.345726	0.0066169	0.3906497	1.874232	1.951449	0.2547107
12978	-2653.815	-3279.735	625.9197	0.28309	0.348797	0.348074	0.0200385	0.4000588	1.835759	2.244297	0.9595903
12984	-2627.48	-3252.574	625.0936	0.330735	0.282524	0.315654	0.0710873	0.4966125	1.613593	3.222322	0.2070926
12990	-2648.209	-3274.23	626.0215	0.180742	0.357913	0.40699	0.0543546	0.5200685	1.78309	2.521709	0.3632215
12996	-2651.799	-3278.236	626.4375	0.162416	0.263251	0.505776	0.0685569	0.9410568	1.823086	1.917808	0.4110393
13002	-2630.2	-3256.72	626.5194	0.287719	0.22043	0.423507	0.0683436	0.609684	1.751756	2.111475	0.4604061
13008	-2635.362	-3261.943	626.5807	0.154217	0.472512	0.337161	0.0361103	0.3375983	1.809021	2.111475	0.5929513
13014	-2648.836	-3274.725	625.8891	0.444628	0.199347	0.33786	0.018165	0.4305762	1.621536	2.785695	0.2393154
13020	-2647.618	-3273.888	626.2698	0.330287	0.277884	0.329142	0.0626867	0.3995204	1.723489	2.491886	0.3208756
13026	-2657.629	-3284.056	626.4262	0.295117	0.327031	0.322556	0.0552961	0.5234263	1.793267	2.281651	0.2987608
13032	-2656.403	-3282.833	626.4303	0.273507	0.361697	0.299036	0.0657606	0.4674739	1.795129	2.218027	0.4879734
13038	-2650.532	-3277.088	626.5565	0.276059	0.275208	0.369877	0.0788551	0.4535521	1.790496	2.246729	0.2207224
13044	-2665.771	-3291.679	625.9083	0.304553	0.220607	0.411629	0.0632104	0.5488465	1.86787	2.443312	0.5021611
13050	-2640.908	-3266.766	625.8584	0.325438	0.313402	0.313082	0.0480773	0.5488465	1.724602	2.659353	0.3160679
13056	-2667.532	-3292.869	625.3366	0.392633	0.280092	0.279806	0.0474685	0.4433851	1.499832	3.173003	0.3160679
13062	-2667.054	-3292.159	625.1046	0.315756	0.241738	0.425949	0.0165576	0.4802675	1.772389	3.018913	0.5303784
13068	-2646.322	-3273.4	627.0779	0.315756	0.241738	0.425949	0.0165576	0.5282161	1.92454	1.75925	0.2907379
13074	-2650.772	-3277.44	626.6685	0.333914	0.272082	0.388871	0.00513352	0.5180593	1.777637	2.140663	0.2907379
13080	-2647.121	-3274.091	626.9699	0.284054	0.230593	0.467566	0.0177868	0.5180593	1.823005	1.910388	0.2907379
13086	-2644.752	-3271.344	626.5919	0.272834	0.226119	0.458494	0.0425525	0.367575	1.840595	2.238311	0.2907379
13092	-2641.158	-3267.857	626.6995	0.30039	0.248957	0.433915	0.0167381	0.4219805	1.827238	2.143669	0.3074157
13098	-2634.783	-3260.786	626.0031	0.279227	0.291725	0.380646	0.0484017	0.5703459	1.9366	2.392386	0.3880768
13104	-2647.066	-3273.38	626.3136	0.311588	0.286455	0.260952	0.141005	0.5665233	1.90293	2.19785	0.4248168
13110	-2655.104	-3281.718	626.6143	0.335402	0.239051	0.280896	0.144652	0.3175393	1.720822	2.323806	0.2267401
13116	-2650.653	-3277.289	626.6354	0.163749	0.429715	0.307507	0.0990302	0.4104801	1.636414	2.323806	0.2515423
13122	-2644.68	-3271.268	626.5882	0.334009	0.208735	0.356365	0.10089	0.582436	1.762342	2.110799	0.405511
13128	-2630.714	-3257.252	626.5379	0.219205	0.317328	0.392728	0.0707393	0.7068924	1.762342	2.110799	0.268404
13134	-2648.022	-3274.233	626.2117	0.224623	0.170503	0.556496	0.0483782	1.086651	1.725246	2.092018	0.2813668
13140	-2651.09	-3277.818	626.7282	0.231773	0.417047	0.305812	0.0453682	0.508495	1.758916	2.036271	0.4632707
13146	-2655.844	-3282.548	626.7033	0.376476	0.147903	0.406848	0.0687735	0.6753748	1.733772	2.036271	0.2109293
13152	-2647.846	-3272.663	624.8173	0.236052	0.308466	0.369485	0.0859966	0.5357908	1.769787	2.33217	1.992136
13158	-2660.766	-3287.742	626.9757	0.244862	0.282656	0.383276	0.0892062	0.4187047	1.847952	1.947003	0.3136759
13164	-2659.862	-3285.85	625.988	0.325151	0.28537	0.210658	0.178821	1.425208	1.777322	2.000433	0.2600281
13170	-2676.089	-3302.601	626.5121	0.392595	0.203399	0.210277	0.19373	1.015477	1.823206	1.873108	0.2276743
13176	-2686.323	-3312.341	626.0185	0.365787	0.257794	0.195918	0.180501	1.273953	1.860101	2.015938	0.2451701
13182	-2671.887	-3297.474	625.5867	0.329274	0.252448	0.191856	0.226422	1.069439	1.721292	2.506726	0.2344172
13188	-2651.402	-3277.359	625.9572	0.306761	0.235188	0.247109	0.210941	0.6799225	1.617457	2.588487	0.2805107
13194	-2648.738	-3274.141	625.403	0.313547	0.290399	0.172093	0.22396	1.126663	1.736049	2.575685	0.2805107
13200	-2638.91	-3264.587	625.6767	0.393445	0.261272	0.250618	0.0946651	1.234861	1.753154	2.32848	0.2805107
13206	-2617.051	-3242.804	625.7533	0.372666	0.244199	0.32296	0.0601751	1.212131	1.664766	2.349521	0.2805107
13212	-2629.22	-3255.357	626.1372	0.357339	0.309168	0.309677	0.0238163	0.7243503	1.771247	2.349521	0.2814174
13218	-2646.806	-3272.655	625.8485	0.376123	0.279627	0.325957	0.0182928	0.6685783	1.718458	2.60053	0.2814174
13224	-2629.527	-3251.824	622.2972	0.421091	0.131068	0.205707	0.242133	1.13755	1.558308	3.781109	1.61228
13230	-2615.555	-3239.73	624.1755	0.37887	0.140261	0.250045	0.230824	1.046895	1.668352	3.156761	0.7369767
13236	-2636.189	-3256.969	620.7808	0.449047	0.173252	0.0925847	0.285117	1.675738	1.451921	3.793986	3.251663
13242	-2619.137	-3239.419	620.2814	0.381239	0.267543	0.0311803	0.320038	1.871686	1.616616	4.159683	2.502013
13248	-2620.507	-3242.073	621.5654	0.309482	0.281359	0.149359	0.2598	1.442218	1.754356	3.123238	3.723496
13254	-2636.824	-3258.297	621.4739	0.479747	0.173482	0.199848	0.146923	1.631915	1.603946	4.256709	1.064115
13260	-2625.349	-3247.522	622.173	0.433144	0.167451	0.301647	0.0977577	0.9946098	1.420682	4.383946	0.9058869
13266	-2639.564	-3262.472	622.9082	0.449604	0.145872	0.305513	0.0990106	0.924178	1.397389	4.356938	0.2340857
13272	-2644.8	-3267.166	622.3661	0.304071	0.204705	0.352281	0.138943	1.624451	1.671766	3.715621	1.056386
13278	-2626.957	-3248.49	621.5332	0.385644	0.23622	0.201919	0.176217	1.373115	1.478399	3.574711	3.010786
13284	-2660.698	-3282.543	621.8449	0.368252	0.323565	0.0105084	0.297674	1.015657	1.744004	3.483544	2.873909
13290	-2652.409	-3275.026	622.6174	0.390937	0.259037	0.034015	0.316011	1.591207	1.607342	3.553702	1.180694
13296	-2651.971	-3274.574	622.6034	0.451837	0.247666	0.0292018	0.271294	0.9607361	1.38251	3.966807	1.292999
13302	-2656.48	-3278.392	621.9118	0.445376	0.181099	0.165506	0.208019	1.51582	1.589694	3.344304	2.654423
13308	-2642.286	-3265.49	623.204	0.428339	0.26822	0.0766889	0.226752	1.287708	1.589294	3.344304	1.240388
13314	-2626.949	-3249.447	622.4983	0.549045	0.0260354	0.228472	0.196448	1.287073	1.511849	2.980241	3.157754
13320	-2648.557	-3272.027	623.4698	0.510341	0.06551	0.24337	0.180779	1.068677	1.66945	3.14397	1.46336
13326	-2641.559	-3263.142	621.5828	0.447298	0.110278	0.138103	0.30432	1.287917	1.742831	3.732694	2.226906
13332	-2670.744	-3289.775	619.031	0.159965	0.527147	0.20453	0.108358	0.8226097	1.584608	4.658983	5.050417
13338	-2649.132	-3271.123	621.9908	0.142234	0.468716	0.252902	0.136148	0.3965393	1.405226	4.180802	2.280789
13344	-2646.533	-3269.458	622.9249	0.150101	0.380188	0.364378	0.105333	0.5864821	1.5379	3.769256	1.586809
13350	-2638.641	-3262.718	624.077	0.181561	0.354094	0.36211	0.102236	0.6996288	1.5379	3.631043	0.5253622
13356	-2664.927	-3288.923	623.9956	0.155064	0.302418	0.310654	0.231863	0.826427	1.758861	3.472142	0.5253622
13362	-2661.46	-3284.988	623.5283	0.148515	0.331882	0.297533	0.22207	1.482946	1.767801	3.3584	0.5496263
13368	-2664.311	-3287.04	622.7287	0.307213	0.477476	0.0673099	0.148002	1.430335	1.643419	3.210838	1.84885
13374	-2654.344	-3276.688	622.343	0.22655	0.356137	0.0476392	0.369673	1.564724	1.537524	3.431876	1.84885
13380	-2646.055	-3268.187	622.1323	0.272669	0.321825	0.0476099	0.357895	1.564724	1.4848	3.823575	1.357564
13386	-2656.844	-3279.367	622.5235	0.237162	0.451662	0.163364	0.147813	1.132817	1.713136	3.194295	2.452628
13392	-2660.584	-3283.118	622.5341	0.410773	0.301093	0.12382	0.164313	1.27414	1.577685	3.561073	1.606578
13398	-2647.583	-3269.597	622.0142	0.358361	0.336646	0.13844	0.166553	1.66215	1.519882	3.74292	1.51882
13404	-2640.178	-3263.901	623.7229	0.173732	0.446242	0.159251	0.220776	0.6555983	1.594293	3.520877	1.040554
13410	-2662.314	-3285.821	623.507	0.231884	0.347177	0.176395	0.244544	0.7752808	1.589703	3.575529	1.040554
13416	-2662.476	-3283.019	620.5428	0.233929	0.393372	0.125999	0.2467	1.274407	1.375378	5.102788	1.025311
13422	-2628.852	-3250.596	621.7442	0.43128	0.250013	0.107746	0.210961	1.274407	1.46746	4.287344	1.193706
13428	-2648.705	-3271.268	622.5637	0.372389	0.315477	0.0623594	0.249775	1.813418	1.653711	3.436819	1.209017
13434	-2635.278	-3258.644	623.366	0.353237	0.299252	0.116975	0.230536	1.369542	1.586391	3.027617	1.5795
13440	-2633.94	-3256.637	622.6971	0.510363	0.0482355	0.148011	0.29339	1.611781	1.706719	2.998415	2.071588
13446	-2633.393	-3256.196	622.8036	0.409684	0.23599	0.118813	0.235513	1.665643	1.565747	3.076793	1.884801
13452	-2647.752	-3269.976	622.2243	0.319568	0.184081	0.150961	0.34539	1.539034	1.641884	3.905408	0.9698778
13458	-2649.885	-3273.656	623.7717	0.436363	0.183323	0.115669	0.264644	1.539034	1.817527	3.024626	0.7599054
13464	-2669.979	-3293.614	623.6346	0.469591	0.197283	0.130497	0.20263	1.767698	1.614957	3.114763	0.7599054
13470	-2637.467	-3262.085	624.6186	0.295001	0.123935	0.254132	0.326932	0.960408	1.680989	2.819664	0.921306
13476	-2643.575	-3266.454	622.8791	0.37499	0.109719	0.189476	0.325815	1.235617	1.594384	3.17134	2.034694
13482	-2643.648	-3266.995	623.3463	0.370499	0.187093	0.241082	0.201327	1.10927	1.565491	2.924149	2.164586
13488	-2644.946	-3268.842	623.8958	0.375351	0.189543	0.231142	0.203964	0.9841024	1.576064	2.862462	1.726072
13494	-2634.014	-3257.207	623.193	0.417454	0.210804	0.173623	0.198119	1.370813	1.742784	2.378534	3.116963
13500	-2650.405	-3270.708	620.3028	0.480932	0.121233	0.114786	0.283049	1.624483	1.560523	3.938219	3.540635
13506	-2659.899	-3282.025	622.1256	0.445507	0.321964	0.0791146	0.153415	1.669599	1.682706	3.337165	2.040731
13512	-2651.012	-3271.28	620.2682	0.334698	0.286929	0.123434	0.254938	1.610896	1.611237	3.881727	3.716528
13518	-2642.159	-3264.942	622.783	0.185196	0.346164	0.232831	0.235809	0.7117256	1.713852	3.675161	1.582662
13524	-2636.164	-3258.52	622.3559	0.315208	0.32226	0.234021	0.128512	1.40869	1.580889	4.071671	0.7304141
13530	-2628.033	-3249.222	621.1894	0.310812	0.349133	0.0701084	0.269947	1.40869	1.587612	4.071671	2.01893
13536	-2641.949	-3263.112	621.163	0.385894	0.0424949	0.260379	0.311233	1.462002	1.649055	3.412208	3.725282
13542	-2627.541	-3248.546	621.005	0.452653	0.112549	0.198058	0.23674	1.48043	1.613423	3.648695	3.305435
13548	-2622.995	-3245.618	622.6222	0.460136	0.0855715	0.292008	0.162284	1.48043	1.761884	2.780296	2.798448
13554	-2633.874	-3256.281	622.4072	0.411454	0.0932879	0.31834	0.176918	1.30023	1.571857	3.016181	3.087889
13560	-2641.763	-3265.354	623.5916	0.376772	0.267391	0.128232	0.227605	1.665429	1.579984	2.997842	1.110952
13566	-2656.217	-3276.495	620.2782	0.55759	0.0639302	0.140038	0.238442	1.665429	1.70142	3.282426	5.661822
13572	-2633.382	-3256.517	623.1341	0.531564	0.135439	0.133502	0.199495	1.482711	1.714045	2.676183	2.34692
13578	-2615.58	-3236.828	621.2475	0.616504	0.11729	0.1661	0.100106	1.482711	1.567838	3.588224	3.140335
13584	-2627.595	-3250.776	623.1815	0.491315	0.10426	0.286636	0.117789	0.9862886	1.457551	3.23948	1.98255
13590	-2630.167	-3249.539	619.3719	0.5023	0.0928915	0.261027	0.143781	1.187396	1.435992	4.596534	4.084904
13596	-2628.892	-3247	618.1081	0.362338	0.314549	0.228714	0.0943994	1.996678	1.66327	3.880071	8.312778
13602	-2636.576	-3257.082	620.5065	0.475676	0.0251639	0.387934	0.111225	1.12883	1.728268	3.066417	7.269817
13608	-2656.044	-3276.432	620.3879	0.577975	0.00994152	0.189349	0.222735	1.2675	1.695779	3.036431	7.481632
13614	-2648.623	-3268.99	620.3674	0.556528	0.00668697	0.313393	0.123392	1.22478	1.709228	3.064426	7.481632
13620	-2658.683	-3279.837	621.1535	0.370784	0.0370468	0.208797	0.383372	1.643355	1.701055	3.544839	2.970344
13626	-2660.484	-3278.797	618.3129	0.620983	0.0164596	0.170153	0.192405	1.504447	1.607272	4.530885	5.713158
13632	-2656.692	-3273.185	616.4935	0.51117	0.0124396	0.330978	0.145413	1.443764	1.376254	6.16517	3.809677
13638	-2645.277	-3263.241	617.964	0.504045	0.0262036	0.326365	0.143386	1.082198	1.425503	5.418034	4.168489
13644	-2628.677	-3249.69	621.0126	0.501277	0.0730287	0.295755	0.129938	1.082198	1.475221	4.192575	2.562845
13650	-2646.458	-3266.551	620.0932	0.43229	0.168244	0.277533	0.121933	1.556023	1.56505	4.395102	2.624235
13656	-2640.399	-3257.658	617.2587	0.537726	0.165117	0.109746	0.187411	1.607746	1.640296	4.710998	7.407857
13662	-2643.406	-3263.753	620.3477	0.438306	0.279855	0.127884	0.153955	1.424366	1.479034	4.695484	1.799753
13668	-2646.803	-3268.296	621.4932	0.378302	0.309751	0.141546	0.170401	1.447843	1.602512	4.000124	1.725891
13674	-2623.476	-3245.02	621.5441	0.656632	0.0763504	0.110221	0.156797	1.521788	1.869485	2.589189	5.259971
13680	-2650.58	-3270.361	619.7809	0.262809	0.303682	0.17565	0.257859	1.336162	1.401356	5.286017	1.395527
13686	-2653.979	-3275.684	621.7054	0.248862	0.253209	0.273149	0.22478	1.336162	1.500056	4.126861	1.449363
13692	-2659.334	-3279.061	619.7276	0.47292	0.148045	0.16734	0.211695	1.336162	1.533709	4.215259	4.258783
13698	-2637.394	-3258.852	621.4578	0.485195	0.0961772	0.254913	0.163715	1.336162	1.510856	4.350246	1.274389
13704	-2638.23	-3260.375	622.1451	0.467444	0.0521647	0.245587	0.234805	1.316199	1.552327	3.54447	2.125365
13710	-2638.918	-3261.272	622.354	0.436122	0.276737	0.0512818	0.235859	1.465298	1.575995	3.54447	1.653432
13716	-2647.902	-3269.466	621.5638	0.378053	0.229124	0.103846	0.288977	1.147703	1.51529	3.894902	2.364861
13722	-2626.456	-3249.052	622.5958	0.512322	0.113566	0.153177	0.220935	1.33855	1.591658	3.511836	1.547301
13728	-2641.719	-3263.99	622.2711	0.517867	0.091721	0.238249	0.152163	1.273847	1.66202	3.511836	1.936411
13734	-2654.92	-3277.377	622.457	0.402024	0.130788	0.238178	0.22901	1.308119	1.646267	3.99651	0.7833059
13740	-2631.826	-3252.194	620.3682	0.50439	0.072388	0.185397	0.237825	1.308119	1.513502	4.590232	2.111829
13746	-2621.703	-3243.408	621.7047	0.46811	0.116165	0.172061	0.243664	1.509559	1.598897	3.84534	1.736529
13752	-2636.865	-3258.853	621.9879	0.497547	0.0606856	0.182781	0.258987	1.482328	1.622155	3.921339	1.256138
13758	-2622.028	-3242.919	620.8906	0.534608	0.0930422	0.155433	0.216917	1.482328	1.637898	4.153418	2.073328
13764	-2633.503	-3253.324	619.8216	0.411259	0.0538647	0.252924	0.281952	1.488656	1.541754	4.677722	2.397881
13770	-2639.467	-3260.281	620.8145	0.442772	0.0488695	0.229469	0.27889	1.739198	1.468997	4.298227	1.779661
13776	-2635.219	-3255.879	620.66	0.534683	0.0282285	0.244389	0.192699	1.230528	1.353345	4.698473	1.779661
13782	-2621.713	-3243.323	621.6104	0.484389	0.119636	0.221401	0.174573	1.143219	1.426998	3.975273	2.229537
13788	-2635.863	-3256.916	621.0531	0.484389	0.119636	0.221401	0.174573	1.21141	1.842436	3.758589	2.922617
13794	-2622.078	-3244.325	622.2469	0.490978	0.121263	0.210811	0.176948	1.481465	1.605221	3.969806	0.9217141
13800	-2633.557	-3258.397	624.8394	0.292587	0.194096	0.282452	0.230865	0.8806296	1.788676	2.149403	1.837546
13806	-2648.847	-3269.115	620.2679	0.389883	0.178147	0.263422	0.168548	1.258018	1.51403	4.270361	3.217488
13812	-2641.441	-3265.154	623.7132	0.483933	0.189206	0.117654	0.209206	1.227559	1.568108	3.087943	1.241178
13818	-2644.614	-3267.633	623.0195	0.552464	0.216	0.0857981	0.145738	1.451567	1.695865	3.022127	1.791667
13824	-2637.339	-3260.49	623.1508	0.452881	0.193557	0.0739008	0.279661	1.460847	1.68427	3.199851	1.292216
13830	-2635.208	-3259.24	624.0314	0.380334	0.290198	0.121634	0.207834	1.277144	1.648072	2.717758	1.427047
13836	-2632.533	-3255.744	623.211	0.400985	0.258601	0.162681	0.177733	0.6093518	1.569529	3.812695	1.12397
13842	-2622.581	-3245.76	623.1792	0.395326	0.22893	0.271242	0.104502	0.6621048	1.706395	3.924585	0.772647
13848	-2634.795	-3257.783	622.9883	0.380398	0.235802	0.279384	0.104417	0.6294187	1.65214	3.254619	2.467385
13854	-2648.909	-3270.388	621.4794	0.361657	0.167065	0.294944	0.176334	1.286209	1.420929	4.189597	1.735423
13860	-2649.681	-3269.146	619.4653	0.343034	0.174479	0.308034	0.174453	1.350095	1.522129	5.519738	1.13405
13866	-2650.672	-3272.261	621.589	0.525448	0.127587	0.256438	0.0905267	1.236631	1.733229	3.958529	1.772156
13872	-2633.118	-3254.489	621.3709	0.521097	0.093625	0.189504	0.195774	1.517367	1.565189	4.330601	1.175739
13878	-2624.137	-3245.452	621.3149	0.453768	0.0905999	0.290687	0.164945	1.996392	1.627967	4.330601	0.7858623
13884	-2640.806	-3263.56	622.7538	0.41105	0.176211	0.263322	0.149417	1.391151	1.675958	3.837943	0.6652219
13890	-2635	-3259.632	624.6322	0.408954	0.204544	0.13885	0.247653	1.424778	1.635038	2.932779	0.2028551
13896	-2638.106	-3260.839	622.7327	0.500812	0.122067	0.170038	0.207084	1.310365	1.447568	4.195744	0.1815364
13902	-2641.128	-3263.881	622.7524	0.498658	0.148584	0.100688	0.25207	1.310365	1.505185	4.141568	0.1694328
13908	-2631.649	-3253.151	621.5022	0.383418	0.146491	0.221574	0.248518	1.375391	1.489236	4.141568	1.628542
13914	-2652.507	-3271.232	618.7257	0.235655	0.356928	0.0472077	0.360209	1.240495	1.342639	5.15004	3.499759
13920	-2672.438	-3296.986	624.5478	0.271701	0.32355	0.395907	0.0088424	0.517485	1.489858	3.608469	0.2766022
13926	-2680.804	-3301.744	620.9397	0.225842	0.321489	0.44197	0.0106991	0.517485	1.42294	5.650204	0.1780826
13932	-2648.1	-3270.996	622.8958	0.554171	0.132438	0.091215	0.222176	1.337569	1.522965	3.74799	0.8701204
13938	-2664.945	-3287.192	622.2471	0.487239	0.111105	0.107087	0.294569	1.233369	1.481988	3.413603	2.512474
13944	-2620.669	-3241.595	620.9261	0.596718	0.0886623	0.110605	0.204015	1.665862	1.522	4.398282	1.442266
13950	-2635.484	-3258.188	622.7038	0.385875	0.166804	0.331633	0.115687	1.171487	1.618283	3.849761	0.9423937
13956	-2641.388	-3264.088	622.7002	0.388404	0.226846	0.226905	0.157845	1.098724	1.479642	3.971437	0.9423937
13962	-2620.075	-3242.544	622.4698	0.351385	0.148181	0.205279	0.295155	1.477332	1.53128	4.01131	0.7127961
13968	-2624.432	-3247.583	623.1509	0.37383	0.225779	0.218391	0.182	1.326584	1.64703	3.482514	0.9564456
13974	-2640.088	-3263.686	623.5985	0.222379	0.50489	0.0632359	0.209495	1.106397	1.534038	3.579908	0.6732698
13980	-2652.167	-3273.612	621.4452	0.226102	0.486033	0.0861948	0.20167	1.561615	1.516343	4.566526	0.6999862
13986	-2656.241	-3275.876	619.6342	0.237631	0.321398	0.109986	0.330985	1.166499	1.315233	4.850312	3.022566
13992	-2644.993	-3265.647	620.6539	0.440504	0.14744	0.135006	0.27705	1.738763	1.358015	4.850312	0.9854572
13998	-2632.624	-3256.687	624.0631	0.400103	0.276713	0.0293624	0.293821	1.738763	1.559144	3.001853	0.6080735
14004	-2636.769	-3260.611	623.8426	0.260393	0.489412	0.0222013	0.227993	1.113883	1.799344	2.672756	1.741807
14010	-2645.166	-3266.922	621.7556	0.32823	0.482374	0.0199565	0.16944	0.9167118	1.743925	2.904127	5.181464
14016	-2659.018	-3280.542	621.5242	0.288683	0.42772	0.034813	0.248785	1.197522	1.702193	2.966761	4.932503
14022	-2633.036	-3254.663	621.6266	0.521658	0.0507037	0.11367	0.313968	1.258413	1.675756	2.88789	4.927619
14028	-2635.312	-3259.459	624.1461	0.467461	0.0870109	0.103587	0.341941	1.474429	1.735362	2.413024	1.556582
14034	-2625.846	-3248.474	622.6284	0.384672	0.185	0.163556	0.266773	1.552726	1.463997	3.379976	1.706902
14040	-2616.111	-3239.547	623.4363	0.408927	0.138874	0.109581	0.342618	1.681166	1.679519	2.475616	2.188023
14046	-2633.301	-3257.15	623.8489	0.363624	0.210512	0.121203	0.304661	1.525683	1.639393	2.799379	1.246736
14052	-2648.784	-3270.903	622.119	0.37256	0.191111	0.124181	0.312148	1.455952	1.635665	2.86107	3.703928
14058	-2637.959	-3261.429	623.4699	0.403046	0.261292	0.144542	0.19112	0.9176164	1.517544	3.317373	1.474797
14064	-2628.563	-3251.042	622.4792	0.453938	0.178431	0.152379	0.215252	1.110736	1.493238	3.581974	1.929025
14070	-2639.884	-3263.392	623.5083	0.246496	0.34983	0.155273	0.2484	1.529519	1.688573	3.221658	0.826194
14076	-2638.318	-3259.396	621.0776	0.438993	0.0804848	0.202254	0.278268	1.633649	1.670601	4.064364	1.821771
14082	-2672.258	-3292.744	620.4861	0.538966	0.0661421	0.166212	0.228679	1.574603	1.577825	4.191739	2.529461
14088	-2649.575	-3269.343	619.7684	0.588364	0.090974	0.119185	0.201477	1.33436	1.553632	4.595877	2.900499
14094	-2659.5	-3278.838	619.3375	0.466183	0.268947	0.116734	0.148136	1.466958	1.432478	4.476656	4.079492
14100	-2652.021	-3272.424	620.4027	0.397394	0.181535	0.24341	0.17766	1.119195	1.388545	4.416436	2.985192
14106	-2658.725	-3279.232	620.5064	0.414151	0.0447658	0.253674	0.287409	1.12848	1.312337	4.711305	2.13292
14112	-2645.735	-3265.423	619.6876	0.420839	0.0293416	0.25777	0.29205	1.472315	1.481069	4.604013	2.927418
14118	-2638.388	-3260.041	621.6535	0.403266	0.0471319	0.247007	0.302595	1.172212	1.419561	4.467569	1.105056
14124	-2625.669	-3247.249	621.5801	0.314668	0.223658	0.117213	0.344461	1.172212	1.351355	4.467569	1.254281
14130	-2647.344	-3270.418	623.0732	0.329483	0.234188	0.120005	0.316325	1.313998	1.779304	2.978477	1.865996
14136	-2631.14	-3254.422	623.2815	0.321607	0.2368	0.13283	0.308763	1.313998	1.58185	3.458516	0.9437422
14142	-2639.619	-3264.203	624.5847	0.371072	0.154937	0.288859	0.185131	1.437292	1.609415	2.968499	0.199456
14148	-2630.771	-3255.232	624.461	0.371072	0.154937	0.288859	0.185131	1.290093	1.682116	3.087933	0.2767629
14154	-2634.594	-3259.195	624.6004	0.347021	0.197064	0.309796	0.146118	1.11261	1.575024	3.161699	0.2059175
14160	-2625.145	-3249.749	624.6042	0.360947	0.204973	0.322229	0.111851	0.7955028	1.723796	2.796635	1.101309
14166	-2629.738	-3255.692	625.954	0.300657	0.118527	0.487648	0.0931681	0.7860432	1.664713	2.493866	0.2560983
14172	-2631.756	-3256.6	624.8443	0.400035	0.215709	0.290034	0.0942225	1.329609	1.634035	2.866383	0.2410995
14178	-2632.001	-3256.501	624.5002	0.336467	0.191235	0.257127	0.215172	1.536555	1.63649	2.963048	0.2534676
14184	-2638.636	-3263.299	624.6623	0.37195	0.132722	0.292709	0.202619	1.475894	1.721352	2.697115	0.570727
14190	-2652.377	-3277.909	625.5328	0.380897	0.226382	0.165244	0.227478	1.364168	1.62173	2.427859	0.2804084
14196	-2639.369	-3264.753	625.3848	0.269233	0.0902528	0.548082	0.0924318	1.014857	1.688376	2.684025	0.2804084
14202	-2652.413	-3277.348	624.9351	0.371084	0.0803913	0.488196	0.0603286	1.273534	1.627715	2.777217	0.4410176
14208	-2648.635	-3273.465	624.8293	0.438567	0.0912207	0.4092	0.0610124	1.260026	1.629472	2.912421	0.2170694
14214	-2658.37	-3284.092	625.7224	0.417063	0.114711	0.407471	0.0607546	1.109359	1.715108	2.400574	0.272744
14220	-2629.078	-3253.517	624.4384	0.429107	0.152572	0.239767	0.178554	1.58516	1.681349	2.947084	0.272744
14226	-2622.545	-3247.411	624.8657	0.451744	0.107866	0.252416	0.187974	1.835793	1.690718	2.533609	0.1820489
14232	-2602.038	-3225.506	623.4688	0.450098	0.080661	0.247786	0.221455	1.355782	1.698985	3.617168	0.2005025
14238	-2630.311	-3255.969	625.6582	0.25661	0.239222	0.38789	0.116278	0.8789918	1.706408	2.576908	0.1943044
14244	-2632.622	-3258.231	625.609	0.388365	0.202725	0.310372	0.0985383	0.9020625	1.715098	2.576908	0.3519631
14250	-2658.779	-3284.21	625.4311	0.456429	0.167319	0.316898	0.0593543	0.7295751	1.624908	2.867336	0.2052956
14256	-2650.495	-3275.919	625.424	0.464828	0.151995	0.32273	0.0604466	1.183258	1.614551	2.591286	0.1929269
14262	-2651.281	-3276.809	625.5279	0.465407	0.150851	0.323132	0.0606105	1.030037	1.701978	2.578519	0.228149
14268	-2648.196	-3273.777	625.5805	0.619039	0.0398216	0.319746	0.0213928	1.030037	1.613897	2.578519	0.1812516
14274	-2650.086	-3272.309	622.2231	0.0531135	0.460119	0.405768	0.0809988	0.3176709	1.826624	4.075371	1.731041
14280	-2643.071	-3267.237	624.1661	0.0649016	0.535443	0.23211	0.167545	0.3480311	1.613419	3.549553	0.8268779
14286	-2641.535	-3265.52	623.9848	0.0621899	0.431117	0.299455	0.207238	0.5309265	1.528405	3.572242	0.8879661
14292	-2649.909	-3273.928	624.0194	0.440007	0.15449	0.228904	0.176599	1.258277	1.560282	3.426282	0.3243362
14298	-2653.176	-3275.143	621.9676	0.459078	0.161186	0.142917	0.236818	1.930545	1.551855	3.699988	1.377331
14304	-2660.006	-3281.204	621.1978	0.506462	0.124129	0.277765	0.0916435	1.562769	1.491755	4.014439	2.092307
14310	-2633.81	-3256.725	622.9153	0.553638	0.128182	0.243684	0.0744966	1.10525	1.527106	3.743405	1.070724
14316	-2630.389	-3254.042	623.6526	0.354456	0.122644	0.279838	0.243062	0.6596286	1.472174	3.660325	0.9883964
14322	-2631.096	-3253.058	621.9612	0.618221	0.0324006	0.186975	0.162403	1.433913	1.423028	3.825201	1.761653
14328	-2641.454	-3261.762	620.308	0.484828	0.0577715	0.056191	0.401209	1.808584	1.483117	3.825201	3.76651
14334	-2648.692	-3270.723	622.0316	0.632013	0.0873716	0.166071	0.114545	1.493301	1.439685	3.924592	1.392149
14340	-2660.143	-3282.104	621.9607	0.382844	0.169717	0.219457	0.227982	1.37199	1.508431	4.58556	0.2290181
14346	-2635.842	-3258.353	622.5114	0.457091	0.167618	0.216743	0.158549	1.322449	1.505448	4.302969	0.2344392
14352	-2644.686	-3266.374	621.6878	0.464427	0.163991	0.212053	0.159529	1.34869	1.56426	4.719624	0.2701794
14358	-2646.794	-3269.067	622.2733	0.373313	0.152677	0.387975	0.0860346	2.383664	1.686469	3.837041	0.3533682
14364	-2653.243	-3275.441	622.1982	0.435643	0.163379	0.184782	0.216196	1.61533	1.587134	3.768134	1.232743
14370	-2661.334	-3288.165	626.8307	0.519454	0.192364	0.181785	0.106397	0.432773	1.785446	2.083898	0.2881766
14376	-2656.202	-3281.375	625.1724	0.428573	0.252876	0.230768	0.0877822	0.5102312	1.869015	1.947607	2.211338
14382	-2648.471	-3269.864	621.3923	0.498625	0.123963	0.299044	0.0783675	1.162236	1.635326	3.848137	2.541684
14388	-2648.809	-3269.329	620.5194	0.311067	0.224237	0.228211	0.236485	1.424616	1.539782	4.024744	3.224602
14394	-2645.712	-3266.802	621.0905	0.406518	0.164985	0.254499	0.173997	1.408151	1.541388	4.407758	1.464424
14400	-2645.006	-3266.582	621.5751	0.388038	0.23305	0.142542	0.23637	1.473573	1.461327	4.223815	1.311108
14406	-2655.122	-3275.344	620.2215	0.351074	0.21085	0.230495	0.207581	2.739502	1.779263	3.527026	3.130242
14412	-2662.847	-3285.702	622.8545	0.412351	0.0731107	0.270726	0.243812	1.368198	1.789289	3.492871	1.055494
14418	-2678.098	-3299.589	621.4908	0.449963	0.0537269	0.230258	0.266051	1.368198	1.790791	3.336472	3.254069
14424	-2672.575	-3294.532	621.9569	0.408658	0.048795	0.29562	0.246927	1.598222	1.783585	3.6033	1.622852
14430	-2661.377	-3283.647	622.2703	0.395951	0.0985387	0.266262	0.239249	1.529028	1.944553	2.323098	4.395677
14436	-2666.038	-3288.385	622.3474	0.47747	0.0683949	0.239201	0.214934	1.401875	1.733489	3.905607	0.8760881
14442	-2661.388	-3283.858	622.47	0.42736	0.223361	0.156903	0.192377	1.898128	1.764371	3.905607	0.2574767
14448	-2639.694	-3263.83	624.1361	0.373724	0.126388	0.292527	0.207362	1.560092	1.946199	2.983335	0.2629187
14454	-2660.44	-3285.066	624.6258	0.354205	0.183823	0.251745	0.210227	1.14317	1.792086	2.993767	0.3250754
14460	-2646.786	-3271.396	624.6102	0.484628	0.052133	0.220536	0.242703	1.209419	1.7413	3.007773	0.2265072
14466	-2648.228	-3273.926	625.6983	0.465841	0.161153	0.152252	0.220755	1.127111	1.686031	2.422259	0.2265072
14472	-2660.612	-3286.994	626.3818	0.377306	0.205117	0.339614	0.0779631	0.7413165	1.757863	2.19009	0.2265072
14478	-2666.481	-3293.148	626.6669	0.290992	0.277582	0.350878	0.0805487	0.7566825	1.809891	1.957206	0.2265072
14484	-2672.571	-3298.727	626.1563	0.27257	0.260009	0.328665	0.138756	0.6265166	1.809891	2.378908	0.2265072
14490	-2649.626	-3276.116	626.4907	0.366369	0.217709	0.275195	0.140728	0.7345763	1.832399	2.076925	0.2392599
14496	-2654.009	-3280.465	626.4563	0.341384	0.237485	0.303349	0.117782	1.039374	1.802401	1.91046	0.2353467
14502	-2648.522	-3275.815	627.2921	0.370689	0.255691	0.309781	0.063839	0.4081485	1.98817	1.648013	0.2680594
14508	-2657.929	-3285.372	627.4425	0.417465	0.222134	0.30335	0.0570517	0.4081485	2.131893	1.412684	0.3253516
14514	-2649.096	-3276.375	627.2796	0.366181	0.329232	0.258871	0.0457152	0.4976688	1.971833	1.605119	0.2212213
14520	-2644.59	-3271.82	627.2298	0.435762	0.266879	0.209844	0.0875162	0.514605	1.952118	1.643708	0.2235285
14526	-2652.978	-3279.333	626.3555	0.39957	0.244714	0.275468	0.0802478	0.514605	1.707292	2.390576	0.2235285
14532	-2640.24	-3266.319	626.0792	0.487006	0.228904	0.242686	0.041404	0.59537	1.699925	2.518927	0.2385321
14538	-2635.006	-3261.675	626.6687	0.548317	0.102235	0.273239	0.0762095	0.8669947	1.804678	1.872233	0.2016984
14544	-2650.086	-3276.543	626.4569	0.338821	0.147645	0.403474	0.110059	0.8669947	1.83804	1.999819	0.2192468
14550	-2642.071	-3268.832	626.7605	0.453743	0.107761	0.309753	0.128743	0.8480572	1.856319	1.790192	0.2079294
14556	-2642.93	-3269.773	626.8422	0.453584	0.148188	0.372682	0.0255457	0.8480572	1.856698	1.732895	0.2079294
14562	-2645.095	-3271.889	626.7941	0.39309	0.128425	0.394496	0.0839892	0.6117503	1.868862	1.936032	0.2738229
14568	-2638.847	-3265.261	626.4138	0.39309	0.128425	0.394496	0.0839892	0.978818	1.868862	1.936032	0.2469582
14574	-2654.901	-3281.822	626.9211	0.432673	0.0916362	0.434221	0.0414697	0.4200895	1.852827	1.991244	0.2469582
14580	-2625.496	-3251.72	626.2243	0.317325	0.299615	0.311189	0.0718709	0.7280904	1.823607	2.022938	0.6859967
14586	-2630.466	-3255.766	625.3001	0.290942	0.403238	0.191466	0.114353	0.4119017	1.70394	2.419667	1.454052
14592	-2648.86	-3273.784	624.9231	0.316325	0.329623	0.208171	0.145881	0.3927484	1.65563	2.485624	1.861946
14598	-2658.218	-3280.951	622.7328	0.0924005	0.512348	0.168503	0.226749	0.2938599	1.543555	4.248206	1.140733
14604	-2664.31	-3287.527	623.2176	0.0414047	0.461802	0.191041	0.305753	0.258288	1.446971	3.710754	1.781088
14610	-2664.806	-3287.297	622.491	0.109389	0.392334	0.281225	0.217052	0.2265939	1.455566	4.60607	0.8410047
14616	-2662.421	-3284.553	622.1317	0.0892928	0.414213	0.296907	0.199588	0.2725624	1.327244	4.833986	0.9203033
14622	-2635.105	-3258.611	623.5055	0.0901302	0.418097	0.269765	0.222007	0.2611981	1.554386	3.95896	0.8728361
14628	-2640.448	-3264.63	624.1823	0.0684652	0.457977	0.259773	0.213784	0.5766394	1.805058	3.228415	0.9518268
14634	-2635.957	-3258.898	622.9413	0.146308	0.51658	0.146584	0.190528	0.6005026	1.625608	4.06863	0.8991955
14640	-2634.669	-3257.597	622.9274	0.182943	0.391239	0.183288	0.242529	0.3389904	1.516882	4.309549	0.8415168
14646	-2642.56	-3264.801	622.2402	0.196428	0.432056	0.197995	0.173521	0.3821625	1.746841	3.778378	2.462085
14652	-2633.226	-3257.351	624.1251	0.0925937	0.436085	0.333916	0.137406	0.4164687	1.448777	3.669846	0.7738716
14658	-2621.382	-3246.927	625.5442	0.147534	0.393416	0.359527	0.099524	0.6004836	1.594222	2.900469	0.3068542
14664	-2641.977	-3266.439	624.4619	0.144709	0.385884	0.338505	0.130902	0.2614737	1.589422	3.440768	0.7813743
14670	-2654.734	-3277.541	622.8067	0.22635	0.174779	0.280397	0.318473	2.073314	1.869797	2.91986	1.444229
14676	-2645.751	-3267.931	622.1805	0.216728	0.363827	0.112393	0.307052	2.045794	1.65499	3.426633	1.4532
14682	-2643.014	-3266.275	623.2606	0.307672	0.321584	0.0993433	0.271401	1.575544	1.65499	3.442119	0.7002702
14688	-2668.56	-3290.88	622.3196	0.376586	0.333446	0.121744	0.168223	1.368781	1.816952	3.527813	1.54294
14694	-2663.354	-3284.144	620.79	0.218397	0.464601	0.0876779	0.229324	1.504165	1.76721	4.113335	2.104466
14700	-2681.988	-3306.717	624.7291	0.448239	0.17744	0.192772	0.181549	1.139897	1.635537	3.04127	0.2647015
14706	-2659.661	-3284.085	624.4237	0.477542	0.166827	0.205374	0.150257	1.308073	1.577416	3.163914	0.2666338
14712	-2656.825	-3280.703	623.8779	0.477116	0.166678	0.205191	0.151015	1.308073	1.514772	3.514264	0.3061336
14718	-2651.201	-3275.383	624.1816	0.417569	0.170278	0.209622	0.20253	1.085245	1.430113	3.514264	0.2228178
14724	-2638.318	-3262.992	624.6745	0.407637	0.194436	0.200213	0.197713	1.17587	1.561647	3.070945	0.1765115
14730	-2650.922	-3273.553	622.6308	0.40211	0.0712762	0.248807	0.277808	1.985126	1.618895	3.163761	1.542531
14736	-2660.323	-3282.703	622.3805	0.353267	0.163329	0.0839542	0.399449	1.477941	1.641523	3.709816	1.212694
14742	-2646.339	-3271.191	624.8527	0.330812	0.158197	0.388858	0.122133	0.9383565	1.505522	3.16419	0.243008
14748	-2646.612	-3271.228	624.6158	0.327571	0.156647	0.385048	0.130734	1.235949	1.531339	3.116957	0.2625925
14754	-2632.731	-3257.368	624.6374	0.3572	0.170815	0.329425	0.142559	1.725646	1.532562	2.847887	0.243174
14760	-2623.427	-3249.212	625.7845	0.390929	0.216787	0.187105	0.205179	1.364086	1.853774	2.101879	0.332876
14766	-2631.354	-3254.984	623.6299	0.377329	0.209245	0.236214	0.177212	1.303033	1.755182	2.218363	2.887545
14772	-2630.017	-3254.644	624.6275	0.369693	0.146421	0.232932	0.250954	0.9587249	1.775932	2.252376	1.819313
14778	-2636.496	-3261.01	624.5141	0.365781	0.145396	0.332688	0.156136	0.9587249	1.802744	2.252376	1.930841
14784	-2648.556	-3273.712	625.1554	0.33992	0.135116	0.309167	0.215797	0.9587249	1.809546	2.384273	0.9600598
14790	-2651.064	-3276.014	624.9499	0.362618	0.28878	0.198906	0.149696	1.155258	1.743595	2.521686	0.823146
14796	-2646.933	-3271.262	624.3291	0.335997	0.279371	0.184304	0.200328	0.995004	1.743595	2.627324	1.455654
14802	-2634.445	-3259.685	625.24	0.265287	0.297215	0.224374	0.213123	0.6157749	1.841976	2.627324	0.8163215
14808	-2660.964	-3287.119	626.1548	0.23626	0.374111	0.199824	0.189804	0.1980463	1.607947	2.627324	0.4151942
14814	-2657.237	-3281.912	624.6747	0.0338216	0.473274	0.25279	0.240114	0.2018993	1.505824	3.177727	1.076513
14820	-2649.345	-3273.481	624.1364	0.130728	0.494077	0.282001	0.0931942	0.2423035	1.648939	3.420637	1.076513
14826	-2649.769	-3274.114	624.3448	0.0523975	0.641895	0.191093	0.114615	0.2552872	1.613461	3.420637	0.904407
14832	-2647.187	-3271.256	624.069	0.288345	0.371041	0.18127	0.159345	0.2242133	1.861442	3.198547	1.317619
14838	-2638.547	-3260.462	621.9144	0.201453	0.435127	0.230638	0.132783	0.2383191	1.776971	3.922398	2.624998
14844	-2652.831	-3277.901	625.07	0.212371	0.458709	0.288417	0.0405028	0.3535306	1.670052	3.003528	0.7893814
14850	-2651.221	-3277.171	625.9504	0.23657	0.332286	0.397963	0.0331807	0.5311769	1.721365	2.620219	0.3010635
14856	-2645.582	-3271.933	626.3503	0.387676	0.211554	0.369927	0.0308432	0.5311769	1.721365	2.335405	0.385891
14862	-2663.636	-3289.691	626.0543	0.394317	0.24259	0.321672	0.0414208	0.6307516	1.964206	2.231695	0.5067822
14868	-2638.244	-3264.992	626.7489	0.272682	0.300905	0.391425	0.0349871	0.5039688	1.858361	1.837218	0.6387731
14874	-2638.938	-3264.963	626.0256	0.484696	0.160644	0.32556	0.0290998	0.4782911	1.699268	2.60747	0.3387471
14880	-2621.514	-3246.224	624.71	0.431779	0.151198	0.414093	0.00292988	0.4332582	1.598187	3.481611	0.3387471
14886	-2640.246	-3265.583	625.3369	0.442311	0.0968862	0.447579	0.0132239	0.7539208	1.65557	2.881854	0.3335786
14892	-2634.441	-3259.541	625.1005	0.457289	0.100167	0.349954	0.0925899	0.7605246	1.680791	3.020893	0.2715307
14898	-2637.499	-3262.41	624.9114	0.344726	0.243208	0.354507	0.0575586	1.028488	1.680791	2.969355	0.2715307
14904	-2647.915	-3273.394	625.4792	0.346765	0.258337	0.356604	0.0382933	0.4420527	1.661195	2.969355	0.374199
14910	-2629.846	-3256.127	626.2807	0.207112	0.383615	0.386402	0.0228714	0.4698778	1.68716	2.460808	0.3396612
14916	-2635.077	-3260.061	624.9841	0.189578	0.380106	0.382867	0.0474495	0.3945503	1.713452	3.177035	0.5229466
14922	-2634.179	-3259.07	624.8906	0.433071	0.148032	0.41539	0.00350705	0.4331764	1.595512	3.282198	0.5229466
14928	-2634.969	-3259.049	624.0804	0.292092	0.425377	0.280166	0.00236539	0.5543142	1.508874	3.826134	0.3466591
14934	-2649.104	-3274.094	624.9899	0.400472	0.16619	0.431978	0.00135932	0.6753565	1.525181	3.233364	0.2675603
14940	-2650.249	-3274.069	623.8207	0.478996	0.144423	0.375399	0.00118128	0.6800888	1.705176	3.807932	0.247551
14946	-2618.002	-3242.841	624.8383	0.284873	0.150726	0.563813	0.000588829	0.6800888	1.551677	3.230047	0.4547989
14952	-2627.072	-3251.86	624.7879	0.164306	0.37834	0.416085	0.0412694	0.5605032	1.645703	3.219476	0.5552877
14958	-2631.923	-3256.941	625.0184	0.148355	0.438795	0.375692	0.0371583	0.6661542	1.645703	3.148994	0.2808974
14964	-2646.684	-3269.708	623.0239	0.26889	0.324314	0.347107	0.0596896	0.4302443	1.543984	3.667216	1.867227
14970	-2650.724	-3275.348	624.6237	0.288085	0.347464	0.339945	0.0245059	0.4302443	1.576241	2.818339	1.621679
14976	-2655.01	-3279.133	624.123	0.297212	0.37073	0.315093	0.016965	0.3318355	1.427095	3.776782	0.6821126
14982	-2636.413	-3259.384	622.9715	0.136901	0.397802	0.338102	0.127195	0.3318355	1.570455	3.950577	1.398331
14988	-2645.801	-3271.109	625.3085	0.41885	0.264947	0.250737	0.0654661	0.4137358	1.554819	2.614461	1.261804
14994	-2662.708	-3284.98	622.2722	0.377526	0.251198	0.341137	0.0301388	0.4598165	1.553165	3.785167	2.585121
15000	-2653.495	-3276.755	623.2604	0.395875	0.255552	0.25045	0.0981227	1.278214	1.372852	3.973397	0.2227841
15006	-2667.427	-3288.982	621.5551	0.490471	0.124441	0.295618	0.0894688	1.316912	1.390823	4.906658	0.2690846
15012	-2632.603	-3253.327	620.7239	0.520497	0.0161354	0.255677	0.207691	1.423838	1.631877	3.993161	2.821067
15018	-2633.623	-3254.174	620.5502	0.392552	0.0154083	0.399802	0.192238	1.252861	1.723473	3.9034	3.498464
15024	-2648.548	-3271.044	622.4965	0.516046	0.0129334	0.293211	0.177809	1.20828	1.705441	2.931748	3.092763
15030	-2634.349	-3258.965	624.6152	0.428091	0.0982773	0.243236	0.230395	1.127438	1.665392	2.429411	1.432216
15036	-2622.601	-3244.919	622.3181	0.434731	0.0546988	0.373084	0.137487	1.741089	1.629518	3.681928	1.11071
15042	-2643.249	-3265.161	621.9121	0.457295	0.0937291	0.216792	0.232184	0.8150673	1.605727	4.308297	1.312153
15048	-2632.056	-3253.634	621.578	0.360766	0.239683	0.123588	0.275962	1.200927	1.50772	4.162094	1.664776
15054	-2642.087	-3263.855	621.768	0.349269	0.0528366	0.31065	0.287245	0.9261561	1.612448	4.142856	1.675686
15060	-2636.642	-3258.537	621.8949	0.371374	0.0642188	0.258983	0.305424	1.203422	1.591878	3.870789	1.796816
15066	-2626.704	-3249.514	622.8096	0.253722	0.365817	0.226358	0.154103	0.4357136	1.400826	4.023527	1.538885
15072	-2626.529	-3247.793	621.2642	0.269213	0.388153	0.23003	0.112605	0.4953999	1.618902	4.482222	2.124364
15078	-2633.314	-3257.324	624.0099	0.273128	0.331934	0.280717	0.114221	0.5090852	1.510819	3.405703	1.191445
15084	-2632.495	-3255.487	622.9919	0.295994	0.320532	0.259691	0.123783	0.5735823	1.466508	3.981811	1.191687
15090	-2641.362	-3264.939	623.578	0.226975	0.351956	0.28515	0.135919	0.5209271	1.53857	3.464139	1.515835
15096	-2638.594	-3263.33	624.7361	0.240465	0.402174	0.213364	0.143997	0.5693962	1.866819	2.742767	1.155117
15102	-2653.577	-3277.195	623.618	0.282926	0.329889	0.175015	0.21217	0.8611796	1.695724	2.969773	1.859211
15108	-2673.346	-3298.034	624.6877	0.535786	0.259676	0.124973	0.0795646	0.6604424	1.679466	2.782939	1.233585
15114	-2646.511	-3269.859	623.3481	0.508711	0.0681424	0.330034	0.0931123	1.379514	1.511639	3.792392	0.2720851
15120	-2646.653	-3272.246	625.5921	0.524349	0.0702372	0.307166	0.0982479	1.048665	1.676518	2.543698	0.2720851
15126	-2648.309	-3272.869	624.5597	0.555876	0.0744602	0.325634	0.0440296	1.129953	1.548408	3.199816	0.2636676
15132	-2633.664	-3258.516	624.8515	0.360977	0.196256	0.389666	0.0531009	1.077009	1.423061	3.128689	0.284593
15138	-2612.567	-3236.043	623.4762	0.383364	0.208428	0.351814	0.0563942	1.337668	1.55097	3.718744	0.2465835
15144	-2624.939	-3247.592	622.6535	0.543462	0.126962	0.284238	0.0453378	1.64204	1.422826	4.111979	0.2355013
15150	-2635.166	-3257.653	622.4865	0.555088	0.103636	0.220429	0.120847	1.264325	1.54777	4.321537	0.2821032
15156	-2656.791	-3279.322	622.5308	0.346869	0.287935	0.201039	0.164157	1.264325	1.507744	4.321537	0.2419651
15162	-2645.93	-3268.768	622.8383	0.202178	0.387639	0.205226	0.204957	0.5271968	1.739336	3.23898	2.769055
15168	-2634.809	-3257.417	622.6076	0.479311	0.225182	0.146607	0.1489	1.128356	1.680914	3.701716	1.28517
15174	-2642.535	-3264.799	622.2638	0.448734	0.296996	0.114869	0.139401	1.788965	1.650576	3.699942	1.073514
15180	-2637.633	-3261.459	623.8256	0.377303	0.249719	0.253097	0.11988	0.7340842	1.745445	3.521167	0.712727
15186	-2635.611	-3260.127	624.5166	0.349563	0.274145	0.255346	0.120946	0.5216995	1.710741	3.256678	0.7291203
15192	-2653.457	-3277.006	623.5487	0.353742	0.265467	0.258399	0.122392	0.6920053	1.687766	3.560593	1.014297
15198	-2652.509	-3275.709	623.1999	0.334274	0.193874	0.238581	0.233271	1.234824	1.687766	2.53519	2.987035
15204	-2638.276	-3261.144	622.867	0.370642	0.222884	0.264539	0.141935	0.7107966	1.525339	3.890596	1.278008
15210	-2646.551	-3270.653	624.1017	0.293797	0.300932	0.300986	0.104285	0.7121857	1.740512	3.218161	0.9710162
15216	-2642.255	-3266.296	624.0414	0.4023	0.234847	0.31068	0.052174	1.129232	1.671954	2.601291	1.7788
15222	-2655.65	-3279.105	623.455	0.379109	0.221308	0.29277	0.106813	0.7458009	1.604908	3.684553	0.9210504
15228	-2667.407	-3289.124	621.717	0.355389	0.168437	0.348888	0.127287	0.5420148	1.548904	3.722315	3.577624
15234	-2631.194	-3253.042	621.8476	0.212399	0.328323	0.350608	0.10867	0.4830634	1.503425	4.891384	0.7785747
15240	-2638.031	-3259.99	621.9586	0.318958	0.290078	0.308007	0.0829563	0.6943648	1.482208	4.891384	0.4822703
15246	-2637.243	-3259.714	622.4705	0.339596	0.243206	0.347646	0.0695519	0.8834055	1.378912	4.08948	1.293555
15252	-2649.945	-3271.941	621.9964	0.470083	0.266263	0.22093	0.0427242	0.8930194	1.618102	4.147183	1.431078
15258	-2634.496	-3257.515	623.0196	0.323794	0.274903	0.297351	0.103953	1.274191	1.614256	3.697829	0.8025245
15264	-2634.875	-3257.436	622.5611	0.299591	0.386321	0.221446	0.0926427	0.6696481	1.585786	4.29925	0.841985
15270	-2659.369	-3283.7	624.3312	0.234382	0.291214	0.422969	0.0514342	0.6025665	1.407361	3.694468	0.3854088
15276	-2621.445	-3245.927	624.4817	0.279712	0.343353	0.315553	0.0613817	0.6025665	1.543274	3.566376	0.2609103
15282	-2633.882	-3258	624.1173	0.158075	0.478604	0.286879	0.0764424	0.7683079	1.466296	3.566376	0.5931469
15288	-2637.852	-3260.812	622.9607	0.305639	0.342118	0.295288	0.0569551	0.7530428	1.534974	3.974092	0.9734605
15294	-2644.513	-3269.106	624.5934	0.287458	0.318847	0.295255	0.0984403	1.345462	1.634533	2.454931	1.221489
15300	-2662.241	-3286.672	624.4309	0.251741	0.24057	0.476952	0.0307375	0.3852895	1.40474	3.722831	0.4582775
15306	-2648.576	-3271.988	623.4113	0.359499	0.179768	0.392288	0.0684455	0.5027986	1.53412	3.855773	0.9918563
15312	-2637.405	-3262.651	625.2463	0.319398	0.23849	0.348529	0.0935826	0.5027986	1.768831	2.778295	0.7567168
15318	-2641.654	-3267.391	625.7369	0.503769	0.106796	0.319311	0.0701243	0.3393719	1.676778	2.885549	0.2847124
15324	-2625.966	-3252.403	626.4375	0.524132	0.130705	0.26825	0.0769125	0.4322711	1.707988	2.376541	0.1944854
15330	-2627.09	-3253.073	625.9832	0.303967	0.248642	0.27413	0.173262	0.5354902	1.714295	2.475447	0.5427296
15336	-2632.352	-3258.522	626.1704	0.24985	0.323961	0.283775	0.142415	0.5085044	1.631027	2.552352	0.307129
15342	-2617.798	-3243.167	625.369	0.3214	0.321262	0.323007	0.0343305	0.5941007	1.644437	2.859476	0.5422659
15348	-2627.851	-3251.255	623.404	0.290779	0.290106	0.372587	0.0465284	0.8752718	1.579431	3.987218	0.3270754
15354	-2638.554	-3261.552	622.9985	0.332114	0.351813	0.249926	0.0661473	0.7831464	1.608953	3.743271	1.239829
15360	-2643.519	-3269.096	625.5768	0.36542	0.310274	0.19236	0.131947	0.499647	1.624595	2.824052	0.5101516
15366	-2637.855	-3263.052	625.1976	0.221718	0.334878	0.393954	0.0494504	0.5119677	1.669991	3.12604	0.244858
15372	-2642.908	-3268.342	625.4332	0.185319	0.362817	0.410532	0.0413322	0.5256349	1.632401	2.984148	0.3283864
15378	-2641.716	-3267.341	625.6249	0.319749	0.273921	0.382742	0.0235881	0.5256349	1.562751	2.912877	0.3219119
15384	-2637.229	-3262.041	624.8121	0.245168	0.210029	0.345579	0.199224	0.4244464	1.577772	3.455416	0.2289116
15390	-2623.331	-3245.269	621.9374	0.379937	0.186987	0.35054	0.0825359	0.8635597	1.531297	4.58309	0.8137797
15396	-2624.084	-3248.362	624.2788	0.31936	0.307531	0.245401	0.127709	0.3734852	1.463165	3.855014	0.2790445
15402	-2631.337	-3253.98	622.6434	0.208459	0.400842	0.290502	0.100197	0.3646691	1.360364	4.402183	1.098378
15408	-2649.486	-3272.747	623.2613	0.193464	0.401584	0.378531	0.0264213	0.4159795	1.318873	4.486624	0.316469
15414	-2654.394	-3278.967	624.5728	0.441942	0.175294	0.344748	0.0380157	0.558554	1.448304	3.595516	0.2470925
15420	-2650.715	-3277	626.2848	0.447094	0.230439	0.305397	0.0170699	0.5533832	1.686703	2.425935	0.2626875
15426	-2653.502	-3280.327	626.8249	0.442658	0.184296	0.313184	0.0598618	0.4137149	1.649478	2.191446	0.2626875
15432	-2647.357	-3274.254	626.897	0.319307	0.308587	0.326486	0.0456197	0.3813243	1.748267	2.09765	0.2626875
15438	-2666.668	-3293.624	626.9556	0.328694	0.331678	0.290595	0.0490333	0.2878214	1.849443	2.025178	0.219348
15444	-2662.261	-3289.348	627.0864	0.412313	0.219378	0.331254	0.0370551	0.3420675	1.844764	1.922178	0.219348
15450	-2645.429	-3272.524	627.0953	0.145545	0.321482	0.509753	0.02322	0.4246877	1.8755	1.855459	0.2567418
15456	-2635.525	-3262.647	627.1211	0.217131	0.305632	0.398403	0.0788334	0.4938145	1.920654	1.761231	0.2494468
15462	-2665.163	-3287.993	622.83	0.316727	0.301695	0.199468	0.18211	1.15855	1.739202	3.642957	1.066204
15468	-2657.956	-3281.647	623.6916	0.297284	0.283175	0.24861	0.170931	0.5089292	1.726637	3.3509	1.405408
15474	-2661.027	-3285.616	624.5894	0.269561	0.305128	0.171411	0.253899	0.9712658	1.686771	2.870563	0.8519032
15480	-2654.043	-3278.352	624.3091	0.254839	0.235743	0.441076	0.0683424	0.4382549	1.590793	2.967798	1.676781
15486	-2634.231	-3258.839	624.6084	0.136252	0.418478	0.31164	0.13363	0.4382549	1.725209	2.655428	1.775453
15492	-2650.026	-3275.313	625.2874	0.121693	0.543809	0.181315	0.153183	0.5603405	1.897287	2.501591	0.9697529
15498	-2641.416	-3264.016	622.5997	0.161331	0.387365	0.248225	0.203079	0.9756428	1.904455	3.553664	1.498648
15504	-2644.827	-3268.293	623.4656	0.360467	0.252314	0.294426	0.0927933	0.7869918	1.705972	3.276519	1.498648
15510	-2646.905	-3269.978	623.073	0.316764	0.258329	0.323082	0.101825	0.685062	1.571046	3.808833	1.19003
15516	-2666.324	-3289.786	623.4618	0.198389	0.359656	0.300191	0.141764	0.7565914	1.710411	3.674256	0.8185841
15522	-2674.799	-3296.917	622.1184	0.209688	0.38014	0.260333	0.149839	0.5675931	1.604572	4.525759	0.9684903
15528	-2668.563	-3291.004	622.4413	0.0779757	0.453093	0.268835	0.200097	0.4886698	1.522566	4.525759	0.8121649
15534	-2651.145	-3275.687	624.5426	0.383585	0.286527	0.125916	0.203971	1.098921	1.770671	2.265083	1.733167
15540	-2650.336	-3275.895	625.5594	0.369144	0.27574	0.167292	0.187823	1.046698	1.967758	1.977209	0.9371907
15546	-2648.712	-3270.36	621.648	0.357252	0.236271	0.191488	0.214989	1.26285	1.529747	4.160595	1.490215
15552	-2641.029	-3265.974	624.9447	0.211389	0.369438	0.302833	0.11634	0.6741675	1.734504	2.897388	0.7201595
15558	-2635.246	-3258.637	623.3913	0.359094	0.280949	0.252345	0.107612	0.6736824	1.389521	4.167537	0.4504086
15564	-2628.954	-3253.081	624.1267	0.221643	0.366873	0.32952	0.0819635	0.535737	1.72882	3.633925	0.4504086
15570	-2629.805	-3251.993	622.1877	0.319719	0.142409	0.475331	0.0625413	0.6287732	1.668373	4.443109	0.918882
15576	-2641.111	-3264.439	623.3278	0.301846	0.190351	0.448758	0.0590451	0.5881909	1.499024	3.873709	0.9915258
15582	-2639.017	-3262.668	623.6506	0.256181	0.295009	0.282438	0.166372	0.5605278	1.587468	4.040398	0.2916752
15588	-2642.336	-3267.936	625.6005	0.290478	0.344212	0.335136	0.0301735	0.4874327	1.635551	2.918966	0.2696127
15594	-2642.766	-3267.117	624.3513	0.375762	0.17361	0.419718	0.0309104	0.6902853	1.665817	3.514629	0.281112
15600	-2649.299	-3274.861	625.5622	0.316599	0.309458	0.324807	0.0491365	0.3675832	1.613227	3.009908	0.3136208
15606	-2640.992	-3265.021	624.0291	0.347184	0.307975	0.32325	0.0215912	0.6143913	1.642151	3.748057	0.3323069
15612	-2639.896	-3265.795	625.8983	0.171696	0.499131	0.290755	0.0384185	0.4233175	1.641802	2.767732	0.2900531
15618	-2652.931	-3278.608	625.6766	0.352708	0.400592	0.233354	0.0133455	0.5421101	1.510329	2.913676	0.2814944
15624	-2658.34	-3283.964	625.6236	0.14349	0.251105	0.474388	0.131017	0.4948898	1.723765	2.848198	0.2565646
15630	-2631.749	-3257.197	625.4481	0.289082	0.334985	0.297065	0.0788682	0.6804275	1.706387	2.848198	0.2565646
15636	-2642.053	-3268.032	625.9786	0.255787	0.377599	0.348476	0.018139	0.5130835	1.773327	2.589126	0.2565646
15642	-2639.836	-3266.515	626.6793	0.179888	0.352763	0.384446	0.0829033	0.3222232	1.744835	2.251374	0.3279759
15648	-2627.424	-3254.099	626.675	0.156106	0.448827	0.365894	0.0291735	0.4112349	1.821969	2.162085	0.3279759
15654	-2635.393	-3261.429	626.0353	0.157803	0.456073	0.369872	0.016252	0.492162	1.687551	2.56589	0.4112126
15660	-2628.708	-3254.759	626.0506	0.154416	0.425995	0.361932	0.0576575	0.4195617	1.666541	2.608787	0.4168913
15666	-2649.172	-3273.677	624.5053	0.422166	0.248163	0.28437	0.0453015	0.5850895	1.659945	3.1729	0.8609702
15672	-2640.091	-3264.836	624.7446	0.387469	0.312184	0.232794	0.0675529	0.6533794	1.681419	3.082031	0.6895704
15678	-2633.935	-3259.863	625.9279	0.374007	0.319045	0.23791	0.0690375	0.5183585	1.681419	2.663824	0.3113292
15684	-2646.294	-3270.22	623.9261	0.414976	0.081896	0.473782	0.0293463	0.8671102	1.410344	3.792455	0.317886
15690	-2635.792	-3260.274	624.4816	0.346851	0.320568	0.317321	0.0152596	1.052537	1.597747	3.250167	0.317886
15696	-2622.201	-3244.408	622.2076	0.35396	0.179218	0.424378	0.0424435	1.693319	1.488589	4.251266	0.4190189
15702	-2634.452	-3255.754	621.3018	0.215136	0.141466	0.452458	0.190939	2.257654	1.602019	4.251266	0.7755478
15708	-2628.837	-3250.185	621.348	0.407114	0.173924	0.168935	0.250027	1.352269	1.565851	4.251266	1.516225
15714	-2639.077	-3261.093	622.0162	0.322437	0.179939	0.284032	0.213592	1.663336	1.681278	4.251266	0.4447159
15720	-2630.763	-3252.221	621.4579	0.333153	0.152684	0.293472	0.22069	1.243833	1.471984	4.666222	0.8292387
15726	-2643.041	-3264.458	621.4174	0.356803	0.163523	0.314305	0.16537	1.563405	1.357397	4.676238	0.6901267
15732	-2628.182	-3252.782	624.6003	0.397602	0.183862	0.232597	0.185939	1.066149	1.514191	3.23167	0.2741733
15738	-2623.816	-3247.442	623.6264	0.390703	0.203465	0.233013	0.172819	1.223229	1.531382	3.691755	0.1970163
15744	-2632.937	-3255.846	622.9092	0.529924	0.122849	0.188683	0.158545	1.201458	1.519817	4.114377	0.3416984
15750	-2655.481	-3276.608	621.1268	0.291736	0.451131	0.0246296	0.232503	1.454434	1.572335	3.674414	3.126974
15756	-2653.005	-3275.452	622.4472	0.280659	0.446972	0.0411986	0.231171	1.296652	1.550882	3.864145	1.126304
15762	-2649.578	-3274.145	624.5669	0.400408	0.122023	0.279756	0.197813	1.384663	1.847261	2.844	0.3677086
15768	-2642.84	-3269	626.16	0.431663	0.135038	0.283049	0.15025	1.233287	1.937467	1.894305	0.2457229
15774	-2637.732	-3263.817	626.0849	0.395122	0.176658	0.353791	0.0744293	1.078783	1.937467	2.040364	0.283426
15780	-2622.289	-3248.693	626.4045	0.22813	0.180125	0.547315	0.0444296	0.4215009	1.771966	2.352661	0.3511059
15786	-2631.286	-3257.755	626.4686	0.405193	0.138805	0.421764	0.0342377	0.4929438	1.888433	2.219482	0.2599008
15792	-2647.067	-3272.8	625.7335	0.419109	0.195862	0.336718	0.0483113	0.5973974	1.569827	2.810109	0.2696021
15798	-2639.415	-3264.765	625.3504	0.410171	0.220179	0.342341	0.0273087	0.570693	1.645004	3.009845	0.2195094
15804	-2646.156	-3268.707	622.5518	0.428566	0.14276	0.416095	0.0125788	0.8357638	1.765032	4.273458	0.5574751
15810	-2668.726	-3291.754	623.028	0.523026	0.168757	0.0991989	0.209019	1.671992	1.622188	2.691408	2.366538
15816	-2646.986	-3269.186	622.1995	0.404097	0.244774	0.189639	0.161491	1.356326	1.531867	3.224345	2.834651
15822	-2667.412	-3287.4	619.988	0.44822	0.124649	0.358311	0.0688204	1.704318	1.531867	3.562892	5.534874
15828	-2650.125	-3271.31	621.185	0.484293	0.018585	0.36922	0.127902	1.163792	1.365508	4.585225	1.453665
15834	-2649.905	-3275.617	625.7125	0.401621	0.223819	0.303865	0.0706951	0.5391943	1.687971	2.780194	0.3063871
15840	-2653.402	-3278.658	625.2558	0.396763	0.22593	0.36954	0.00776676	0.6348524	1.681782	2.986733	0.3443294
15846	-2671.706	-3297.066	625.3598	0.379692	0.247484	0.370496	0.00232767	0.5139301	1.547902	3.097448	0.2864678
15852	-2648.117	-3270.389	622.2723	0.24494	0.440953	0.149417	0.164691	1.355646	1.743324	3.62234	1.508048
15858	-2668.492	-3292.216	623.7237	0.444944	0.251221	0.136845	0.16699	1.153454	1.662714	2.797237	1.759321
15864	-2670.712	-3293.674	622.9623	0.321338	0.262204	0.226573	0.189885	1.481033	1.744138	3.126908	1.557357
15870	-2639.148	-3262.726	623.5777	0.466648	0.110451	0.14715	0.275751	1.333956	1.582751	2.853031	1.71709
15876	-2652.762	-3278.479	625.7171	0.278758	0.386984	0.106546	0.227712	0.9335651	1.672986	2.093042	1.012419
15882	-2636.45	-3260.829	624.3793	0.298568	0.112949	0.495888	0.0925954	1.028811	1.601999	2.309498	2.168363
15888	-2641.633	-3265.203	623.5696	0.446332	0.042774	0.424392	0.0865022	0.9523878	1.697794	2.161306	3.860004
15894	-2644.107	-3268.583	624.4762	0.349944	0.0532495	0.495758	0.101048	0.8769224	1.677929	2.090166	2.637859
15900	-2660.509	-3285.673	625.1641	0.309701	0.338233	0.228859	0.123208	0.8290152	1.754716	2.368097	1.168772
15906	-2643.217	-3267.083	623.8658	0.370216	0.222157	0.307866	0.0997611	0.9013783	1.615826	2.338415	3.063919
15912	-2637.019	-3260.313	623.2941	0.370159	0.31898	0.211114	0.0997459	0.5031189	1.600888	2.957128	3.063919
15918	-2662.115	-3284.774	622.6591	0.332686	0.337959	0.223675	0.10568	0.4388004	1.667725	2.855471	4.605697
15924	-2655.259	-3278.89	623.6311	0.299652	0.407106	0.22299	0.0702518	0.4729254	1.645009	2.754075	3.036225
15930	-2664.253	-3289.242	624.9881	0.246123	0.474993	0.135055	0.143829	0.4618023	1.565022	2.590559	1.608212
15936	-2636.912	-3260.21	623.2986	0.287985	0.234233	0.399805	0.0779766	0.8882932	1.65012	2.83902	2.641299
15942	-2623.813	-3248.623	624.8093	0.169302	0.407859	0.353829	0.0690095	0.5072932	1.590212	2.83902	1.270998
15948	-2628.913	-3253.957	625.0434	0.314239	0.22607	0.262773	0.196918	1.061146	1.639861	2.474169	0.9966013
15954	-2640.672	-3265.382	624.7101	0.264369	0.260576	0.248082	0.226973	1.326215	1.636564	2.490426	1.057074
15960	-2657.141	-3281.81	624.6688	0.36547	0.240069	0.228559	0.165901	1.678342	1.814972	2.128483	1.187638
15966	-2633.957	-3258.786	624.8288	0.276688	0.193599	0.302191	0.227522	1.205179	1.663297	2.300884	1.339293
15972	-2642.831	-3268.886	626.0548	0.324296	0.246909	0.354186	0.0746086	1.205179	1.856162	2.032749	0.2880443
15978	-2647.569	-3273.642	626.0732	0.259576	0.231791	0.448737	0.0598953	1.063918	1.707537	2.210792	0.2630673
15984	-2644.557	-3267.945	623.388	0.368068	0.32867	0.218333	0.084929	0.8209423	1.475645	4.08091	0.1827047
15990	-2640.703	-3262.928	622.2253	0.225254	0.403138	0.324539	0.0470698	0.8115874	1.570007	4.652199	0.4293864
15996	-2660.045	-3285.759	625.7142	0.273882	0.385734	0.310528	0.0298561	0.4630035	1.685258	2.835386	0.2454182
16002	-2646.787	-3272.629	625.8413	0.340009	0.186732	0.44794	0.0253189	0.5204788	1.698245	2.675111	0.3852024
16008	-2647.515	-3272.944	625.4294	0.305684	0.264602	0.280619	0.149095	0.9966111	1.613608	2.716213	0.2578836
16014	-2645.817	-3271.214	625.3961	0.445235	0.2166	0.217913	0.120251	1.009254	1.585109	2.743577	0.2246353
16020	-2628.287	-3254.168	625.8803	0.463503	0.169699	0.266326	0.100472	0.9872422	1.633341	2.427093	0.2246353
16026	-2618.968	-3244.559	625.5915	0.359072	0.101131	0.385372	0.154424	1.256402	1.662275	2.427093	0.2246353
16032	-2626.725	-3252.375	625.6499	0.402199	0.189702	0.253626	0.154473	1.256402	1.639763	2.404438	0.2246353
16038	-2648.577	-3274.164	625.5869	0.35834	0.11992	0.270189	0.251552	1.358278	1.639763	2.385483	0.2246353
16044	-2625.234	-3250.732	625.4982	0.329462	0.0923534	0.489157	0.0890279	1.35394	1.71566	2.385483	0.1973646
16050	-2649.116	-3269.997	620.8811	0.256974	0.277241	0.219035	0.24675	2.242274	1.922489	3.467373	2.535986
16056	-2652.658	-3271.62	618.962	0.568054	0.0619831	0.136753	0.23321	2.397785	1.52392	4.338306	3.714803
16062	-2639.568	-3264.524	624.9557	0.555505	0.167992	0.21641	0.0600927	1.002932	1.557678	3.029449	0.2206913
16068	-2637.456	-3262.225	624.7684	0.297464	0.301072	0.317679	0.0837854	1.002932	1.617745	3.09273	0.3314462
16074	-2651.304	-3276.944	625.6403	0.418217	0.207135	0.303703	0.0709447	0.749062	1.621382	2.699353	0.3833735
16080	-2630.279	-3255.752	625.4727	0.46063	0.0839784	0.329149	0.126243	1.033521	1.621382	2.661761	0.2382141
16086	-2644.907	-3270.703	625.7962	0.409986	0.189544	0.29296	0.10751	1.023058	1.813546	2.345921	0.2382141
16092	-2637.511	-3263.508	625.9966	0.444948	0.15628	0.282093	0.116679	1.102123	1.825466	2.15311	0.2113221
16098	-2640.816	-3266.834	626.0186	0.447005	0.157003	0.223818	0.172174	1.015676	1.738697	2.256392	0.2384173
16104	-2651.047	-3276.974	625.9269	0.496715	0.185107	0.232097	0.0860812	1.015676	1.8292	2.256392	0.2721392
16110	-2643.932	-3269.276	625.3445	0.249384	0.196364	0.415932	0.138321	1.515608	1.709218	2.40887	0.2721392
16116	-2667.538	-3293.378	625.8402	0.514101	0.129472	0.235575	0.120852	0.9519743	1.740695	2.40887	0.2702173
16122	-2658.158	-3279.131	620.9726	0.298988	0.358226	0.0985806	0.244205	1.75992	1.490388	4.63251	0.9081211
16128	-2630.191	-3252.701	622.5103	0.355725	0.190854	0.243035	0.210386	2.090904	1.667984	3.621559	0.7229988
16134	-2647.676	-3272.583	624.9069	0.454531	0.129035	0.226199	0.190235	0.993057	1.685692	2.981412	0.3121653
16140	-2632.269	-3256.235	623.9662	0.318181	0.126736	0.34596	0.209123	1.263963	1.623878	2.524278	1.93262
16146	-2637.544	-3261.063	623.5186	0.56461	0.125941	0.126442	0.183007	1.456713	1.679658	2.373902	2.581121
16152	-2636.344	-3261.143	624.7993	0.385308	0.250128	0.148963	0.215602	1.248537	1.76971	2.277294	1.251446
16158	-2633.124	-3257.492	624.368	0.334632	0.202511	0.275612	0.187245	1.167619	1.906384	2.335326	1.56714
16164	-2627.351	-3252.904	625.5527	0.426466	0.11459	0.334005	0.124939	0.8596078	1.892418	2.335326	0.6705902
16170	-2611.559	-3236.666	625.107	0.354754	0.165345	0.299624	0.180278	1.075049	1.906312	2.498613	0.6286041
16176	-2625.512	-3249.845	624.3329	0.405484	0.228285	0.286585	0.079645	0.6564692	1.798604	3.356193	0.5254644
16182	-2620.429	-3246.035	625.6068	0.303527	0.396773	0.220219	0.0794811	0.5484096	1.687193	2.815704	0.3685231
16188	-2645.97	-3269.079	623.1092	0.358875	0.311563	0.244908	0.0846544	0.5531724	1.589556	3.716792	1.45798
16194	-2641.535	-3267.32	625.7849	0.242013	0.203678	0.4462	0.108109	1.198259	1.879109	1.882774	0.7985848
16200	-2634.783	-3260.608	625.825	0.413274	0.277381	0.28704	0.0223046	1.104062	1.658819	2.336746	0.3803406
16206	-2668.46	-3294.15	625.6896	0.47218	0.11973	0.382607	0.0254838	1.340651	1.806142	2.186709	0.3803406
16212	-2648.81	-3274.599	625.7891	0.473401	0.0999821	0.39218	0.0344367	1.046121	1.686759	2.409596	0.3007706
16218	-2634.386	-3260.283	625.8966	0.495618	0.160222	0.316379	0.0277808	1.105455	1.574643	2.382157	0.2357418
16224	-2636.778	-3257.13	620.3521	0.486073	0.105511	0.0621015	0.346315	1.378524	1.673022	3.263691	6.265235
16230	-2637.908	-3258.18	620.2719	0.641384	0.00826141	0.134641	0.215713	1.378524	1.638798	3.682628	4.782687
16236	-2622.681	-3243.122	620.4415	0.55707	0.0130627	0.212892	0.216976	2.11276	1.637934	3.682628	3.266169
16242	-2611.996	-3233.443	621.4477	0.514587	0.00925925	0.252454	0.2237	1.652308	1.663958	3.330399	3.142557
16248	-2630.012	-3250.831	620.8189	0.511728	0.0329358	0.232879	0.222457	1.246139	1.793208	3.779468	3.288668
16254	-2641.948	-3264.404	622.4567	0.497965	0.0589449	0.226616	0.216474	1.246139	1.852743	2.874652	3.011199
16260	-2637.835	-3260.462	622.6273	0.497965	0.0589449	0.226616	0.216474	1.124866	1.709549	3.405044	1.832508
16266	-2654.515	-3277.301	622.7858	0.372759	0.0958163	0.271794	0.25963	1.239364	1.826915	3.178362	1.832508
16272	-2646.19	-3270.29	624.1005	0.436949	0.14574	0.236413	0.180899	1.590591	1.829746	3.059438	0.2500657
16278	-2640.012	-3264.349	624.3372	0.257871	0.270848	0.299863	0.171417	1.798446	1.770611	2.844504	0.2966802
16284	-2635.455	-3257.648	622.1929	0.411486	0.226704	0.257985	0.103825	1.798446	1.550468	4.224474	0.2966802
16290	-2646.162	-3269.029	622.8667	0.416093	0.184725	0.269767	0.129415	1.14718	1.444217	4.224474	0.2966802
16296	-2655.373	-3277.657	622.2837	0.502784	0.118766	0.24056	0.137889	1.479297	1.537325	4.33538	0.2646996
16302	-2652.025	-3274.952	622.9277	0.395907	0.125388	0.374445	0.104261	1.121603	1.473866	4.177808	0.3289017
16308	-2635.915	-3259.512	623.597	0.381378	0.100427	0.384252	0.133942	1.498601	1.854037	3.158503	0.7110942
16314	-2638.465	-3263.433	624.9676	0.272084	0.362171	0.274134	0.0916107	0.5398186	1.664199	3.016447	0.7110942
16320	-2634.781	-3257.191	622.4094	0.437177	0.0493361	0.404351	0.109136	1.139296	1.637666	3.485905	2.01199
16326	-2611.782	-3232.393	620.6112	0.436582	0.110589	0.12274	0.330089	2.167182	1.575196	3.651854	3.104792
16332	-2641.632	-3261.926	620.2942	0.443155	0.148498	0.0530993	0.355248	1.755155	1.623794	4.979362	0.8377513
16338	-2642.844	-3262.251	619.4066	0.327941	0.369876	0.0392942	0.262888	1.534183	1.411987	4.979362	2.346689
16344	-2648.811	-3265.713	616.9019	0.510405	0.145516	0.0455894	0.29849	1.636797	1.56831	5.123244	6.440273
16350	-2643.148	-3266.071	622.9223	0.429069	0.148215	0.238023	0.184693	1.256039	1.610741	3.621243	1.047764
16356	-2658.732	-3282.021	623.2896	0.297075	0.188642	0.32115	0.193133	1.256039	1.601605	3.511305	0.8801965
16362	-2651.269	-3272.193	620.9244	0.469131	0.0951235	0.199176	0.23657	1.53668	1.618922	3.733636	3.096782
16368	-2659.317	-3281.901	622.584	0.441436	0.089508	0.235476	0.23358	2.163443	1.713442	3.151496	1.361359
16374	-2638.632	-3259.745	621.1132	0.392404	0.126703	0.209321	0.271572	1.951712	1.66725	4.065636	1.474608
16380	-2624.667	-3244.339	619.6718	0.356376	0.302698	0.102013	0.238913	1.356919	1.557551	5.464517	0.9839268
16386	-2609.953	-3229.834	619.8812	0.319538	0.320023	0.107852	0.252587	1.356919	1.557043	4.942652	1.806758
16392	-2622.5	-3242.808	620.3073	0.333918	0.227153	0.0987546	0.340175	1.661473	1.613176	4.309803	2.326526
16398	-2634.182	-3255.847	621.6652	0.537479	0.148962	0.06198	0.251579	1.496736	1.559528	4.309803	0.9378392
16404	-2620.916	-3242.192	621.2758	0.484028	0.169086	0.0558162	0.291071	1.456627	1.681512	4.153278	1.559127
16410	-2645.696	-3266.019	620.3229	0.419072	0.140213	0.215755	0.22496	1.790726	1.477376	4.295243	2.386709
16416	-2634.962	-3254.814	619.8514	0.523849	0.11101	0.170819	0.194322	1.790726	1.56353	4.338687	2.862847
16422	-2637.963	-3257.636	619.6733	0.424426	0.0899413	0.138399	0.347234	1.790726	1.60616	4.415139	2.862847
16428	-2635.695	-3257.924	622.2295	0.467095	0.0989835	0.235919	0.198002	1.295744	1.567093	3.61475	1.857885
16434	-2655.219	-3275.509	620.2906	0.516791	0.059362	0.204779	0.219068	1.295744	1.722074	2.687839	9.54515
16440	-2646.236	-3268.662	622.4258	0.582025	0.0408144	0.0846798	0.292481	1.449244	1.724985	2.826359	3.104089
16446	-2637.241	-3256.808	619.5672	0.359043	0.0783242	0.309948	0.252685	1.950042	1.466427	4.641113	2.428731
16452	-2667.867	-3291.914	624.0461	0.373945	0.0746595	0.279189	0.272206	1.134439	1.649109	2.984485	1.081236
16458	-2661	-3283.52	622.5199	0.472329	0.0282045	0.263423	0.236044	1.380783	1.802748	2.807002	2.970347
16464	-2632.737	-3255.926	623.1896	0.594107	0.0271573	0.277619	0.101117	1.341674	1.439324	3.508627	1.067384
16470	-2643.735	-3265.543	621.808	0.510342	0.149768	0.0570029	0.282887	1.425195	1.673744	3.650319	2.037888
16476	-2672.463	-3293.493	621.0304	0.385855	0.113235	0.287028	0.213882	1.425195	1.541949	4.038276	2.366179
16482	-2639.719	-3263.31	623.5907	0.413757	0.208553	0.212243	0.165448	0.9969759	1.620666	2.62679	2.600765
16488	-2633.208	-3254.439	621.2304	0.355527	0.28129	0.156812	0.206371	1.19611	1.515202	4.185712	2.053174
16494	-2642.935	-3267.404	624.4683	0.309301	0.244716	0.217149	0.228835	1.062275	1.719632	2.424939	1.622953
16500	-2633.564	-3258.217	624.6532	0.332906	0.22872	0.209072	0.229302	1.248636	1.672293	2.424939	1.263257
16506	-2651.071	-3275.523	624.4523	0.383093	0.268453	0.136732	0.211722	1.561889	1.791536	2.529626	0.8915528
16512	-2653.654	-3277.607	623.9535	0.367251	0.257352	0.172431	0.202966	1.561889	1.723891	2.815309	0.992023
16518	-2632.357	-3255.337	622.9808	0.348913	0.213831	0.200845	0.236412	1.291735	1.513371	3.455826	1.355255
16524	-2642.036	-3263.794	621.7581	0.365231	0.192682	0.210239	0.231848	1.408701	1.42142	4.330138	1.023556
16530	-2665.806	-3288.784	622.9775	0.129779	0.593621	0.152457	0.124143	0.3940646	1.706971	4.199804	0.7582193
16536	-2671.153	-3294.104	622.9514	0.31421	0.483809	0.124255	0.0777262	0.9472494	1.760938	3.861962	0.7582193
16542	-2655.706	-3277.5	621.7941	0.372488	0.265321	0.113552	0.248639	1.117738	1.642359	4.423943	0.8719929
16548	-2646.681	-3268.423	621.7425	0.303009	0.369062	0.106067	0.221863	1.218949	1.508869	4.315174	1.154553
16554	-2651.892	-3273.222	621.3297	0.379427	0.147854	0.227291	0.245428	1.669893	1.383613	4.257167	1.420762
16560	-2654.763	-3277.054	622.2904	0.491643	0.0880816	0.169237	0.251039	1.047753	1.3202	3.890941	1.785782
16566	-2644.968	-3268.883	623.9144	0.399462	0.150285	0.275001	0.175251	1.047753	1.487101	3.278027	0.9653697
16572	-2639.217	-3262.896	623.6794	0.445941	0.121862	0.23175	0.200448	1.17167	1.533007	2.958432	1.624917
16578	-2646.718	-3269.99	623.2726	0.459985	0.116406	0.157083	0.266527	1.317563	1.492325	3.167211	1.579877
16584	-2622.163	-3246.642	624.4786	0.485596	0.158295	0.0466166	0.309492	1.176611	1.619125	2.680706	1.140442
16590	-2615.454	-3238.865	623.4108	0.514264	0.208344	0.0377031	0.23969	1.556433	1.723762	2.948635	1.334906
16596	-2630.558	-3254.023	623.4644	0.481266	0.206012	0.0352839	0.277438	1.261363	1.65238	2.760754	2.055244
16602	-2657.408	-3278.961	621.5538	0.476871	0.113838	0.19126	0.218032	1.24897	1.584293	4.055228	1.776344
16608	-2656.016	-3278.862	622.8462	0.613106	0.0206418	0.187511	0.178741	1.056666	1.498092	3.373019	1.98002
16614	-2637.238	-3260.26	623.0224	0.514872	0.00301248	0.295953	0.186163	1.786392	1.564986	3.19867	1.268942
16620	-2627.417	-3249.367	621.9501	0.56395	0.00979311	0.0809426	0.345314	1.617839	1.48295	3.648749	1.887983
16626	-2622.647	-3244.654	622.0071	0.615802	0.0691063	0.0883849	0.226707	1.617839	1.518251	4.235632	0.6768663
16632	-2630.507	-3251.657	621.1496	0.432264	0.147554	0.157886	0.262296	1.401662	1.569939	4.235632	1.7297
16638	-2633.319	-3254.954	621.6353	0.455031	0.141637	0.151555	0.251778	1.979699	1.539334	3.801817	1.527033
16644	-2637.228	-3259.302	622.0746	0.412257	0.156896	0.147104	0.283744	1.211623	1.715123	3.801817	1.564046
16650	-2653.773	-3274.944	621.1706	0.515124	0.0858243	0.227043	0.172009	1.273604	1.48775	4.042425	2.430131
16656	-2656.316	-3276.369	620.0534	0.555843	0.108446	0.110053	0.225658	1.273604	1.523804	3.929428	4.782825
16662	-2633.019	-3254.281	621.2624	0.51519	0.082361	0.131931	0.270518	1.438166	1.550455	4.03174	2.029894
16668	-2644.1	-3264.862	620.7616	0.440434	0.204627	0.0644966	0.290442	1.703841	1.800112	4.03174	2.065771
16674	-2643.477	-3264.845	621.3673	0.344441	0.364906	0.0780429	0.21261	0.9227621	1.625482	3.606656	3.717558
16680	-2656.17	-3279.232	623.0626	0.342906	0.347165	0.0982665	0.211663	2.049076	1.718706	3.074289	1.072977
16686	-2669.879	-3294.415	624.5358	0.413683	0.194282	0.204983	0.187052	1.029533	1.756257	2.383264	1.61597
16692	-2662.052	-3284.544	622.4922	0.434418	0.0756137	0.179288	0.31068	1.444623	1.605193	3.910336	0.8160085
16698	-2647.952	-3269.441	621.4899	0.41163	0.0934478	0.342009	0.152913	1.377152	1.52332	3.741763	2.542541
16704	-2646.013	-3267.813	621.8	0.338268	0.10975	0.365504	0.186478	1.989597	1.717714	3.474663	1.78621
16710	-2656.754	-3279.924	623.1703	0.431327	0.204385	0.194329	0.169959	1.733325	1.711171	2.874627	1.598177
16716	-2645.276	-3267.548	622.272	0.526462	0.214688	0.0514044	0.207446	1.733325	1.654684	3.433398	1.615896
16722	-2641.382	-3261.589	620.2066	0.376457	0.164669	0.210247	0.248627	1.556741	1.513473	3.946422	3.89455
16728	-2647.472	-3269.218	621.7453	0.44962	0.196672	0.0567607	0.296947	1.736778	1.707676	3.615365	1.811365
16734	-2648.687	-3271.148	622.4604	0.367649	0.306155	0.0490286	0.277167	1.804299	1.70067	3.464697	1.225916
16740	-2639.999	-3261.932	621.9328	0.31492	0.315921	0.107915	0.261244	1.730199	1.72708	4.082694	0.7169188
16746	-2642.959	-3264.374	621.4149	0.322986	0.271794	0.110679	0.294541	1.867253	1.578953	4.206796	1.046789
16752	-2648.645	-3270.188	621.5432	0.277269	0.254042	0.128014	0.340675	1.63881	1.586948	4.078766	1.334475
16758	-2632.98	-3252.658	619.6787	0.230204	0.431389	0.0541657	0.284242	1.475587	1.47189	4.852688	2.269159
16764	-2639.126	-3259.301	620.1751	0.405259	0.151667	0.223002	0.220073	1.570657	1.438986	4.54772	2.269159
16770	-2660.689	-3283.24	622.5506	0.45077	0.145709	0.192094	0.211428	1.496939	1.704904	3.484709	1.362496
16776	-2652.732	-3275.082	622.3501	0.354044	0.0371841	0.304352	0.30442	1.899478	1.627016	3.248158	1.779726
16782	-2634.575	-3256.577	622.0018	0.389099	0.270867	0.114012	0.226022	1.38398	1.750047	3.844128	1.342731
16788	-2650.457	-3273.03	622.5737	0.370936	0.304902	0.10869	0.215471	0.9393829	1.791627	3.612409	1.585974
16794	-2650.319	-3273.2	622.8803	0.554414	0.127973	0.108161	0.209451	1.767703	1.684463	3.32239	1.087872
16800	-2655.892	-3276.737	620.8453	0.494471	0.111619	0.160887	0.233023	1.747428	1.5181	4.290342	1.689702
16806	-2649.382	-3271.586	622.2043	0.35748	0.0745935	0.399461	0.168465	1.822407	1.863245	3.55716	1.14223
16812	-2654.152	-3275.449	621.2973	0.524161	0.150306	0.237747	0.0877858	2.316557	1.754164	3.212627	2.742365
16818	-2654.054	-3274.64	620.5859	0.495657	0.0992922	0.184063	0.220988	1.711835	1.688344	3.891801	2.845186
16824	-2646.944	-3269.338	622.3944	0.604892	0.105798	0.0538431	0.235467	1.711835	1.752929	3.121564	2.028523
16830	-2668.087	-3290.299	622.2118	0.547518	0.0802491	0.117625	0.254608	1.80952	1.752929	2.993902	2.479062
16836	-2645.232	-3267.433	622.2009	0.477144	0.140369	0.120865	0.261622	1.800103	1.800021	2.976619	2.479062
16842	-2636.949	-3259.013	622.0639	0.472744	0.0743163	0.221091	0.231849	1.556422	1.71227	3.741102	1.347731
16848	-2638.808	-3261.728	622.9198	0.48329	0.102672	0.180593	0.233445	1.433107	1.767614	3.149989	1.583528
16854	-2662.238	-3284.81	622.5718	0.469186	0.12135	0.182246	0.227218	1.841729	1.722236	3.149989	1.64859
16860	-2657.085	-3279.426	622.341	0.419012	0.0735047	0.267831	0.239653	1.414079	1.41506	3.778312	1.436247
16866	-2658.295	-3281.028	622.7331	0.492533	0.101491	0.206399	0.199577	1.414079	1.511461	3.778312	0.9218493
16872	-2624.939	-3249.446	624.5066	0.238766	0.354511	0.216969	0.189754	0.9795646	1.515353	3.316402	0.3471419
16878	-2634.648	-3259.7	625.0522	0.237856	0.35316	0.219954	0.18903	0.8872389	1.506143	3.071685	0.2919008
16884	-2629.078	-3254.545	625.4671	0.279369	0.369864	0.208301	0.142466	0.8392923	1.772342	2.692955	0.2728099
16890	-2632.302	-3256.934	624.6322	0.385116	0.220974	0.290606	0.103304	0.7466761	1.55368	3.383595	0.2473829
16896	-2638.141	-3262.782	624.6412	0.307366	0.203865	0.354513	0.134256	0.6531728	1.643692	3.383595	0.2473829
16902	-2634.566	-3259.137	624.5709	0.379579	0.18261	0.317552	0.120259	1.16124	1.60587	3.138769	0.2828546
16908	-2636.094	-3259.939	623.8449	0.483198	0.0682277	0.300919	0.147655	0.9298371	1.472008	3.612405	0.6120804
16914	-2631.845	-3256.606	624.761	0.538552	0.0338906	0.335392	0.0921655	1.002194	1.662815	2.365803	1.524893
16920	-2634.401	-3258.508	624.1073	0.488268	0.0156194	0.376063	0.12005	1.401682	1.644333	2.830694	1.031615
16926	-2637.635	-3261.367	623.7319	0.607611	0.017971	0.237731	0.136687	1.408393	1.654572	2.778503	1.513222
16932	-2642.065	-3266.537	624.4727	0.56825	0.03062	0.330152	0.0709784	1.380792	1.654572	2.439176	1.323333
16938	-2614.505	-3238.944	624.439	0.508709	0.0165969	0.295558	0.179136	1.21609	1.817207	2.125576	1.937755
16944	-2632.735	-3256.965	624.2294	0.522048	0.0114488	0.303309	0.163194	1.394145	1.837019	2.125576	1.973348
16950	-2655.142	-3277.505	622.3629	0.579295	0.0152735	0.0899744	0.315457	1.834905	1.583999	3.125223	2.159555
16956	-2648.779	-3270.424	621.6445	0.655061	0.0293235	0.121281	0.194335	1.135227	1.697538	3.043584	4.522551
16962	-2661.437	-3282.74	621.3026	0.481325	0.0495282	0.259118	0.210029	1.289378	1.868234	2.60443	6.340869
16968	-2688.731	-3308.76	620.0293	0.492401	0.0506679	0.301642	0.155289	2.084007	2.012517	3.172276	5.171768
16974	-2631.949	-3253.306	621.3566	0.516958	0.0648289	0.303618	0.114595	2.013686	1.557391	3.799457	1.818292
16980	-2646.994	-3270.393	623.3989	0.491861	0.131505	0.154178	0.222456	1.494302	1.736154	3.034703	1.236388
16986	-2662.72	-3284.717	621.9969	0.601446	0.00881434	0.188528	0.201212	1.417515	1.655796	3.298049	2.674715
16992	-2666.355	-3287.248	620.8931	0.482021	0.0243053	0.364736	0.128938	1.568993	1.760025	3.868012	2.50317
16998	-2649.38	-3270.911	621.5304	0.503541	0.0253905	0.296764	0.174304	1.350212	1.541557	3.685199	2.639605
17004	-2631.594	-3252.772	621.1785	0.503541	0.0253905	0.296764	0.174304	1.205418	1.611833	3.491096	3.957555
17010	-2621.592	-3243.39	621.7987	0.399185	0.0963151	0.235164	0.269336	1.239869	1.60773	3.799415	2.018145
17016	-2643.395	-3264.979	621.5839	0.419135	0.133096	0.16051	0.287259	1.239869	1.597495	4.486787	0.8987517
17022	-2625.04	-3245.66	620.6197	0.32877	0.263407	0.144203	0.26362	2.030821	1.540266	4.480694	1.282369
17028	-2632.558	-3254.668	622.1094	0.341546	0.307681	0.0769087	0.273865	1.560807	1.566625	3.830924	1.282369
17034	-2637.03	-3259.767	622.7369	0.353926	0.227824	0.119609	0.298641	1.377356	1.657513	3.853786	0.6841746
17040	-2636.105	-3258.679	622.5749	0.588411	0.111897	0.0936859	0.206006	1.704944	1.707642	3.757433	0.6841746
17046	-2638.848	-3261.756	622.9082	0.359449	0.104512	0.369127	0.166911	1.704944	1.650915	3.368794	1.064686
17052	-2638.095	-3259.506	621.4117	0.354269	0.155357	0.301882	0.188492	1.125975	1.708252	4.617912	0.83684
17058	-2635.017	-3255.602	620.5852	0.208552	0.194262	0.361492	0.235694	1.568001	1.51096	4.349969	2.089818
17064	-2632.564	-3254.82	622.2565	0.151087	0.158806	0.39256	0.297547	1.184915	1.609098	4.001029	1.12385
17070	-2634.875	-3256.365	621.4898	0.378618	0.178175	0.244874	0.198333	1.839369	1.558808	4.157111	1.102454
17076	-2647.153	-3268.59	621.4366	0.410724	0.0532009	0.290401	0.245675	1.398583	1.556007	4.542645	0.845427
17082	-2634.408	-3256.275	621.8669	0.47961	0.173947	0.19303	0.153413	1.410495	1.530589	4.288449	0.8796322
17088	-2634.812	-3256.283	621.4716	0.464679	0.129942	0.0996234	0.305756	1.594209	1.646736	3.596587	2.478663
17094	-2636.296	-3257.492	621.1959	0.409787	0.137912	0.157241	0.29506	1.698012	1.549079	4.138449	1.600382
17100	-2639.457	-3260.198	620.7411	0.398859	0.156184	0.178074	0.266883	1.445025	1.59784	3.564085	4.176093
17106	-2636.69	-3259.864	623.174	0.363732	0.138127	0.262113	0.236027	1.519286	1.839843	2.526839	2.411214
17112	-2652.459	-3276.689	624.2299	0.449828	0.237324	0.185795	0.127052	1.16382	1.706163	2.819713	1.085032
17118	-2641.523	-3264.027	622.5038	0.49519	0.260255	0.0503736	0.194181	1.640057	1.776805	2.410909	3.793098
17124	-2649.755	-3273.864	624.1089	0.269737	0.216611	0.229698	0.283954	1.288014	1.743443	2.578097	1.476969
17130	-2642.05	-3266.206	624.1557	0.322158	0.248707	0.143586	0.28555	0.8613001	1.629435	2.751857	1.718429
17136	-2629.568	-3254.73	625.162	0.40319	0.151524	0.246219	0.199067	0.8613001	1.674768	2.751857	0.6116465
17142	-2641.998	-3263.013	621.0154	0.399017	0.0264965	0.188663	0.385823	1.676976	1.604897	4.33008	1.373895
17148	-2649.728	-3268.915	619.1873	0.394488	0.0211902	0.215004	0.369318	1.676976	1.603469	4.884643	2.462178
17154	-2646.532	-3270.401	623.8684	0.497187	0.0998815	0.254419	0.148513	1.696984	1.561187	3.304212	0.251969
17160	-2629.815	-3253.525	623.7096	0.508803	0.039331	0.260363	0.191504	1.89587	1.562303	3.304212	0.251969
17166	-2634.047	-3258.706	624.6588	0.47352	0.0283906	0.319866	0.178224	1.419412	1.68685	2.836536	0.4278108
17172	-2642.044	-3265.275	623.2304	0.476447	0.0223851	0.321843	0.179325	1.419412	1.850067	3.074245	1.294564
17178	-2640.957	-3264.297	623.3394	0.395053	0.0148512	0.350377	0.239719	1.286218	1.828913	2.431321	2.72381
17184	-2638.343	-3262.981	624.6387	0.480386	0.0801333	0.322894	0.116587	1.053376	1.705999	2.397884	1.498884
17190	-2635.767	-3259.987	624.2202	0.392538	0.0967628	0.212141	0.298558	1.088143	1.615595	2.668318	1.546499
17196	-2622.475	-3245.219	622.7444	0.433461	0.0902442	0.19785	0.278445	1.441926	1.697933	3.097058	1.993618
17202	-2635.547	-3257.556	622.009	0.368045	0.192601	0.202931	0.236424	1.684622	1.739813	2.875944	3.314447
17208	-2649.367	-3273.243	623.8751	0.147548	0.597967	0.0270171	0.227468	1.121785	1.598413	3.007879	1.286833
17214	-2635.847	-3259.807	623.9604	0.453787	0.133661	0.11591	0.296642	1.539155	1.782608	2.613375	1.286833
17220	-2629.732	-3253.177	623.445	0.483041	0.142278	0.120305	0.254376	1.391868	1.644696	2.948239	1.549853
17226	-2641.529	-3265.043	623.5136	0.405459	0.10533	0.404035	0.0851758	1.550057	1.770158	2.807837	1.434556
17232	-2658.046	-3283.317	625.2704	0.403173	0.104737	0.401757	0.0903328	0.9059332	1.813782	2.052515	1.434556
17238	-2639.478	-3263.384	623.9067	0.391413	0.144416	0.174437	0.289734	0.9059332	1.834157	2.498763	2.259061
17244	-2634.373	-3257.81	623.4368	0.345301	0.186125	0.256074	0.212501	1.716961	1.845413	2.673997	1.528971
17250	-2632.881	-3257.828	624.9471	0.446583	0.164311	0.201451	0.187654	1.51069	1.850264	1.964176	1.268233
17256	-2649.589	-3273.237	623.6476	0.404834	0.187065	0.229348	0.178753	1.258193	1.76488	2.33196	2.628055
17262	-2645.119	-3268.802	623.6826	0.370064	0.303837	0.0362814	0.289818	2.220087	1.686111	2.368153	1.554996
17268	-2643.676	-3267.328	623.6522	0.43124	0.206592	0.0402944	0.321874	1.663345	1.777138	2.678593	1.401832
17274	-2640.441	-3262.889	622.448	0.471095	0.188176	0.047547	0.293182	1.339281	1.450656	3.895125	1.13317
17280	-2634.774	-3256.158	621.3837	0.400279	0.310153	0.0477417	0.241826	1.363647	1.462755	3.895125	2.411437
17286	-2636.643	-3260.286	623.6427	0.356427	0.110047	0.32182	0.211707	1.045771	1.53366	3.148837	1.437249
17292	-2655.001	-3276.781	621.7796	0.459493	0.141868	0.180928	0.21771	1.244839	1.546951	3.148837	3.973753
17298	-2664.787	-3284.705	619.9173	0.488533	0.0538791	0.230215	0.227373	1.217653	1.593325	4.343258	3.540644
17304	-2650.788	-3273.021	622.2327	0.639774	0.0621267	0.131147	0.166953	1.31959	1.535445	3.292102	2.647325
17310	-2655.271	-3277.439	622.1673	0.469205	0.0998654	0.290469	0.140461	1.401103	1.732257	3.292102	2.340389
17316	-2657.549	-3282.224	624.6745	0.255501	0.240102	0.278119	0.226278	1.221005	1.705187	2.583529	0.9713719
17322	-2651.425	-3275.314	623.889	0.336251	0.226652	0.0486418	0.388455	1.281072	1.675663	2.355556	2.314021
17328	-2669.18	-3291.943	622.7625	0.356649	0.272563	0.0651683	0.30562	1.190274	1.683589	2.842038	2.960419
17334	-2653.751	-3276.272	622.521	0.375184	0.23069	0.0612522	0.332874	1.253488	1.721306	3.208185	2.24482
17340	-2682.458	-3305.019	622.5606	0.477717	0.0353928	0.257534	0.229356	1.611793	1.66057	2.933521	2.485868
17346	-2653.309	-3275.2	621.8906	0.541233	0.0580808	0.246391	0.154295	1.164842	1.65139	2.863523	4.677303
17352	-2659.667	-3282.956	623.2894	0.423825	0.0314859	0.279922	0.264768	1.164842	1.909929	2.361186	3.039368
17358	-2667.271	-3291.148	623.8771	0.41873	0.117582	0.276557	0.187131	1.539723	1.767732	2.510663	1.585942
17364	-2655.176	-3278.858	623.6819	0.412612	0.0908463	0.272516	0.224026	1.46994	1.616048	2.924294	1.281707
17370	-2642.816	-3266.121	623.3056	0.24846	0.32301	0.356182	0.0723486	0.4111927	1.592827	3.728485	1.364888
17376	-2625.178	-3246.26	621.082	0.343835	0.307524	0.294733	0.0539075	0.5051515	1.638746	4.259531	2.950818
17382	-2639.158	-3262.669	623.5106	0.357306	0.36442	0.207859	0.0704147	0.4482902	1.660739	3.080858	2.38693
17388	-2620.976	-3244.683	623.7073	0.368066	0.355923	0.203012	0.0729986	0.6238268	1.813502	3.078597	1.685246
17394	-2627.086	-3251.669	624.5826	0.235525	0.27309	0.388552	0.102834	0.4991313	1.860098	3.20035	0.637058
17400	-2614.728	-3236.639	621.9115	0.222655	0.476507	0.203623	0.0972146	0.3696578	1.688987	4.352231	1.642007
17406	-2638.786	-3260.807	622.0208	0.190226	0.407104	0.369781	0.0328891	0.499631	1.457894	3.949822	2.617656
17412	-2635.382	-3257.967	622.5846	0.334721	0.268896	0.376637	0.0197448	0.6780584	1.475093	4.300693	0.9154015
17418	-2632.203	-3255.988	623.7844	0.310952	0.231227	0.357997	0.0998235	0.5487893	1.8225	3.275562	1.293077
17424	-2641.558	-3266.086	624.528	0.232646	0.279518	0.380334	0.107502	0.6156465	1.97365	2.849224	1.029822
17430	-2648.371	-3271.66	623.2893	0.354737	0.0952438	0.51251	0.0375088	1.012796	1.543855	3.140563	1.911971
17436	-2637.649	-3260.163	622.5133	0.485235	0.134427	0.183332	0.197006	1.111485	1.730343	3.248622	2.337818
17442	-2635.204	-3259.343	624.1389	0.596114	0.0460371	0.263738	0.0941107	0.8667599	1.717547	2.322748	2.558834
17448	-2640.334	-3263.603	623.2691	0.36941	0.0600852	0.451653	0.118852	1.10955	1.755967	2.47065	3.13087
17454	-2662.878	-3285.5	622.622	0.363964	0.0695594	0.410601	0.155876	1.012701	1.696789	2.693616	3.945534
17460	-2636.277	-3260.817	624.5396	0.498641	0.0982532	0.189551	0.213554	0.9813986	1.748156	2.081442	2.299665
17466	-2613.789	-3238.841	625.052	0.350968	0.339926	0.152668	0.156438	0.9317992	1.852975	1.93756	1.825543
17472	-2624.779	-3250.748	625.9689	0.22149	0.450756	0.120311	0.207444	0.9317992	1.849497	1.954001	0.8003652
17478	-2625.213	-3250.48	625.2677	0.249091	0.506928	0.135304	0.108677	0.6466671	1.779336	2.216971	1.500175
17484	-2641.675	-3262.363	620.6881	0.307631	0.420311	0.132622	0.139435	1.175258	1.564403	4.554274	1.868923
17490	-2652.721	-3274.167	621.4456	0.471358	0.111791	0.203206	0.213645	1.19343	1.500913	4.116644	1.950751
17496	-2633.357	-3254.948	621.5915	0.433396	0.0324109	0.33165	0.202543	1.341421	1.390439	4.122284	1.718763
17502	-2631.146	-3253.473	622.3279	0.443095	0.0318561	0.325973	0.199076	1.289312	1.401759	3.720911	1.718763
17508	-2627.871	-3250.538	622.6668	0.437267	0.036282	0.321685	0.204766	1.289312	1.483915	3.476392	1.718763
17514	-2633.952	-3256.523	622.5715	0.452754	0.152681	0.182635	0.21193	1.503322	1.673388	3.595968	1.161703
17520	-2653.468	-3277.964	624.4961	0.347694	0.215866	0.126003	0.310437	1.397043	1.901781	1.810496	2.156944
17526	-2652.425	-3276.798	624.3729	0.259523	0.161125	0.12954	0.449813	1.160543	1.957902	2.003748	2.156944
17532	-2642.2	-3267.435	625.2349	0.413063	0.18271	0.151141	0.253086	1.179122	2.074534	1.791024	1.313501
17538	-2649.685	-3274.728	625.0431	0.469615	0.156871	0.130456	0.243058	1.179122	1.923649	2.023364	1.313501
17544	-2658.259	-3275.628	617.3685	0.550302	0.0956652	0.0584131	0.29562	1.564163	1.610698	4.842752	6.596437
17550	-2652.934	-3271.641	618.7066	0.534331	0.0278216	0.0500165	0.387831	1.869691	1.662556	3.917932	6.596437
17556	-2662.504	-3284.531	622.0275	0.542345	0.0282389	0.0357675	0.393648	1.960362	1.795488	2.444546	4.090246
17562	-2655.654	-3281.921	626.2666	0.313339	0.325774	0.16276	0.198127	0.9364923	2.045643	1.444057	1.014122
17568	-2643.366	-3268.692	625.3257	0.241144	0.2489	0.143783	0.366173	1.267013	1.970796	1.581984	1.569334
17574	-2637.223	-3262.877	625.6544	0.376118	0.237798	0.108857	0.277227	0.996626	2.025091	1.529414	1.50905
17580	-2634.633	-3260.652	626.0188	0.350484	0.230946	0.118016	0.300553	0.996626	1.908407	1.529414	1.232825
17586	-2634.417	-3259.838	625.4207	0.417678	0.150067	0.166491	0.265763	0.8352355	1.926664	1.627952	1.957786
17592	-2628.222	-3254.364	626.1425	0.357975	0.128617	0.285633	0.227775	0.9503641	2.071237	1.293978	1.301789
17598	-2617.892	-3243.469	625.5774	0.276273	0.200885	0.29626	0.226583	1.212881	2.072567	1.532071	1.301789
17604	-2620.666	-3245.996	625.33	0.229473	0.434314	0.148012	0.188201	1.197833	1.819744	2.169711	0.878008
17610	-2619.82	-3244.28	624.4598	0.442783	0.31938	0.109521	0.128316	1.001282	1.651703	2.935509	0.878008
17616	-2628.159	-3251.7	623.5412	0.43823	0.178744	0.145867	0.237158	1.001282	1.565655	3.000186	1.876756
17622	-2619.434	-3242.027	622.593	0.497058	0.214235	0.0837798	0.204927	1.488184	1.647303	3.576481	1.215822
17628	-2637.308	-3257.044	619.7357	0.476374	0.195443	0.150531	0.177652	1.51114	1.39061	4.790396	2.421634
17634	-2643.716	-3262.695	618.9799	0.418922	0.211371	0.23244	0.137268	1.481084	1.336299	5.254683	2.421634
17640	-2643.185	-3263.474	620.2896	0.307938	0.330182	0.0964057	0.265474	1.551604	1.371777	5.254683	0.7687665
17646	-2652.167	-3273.117	620.9496	0.293884	0.378312	0.1299	0.197904	0.945842	1.493151	5.013552	0.9798504
17652	-2644.179	-3265.036	620.8564	0.3256	0.41914	0.0586462	0.196615	1.431346	1.539555	4.737461	1.062882
17658	-2642.749	-3262.694	619.9446	0.28959	0.370387	0.112922	0.227101	1.892434	1.539555	4.981221	1.160388
17664	-2649.528	-3272.888	623.3604	0.286177	0.0398965	0.300425	0.373502	1.295677	1.698995	2.828746	1.94093
17670	-2656.42	-3279.654	623.2346	0.307446	0.206647	0.432584	0.0533226	1.100288	1.506469	3.735555	0.7951477
17676	-2649.958	-3273.974	624.0167	0.381188	0.23946	0.29296	0.0863915	1.072826	1.464268	3.574442	0.3577035
17682	-2648.182	-3272.17	623.9875	0.210967	0.333905	0.35148	0.103649	1.137102	1.419295	3.596321	0.3162647
17688	-2630.615	-3255.097	624.4813	0.383711	0.27424	0.256066	0.0859824	0.9198951	1.419295	3.445025	0.2447512
17694	-2631.871	-3256.92	625.0484	0.379482	0.282239	0.253244	0.0850347	0.8439643	1.452323	3.136848	0.2382114
17700	-2631.437	-3256.905	625.4688	0.33776	0.277961	0.358974	0.0253042	0.6586101	1.618613	2.902266	0.2649939
17706	-2628.89	-3253.772	624.8821	0.499723	0.103654	0.338494	0.0581291	1.239774	1.619223	2.902266	0.2649939
17712	-2628.781	-3254.662	625.8812	0.474877	0.147301	0.323018	0.0548033	0.8477054	1.650862	2.507225	0.2649939
17718	-2618.7	-3243.438	624.7387	0.299762	0.182263	0.399687	0.118289	0.8477054	1.571235	3.248289	0.2519261
17724	-2620.731	-3245.288	624.5565	0.414983	0.176055	0.238545	0.170417	1.032123	1.55541	3.254591	0.2519261
17730	-2649.87	-3274.246	624.3757	0.465452	0.12012	0.329133	0.0852946	1.507152	1.557122	3.073348	0.3578791
17736	-2640.529	-3263.823	623.2947	0.370812	0.141353	0.399241	0.0885938	1.476936	1.574138	3.71915	0.3421958
17742	-2632.934	-3257.518	624.584	0.510406	0.0459055	0.353001	0.0906873	1.371403	1.603592	3.013879	0.2943365
17748	-2642.225	-3265.969	623.7434	0.595946	0.059699	0.294051	0.0503047	1.044548	1.468946	3.744807	0.3608046
17754	-2638.718	-3262.028	623.3099	0.538627	0.136605	0.306621	0.0181471	1.115611	1.435944	3.997654	0.2789309
17760	-2641.704	-3264.843	623.1394	0.333624	0.171366	0.425972	0.0690385	1.288283	1.331518	4.055662	0.3069629
17766	-2624.743	-3247.299	622.5564	0.278338	0.18884	0.355383	0.177439	1.123731	1.342894	4.302581	0.6307968
17772	-2632.203	-3254.547	622.3437	0.400946	0.083556	0.375344	0.140155	1.269276	1.569462	3.911139	1.155683
17778	-2647.65	-3270.576	622.9262	0.418554	0.0777727	0.360066	0.143608	1.269276	1.61202	3.24851	1.742248
17784	-2646.029	-3269.923	623.8938	0.435362	0.0585388	0.283559	0.22254	1.531725	1.581483	2.888249	1.100965
17790	-2643.147	-3265.381	622.2336	0.549943	0.0666569	0.224529	0.158871	1.147572	1.589848	2.888249	4.033258
17796	-2647.606	-3268.62	621.0147	0.487864	0.143299	0.213625	0.155212	1.283916	1.720313	3.458563	4.033258
17802	-2646.427	-3267.567	621.1399	0.39209	0.193763	0.342358	0.0717896	0.7986577	1.424306	4.230816	2.787693
17808	-2629.644	-3254.147	624.5023	0.385586	0.190554	0.34077	0.0830889	0.7579026	1.591169	2.825625	1.342911
17814	-2632.79	-3254.521	621.7302	0.415037	0.0852751	0.401734	0.0979535	1.251481	1.650924	3.743997	2.168933
17820	-2629.673	-3252.995	623.3219	0.448528	0.0639262	0.18672	0.300826	1.202993	1.664913	3.315293	1.170964
17826	-2610.921	-3232.746	621.8253	0.473958	0.0919177	0.112719	0.321405	1.687984	1.630226	3.778289	1.514183
17832	-2633.268	-3255.278	622.0091	0.516832	0.12121	0.21539	0.146568	1.311647	1.54401	4.016527	1.302057
17838	-2632.127	-3255.056	622.9299	0.400483	0.159772	0.277068	0.162677	0.9793983	1.447966	3.67727	1.395313
17844	-2641.672	-3265.277	623.6053	0.448365	0.0698952	0.377823	0.103917	0.5522694	1.590746	3.331833	1.651322
17850	-2630.033	-3252.401	622.368	0.428985	0.0835525	0.328608	0.158854	1.389576	1.647802	2.887738	3.253382
17856	-2629.682	-3253.113	623.431	0.467823	0.0826978	0.222017	0.227463	1.340482	1.677382	3.014126	1.454438
17862	-2633.565	-3258.092	624.5268	0.498998	0.0882088	0.236812	0.175981	1.200682	1.776235	2.252784	1.649775
17868	-2644.702	-3268.675	623.9735	0.394057	0.216413	0.180156	0.209374	0.9645077	1.765629	2.29681	2.647959
17874	-2627.269	-3251.924	624.6551	0.470653	0.203095	0.160004	0.166248	1.312574	1.933807	1.945932	1.745092
17880	-2633.973	-3258.12	624.1466	0.336811	0.145339	0.114503	0.403347	1.21857	1.976837	2.00734	2.365779
17886	-2631.764	-3255.951	624.1871	0.291581	0.104277	0.244526	0.359616	1.560124	1.942293	1.890444	2.171205
17892	-2648.181	-3272.434	624.253	0.348153	0.125456	0.411905	0.114486	1.045588	1.876901	1.890444	2.880796
17898	-2626.095	-3251.119	625.0233	0.329014	0.173531	0.389262	0.108193	0.9990306	1.944661	1.830866	1.858547
17904	-2629.866	-3254.024	624.1584	0.370286	0.0611814	0.407358	0.161175	1.123277	1.839096	2.094266	2.491773
17910	-2640.863	-3264.083	623.22	0.351464	0.0561921	0.374139	0.218205	1.418989	1.93912	2.137106	3.307892
17916	-2650.895	-3274.391	623.4959	0.550747	0.0362143	0.0914835	0.321555	1.418989	1.950767	1.925345	3.364221
17922	-2631.648	-3256.462	624.8143	0.568152	0.0576006	0.219057	0.155191	1.080022	1.916682	1.809473	2.107527
17928	-2638.37	-3262.379	624.009	0.523746	0.0493577	0.201936	0.224961	1.28045	1.775042	2.148469	2.46546
17934	-2631.149	-3255.909	624.7592	0.508199	0.0509689	0.208528	0.232304	1.28045	1.777963	2.148532	1.475899
17940	-2631.077	-3255.107	624.0302	0.401242	0.208478	0.112097	0.278183	1.73384	1.818466	2.270969	1.60291
17946	-2639.55	-3264.222	624.6715	0.577747	0.0351278	0.129513	0.257612	1.548913	1.861588	1.902314	1.63762
17952	-2647.967	-3271.854	623.8871	0.471448	0.0420718	0.214017	0.272464	1.450794	1.883906	2.049124	2.482542
17958	-2631.698	-3255.56	623.862	0.39644	0.0383335	0.366477	0.198749	1.17508	1.710529	3.007159	1.128662
17964	-2647.835	-3272.571	624.7355	0.370223	0.127099	0.342242	0.160435	1.190242	1.931749	1.944802	1.791382
17970	-2639.885	-3263.865	623.9797	0.380658	0.171794	0.239148	0.2084	1.349823	1.715597	2.530878	1.686806
17976	-2627.717	-3250.631	622.9138	0.402543	0.138071	0.182605	0.276781	2.093257	2.120603	2.820161	1.215106
17982	-2635.725	-3259.624	623.899	0.45295	0.0480683	0.269266	0.229716	1.433617	1.872115	2.87963	0.9042645
17988	-2638.935	-3261.423	622.4881	0.582187	0.0133668	0.229782	0.174664	1.852928	1.688515	2.87963	2.39555
17994	-2641.35	-3265.298	623.9476	0.480127	0.0963996	0.301589	0.121885	0.9831873	1.432849	3.706102	0.2185175
18000	-2609.177	-3234.315	625.1381	0.467867	0.098673	0.308701	0.124759	1.060486	1.609797	2.85323	0.2185175
18006	-2634.149	-3259.001	624.8523	0.465187	0.129955	0.226473	0.178384	1.090003	1.544342	3.047295	0.2185175
18012	-2651.555	-3276.208	624.6531	0.535598	0.149625	0.109392	0.205385	1.474685	1.52258	2.960339	0.200205
18018	-2660.9	-3284.99	624.0903	0.617663	0.0411891	0.22052	0.120628	1.575809	1.639672	3.155841	0.172879
18024	-2644.828	-3270.47	625.6421	0.508004	0.115731	0.273864	0.102401	1.083	1.692445	2.45096	0.172879
18030	-2660.295	-3281.485	621.1896	0.399312	0.226935	0.144569	0.229184	1.713055	1.570301	4.42514	1.016829
18036	-2657.933	-3277.853	619.9192	0.435765	0.247652	0.0664776	0.250106	1.92793	1.51937	4.875245	1.386495
18042	-2655.384	-3276.317	620.9323	0.30676	0.279403	0.0816126	0.332224	2.174397	1.473243	4.311615	1.227443
18048	-2639.008	-3260.267	621.2588	0.3308	0.300424	0.111617	0.257158	1.709975	1.513474	3.772365	2.399625
18054	-2642.298	-3267.423	625.1248	0.511742	0.188405	0.196461	0.103392	1.213679	1.65674	2.747386	0.2566401
18060	-2655.862	-3280.633	624.7711	0.390659	0.143826	0.400788	0.0647267	0.9606193	1.65674	3.109529	0.2566401
18066	-2653.048	-3277.08	624.0321	0.46424	0.180955	0.277887	0.0769181	0.687218	1.483797	3.809262	0.2566401
18072	-2641.724	-3266.916	625.1921	0.364108	0.259703	0.320528	0.0556613	0.6081974	1.563389	3.133606	0.2566401
18078	-2649.669	-3274.898	625.229	0.358533	0.255727	0.330931	0.0548091	0.8741725	1.629333	2.903148	0.2715856
18084	-2650.427	-3276.683	626.2563	0.442533	0.0978588	0.381828	0.0777803	1.033426	1.839405	2.02469	0.2494061
18090	-2640.632	-3266.83	626.198	0.329914	0.327441	0.284658	0.0579863	1.131381	1.839405	1.988571	0.312178
18096	-2643.5	-3270.232	626.7316	0.365855	0.341326	0.16162	0.131199	0.8424488	1.880921	1.781369	0.3445965
18102	-2635.28	-3260.493	625.2133	0.397	0.206005	0.139789	0.257206	1.142007	1.640561	2.202529	1.178899
18108	-2629.598	-3254.583	624.9843	0.331081	0.1718	0.28262	0.214499	1.142007	1.719305	2.293707	1.187865
18114	-2620.935	-3244.962	624.0272	0.342923	0.168758	0.277617	0.210702	1.200005	1.713278	2.62744	1.610923
18120	-2632.373	-3256.818	624.4453	0.460666	0.0175313	0.275435	0.246368	1.25461	1.641509	2.600139	1.212278
18126	-2618.613	-3242.356	623.7426	0.571611	0.0133384	0.268776	0.146275	1.215332	1.672148	2.600139	2.063728
18132	-2627.717	-3249.839	622.1223	0.471752	0.0142704	0.287555	0.226423	1.472282	1.519098	3.661772	1.752249
18138	-2644.671	-3266.488	621.8171	0.376228	0.322138	0.153721	0.147913	1.594904	1.50264	3.661772	2.032875
18144	-2632.669	-3253.872	621.2031	0.27651	0.360178	0.104074	0.259237	1.453719	1.442963	4.147043	1.964344
18150	-2633.812	-3255.661	621.8494	0.335034	0.227448	0.149865	0.287653	1.395928	1.532901	3.983489	1.473281
18156	-2622.775	-3245.064	622.2888	0.356266	0.26132	0.169592	0.212821	1.344326	1.38821	3.983489	1.199067
18162	-2630.047	-3253.319	623.2721	0.480938	0.195215	0.151156	0.172691	1.648966	1.388499	3.758833	0.3323579
18168	-2640.936	-3265.591	624.6547	0.468235	0.199517	0.146162	0.186086	1.089583	1.501018	3.19486	0.2409862
18174	-2629.066	-3253.05	623.984	0.305872	0.275406	0.295031	0.123691	1.396221	1.420253	3.468922	0.2409862
18180	-2619.711	-3244.944	625.2331	0.334462	0.191781	0.436367	0.0373904	0.6153589	1.508007	3.103555	0.3746693
18186	-2629.806	-3253.742	623.9359	0.370686	0.132981	0.472988	0.023345	0.6515424	1.673291	3.690815	0.4786085
18192	-2616.072	-3238.987	622.9144	0.389225	0.129063	0.459054	0.0226573	0.6693219	1.337026	4.483732	0.4227646
18198	-2625.695	-3249.048	623.3533	0.38189	0.130901	0.46559	0.021619	0.7210634	1.579744	4.078823	0.3982057
18204	-2631.5	-3255.864	624.3641	0.296359	0.325552	0.361312	0.016777	0.7210634	1.616179	3.519664	0.2494961
18210	-2623.5	-3250.238	626.7377	0.367986	0.172391	0.350322	0.109301	0.4890187	1.823688	2.085064	0.2206496
18216	-2630.981	-3257.292	626.3106	0.373384	0.201089	0.408642	0.0168846	0.5807945	1.71223	2.37088	0.2166741
18222	-2631.537	-3257.554	626.0175	0.45332	0.148247	0.307769	0.0906641	0.8885019	1.680503	2.37088	0.2962632
18228	-2622.321	-3248.296	625.9749	0.44636	0.159574	0.33993	0.0541353	0.8601274	1.742359	2.37088	0.3175886
18234	-2633.97	-3259.003	625.0331	0.336824	0.167185	0.41573	0.0802601	1.042184	1.735025	2.851204	0.216305
18240	-2657.04	-3283	625.9603	0.32703	0.267598	0.341732	0.0636397	0.581037	1.785289	2.536438	0.3208037
18246	-2642.557	-3267.889	625.3323	0.256033	0.30821	0.367347	0.0684097	0.581037	1.635343	3.023989	0.2481234
18252	-2612.852	-3238.167	625.3148	0.245028	0.294962	0.394541	0.0654692	0.581037	1.622907	3.023989	0.3354331
18258	-2634.214	-3259.64	625.426	0.296708	0.381673	0.245377	0.0762423	0.612248	1.600722	2.96405	0.2923768
18264	-2651.892	-3277.953	626.0604	0.152843	0.442285	0.313733	0.0911384	0.5652325	1.698378	2.520169	0.3658064
18270	-2652.589	-3278.902	626.3129	0.246805	0.34285	0.339697	0.0706485	0.6644236	1.648041	2.353388	0.2140512
18276	-2645.073	-3269.338	624.2654	0.21927	0.480589	0.228575	0.0715667	0.6891236	1.616856	3.208849	0.9710655
18282	-2648.59	-3271.066	622.4763	0.317261	0.306061	0.270956	0.105722	1.111229	1.765035	3.97979	0.8564588
18288	-2640.206	-3262.745	622.5396	0.429251	0.08198	0.274727	0.214042	1.015475	1.614231	4.025892	0.954863
18294	-2654.589	-3273.44	618.8513	0.407018	0.0532316	0.245223	0.294527	1.729847	1.680345	4.168568	5.323174
18300	-2645.66	-3269.454	623.7943	0.533094	0.134087	0.242678	0.0901412	1.284041	1.547663	3.529288	0.3790344
18306	-2617.894	-3242.487	624.5923	0.549598	0.0982882	0.205267	0.146847	1.563299	1.547663	2.944143	0.2223751
18312	-2629.751	-3253.267	623.5168	0.39942	0.145245	0.358262	0.0970735	1.087411	1.41882	3.875519	0.1705637
18318	-2637.478	-3260.897	623.4185	0.410338	0.149215	0.322603	0.117845	1.270144	1.389824	3.880381	0.2486389
18324	-2644.721	-3268.481	623.7606	0.382875	0.138189	0.350794	0.128143	1.312978	1.435849	3.63381	0.2486389
18330	-2652.233	-3277.414	625.1812	0.391399	0.141265	0.336341	0.130995	0.9630078	1.550534	2.922603	0.2852034
18336	-2648.32	-3272.606	624.2865	0.354702	0.12802	0.336733	0.180544	1.198213	1.570488	3.200185	0.5151805
18342	-2638.222	-3262.038	623.8157	0.229402	0.203341	0.41691	0.150346	1.198213	1.459671	3.64744	0.2797803
18348	-2641.671	-3265.686	624.0147	0.391947	0.135182	0.396961	0.0759102	0.5990502	1.544449	3.829435	0.3082582
18354	-2639.213	-3263.391	624.1784	0.391222	0.13678	0.396228	0.0757699	1.057473	1.545273	3.459284	0.3079891
18360	-2640.467	-3264.44	623.9724	0.409105	0.143032	0.234123	0.21374	1.065569	1.821514	3.231006	0.6484334
18366	-2632.532	-3256.806	624.2736	0.459196	0.158872	0.199657	0.182275	1.318352	1.594491	3.231006	0.3009568
18372	-2621.862	-3245.221	623.3589	0.434954	0.165993	0.208607	0.190445	1.113668	1.498193	3.933608	0.2872823
18378	-2628.221	-3253.082	624.8614	0.339953	0.178159	0.250996	0.230892	1.425444	1.816958	2.688626	0.2872823
18384	-2625.889	-3248.697	622.8081	0.382191	0.166758	0.234934	0.216117	1.660583	1.610827	3.903026	0.2955155
18390	-2632.488	-3254.969	622.4808	0.440832	0.147904	0.208373	0.202891	1.660583	1.530902	4.135662	0.2951709
18396	-2638.195	-3261.719	623.5244	0.511033	0.101284	0.142692	0.244991	1.728895	1.695408	3.410044	0.2270166
18402	-2635.926	-3260.448	624.5222	0.510881	0.101254	0.142947	0.244918	0.8727165	1.482592	3.410044	0.2255791
18408	-2622.308	-3247.476	625.1676	0.59334	0.0870746	0.16602	0.153565	0.8727165	1.473516	3.0286	0.2093249
18414	-2617.969	-3241.494	623.5256	0.515469	0.127138	0.324699	0.0326934	1.127146	1.61916	3.744238	0.184216
18420	-2612.316	-3236.834	624.5179	0.454102	0.11315	0.356885	0.0758627	0.9805489	1.474642	3.354754	0.2638395
18426	-2614.912	-3239.199	624.287	0.308603	0.319417	0.272348	0.0996322	1.207756	1.491985	3.350693	0.2465925
18432	-2627.904	-3252.85	624.9459	0.453747	0.161824	0.276818	0.107611	1.133857	1.608176	2.92997	0.2739748
18438	-2655.646	-3279.35	623.7046	0.554482	0.0684613	0.245555	0.131502	1.179013	1.494692	3.702809	0.2739748
18444	-2648.036	-3273.542	625.5062	0.411429	0.220375	0.253647	0.114549	1.179013	1.736735	2.482279	0.2572704
18450	-2640	-3264.502	624.5013	0.398359	0.245142	0.245589	0.11091	1.440994	1.711852	2.966628	0.2442302
18456	-2633.083	-3256.516	623.4329	0.506042	0.138732	0.138985	0.21624	1.322344	1.531024	3.75399	0.2035395
18462	-2641.225	-3263.946	622.7215	0.373235	0.251523	0.215752	0.15949	1.031857	1.411446	3.61978	1.740067
18468	-2631.488	-3251.914	620.4265	0.528573	0.155434	0.133329	0.182664	1.56523	1.637841	4.801344	1.168024
18474	-2624.792	-3241.418	616.6259	0.426321	0.124962	0.216541	0.232177	2.121921	1.344486	6.052984	3.023336
18480	-2626.307	-3246.332	620.0243	0.497565	0.162775	0.164349	0.175311	1.244978	1.534952	5.037221	1.575693
18486	-2640.267	-3262.532	622.2649	0.423254	0.177565	0.271145	0.128036	1.086773	1.46705	4.27174	0.8757934
18492	-2644.187	-3266.479	622.2921	0.44386	0.126127	0.295744	0.134269	1.38735	1.522345	4.065538	0.8757934
18498	-2648.102	-3270.741	622.6397	0.322067	0.192168	0.298412	0.187352	0.9347258	1.606755	4.065538	0.8757934
18504	-2630.863	-3254.322	623.4596	0.304118	0.203286	0.353769	0.138827	1.079376	1.562405	3.857397	0.2909384
18510	-2625.05	-3248.153	623.1026	0.304477	0.203525	0.354186	0.137812	1.235227	1.586661	3.950777	0.3332091
18516	-2646.593	-3270.124	623.5309	0.405639	0.142912	0.341603	0.109847	1.093076	1.504299	3.780071	0.4424225
18522	-2630.694	-3255.155	624.4611	0.227953	0.1418	0.41097	0.219276	1.221295	1.569947	3.17006	0.3523751
18528	-2630.241	-3255.138	624.8975	0.316176	0.19668	0.391575	0.0955697	0.8534567	1.592923	3.091627	0.3993613
18534	-2637.754	-3261.39	623.6359	0.308252	0.191751	0.406823	0.0931746	0.8053106	1.661713	3.818742	0.3993613
18540	-2633.163	-3258.093	624.9305	0.397458	0.202464	0.231037	0.169041	0.9390412	1.598332	3.039492	0.3482942
18546	-2626.907	-3250.697	623.7896	0.484502	0.0774964	0.219141	0.21886	1.2677	1.797287	2.561001	1.855843
18552	-2647.767	-3267.905	620.1379	0.362448	0.185858	0.109266	0.342427	1.233184	1.448971	4.45659	3.026535
18558	-2642.763	-3263.388	620.6247	0.322157	0.276361	0.0971196	0.304362	1.689982	1.535972	4.45659	1.634684
18564	-2633.003	-3253.845	620.8425	0.462165	0.0337387	0.284536	0.21956	1.2677	1.498882	3.654409	4.179232
18570	-2641.363	-3263.808	622.4453	0.341143	0.167018	0.307742	0.184096	1.208104	1.540008	3.383657	2.247268
18576	-2655.097	-3276.901	621.8041	0.616877	0.0513122	0.0567673	0.275044	1.903261	1.483656	3.771666	1.524046
18582	-2646.844	-3268.747	621.9033	0.525118	0.0377567	0.263001	0.174124	1.186529	1.523924	3.771666	2.123175
18588	-2657.919	-3278.965	621.0456	0.561044	0.0228613	0.244141	0.171954	1.770121	1.422329	4.079246	2.008093
18594	-2645.954	-3267.604	621.6497	0.284363	0.379686	0.171856	0.164094	1.208371	1.63966	3.574993	2.802583
18600	-2649.572	-3272.182	622.6105	0.260934	0.427521	0.23197	0.0795748	0.5126843	1.403581	4.495383	0.7929472
18606	-2637.882	-3259.448	621.566	0.339225	0.344799	0.187086	0.128891	0.920431	1.532648	4.641103	1.017439
18612	-2657.611	-3279.243	621.6318	0.299007	0.455228	0.0755936	0.170171	1.378766	1.647074	4.128553	1.320777
18618	-2645.839	-3267.74	621.9014	0.417031	0.242216	0.0843412	0.256412	1.452094	1.502532	4.170007	1.043777
18624	-2636.806	-3261.114	624.3087	0.370982	0.183054	0.342446	0.103517	1.140453	1.461128	3.393174	0.2391675
18630	-2667.334	-3290.78	623.446	0.385697	0.380292	0.0427089	0.191303	1.496111	1.701124	3.268228	0.8258878
18636	-2664.741	-3284.986	620.2456	0.279821	0.476721	0.0444329	0.199025	1.714848	1.650067	4.095995	2.87588
18642	-2659.876	-3281.81	621.9336	0.311277	0.317206	0.181589	0.189928	1.142993	1.433135	3.770044	2.269685
18648	-2695.023	-3316.807	621.7842	0.444922	0.142744	0.140862	0.271472	1.086602	1.57588	3.843927	2.175252
18654	-2657.539	-3278.921	621.3817	0.41364	0.132708	0.130959	0.322693	1.453351	1.450252	4.05001	1.94448
18660	-2667.116	-3288.876	621.7603	0.568422	0.187491	0.00941665	0.234671	1.946179	1.450931	4.05001	1.044203
18666	-2656.352	-3277.783	621.4302	0.567458	0.164551	0.0142951	0.253696	1.936373	1.506035	3.626521	2.269569
18672	-2663.372	-3281.23	617.8581	0.401582	0.281612	0.14387	0.172936	1.155232	1.765106	3.77131	12.30649
18678	-2672.71	-3291.241	618.5318	0.401111	0.243794	0.198714	0.156381	1.549661	1.732642	3.77131	8.488442
18684	-2662.495	-3286.463	623.9675	0.208915	0.324528	0.318179	0.148378	1.350818	1.778293	3.24215	0.4091017
18690	-2664.36	-3285.665	621.3051	0.509715	0.100693	0.0686821	0.320909	1.970144	1.509495	4.033792	1.483465
18696	-2625.692	-3248.507	622.8151	0.287323	0.337635	0.0549665	0.320075	1.54782	1.550574	3.384836	1.381367
18702	-2651.49	-3275.116	623.6261	0.320622	0.338241	0.0499974	0.29114	1.429068	1.745387	2.846773	1.381367
18708	-2631.579	-3255.744	624.1648	0.386542	0.212858	0.217384	0.183217	1.196329	1.705352	2.853075	1.064718
18714	-2652.368	-3276.702	624.3337	0.372203	0.0683033	0.307319	0.252174	1.144323	1.532582	2.853075	1.119511
18720	-2653.757	-3275.952	622.1944	0.394189	0.0723378	0.325472	0.208002	1.292142	1.445553	3.759172	1.744551
18726	-2653.347	-3276.044	622.6972	0.430982	0.0705562	0.317456	0.181006	1.295284	1.443308	3.950663	0.8355006
18732	-2666.576	-3292.118	625.542	0.407843	0.122038	0.196404	0.273715	0.9707015	1.720785	2.597026	0.2525766
18738	-2640.29	-3265.07	624.7804	0.401363	0.110081	0.266554	0.222002	1.352171	1.746413	2.822918	0.2773576
18744	-2627.932	-3253.068	625.1363	0.401363	0.110081	0.266554	0.222002	1.388524	1.741872	2.587389	0.2773576
18750	-2633.759	-3258.364	624.6048	0.411107	0.161468	0.182394	0.24503	1.952167	1.810157	2.587389	0.2301435
18756	-2623.886	-3246.853	622.967	0.408222	0.28313	0.187312	0.121336	1.952167	1.868208	3.524841	0.3121294
18762	-2617.019	-3239.649	622.629	0.305447	0.282833	0.148201	0.263519	1.593856	1.806179	3.332812	1.359192
18768	-2622.364	-3244.715	622.351	0.520081	0.091085	0.215708	0.173126	1.425563	1.656656	3.754563	1.19435
18774	-2642.631	-3266.47	623.839	0.464081	0.17922	0.202215	0.154485	1.425563	1.72218	2.61019	1.612702
18780	-2648.001	-3270.053	622.0516	0.320226	0.262426	0.1525	0.264848	1.739684	1.663554	3.415513	1.911946
18786	-2632.64	-3254.373	621.7332	0.337551	0.305123	0.206146	0.15118	1.354395	1.55386	3.986955	1.621887
18792	-2643.857	-3268.887	625.0296	0.445794	0.129519	0.385339	0.0393484	0.8204897	1.77551	2.824222	0.5689594
18798	-2638.401	-3262.966	624.5648	0.334368	0.375085	0.191527	0.0990196	1.293245	1.612346	2.824222	0.7236063
18804	-2643.557	-3268.931	625.3736	0.36507	0.263048	0.171026	0.200857	1.105475	1.672494	2.646812	0.2745704
18810	-2658.27	-3278.168	619.8978	0.44376	0.0956072	0.185272	0.275361	1.182492	1.363206	4.851161	2.500824
18816	-2662.981	-3285.451	622.4701	0.368667	0.0794285	0.32314	0.228764	0.8972526	1.526413	3.53441	2.300025
18822	-2624.55	-3249.832	625.2821	0.19894	0.443437	0.285343	0.0722807	0.4645394	1.622696	3.039032	0.4842931
18828	-2626.32	-3249.98	623.6602	0.383753	0.348375	0.224172	0.0437003	0.5761622	1.843672	2.500395	3.170005
18834	-2615.073	-3237.29	622.2168	0.402589	0.326732	0.149591	0.121088	0.5229412	1.609234	2.781842	5.889907
18840	-2638.365	-3261.472	623.1073	0.257372	0.385342	0.0991452	0.25814	0.8382149	1.736167	2.781842	3.047445
18846	-2650.152	-3272.437	622.2848	0.276751	0.414356	0.101889	0.207005	1.421168	1.772565	3.593801	1.44923
18852	-2629.391	-3250.348	620.9575	0.497792	0.128036	0.21767	0.156503	1.530528	1.590367	3.844529	2.780441
18858	-2657.52	-3279.656	622.1359	0.345793	0.174094	0.279722	0.200391	1.17893	1.484928	4.219528	0.9883318
18864	-2639.974	-3261.546	621.5719	0.471483	0.0354325	0.32759	0.165494	1.553808	1.487781	3.988113	1.68367
18870	-2644.913	-3267.929	623.0154	0.363941	0.090579	0.252869	0.292611	1.528768	1.589744	3.016672	1.858445
18876	-2642.045	-3261.624	619.579	0.411784	0.211148	0.189025	0.188044	1.385537	1.521969	4.461437	3.627401
18882	-2656.203	-3280.301	624.0987	0.288083	0.341336	0.262321	0.10826	0.7396424	1.484596	3.56803	0.6195228
18888	-2650.757	-3273.499	622.7422	0.231543	0.234067	0.378275	0.156114	0.5227484	1.587399	3.720009	1.941959
18894	-2634.717	-3253.394	618.6768	0.450131	0.193978	0.0563777	0.299513	1.4926	1.391853	5.270955	2.739921
18900	-2645.104	-3266.707	621.603	0.375215	0.281046	0.0712628	0.272476	1.45079	1.726218	3.717653	2.056375
18906	-2636.943	-3257.172	620.2298	0.442101	0.198581	0.108697	0.250621	2.180413	1.700762	4.287655	1.825534
18912	-2638.162	-3258.155	619.9926	0.43378	0.148217	0.184239	0.233763	1.850514	1.633826	4.542805	1.953116
18918	-2635.313	-3255.803	620.4907	0.345921	0.303314	0.137184	0.213581	1.553078	1.616935	4.408302	1.953116
18924	-2625.778	-3246.216	620.4383	0.400836	0.228596	0.118966	0.251601	1.859495	1.714521	4.377177	1.651034
18930	-2631.125	-3251.707	620.5824	0.296998	0.31938	0.0881476	0.295475	1.859495	1.388056	4.692099	1.221311
18936	-2655.849	-3278.31	622.461	0.397547	0.280738	0.0774827	0.244232	1.859495	1.658762	3.556299	1.060086
18942	-2665.383	-3289.065	623.6822	0.346791	0.139349	0.117124	0.396736	1.712996	1.71631	2.941761	0.937278
18948	-2648.835	-3271.815	622.9802	0.260923	0.405234	0.0593859	0.274457	1.333275	1.606422	3.738414	0.7294197
18954	-2665.091	-3284.556	619.4647	0.446917	0.29497	0.0242947	0.233818	1.853732	1.422192	5.364181	1.093462
18960	-2640.293	-3259.767	619.4747	0.485795	0.201785	0.15359	0.15883	1.999151	1.674243	4.373912	2.932565
18966	-2641.377	-3261.881	620.504	0.550179	0.145499	0.189639	0.114683	1.454342	1.442291	4.373912	2.379477
18972	-2633.013	-3253.743	620.7294	0.454548	0.175733	0.224066	0.145654	1.626843	1.538346	4.517008	1.444333
18978	-2642.259	-3265.278	623.0191	0.445103	0.160774	0.251496	0.142627	1.068992	1.361811	3.45595	1.736093
18984	-2647.698	-3268.406	620.7078	0.39438	0.137297	0.240512	0.227811	1.516506	1.709882	3.934996	2.75569
18990	-2653.547	-3271.886	618.3395	0.383797	0.254197	0.234058	0.127948	1.175632	1.435441	5.362111	3.446126
18996	-2647.293	-3269.431	622.1379	0.413657	0.199261	0.236286	0.150795	0.9221779	1.453453	4.474801	0.8230945
19002	-2668.953	-3291.945	622.9915	0.394619	0.310528	0.153628	0.141224	1.540028	1.540582	3.519858	0.9703409
19008	-2649.474	-3272.065	622.5913	0.217102	0.425745	0.225675	0.131477	1.172978	1.463756	4.036644	0.8830001
19014	-2647.203	-3267.173	619.9694	0.441792	0.305976	0.0861603	0.166072	1.982054	1.467352	4.765076	1.568656
19020	-2653.755	-3277.798	624.0425	0.181012	0.459265	0.202776	0.156947	0.4530005	1.566636	3.583103	0.8514168
19026	-2660.273	-3283.738	623.4649	0.216806	0.453254	0.223883	0.106058	0.4476248	1.624625	3.845268	0.9203485
19032	-2640.242	-3262.345	622.1034	0.340771	0.254014	0.247024	0.15819	0.5312046	1.588452	4.114668	1.864858
19038	-2659.28	-3279.895	620.6149	0.417413	0.155836	0.297219	0.129533	1.18668	1.459034	4.166891	3.143574
19044	-2650.069	-3271.38	621.3113	0.390426	0.204466	0.241026	0.164082	1.307828	1.47983	3.907619	2.537061
19050	-2638.292	-3257.949	619.6567	0.415639	0.21767	0.181223	0.185468	1.236615	1.472356	4.121915	5.115813
19056	-2643.576	-3265.757	622.1818	0.446988	0.211483	0.194892	0.146637	1.204657	1.456037	3.726635	1.922736
19062	-2645.849	-3267.578	621.7299	0.408046	0.249115	0.206898	0.135941	1.349762	1.456037	4.098745	1.514726
19068	-2629.801	-3251.655	621.8537	0.307366	0.232766	0.210286	0.249582	0.7447425	1.480741	4.298392	1.627738
19074	-2645.121	-3267.197	622.0763	0.288809	0.312368	0.0156382	0.383184	1.774127	1.695106	3.787934	1.075866
19080	-2641.136	-3262.976	621.8394	0.350039	0.303985	0.000833622	0.345142	2.280657	1.622018	3.74856	1.075866
19086	-2635.776	-3258.56	622.7834	0.503482	0.251333	0.000236429	0.244949	2.126696	1.734585	3.195392	1.075866
19092	-2642.958	-3265.759	622.8003	0.229162	0.469262	0.000359287	0.301217	1.790187	1.692335	3.504994	0.8329675
19098	-2651.161	-3272.4	621.2389	0.229231	0.462784	0.00236929	0.305616	2.405865	1.676577	4.10484	0.9138582
19104	-2636.803	-3258.339	621.5361	0.424508	0.274337	0.0925111	0.208643	1.681632	1.620822	4.153177	1.128147
19110	-2643.805	-3265.837	622.0318	0.268192	0.488901	0.12892	0.113987	1.598756	1.635059	3.750425	1.412013
19116	-2640.16	-3262.633	622.4731	0.253848	0.345398	0.212695	0.188059	1.305951	1.725293	2.891173	3.059268
19122	-2629.543	-3252.112	622.5691	0.394482	0.213238	0.100036	0.292244	1.560879	1.61646	3.063242	2.284345
19128	-2627.333	-3249.399	622.0665	0.394482	0.213238	0.100036	0.292244	1.694804	1.524965	3.211146	2.632611
19134	-2651.98	-3276.078	624.0978	0.32934	0.271309	0.155365	0.243985	1.440486	1.69425	2.826787	0.9633541
19140	-2641.062	-3263.64	622.5786	0.460116	0.101862	0.109164	0.328857	1.267693	1.639259	3.270925	2.112817
19146	-2631.3	-3254.966	623.6655	0.359185	0.250389	0.110408	0.280018	1.211308	1.756081	2.942981	1.368957
19152	-2645.788	-3269.039	623.2512	0.233235	0.48885	0.0763044	0.20161	1.836549	1.677441	2.942981	1.320511
19158	-2646.168	-3269.505	623.3366	0.244438	0.470311	0.140904	0.144347	0.8763574	1.624038	3.253475	1.68538
19164	-2647.22	-3269.887	622.667	0.158903	0.550411	0.0326985	0.257988	1.116509	1.551373	3.684219	1.409091
19170	-2668.677	-3290.094	621.4161	0.444206	0.163049	0.106069	0.286676	1.202742	1.306555	4.551798	1.286831
19176	-2638.351	-3258.78	620.4288	0.362621	0.165463	0.148256	0.323659	1.225485	1.336096	4.997507	1.440919
19182	-2619.758	-3241.431	621.6727	0.39898	0.158947	0.138881	0.303193	1.219994	1.297966	4.324957	1.440919
19188	-2630.422	-3251.606	621.1834	0.392304	0.166907	0.381198	0.0595906	1.219994	1.555491	4.324957	1.715617
19194	-2646.342	-3270.163	623.821	0.371257	0.157952	0.360747	0.110043	0.7730383	1.623058	3.490425	0.844649
19200	-2649.692	-3274.158	624.4658	0.389169	0.132988	0.374036	0.103807	0.8306993	1.514083	3.115298	0.8835877
19206	-2670.991	-3294.666	623.6751	0.374545	0.238604	0.339841	0.0470103	0.5166054	1.55247	2.942187	2.548564
19212	-2636.853	-3257.725	620.8726	0.501283	0.00236637	0.305256	0.191095	1.33416	1.56889	3.521736	4.319192
19218	-2642.517	-3263.109	620.5928	0.571287	0.00269684	0.164813	0.261203	1.33416	1.59992	4.105994	2.894917
19224	-2644.011	-3266.245	622.2337	0.340173	0.00215635	0.361075	0.296595	1.109359	1.523671	3.653429	2.052871
19230	-2635.229	-3257.872	622.6431	0.431158	0.000879812	0.311824	0.256139	1.300387	1.63986	2.95518	2.755077
19236	-2657.606	-3279.37	621.7636	0.587083	0.000638647	0.22635	0.185928	1.755518	1.902648	2.95518	3.12946
19242	-2663.722	-3286.556	622.8345	0.430764	0.000509985	0.420254	0.148471	1.602325	1.567738	3.133514	1.788517
19248	-2645.803	-3268.711	622.9085	0.510586	0.00269581	0.383431	0.103287	1.337027	1.604781	3.055177	2.118851
19254	-2643.501	-3265.829	622.3283	0.412589	0.00142526	0.388586	0.1974	1.467404	1.576959	3.268125	2.306686
19260	-2650.698	-3272.093	621.395	0.56373	0.00194736	0.232178	0.202144	1.463632	1.434845	4.175853	1.656747
19266	-2665.298	-3287.28	621.9817	0.489522	0.00574467	0.342579	0.162154	0.9486234	1.353399	3.823827	2.459187
19272	-2633.474	-3255.786	622.3119	0.401545	0.0034388	0.399041	0.195976	1.72091	1.535822	3.189821	2.273858
19278	-2648.075	-3270.7	622.6251	0.483874	0.00260782	0.28773	0.225789	1.189054	1.553357	3.39625	1.978042
19284	-2644.181	-3266.75	622.5691	0.554196	0.00298682	0.359459	0.083358	1.090886	1.568158	2.917172	3.44684
19290	-2660.859	-3280.307	619.4475	0.45528	0.0539641	0.295301	0.195454	2.242996	1.676596	3.916924	4.128077
19296	-2641.904	-3266.388	624.4839	0.434755	0.0966148	0.281988	0.186642	1.32895	1.74467	2.64962	0.9167515
19302	-2657.4	-3284.015	626.615	0.383509	0.162417	0.288172	0.165902	1.171247	2.022479	1.550346	0.2866798
19308	-2672.304	-3299.465	627.161	0.403085	0.207012	0.259481	0.130422	0.5032165	2.101503	1.550346	0.3831348
19314	-2664.108	-3291.625	627.5176	0.295671	0.284152	0.279628	0.140548	0.2504401	1.982893	1.550346	0.2595921
19320	-2662.159	-3289.195	627.0356	0.295277	0.283774	0.280588	0.140361	0.4386284	1.998069	1.802308	0.2342318
19326	-2678.817	-3306.297	627.4805	0.287672	0.391276	0.275532	0.0455208	0.5223265	2.070733	1.364351	0.2428053
19332	-2656.642	-3284.293	627.6509	0.285312	0.334862	0.30863	0.0711964	0.4068733	2.070733	1.315848	0.2428053
19338	-2673.709	-3301.361	627.6525	0.352479	0.21764	0.383608	0.0462734	0.2797288	2.031278	1.408746	0.2428053
19344	-2658.38	-3285.637	627.2573	0.317855	0.227405	0.40042	0.0543203	0.510801	2.019526	1.578593	0.226873
19350	-2667.773	-3290.953	623.1801	0.287118	0.124644	0.396489	0.19175	1.145168	1.638598	2.686558	2.837888
19356	-2659.769	-3283.53	623.7614	0.42983	0.0479107	0.411368	0.110891	1.100367	1.826319	2.095891	3.18472
19362	-2660.222	-3283.869	623.6468	0.423644	0.0660146	0.357548	0.152793	0.8750219	1.845597	2.006538	4.036859
19368	-2664.28	-3285.859	621.579	0.432349	0.238334	0.177655	0.151662	1.341455	1.858624	2.028584	8.078527
19374	-2646.863	-3271.618	624.7543	0.543656	0.044716	0.281383	0.130246	1.433024	1.954327	1.752564	1.813433
19380	-2628.348	-3250.686	622.3374	0.613571	0.0403458	0.170973	0.17511	1.045313	1.671789	3.260676	2.761042
19386	-2640.416	-3264.713	624.2976	0.47394	0.079835	0.245392	0.200833	0.8932483	1.627807	2.54785	1.918573
19392	-2655.158	-3279.035	623.8771	0.401685	0.21866	0.20944	0.170215	1.055386	1.545964	2.906599	1.610323
19398	-2662.486	-3286.679	624.1933	0.279201	0.276673	0.265008	0.179118	0.9603397	1.634398	2.906599	1.25826
19404	-2675.962	-3298.602	622.6403	0.401573	0.233773	0.10703	0.257624	1.700183	1.739094	3.12254	1.739058
19410	-2678.34	-3302.135	623.7951	0.264046	0.40983	0.133338	0.192786	1.311791	1.593988	3.205594	0.8523383
19416	-2635.661	-3260.128	624.4664	0.395402	0.117587	0.199671	0.287339	1.311791	1.563721	3.076205	0.4430505
19422	-2648.669	-3272.793	624.1239	0.449775	0.115278	0.395491	0.0394548	1.10974	1.453683	3.519763	0.2867022
19428	-2661.398	-3286.353	624.9551	0.35731	0.266257	0.309831	0.0666019	0.6231164	1.489336	2.975717	0.8717228
19434	-2647.706	-3272.401	624.6944	0.226128	0.295959	0.274311	0.203602	0.5334441	1.645776	2.815236	1.349916
19440	-2645.502	-3269.612	624.1099	0.223697	0.396336	0.218092	0.161875	0.8383342	1.717204	2.563299	2.09216
19446	-2654.904	-3277.641	622.7371	0.223697	0.396336	0.218092	0.161875	1.024492	1.717204	2.867141	3.148077
19452	-2645.443	-3269.738	624.295	0.361395	0.268828	0.180946	0.188831	1.024492	1.717204	2.443934	1.84971
19458	-2636.641	-3260.251	623.6096	0.432667	0.14389	0.267715	0.155728	1.026197	1.827695	2.421712	2.715662
19464	-2681.89	-3305.379	623.4883	0.418049	0.132973	0.298512	0.150466	1.263688	1.639065	3.147487	1.263054
19470	-2684.594	-3307.088	622.4941	0.37633	0.120318	0.388204	0.115147	1.373157	1.2901	4.39715	0.3217521
19476	-2664.514	-3287.337	622.8228	0.422843	0.0696943	0.30406	0.203402	1.765171	1.569471	3.862436	0.3217521
19482	-2641.748	-3266.953	625.2042	0.500613	0.0825125	0.359983	0.0568915	0.9735262	1.691691	2.816364	0.287259
19488	-2641.571	-3267.443	625.8721	0.392128	0.100437	0.438184	0.0692503	0.9107021	1.700978	2.421604	0.3377644
19494	-2642.595	-3266.191	623.596	0.323376	0.306362	0.125999	0.244263	1.098194	1.64003	3.111451	1.382903
19500	-2665.279	-3287.721	622.4413	0.44239	0.141974	0.249497	0.166139	1.714712	1.72655	3.750738	0.796232
19506	-2654.81	-3277.147	622.3366	0.404312	0.165384	0.258302	0.172002	1.488956	1.720766	3.922995	0.796232
19512	-2673.82	-3296.875	623.0541	0.282049	0.274943	0.382888	0.0601192	0.8990071	1.672113	4.03754	0.4987491
19518	-2640.734	-3262.852	622.1174	0.348567	0.218572	0.304385	0.128476	1.253703	1.805212	3.562132	1.862206
19524	-2637.517	-3258.036	620.5187	0.345732	0.269141	0.113787	0.27134	1.260391	1.530892	4.470988	2.234412
19530	-2657.077	-3278.549	621.4728	0.482212	0.200143	0.120847	0.196799	0.9409164	1.513489	4.363731	1.662659
19536	-2662.256	-3285.779	623.5227	0.423793	0.175896	0.232312	0.167999	1.008154	1.5203	2.759074	2.512081
19542	-2639.219	-3261.536	622.317	0.46563	0.0107598	0.299327	0.224283	1.158522	1.627756	3.417613	2.289443
19548	-2654.026	-3274.648	620.6227	0.640509	0.0115079	0.193101	0.154883	1.277689	1.523913	3.973648	3.464443
19554	-2655.546	-3275.479	619.9336	0.44755	0.0377732	0.230481	0.284196	1.397895	1.353132	4.731781	2.486327
19560	-2652.161	-3272.48	620.319	0.351908	0.134807	0.289822	0.223463	1.676801	1.415031	5.11879	0.8341156
19566	-2643.134	-3263.906	620.7718	0.424031	0.0482475	0.351288	0.176433	1.713822	1.527369	4.619527	1.133616
19572	-2660.447	-3279.267	618.8195	0.385178	0.0400392	0.360692	0.214091	2.136461	1.465163	4.817479	2.887267
19578	-2632.782	-3255.744	622.9618	0.420573	0.045078	0.376049	0.158301	1.270073	1.720953	3.133159	1.803968
19584	-2645.059	-3266.866	621.8066	0.351902	0.200998	0.314647	0.132453	1.401054	1.743307	3.395009	2.601001
19590	-2632.872	-3254.223	621.3504	0.356354	0.204913	0.318628	0.120106	1.408151	1.56206	3.87316	2.313352
19596	-2646.951	-3270.236	623.2846	0.257878	0.332137	0.170322	0.239664	1.311524	1.827113	3.292713	0.979705
19602	-2650.933	-3274.477	623.5433	0.185791	0.456331	0.169642	0.188236	1.285725	1.851625	3.135792	0.9851377
19608	-2645.735	-3269.403	623.6686	0.372349	0.271114	0.218102	0.138434	1.476373	1.82109	3.135792	0.7288665
19614	-2654.879	-3281.281	626.4025	0.399603	0.15395	0.406076	0.0403719	0.7882551	1.801758	2.116459	0.2754095
19620	-2651.775	-3278.278	626.5022	0.447202	0.153582	0.360175	0.0390409	0.5868636	1.707288	2.245851	0.2992625
19626	-2649.497	-3276.132	626.6348	0.375812	0.23777	0.379253	0.00716481	0.3757188	1.785024	2.245851	0.2725957
19632	-2651.236	-3277.603	626.3669	0.352522	0.248171	0.385895	0.0134119	0.6980615	1.734023	2.245851	0.2332278
19638	-2639.053	-3266.076	627.0228	0.247525	0.326514	0.383422	0.0425389	0.473992	1.812073	1.916668	0.2506761
19644	-2663.567	-3290.7	627.1326	0.309834	0.294466	0.380782	0.014918	0.301391	1.819089	1.91632	0.3129853
19650	-2646.943	-3273.928	626.985	0.250249	0.325051	0.420332	0.00436806	0.4744434	1.835994	1.91632	0.3061972
19656	-2645.023	-3272.215	627.1914	0.269835	0.259053	0.463164	0.00794793	0.4744434	1.853664	1.756783	0.3219512
19662	-2629.858	-3257.168	627.3099	0.336569	0.307131	0.35151	0.00479085	0.4167815	1.9038	1.675523	0.3219512
19668	-2642.353	-3269.467	627.1135	0.36843	0.365375	0.263999	0.00219581	0.535867	1.954861	1.69721	0.3219512
19674	-2652.052	-3278.739	626.6874	0.28642	0.309404	0.402469	0.00170704	0.7161073	2.032301	1.808655	0.3219512
19680	-2654.836	-3281.623	626.787	0.28642	0.309404	0.402469	0.00170704	0.6476279	1.895919	1.892274	0.2955864
19686	-2636.017	-3262.942	626.9249	0.269137	0.236918	0.492991	0.000954517	0.5363577	1.874272	1.892274	0.2955864
19692	-2639.58	-3263.436	623.8561	0.396622	0.228984	0.0358322	0.338562	1.566473	1.813068	2.569132	1.422288
19698	-2653.799	-3279.898	626.0987	0.0788677	0.600014	0.268814	0.0523046	0.7439721	1.897899	2.158211	0.5222047
19704	-2652.922	-3279.983	627.0604	0.373082	0.303613	0.294054	0.0292508	0.2939781	1.827171	1.972872	0.2421983
19710	-2646.176	-3273.333	627.1571	0.297686	0.268956	0.378085	0.055273	0.5274256	1.869028	1.742118	0.2143607
19716	-2647.344	-3274.474	627.13	0.193802	0.309129	0.434558	0.0625102	0.3299703	1.988894	1.802374	0.2704151
19722	-2644.351	-3271.617	627.2658	0.402871	0.228964	0.321866	0.0462996	0.3686157	1.910407	1.742401	0.2809633
19728	-2653.451	-3279.25	625.7992	0.237986	0.271888	0.318582	0.171545	0.3128396	1.904667	2.036421	1.414458
19734	-2644.87	-3271.152	626.2814	0.160376	0.473483	0.310245	0.0558961	0.490878	1.615468	2.495202	0.1902195
19740	-2659.153	-3284.832	625.6784	0.352658	0.230824	0.263939	0.152578	0.3772402	1.989322	1.583385	2.234958
19746	-2654.817	-3280.654	625.8368	0.346488	0.244281	0.259321	0.149909	0.3081393	1.989322	1.734217	1.801402
19752	-2630.016	-3256.63	626.6144	0.282459	0.346446	0.260188	0.110907	0.3199931	1.955464	1.734217	0.9644873
19758	-2643.673	-3269.751	626.0775	0.315039	0.330716	0.248374	0.105871	0.3435179	1.964849	1.723769	1.531961
19764	-2626.986	-3252.458	625.4721	0.310497	0.340143	0.252089	0.0972717	0.2869087	1.906466	2.101687	1.693767
19770	-2629.651	-3254.529	624.8782	0.393463	0.234286	0.319449	0.0528024	0.4283799	1.804888	2.101687	2.509295
19776	-2637.356	-3261.179	623.823	0.40191	0.219543	0.255953	0.122594	0.4228554	1.590491	2.984966	2.301763
19782	-2637.687	-3261.598	623.9109	0.22876	0.412329	0.300359	0.058552	0.4228554	1.66599	3.22103	1.571437
19788	-2643.807	-3266.604	622.7973	0.250625	0.401539	0.2925	0.0553369	0.4051105	1.681638	4.075919	1.169106
19794	-2638.441	-3263.319	624.8783	0.250625	0.401539	0.2925	0.0553369	0.4051105	1.609626	3.404646	0.2938148
19800	-2647.866	-3274.118	626.2516	0.253505	0.406153	0.29586	0.0444822	0.301237	1.609626	2.527451	0.4913766
19806	-2644.035	-3269.327	625.2919	0.287187	0.446555	0.208556	0.0577017	0.3381732	1.754571	2.8004	0.8276619
19812	-2651.852	-3275.702	623.85	0.29737	0.407707	0.186661	0.108262	0.4077005	1.65974	2.720469	2.840207
19818	-2666.084	-3289.258	623.1737	0.26459	0.506703	0.171854	0.0568524	0.4077005	1.653903	3.618337	1.672675
19824	-2647.893	-3272.585	624.6921	0.192712	0.53266	0.180657	0.0939704	0.3721518	1.667146	3.138898	0.9249652
19830	-2641.459	-3265.698	624.2396	0.208803	0.315728	0.373653	0.101817	0.4014529	1.667146	3.123873	1.401066
19836	-2642.262	-3265.052	622.7901	0.376558	0.319071	0.185013	0.119358	0.8910611	1.661115	3.325522	2.170868
19842	-2644.568	-3267.359	622.791	0.376558	0.319071	0.185013	0.119358	0.4395552	1.450986	3.24453	3.472119
19848	-2647.72	-3270.54	622.821	0.274524	0.336757	0.294587	0.0941323	0.6126794	1.578725	3.489819	2.2603
19854	-2668.39	-3290.821	622.4304	0.36917	0.304541	0.247275	0.0790142	0.630225	1.659325	3.345052	3.099784
19860	-2660.147	-3283.644	623.4973	0.397362	0.337378	0.179325	0.085935	0.4373445	1.770923	2.75646	3.099784
19866	-2659.123	-3284.152	625.0286	0.35986	0.305537	0.256779	0.0778246	0.4178952	1.81639	2.339248	1.791275
19872	-2647.003	-3271.862	624.8588	0.185627	0.432502	0.286575	0.0952952	0.3708888	1.525215	3.239798	0.7386043
19878	-2619.156	-3243.854	624.6979	0.265646	0.285728	0.339263	0.109363	0.5017165	1.584383	2.850479	1.385438
19884	-2643.79	-3266.296	622.5066	0.283363	0.304785	0.361891	0.0499616	0.5017165	1.465444	4.55972	0.734655
19890	-2632.003	-3255.082	623.0793	0.245921	0.321112	0.389606	0.04336	0.6426562	1.432716	3.855623	1.292588
19896	-2631.346	-3253.26	621.9144	0.31855	0.326926	0.268265	0.0862585	0.6426562	1.3744	4.381443	1.635857
19902	-2652.76	-3275.618	622.8575	0.366134	0.287244	0.314109	0.0325123	0.4390939	1.475884	4.263117	0.9512292
19908	-2679.291	-3302.953	623.6619	0.348878	0.273706	0.283105	0.0943112	0.8483371	1.552083	3.843084	0.3950324
19914	-2651.598	-3274.415	622.8176	0.231047	0.302217	0.355354	0.111381	1.069101	1.509332	3.532993	1.640458
19920	-2622.907	-3245.875	622.9674	0.258232	0.382791	0.184052	0.174924	0.80195	1.574142	3.443323	1.904067
19926	-2629.846	-3252.171	622.3252	0.495805	0.0918428	0.211419	0.200933	1.096818	1.540838	3.1582	3.202995
19932	-2628.476	-3252.41	623.9334	0.440778	0.214338	0.166747	0.178137	1.150089	1.551668	3.16604	0.9714553
19938	-2630.051	-3252.665	622.6142	0.361864	0.12112	0.249971	0.267045	1.573378	1.657406	3.280717	1.672727
19944	-2650.157	-3272.005	621.8481	0.361428	0.274031	0.0978178	0.266723	1.344236	1.52311	3.80484	1.925548
19950	-2634.898	-3257.598	622.7003	0.318666	0.357363	0.0830822	0.240889	1.608172	1.552725	3.155783	1.925548
19956	-2658.93	-3280.872	621.9422	0.391717	0.21548	0.100734	0.292069	1.280601	1.489089	3.688082	2.196383
19962	-2640.45	-3261.546	621.096	0.266876	0.207236	0.134864	0.391024	1.837019	1.483571	4.28587	1.363428
19968	-2655.653	-3277.229	621.5756	0.312627	0.262101	0.103696	0.321576	2.015013	1.450224	4.058697	1.165955
19974	-2640.026	-3262.082	622.0558	0.30437	0.295959	0.0865889	0.313082	2.003592	1.545259	3.639765	1.340711
19980	-2616.991	-3241.595	624.604	0.33415	0.302445	0.256412	0.106993	0.9651811	1.504419	3.249637	0.4010243
19986	-2623.62	-3246.755	623.1348	0.42428	0.122064	0.227903	0.225752	1.649849	1.417286	3.837036	0.2485974
19992	-2643.38	-3266.115	622.7347	0.498407	0.134923	0.267721	0.0989489	1.034392	1.320366	4.417666	0.3416275
19998	-2642.54	-3266.082	623.542	0.425154	0.0611845	0.402517	0.111144	1.057053	1.643327	3.779984	0.2639688
20004	-2638.801	-3262.945	624.1432	0.3767	0.158199	0.432011	0.0330899	1.422984	1.553523	3.279244	0.2906207
20010	-2634.477	-3259.385	624.9074	0.419039	0.152885	0.396097	0.0319784	0.6096167	1.580327	3.279244	0.1981355
20016	-2636.548	-3261.25	624.7016	0.353353	0.15951	0.449595	0.0375426	0.8689066	1.541971	3.260149	0.1941381
20022	-2662.104	-3287.53	625.4259	0.206863	0.357053	0.346717	0.0893668	0.6224222	1.621138	2.950303	0.2527369
20028	-2670.513	-3296.591	626.0784	0.385887	0.218296	0.304481	0.0913367	0.4899727	1.748002	2.553167	0.2881395
20034	-2639.729	-3262.565	622.8356	0.206346	0.240484	0.480777	0.0723924	0.9220896	1.434611	4.379078	0.2582465
20040	-2647.726	-3269.964	622.2387	0.254133	0.251281	0.42986	0.0647256	1.076431	1.357178	4.600675	0.4540623
20046	-2651.211	-3273.531	622.3208	0.428085	0.125745	0.38778	0.0583895	1.302978	1.437402	4.3045	0.6015726
20052	-2659.113	-3282.539	623.4259	0.401799	0.0617886	0.481608	0.0548042	0.6370399	1.545535	3.7686	0.9782892
20058	-2648.212	-3270.977	622.7649	0.422973	0.096349	0.411508	0.06917	0.9826313	1.235	4.007956	1.177214
20064	-2633.325	-3258.808	625.4825	0.408761	0.12078	0.182665	0.287794	0.9721515	1.70871	2.638069	0.2275069
20070	-2623.253	-3248.675	625.4221	0.369682	0.157534	0.384581	0.0882028	1.15057	1.570072	2.638069	0.3310848
20076	-2638.601	-3263.138	624.5372	0.362488	0.146748	0.442261	0.0485026	1.16351	1.550766	3.170112	0.3489285
20082	-2660.246	-3285.207	624.9609	0.266887	0.381061	0.313615	0.0384373	0.4738948	1.715828	3.227653	0.3746086
20088	-2645.167	-3271.05	625.8826	0.358017	0.331731	0.277598	0.0326536	0.8808413	1.80712	2.386814	0.2412272
20094	-2672.572	-3296.988	624.4167	0.271061	0.337098	0.298192	0.0936497	1.162898	1.83116	3.095558	0.282398
20100	-2630.654	-3254.914	624.2598	0.361379	0.0797111	0.397196	0.161714	1.470052	1.636141	3.137378	0.2196762
20106	-2638.58	-3264.346	625.7653	0.203847	0.406076	0.260018	0.130059	0.4390404	1.578925	2.878567	0.2196762
20112	-2634.395	-3258.671	624.2759	0.082419	0.5595	0.230898	0.127183	0.3360916	1.636315	3.151377	1.397688
20118	-2628.525	-3251.734	623.2094	0.179764	0.530798	0.168778	0.120659	0.3610567	1.481147	3.570759	1.99893
20124	-2637.266	-3261.348	624.0821	0.150707	0.445	0.288206	0.116086	0.7202652	1.563354	3.549247	0.610575
20130	-2661.821	-3286.226	624.4059	0.200534	0.491309	0.114276	0.193881	0.9045067	1.604497	2.876265	1.177648
20136	-2648.265	-3274.574	626.3084	0.28429	0.332833	0.270533	0.112345	0.423234	1.829842	2.401373	0.255461
20142	-2623.958	-3249.807	625.8492	0.266446	0.369448	0.300294	0.0638123	0.6000094	1.469054	2.800039	0.2411901
20148	-2646.178	-3270.293	624.1152	0.235852	0.377484	0.334658	0.0520063	0.6000094	1.461669	3.826909	0.2411901
20154	-2637.359	-3259.977	622.6175	0.229899	0.273681	0.429652	0.0667685	0.7212413	1.495716	4.425864	0.6093344
20160	-2627.097	-3251.776	624.6792	0.224699	0.240511	0.494059	0.0407311	0.5923332	1.514852	3.474333	0.2532287
20166	-2646.648	-3271.894	625.2463	0.245002	0.229179	0.47078	0.055039	0.5868631	1.460661	3.167095	0.3076909
20172	-2640.313	-3264.461	624.148	0.20804	0.32602	0.399756	0.0661837	0.6540383	1.417797	3.79123	0.3117474
20178	-2629.122	-3252.499	623.3773	0.203013	0.318142	0.41294	0.0659051	0.8196314	1.511653	3.838936	0.7533502
20184	-2636.25	-3260.777	624.5264	0.180165	0.403493	0.347548	0.0687947	0.4927339	1.436213	3.424729	0.7365834
20190	-2639.541	-3264.131	624.5901	0.346218	0.290339	0.29465	0.068793	0.5772535	1.590404	2.681431	1.74125
20196	-2628.838	-3255.15	626.3128	0.354667	0.28664	0.337762	0.0209304	0.5478304	1.686213	2.412496	0.2586447
20202	-2642.242	-3268.561	626.3184	0.405071	0.147003	0.385763	0.0621623	0.5051899	1.722303	2.335895	0.4503091
20208	-2652.116	-3278.165	626.0484	0.333073	0.229721	0.408517	0.0286891	0.7827542	1.756376	2.335895	0.3879339
20214	-2645.642	-3272.171	626.5294	0.293948	0.346157	0.320647	0.0392484	0.6627326	1.8185	2.108068	0.2822871
20220	-2632.206	-3258.833	626.6279	0.392703	0.213922	0.362315	0.0310596	0.5981817	1.8185	2.088164	0.2822871
20226	-2653.098	-3279.836	626.7372	0.233872	0.4508	0.215775	0.0995533	0.3621677	1.740064	2.215991	0.2676512
20232	-2634.983	-3261.553	626.57	0.233784	0.326407	0.381787	0.0580221	0.4971395	1.787223	2.215991	0.2676512
20238	-2637.875	-3264.391	626.5151	0.331261	0.342681	0.254164	0.0718937	0.4897045	1.834419	2.215991	0.311385
20244	-2633.138	-3258.988	625.8495	0.229796	0.237718	0.350966	0.18152	0.6987948	1.73413	2.562939	0.311385
20250	-2627.561	-3252.307	624.7464	0.398554	0.157517	0.286747	0.157182	1.13668	1.654885	2.819047	0.6589018
20256	-2640.886	-3265.968	625.0812	0.453713	0.156813	0.344363	0.0451113	1.13668	1.570218	2.819047	0.4092726
20262	-2663.613	-3280.864	617.2504	0.469401	0.145665	0.15464	0.230294	2.49144	1.597123	5.328011	3.348466
20268	-2646.942	-3268.484	621.5422	0.471257	0.142287	0.155251	0.231205	1.731938	1.715687	3.613207	2.077249
20274	-2652.477	-3274.289	621.8127	0.504171	0.135837	0.120495	0.239498	1.925686	1.648174	3.923809	1.030836
20280	-2653.301	-3274.11	620.8096	0.548072	0.0191913	0.130987	0.30175	1.925686	1.78982	3.676573	2.65451
20286	-2636.647	-3256.515	619.8686	0.462419	0.0210902	0.139702	0.376789	1.501438	1.64176	3.973582	4.319648
20292	-2663.768	-3287.817	624.0485	0.376606	0.110308	0.221615	0.291471	1.426352	1.426343	3.410824	0.230671
20298	-2657.418	-3281.494	624.0767	0.336514	0.117119	0.270926	0.275441	1.330114	1.486298	3.410824	0.2413783
20304	-2669.838	-3291.955	622.1173	0.469338	0.0919315	0.2329	0.20583	1.988657	1.737419	3.087066	2.212523
20310	-2659.967	-3280.962	620.9956	0.325916	0.189173	0.359594	0.125317	1.71658	1.461331	4.811238	0.6423486
20316	-2644.876	-3268.95	624.0745	0.239457	0.18403	0.2642	0.312313	1.431393	1.611776	2.962662	0.8548863
20322	-2632.453	-3257.312	624.8591	0.354998	0.242145	0.297305	0.105552	1.249383	1.794297	2.804782	0.2399122
20328	-2643.528	-3267.183	623.6548	0.253826	0.206855	0.404341	0.134979	1.249383	1.382664	3.74609	0.3244681
20334	-2658.662	-3282.293	623.631	0.437461	0.356508	0.159926	0.0461047	1.155285	1.476488	3.74609	0.3537347
20340	-2651.353	-3276.238	624.8853	0.444722	0.193351	0.229516	0.132411	1.1148	1.580024	2.87114	0.535823
20346	-2640.988	-3264.35	623.362	0.354338	0.325352	0.143866	0.176445	2.033969	1.79645	3.18693	0.535823
20352	-2658.243	-3280.879	622.6363	0.428364	0.0676983	0.264386	0.239552	2.033969	1.709276	3.161992	1.393801
20358	-2648.837	-3272.125	623.2885	0.482439	0.0754701	0.23536	0.206731	1.527982	1.687272	3.210071	1.064829
20364	-2650.828	-3271.384	620.5557	0.398417	0.0990939	0.267515	0.234974	2.817172	1.539837	4.343705	1.044612
20370	-2663.654	-3285.297	621.6429	0.297545	0.149178	0.357942	0.195335	2.530953	1.640373	3.978326	0.6938181
20376	-2635.162	-3259.545	624.384	0.358154	0.179565	0.430854	0.0314271	1.135094	1.565904	3.233235	0.4227154
20382	-2659.974	-3285.488	625.5141	0.405748	0.203427	0.356941	0.033885	0.44908	1.505635	3.071238	0.2370106
20388	-2643.329	-3269.105	625.7763	0.369189	0.273202	0.324779	0.0328298	0.5398904	1.626614	2.785896	0.2688543
20394	-2633.589	-3259.175	625.5855	0.375546	0.0976842	0.499916	0.0268544	0.5475737	1.626614	2.814669	0.4654569
20400	-2665.374	-3290.013	624.6394	0.344659	0.176944	0.313767	0.16463	0.9283669	1.75554	2.244461	1.885461
20406	-2656.666	-3280.634	623.9672	0.394843	0.228918	0.187012	0.189226	0.9283669	1.620473	2.749561	1.885461
20412	-2653.469	-3273.188	619.7185	0.614677	0.0383407	0.216312	0.13067	1.167011	1.549995	4.781282	2.704521
20418	-2630.702	-3253.941	623.2391	0.467403	0.116119	0.209911	0.206568	1.16736	1.582516	3.442053	1.153147
20424	-2637.702	-3261.133	623.4306	0.412934	0.102587	0.187988	0.296492	1.216268	1.652403	3.284747	1.111776
20430	-2645.517	-3267.572	622.0551	0.461795	0.0724553	0.134174	0.331575	1.240062	1.536852	3.250102	3.172734
20436	-2679.742	-3301.142	621.4003	0.574023	0.0933524	0.15359	0.179035	1.358672	1.626779	3.246793	4.033857
20442	-2651.12	-3271.599	620.4794	0.415895	0.113791	0.0170084	0.453305	1.707904	1.626779	3.918381	3.051693
20448	-2649.725	-3269.693	619.9683	0.605277	0.00791277	0.0845069	0.302303	1.707904	1.575829	3.918381	4.092812
20454	-2658.204	-3277.678	619.4739	0.594651	0.0151355	0.182123	0.208091	1.707904	1.607007	4.660632	2.591619
20460	-2675.955	-3296.174	620.2189	0.594651	0.0151355	0.182123	0.208091	1.784417	1.447771	4.200211	2.859273
20466	-2639.922	-3258.787	618.865	0.560014	0.0173324	0.136434	0.28622	1.787907	1.516508	4.200211	5.439197
20472	-2638.251	-3258.426	620.1756	0.467278	0.0145987	0.190499	0.327625	1.475127	1.545116	3.987751	3.889103
20478	-2648.384	-3270.277	621.8934	0.465019	0.007692	0.193868	0.33342	1.11297	1.491812	3.694823	2.475123
20484	-2644.091	-3266.857	622.7656	0.39772	0.0856737	0.392774	0.123831	1.339658	1.648252	3.947209	0.5427949
20490	-2643.348	-3265.957	622.6081	0.344481	0.194928	0.232936	0.227655	1.339658	1.587881	3.815973	0.970873
20496	-2637.611	-3259.547	621.9362	0.412661	0.0746137	0.240012	0.272713	1.835811	1.755427	3.821196	1.04863
20502	-2646.79	-3268.699	621.9086	0.390829	0.190296	0.235224	0.183651	1.38584	1.623193	3.821196	1.641245
20508	-2644.854	-3266.396	621.5421	0.376837	0.315977	0.130111	0.177076	1.092827	1.466847	4.452341	1.282389
20514	-2665.319	-3286.428	621.1089	0.412162	0.170808	0.156165	0.260864	1.511624	1.637656	4.445435	1.166276
20520	-2662.432	-3284.495	622.0626	0.403441	0.269686	0.130896	0.195977	1.249492	1.637722	4.248688	0.7963933
20526	-2643.005	-3265.171	622.1667	0.382788	0.242233	0.083915	0.291063	1.226096	1.738301	3.488233	2.087197
20532	-2646.333	-3267.161	620.828	0.281074	0.25059	0.128983	0.339353	2.248901	1.499184	4.296931	1.282693
20538	-2648.047	-3268.993	620.9465	0.439277	0.160616	0.0826718	0.317435	1.738097	1.588037	4.531006	1.034009
20544	-2652.591	-3273.193	620.6027	0.431921	0.267571	0.0852917	0.215216	1.474616	1.455227	4.920802	1.034009
20550	-2649.25	-3269.241	619.9913	0.460751	0.253993	0.0809632	0.204294	1.752031	1.472331	4.751607	1.783506
20556	-2648.177	-3270.114	621.937	0.350133	0.193014	0.10926	0.347593	2.073715	1.620569	3.893163	0.8781392
20562	-2646.105	-3272.01	625.905	0.621954	0.0967826	0.231539	0.0497243	1.14352	1.869565	2.162537	0.2262453
20568	-2648.324	-3274.614	626.2899	0.395437	0.136418	0.455616	0.0125291	1.21228	1.848839	1.879429	0.2424529
20574	-2629.985	-3256.314	626.3287	0.180488	0.291971	0.515518	0.0120231	1.151819	1.821778	1.896545	0.319893
20580	-2639.344	-3266.19	626.8461	0.281219	0.326121	0.384752	0.00790823	0.567663	1.965507	1.813637	0.401928
20586	-2633.238	-3260.116	626.8786	0.135627	0.447224	0.413391	0.00375753	0.4051935	1.979507	1.889751	0.401928
20592	-2647.986	-3271.859	623.8734	0.172562	0.412837	0.404509	0.0100923	0.4524442	1.465945	4.027433	0.34652
20598	-2656.845	-3282.351	625.5056	0.124171	0.570193	0.291074	0.0145617	0.3958803	1.673673	2.703653	0.8111331
20604	-2634.441	-3260.405	625.9633	0.273227	0.447846	0.246885	0.0320417	0.45011	1.651843	2.703653	0.30306
20610	-2636.936	-3263.638	626.7023	0.220523	0.477698	0.24516	0.0566187	0.3869578	1.725935	2.215551	0.3386531
20616	-2649.339	-3275.988	626.6492	0.24498	0.388829	0.297488	0.0687034	0.4145575	1.744758	2.238078	0.2923355
20622	-2643.094	-3269.772	626.6782	0.205805	0.332737	0.351637	0.109821	0.4145575	1.665937	2.238078	0.3753023
20628	-2639.999	-3266.402	626.4033	0.261045	0.285916	0.340889	0.11215	0.4665511	1.667631	2.38615	0.3664409
20634	-2622.143	-3248.441	626.2984	0.324798	0.365662	0.255576	0.0539646	0.4924748	1.769117	2.38615	0.3345026
20640	-2637.001	-3263.392	626.3908	0.302357	0.340398	0.262548	0.0946967	0.4924748	1.704352	2.38615	0.2344364
20646	-2639.246	-3266.163	626.9164	0.305837	0.262867	0.391999	0.0392973	0.4715642	1.701414	2.063133	0.256479
20652	-2638.379	-3262.967	624.5879	0.389432	0.261761	0.297189	0.0516185	0.5110803	1.749432	3.417138	0.3480945
20658	-2629.009	-3253.843	624.8343	0.376887	0.22421	0.343916	0.0549872	0.5155884	1.668932	3.317048	0.3480945
20664	-2623.552	-3248.77	625.2178	0.39207	0.292753	0.268663	0.0465137	0.3988552	1.577754	3.231773	0.2523026
20670	-2643.545	-3268.094	624.5492	0.337988	0.194955	0.361212	0.105844	0.5922476	1.432937	3.597236	0.2649117
20676	-2656.454	-3279.048	622.5943	0.306256	0.264615	0.33188	0.0972493	0.6000316	1.508158	4.64775	0.3316743
20682	-2627.954	-3252.441	624.487	0.305743	0.267988	0.322467	0.103801	0.6462985	1.526306	3.544903	0.2751994
20688	-2623.555	-3247.761	624.2058	0.339094	0.324407	0.273272	0.0632275	0.7413841	1.459961	3.684737	0.2938219
20694	-2639.212	-3263.774	624.5614	0.356365	0.398228	0.178959	0.0664478	0.9377218	1.642483	3.164564	0.4835905
20700	-2654.626	-3281.829	627.2038	0.245594	0.314418	0.361001	0.0789875	0.4827063	1.866137	1.72748	0.336897
20706	-2645.996	-3272.149	626.1534	0.27934	0.167556	0.463264	0.0898409	0.9759954	1.900611	1.928121	0.5708967
20712	-2625.638	-3250.979	625.3413	0.339354	0.250464	0.297475	0.112707	1.067244	1.695428	2.646258	0.3651367
20718	-2634.189	-3259.447	625.2576	0.310772	0.229369	0.407396	0.0524627	0.6105704	1.603603	3.039144	0.3651367
20724	-2616.995	-3242.963	625.9674	0.297368	0.23383	0.415319	0.053483	0.5897068	1.649329	2.621885	0.2773797
20730	-2657.033	-3283.345	626.3111	0.381038	0.426701	0.116797	0.075464	0.54803	1.841874	2.273562	0.383699
20736	-2658.185	-3284.631	626.4464	0.323049	0.283912	0.290904	0.102135	0.4729044	1.831324	2.273562	0.3087045
20742	-2644.864	-3271.808	626.9441	0.306768	0.287401	0.302442	0.103389	0.4729044	1.87351	1.929016	0.2545758
20748	-2643.851	-3270.861	627.0104	0.311533	0.285425	0.300363	0.102679	0.4748946	1.805364	1.929016	0.2545758
20754	-2663.176	-3286.76	623.5841	0.520227	0.0574093	0.199574	0.222789	1.140353	1.808733	2.433489	2.582455
20760	-2646.243	-3269.787	623.5447	0.439383	0.0484878	0.323962	0.188167	1.139734	1.805982	2.433489	2.648434
20766	-2641.47	-3265.937	624.4666	0.534156	0.0894983	0.187172	0.189174	1.14984	1.780292	2.165406	1.95232
20772	-2639.264	-3263.491	624.2278	0.392843	0.0872389	0.416665	0.103254	1.492514	1.704103	2.366088	1.566182
20778	-2643.875	-3266.765	622.8896	0.386844	0.124577	0.410302	0.0782774	1.355379	1.762205	2.402502	3.580888
20784	-2616.307	-3239.3	622.9936	0.508121	0.105217	0.317946	0.0687157	1.34854	1.700973	2.658943	2.805282
20790	-2632.336	-3256.758	624.4224	0.37918	0.129729	0.371584	0.119507	1.062791	1.689456	2.491415	1.586694
20796	-2619.836	-3244.838	625.0027	0.452265	0.154734	0.245068	0.147932	1.184109	1.760055	2.104159	1.398804
20802	-2633.198	-3255.568	622.3698	0.373664	0.0522835	0.538567	0.0354853	1.175708	1.606827	3.459846	2.120651
20808	-2632.392	-3253.939	621.5475	0.40999	0.0497949	0.39213	0.148085	1.175708	1.690736	3.689626	2.62057
20814	-2633.033	-3255.348	622.3147	0.47509	0.163978	0.286543	0.0743895	1.175708	1.49669	4.299812	0.6714364
20820	-2674.08	-3300.247	626.1665	0.397257	0.138092	0.45375	0.0109009	0.4106617	1.818051	2.504501	0.261425
20826	-2642.92	-3268.243	625.3223	0.385024	0.264967	0.299588	0.0504202	0.5065741	1.565215	3.085484	0.3697998
20832	-2638.84	-3263.195	624.3551	0.343614	0.278998	0.267367	0.110022	0.4477527	1.613117	3.09709	1.336576
20838	-2633.469	-3256.814	623.3442	0.257806	0.209326	0.4718	0.0610675	0.4477527	1.464349	4.170272	0.6452658
20844	-2644.937	-3269.891	624.9536	0.203495	0.314839	0.280923	0.200743	0.4430302	1.828544	2.480373	1.567185
20850	-2650.512	-3273.202	622.6892	0.362611	0.279739	0.208057	0.149594	0.966099	1.494568	3.318507	2.463049
20856	-2636.688	-3260.629	623.9405	0.337906	0.290581	0.216121	0.155392	0.8054404	1.552008	3.478369	0.7854494
20862	-2671.452	-3295.796	624.3434	0.566584	0.1061	0.144476	0.182839	0.923633	1.480523	3.098025	0.9709396
20868	-2655.443	-3278.634	623.1909	0.560167	0.0906042	0.24183	0.107399	1.2339	1.684599	3.136053	1.602457
20874	-2624.324	-3248.281	623.9573	0.437641	0.0975818	0.378597	0.0861802	1.2339	1.761075	2.654324	1.547715
20880	-2618.712	-3243.849	625.1375	0.449767	0.133141	0.332226	0.0848665	1.135184	1.679235	2.705451	0.4342505
20886	-2625.181	-3250.403	625.2227	0.311468	0.314661	0.300839	0.073032	1.091121	1.629217	2.71694	0.4217715
20892	-2633.832	-3259.396	625.564	0.322867	0.178657	0.401104	0.0973724	1.218322	1.772272	2.400361	0.2504386
20898	-2641.724	-3265.755	624.031	0.481307	0.174051	0.309055	0.0355874	1.655939	1.731462	3.127	0.2484555
20904	-2625.906	-3251.787	625.8815	0.505787	0.182904	0.273912	0.0373974	1.122273	1.751289	2.268733	0.2698881
20910	-2620.689	-3245.707	625.0174	0.558182	0.163513	0.244872	0.0334326	0.8419416	1.739241	2.9847	0.2698881
20916	-2616.944	-3242.636	625.692	0.545387	0.0994116	0.283484	0.0717179	1.048404	1.615486	2.513367	0.2091382
20922	-2622.037	-3247.697	625.66	0.545387	0.0994116	0.283484	0.0717179	1.027826	1.641325	2.513367	0.1812875
20928	-2625.536	-3251.527	625.9909	0.535699	0.0500923	0.278448	0.13576	0.8528174	1.750792	2.36855	0.2198544
20934	-2631.409	-3257.182	625.7732	0.507463	0.0706453	0.279091	0.142801	1.081411	1.760354	2.354302	0.2198544
20940	-2612.657	-3239.026	626.3689	0.469692	0.220826	0.167543	0.141938	1.100811	1.825771	1.909896	0.2866031
20946	-2630.673	-3256.579	625.9056	0.395349	0.190822	0.216361	0.197468	1.311802	1.855259	2.070336	0.2377794
20952	-2634.592	-3260.316	625.7244	0.412672	0.155366	0.225841	0.20612	1.404009	1.866074	2.125028	0.2231145
20958	-2653.042	-3279.315	626.273	0.454418	0.158663	0.202292	0.184627	1.070754	1.938523	1.907112	0.3232862
20964	-2637.779	-3264.544	626.7648	0.404701	0.141304	0.312756	0.141239	0.8434802	1.892423	1.749125	0.1832319
20970	-2657.348	-3284.232	626.8843	0.327134	0.261826	0.296872	0.114168	0.7576795	1.895581	1.749125	0.2778432
20976	-2630.985	-3257.309	626.324	0.390352	0.13222	0.354242	0.123186	0.9140342	1.895581	2.019968	0.2778432
20982	-2640.216	-3263.511	623.2953	0.295712	0.150333	0.494536	0.0594187	0.6735711	1.679228	3.909672	0.701619
20988	-2653.75	-3278.56	624.8099	0.319458	0.343586	0.241745	0.0952104	0.4711492	1.546046	3.40148	0.4090687
20994	-2642.443	-3267.587	625.1445	0.314627	0.338389	0.238089	0.108895	0.4711492	1.539555	3.258547	0.2417596
21000	-2643.263	-3267.785	624.5218	0.321518	0.29125	0.265739	0.121493	0.8289851	1.510142	3.421736	0.2312761
21006	-2632.151	-3258.172	626.0211	0.337465	0.286473	0.302676	0.0733856	0.5397812	1.599172	2.652235	0.2312761
21012	-2631.695	-3257.324	625.6295	0.34977	0.296919	0.313713	0.0395976	0.4134257	1.56368	2.98589	0.2312761
21018	-2653.302	-3277.624	624.3226	0.241426	0.166619	0.525611	0.0663439	0.4567895	1.503891	3.708262	0.4272178
21024	-2640.917	-3264.862	623.9456	0.247067	0.173844	0.548403	0.030686	0.7419833	1.499177	3.805596	0.3176503
21030	-2658.568	-3284.237	625.6692	0.354693	0.227955	0.312498	0.104854	0.5368073	1.613865	2.818687	0.3913661
21036	-2649.61	-3274.948	625.3375	0.380012	0.251333	0.326558	0.0420974	0.6036664	1.497942	3.077645	0.3160214
21042	-2645.845	-3270.709	624.8635	0.366718	0.277523	0.315134	0.0406247	0.5875169	1.5377	3.351996	0.2882087
21048	-2636.327	-3259.045	622.7181	0.379973	0.250706	0.326524	0.0427962	0.843607	1.672693	3.407803	2.128493
21054	-2625.566	-3249.579	624.0129	0.40122	0.117867	0.386612	0.0943012	0.8592645	1.667898	3.21557	0.9824273
21060	-2642.886	-3265.393	622.5071	0.440094	0.213367	0.283071	0.0634684	0.509816	1.471449	3.812142	2.219497
21066	-2627.701	-3252.988	625.2873	0.159542	0.388935	0.401309	0.0502141	0.5071353	1.6956	3.036151	0.3511969
21072	-2628.011	-3252.356	624.3451	0.206625	0.385311	0.397569	0.0104953	0.6667514	1.478599	3.582453	0.432353
21078	-2635.03	-3257.448	622.4179	0.213538	0.364744	0.410871	0.0108465	0.6436229	1.428282	4.716912	0.441322
21084	-2634.878	-3258.052	623.1745	0.24762	0.264396	0.365887	0.122097	1.424113	1.584782	3.822368	0.2995876
21090	-2627.658	-3251.532	623.8747	0.549244	0.081082	0.311233	0.0584414	1.310007	1.516371	3.512157	0.2019884
21096	-2633.338	-3255.683	622.3448	0.509302	0.167769	0.221461	0.101468	1.36821	1.441064	4.410586	0.2639671
21102	-2646.094	-3271.656	625.5619	0.418193	0.0659461	0.450234	0.0656271	1.121941	1.68609	2.487253	0.3532957
21108	-2651.761	-3277.728	625.9674	0.527555	0.055109	0.364243	0.0530929	0.8434126	1.74028	2.400092	0.2426594
21114	-2637.484	-3263.556	626.0718	0.452713	0.08378	0.40454	0.0589667	0.863051	1.700668	2.346166	0.2426594
21120	-2644.171	-3270.059	625.8878	0.32641	0.133932	0.240787	0.298871	1.071542	1.828316	2.247798	0.2426594
21126	-2634.111	-3259.809	625.6985	0.343865	0.229422	0.317536	0.109177	1.071542	1.816587	2.376327	0.2491517
21132	-2642.328	-3267.889	625.5605	0.485053	0.182441	0.188192	0.144315	1.106978	1.65432	2.541884	0.2338355
21138	-2625.033	-3250.674	625.6411	0.488928	0.197339	0.138721	0.175013	1.035258	1.644085	2.541884	0.2338355
21144	-2639.233	-3264.538	625.305	0.439795	0.139616	0.339344	0.0812443	0.7554663	1.644085	2.909971	0.3254089
21150	-2631.741	-3256.096	624.3549	0.426275	0.179634	0.299138	0.0949535	1.200694	1.569374	3.266825	0.2268063
21156	-2627.235	-3250.32	623.0849	0.471975	0.146949	0.254102	0.126974	0.8983424	1.37626	4.269692	0.191382
21162	-2650.16	-3273.445	623.2843	0.429294	0.160745	0.240899	0.169062	1.355456	1.479326	3.845818	0.191382
21168	-2640.715	-3264.414	623.6993	0.42847	0.175725	0.302327	0.0934774	0.9427525	1.40917	3.845818	0.3996082
21174	-2657.273	-3280.608	623.3356	0.396196	0.199114	0.296493	0.108197	1.187181	1.384276	3.975471	0.2476657
21180	-2638.748	-3263.443	624.695	0.452724	0.178776	0.244866	0.123634	0.9612371	1.433382	3.286714	0.2476657
21186	-2651.165	-3277.071	625.9059	0.375468	0.248274	0.236677	0.139581	0.8553238	1.558441	2.536469	0.2067229
21192	-2644.329	-3270.278	625.9494	0.431431	0.188554	0.23475	0.145265	1.338616	1.649177	2.144242	0.3292444
21198	-2642.241	-3267.74	625.4992	0.412863	0.180438	0.224646	0.182053	1.098165	1.716774	2.547079	0.2653999
21204	-2632.002	-3257.778	625.776	0.493838	0.204891	0.158446	0.142825	1.078319	1.67793	2.406816	0.2204921
21210	-2625.82	-3251.788	625.9687	0.339076	0.183523	0.251078	0.226323	0.9180441	1.645595	2.406816	0.2204921
21216	-2624.305	-3250.252	625.9475	0.517224	0.179528	0.153393	0.149855	1.380214	1.711054	2.093584	0.2204921
21222	-2606.109	-3232.028	625.9186	0.323952	0.241672	0.251569	0.182806	0.983372	1.667507	2.382783	0.2204921
21228	-2644.127	-3269.936	625.8088	0.257284	0.296706	0.279372	0.166638	0.5583845	1.689395	2.716997	0.254837
21234	-2635.218	-3261.034	625.816	0.317155	0.303186	0.257685	0.121975	0.9383412	1.72013	2.443607	0.2840763
21240	-2644.154	-3268.717	624.562	0.41878	0.27124	0.272937	0.0370435	0.5127154	1.511714	3.588883	0.2851097
21246	-2636.493	-3262.378	625.8844	0.226741	0.266953	0.443211	0.0630951	0.5127154	1.607779	2.742818	0.2121205
21252	-2632.796	-3259.408	626.6115	0.418377	0.178216	0.347413	0.0559942	0.5949593	1.731879	2.151745	0.2067
21258	-2636.348	-3262.962	626.6138	0.37305	0.158908	0.362777	0.105264	0.533099	1.701466	2.161041	0.4163301
21264	-2656.531	-3282.634	626.1032	0.311251	0.185344	0.252829	0.250576	1.083142	1.701466	2.161041	0.3427649
21270	-2660.404	-3284.495	624.0906	0.414614	0.0837719	0.344846	0.156768	1.083142	1.629377	2.57772	1.875636
21276	-2665.815	-3288.515	622.6998	0.414614	0.0837719	0.344846	0.156768	1.300545	1.778445	2.959142	2.44478
21282	-2655.985	-3281.802	625.8176	0.343342	0.179348	0.414134	0.0631758	0.6822635	1.676969	2.556629	0.4612963
21288	-2648.722	-3272.487	623.7652	0.28452	0.249379	0.389929	0.0761713	0.5658791	1.651249	3.863391	0.4612963
21294	-2642.116	-3264.049	621.9332	0.433945	0.197299	0.306593	0.0621635	1.140116	1.460242	4.682067	0.4492026
21300	-2632.726	-3254.341	621.6145	0.455416	0.152433	0.312274	0.079877	0.7074514	1.251843	5.220035	0.4492026
21306	-2649.324	-3271.016	621.6916	0.50359	0.0540415	0.285578	0.15679	1.399966	1.421919	3.805145	2.206083
21312	-2631.984	-3255.924	623.9405	0.440154	0.24764	0.1086	0.203607	1.395978	1.602407	3.089708	0.8190258
21318	-2641.67	-3263.253	621.5829	0.424887	0.179927	0.0729386	0.322247	1.175306	1.54382	4.024484	1.948982
21324	-2640.987	-3265.115	624.1282	0.362908	0.237963	0.0621735	0.336955	1.230599	1.593278	2.997136	0.9421562
21330	-2642.073	-3264.863	622.7903	0.362908	0.237963	0.0621735	0.336955	1.373796	1.636433	3.468613	1.323303
21336	-2634.548	-3256.045	621.4965	0.377471	0.269467	0.124483	0.228579	1.786289	1.561632	4.172084	1.108663
21342	-2630.917	-3253.252	622.3356	0.307051	0.299949	0.138565	0.254436	1.357479	1.642853	3.992029	0.8676001
21348	-2622.332	-3244.827	622.4959	0.440615	0.0595459	0.304281	0.195558	1.585948	1.660625	3.565145	1.237039
21354	-2640.614	-3260.712	620.0986	0.398354	0.149041	0.275804	0.176801	1.396307	1.56855	3.565145	5.813277
21360	-2643.571	-3266.659	623.0879	0.338403	0.200221	0.221412	0.239964	1.273224	1.805319	3.40243	1.046961
21366	-2662.988	-3284.646	621.6576	0.336992	0.170362	0.166571	0.326074	1.424018	1.554051	4.372488	0.9040929
21372	-2678.962	-3299.192	620.2294	0.495255	0.0649477	0.139537	0.30026	1.912093	1.805493	3.117291	5.730766
21378	-2640.134	-3262.705	622.5709	0.466696	0.0795861	0.245335	0.208382	1.178943	1.74827	3.336161	1.940081
21384	-2643.458	-3267.089	623.6311	0.563072	0.109802	0.185674	0.141452	1.329894	1.570886	2.898684	1.580088
21390	-2655.959	-3280.155	624.1956	0.450459	0.269905	0.16124	0.118396	1.114827	1.677758	2.84422	1.156893
21396	-2621.498	-3244.033	622.5351	0.243949	0.368118	0.17317	0.214764	1.243864	1.486687	3.683249	1.497659
21402	-2625.151	-3247.45	622.2986	0.404498	0.314388	0.15211	0.129004	1.13366	1.649009	3.996495	1.097945
21408	-2633.787	-3256.235	622.4474	0.360638	0.29799	0.178527	0.162845	1.213806	1.590349	3.923815	1.057734
21414	-2653.858	-3274.762	620.9048	0.413757	0.219978	0.204823	0.161442	1.834159	1.640286	3.865087	2.351321
21420	-2640.391	-3262.187	621.796	0.346941	0.112775	0.210465	0.329818	1.54256	1.536657	4.16036	1.054097
21426	-2650.593	-3273.871	623.2778	0.538001	0.103867	0.0543655	0.303767	1.233924	1.548288	3.002837	1.943558
21432	-2655.065	-3277.047	621.9821	0.432527	0.0763844	0.234745	0.256343	1.233924	1.520515	3.779622	1.943558
21438	-2641.013	-3262.487	621.475	0.425432	0.083527	0.260823	0.230218	1.391465	1.535639	3.779622	2.428995
21444	-2639.905	-3263.85	623.9443	0.583554	0.0845651	0.225702	0.106179	1.035964	1.76702	2.1942	2.83153
21450	-2655.855	-3280.294	624.439	0.353532	0.139854	0.331014	0.175599	1.123041	1.892521	2.282305	1.649296
21456	-2638.677	-3259.284	620.6072	0.536396	0.110253	0.221891	0.131459	1.323464	1.79563	3.169158	5.823573
21462	-2632.3	-3253.485	621.1853	0.3742	0.201539	0.217463	0.206799	1.710185	1.659203	3.547973	2.887841
21468	-2648.835	-3272.599	623.7636	0.270125	0.170752	0.315903	0.24322	1.183527	1.598834	2.973486	1.407893
21474	-2654.546	-3278.843	624.2972	0.397441	0.251232	0.285016	0.0663112	1.139932	1.598608	2.811354	1.164686
21480	-2657.184	-3282.856	625.6724	0.315583	0.177615	0.30911	0.197692	1.253272	1.709088	2.348387	0.2802744
21486	-2653.902	-3279.296	625.3936	0.411946	0.17528	0.237419	0.175355	1.418289	1.817543	2.348387	0.1933048
21492	-2660.375	-3286.597	626.2217	0.403588	0.173834	0.23546	0.187118	0.8410864	1.932025	2.112286	0.2818861
21498	-2646.636	-3271.511	624.8752	0.499991	0.215356	0.222135	0.0625178	1.390337	1.727767	2.753414	0.2186107
21504	-2632.857	-3258.308	625.4507	0.37226	0.131339	0.264864	0.231537	1.158367	1.805212	2.461385	0.3510188
21510	-2630.894	-3257.005	626.1113	0.443336	0.159015	0.290375	0.107274	1.135406	1.878246	2.022754	0.295973
21516	-2630.077	-3256.182	626.105	0.465673	0.184377	0.302112	0.0478376	0.6799118	1.754401	2.410562	0.2258335
21522	-2620.608	-3246.083	625.4748	0.316406	0.222557	0.375903	0.0851334	0.600182	1.659549	2.909215	0.2258335
21528	-2611.908	-3238.185	626.2766	0.270198	0.327541	0.327981	0.07428	0.5103262	1.722758	2.435403	0.2346978
21534	-2637.681	-3263.684	626.0027	0.321101	0.213742	0.38977	0.0753866	0.7613424	1.729109	2.435403	0.2867427
21540	-2639.256	-3263.348	624.0928	0.284333	0.189267	0.459646	0.0667543	1.264174	1.772032	3.149144	0.531392
21546	-2619.068	-3243.383	624.3143	0.343156	0.249178	0.309853	0.0978133	1.197413	1.530101	3.305092	0.3217891
21552	-2625.632	-3249.995	624.3631	0.506204	0.15628	0.287861	0.0496547	0.8722127	1.530101	3.465264	0.3217891
21558	-2634.588	-3259.197	624.6086	0.46114	0.228886	0.264372	0.0456028	0.9348833	1.575818	3.256472	0.3217891
21564	-2617.867	-3243.188	625.3213	0.38489	0.238575	0.341595	0.0349405	1.01556	1.675333	2.719697	0.3217891
21570	-2644.536	-3270.165	625.629	0.308598	0.191285	0.445626	0.0544917	1.024382	1.729473	2.500369	0.2859651
21576	-2661.268	-3286.398	625.13	0.286147	0.207785	0.484067	0.022001	1.21296	1.539507	2.814506	0.2308501
21582	-2652.798	-3272.341	619.5431	0.360429	0.113257	0.170541	0.355773	1.543209	1.496309	4.444565	3.541752
21588	-2663.555	-3283.246	619.6911	0.603415	0.0926362	0.0963547	0.207594	1.304981	1.383604	4.706695	3.026952
21594	-2654.774	-3274.46	619.6858	0.601433	0.046643	0.105891	0.246034	1.304981	1.465416	4.640292	3.09811
21600	-2647.545	-3269.014	621.4683	0.357971	0.238631	0.0982302	0.305167	1.348643	1.389145	4.250387	1.588275
21606	-2647.092	-3268.031	620.9389	0.444082	0.179295	0.0738051	0.302817	1.26959	1.427231	4.250387	2.328057
21612	-2643.658	-3266.401	622.7423	0.489581	0.0490825	0.121865	0.339471	1.048186	1.427231	3.440718	2.070629
21618	-2654.824	-3276.449	621.6253	0.513604	0.145736	0.0597662	0.280893	1.394664	1.465898	3.543545	2.935474
21624	-2652.42	-3274.287	621.8674	0.372693	0.145586	0.305885	0.175836	1.200215	1.55408	4.073338	1.453578
21630	-2637.151	-3259.706	622.5551	0.33891	0.150456	0.278158	0.232477	1.200215	1.84154	2.891269	2.892677
21636	-2620.915	-3244.232	623.3166	0.400565	0.177827	0.260113	0.161496	1.200215	1.798749	2.615908	2.473595
21642	-2632.422	-3258.112	625.69	0.344884	0.29579	0.221687	0.137639	0.8976649	1.768997	2.273995	0.7111052
21648	-2640.229	-3266.327	626.0988	0.311546	0.267197	0.361892	0.0593652	0.6678986	1.6108	2.51217	0.2242402
21654	-2656.284	-3281.41	625.1259	0.257213	0.261401	0.419826	0.0615587	0.4134741	1.662817	3.216576	0.3182722
21660	-2650.659	-3275.25	624.5912	0.313679	0.321956	0.289293	0.0750726	0.5837462	1.646641	3.444574	0.310717
21666	-2680.634	-3304.166	623.5322	0.195118	0.293795	0.425596	0.0854906	0.4501653	1.549185	4.010168	0.6508931
21672	-2677.843	-3302.033	624.1898	0.483346	0.155612	0.265898	0.0951435	1.273516	1.639282	3.282314	0.2826164
21678	-2655.766	-3280.013	624.2473	0.429882	0.166334	0.236486	0.167297	1.371253	1.589042	3.227289	0.2706596
21684	-2659.24	-3283.986	624.7455	0.456759	0.176733	0.188752	0.177756	1.371253	1.610156	2.901704	0.191049
21690	-2654.546	-3280.547	626.0002	0.430971	0.166756	0.234553	0.167721	1.098303	1.750322	2.191287	0.191049
21696	-2652.369	-3278.374	626.0047	0.532758	0.106144	0.285977	0.075121	1.098303	1.745843	2.191287	0.191049
21702	-2691.412	-3318.087	626.6748	0.362928	0.244827	0.310644	0.0816007	0.6119268	1.984424	1.936961	0.282179
21708	-2661.605	-3288.712	627.1078	0.214971	0.418494	0.318201	0.0483341	0.3850245	1.918624	1.837251	0.282179
21714	-2670.238	-3295.075	624.8374	0.379489	0.254832	0.332619	0.0330596	0.5562774	1.747814	3.26653	0.2439911
21720	-2671.16	-3294.742	623.5818	0.339312	0.339336	0.136563	0.184788	1.319952	1.78436	2.130473	3.119579
21726	-2644.863	-3269.17	624.3071	0.430515	0.1535	0.162338	0.253646	1.422947	1.735339	2.343196	1.549977
21732	-2644.932	-3267.026	622.094	0.50159	0.212339	0.074971	0.211101	1.324374	1.946314	1.985391	6.519342
21738	-2644.83	-3269.211	624.3805	0.492509	0.0843654	0.122209	0.300917	1.294578	1.751406	2.424503	1.431432
21744	-2636.557	-3257.023	620.4664	0.457156	0.253092	0.056881	0.232871	1.294578	1.901495	3.408983	4.984528
21750	-2616	-3237.47	621.4703	0.447079	0.173672	0.124319	0.25493	1.294578	1.632182	3.96905	1.96201
21756	-2628.174	-3249.66	621.4855	0.251488	0.264956	0.123743	0.359813	1.506911	1.626454	3.96905	1.709584
21762	-2626.094	-3246.154	620.0598	0.439016	0.232209	0.135308	0.193467	1.51688	1.375435	5.302389	0.9321329
21768	-2641.289	-3261.898	620.6085	0.206621	0.52792	0.173745	0.0917141	0.6351476	1.474144	5.404435	0.958086
21774	-2631.88	-3251.13	619.2499	0.317207	0.443733	0.0940425	0.145017	1.502381	1.346989	5.549499	1.351071
21780	-2651.557	-3271.171	619.6139	0.465219	0.269556	0.104335	0.160889	1.277877	1.565875	5.325776	1.377206
21786	-2628.295	-3248.023	619.728	0.215273	0.44354	0.134218	0.206969	1.653612	1.225032	5.293067	1.330987
21792	-2638.651	-3260.526	621.8758	0.22013	0.451828	0.0671604	0.260882	1.128477	1.262942	4.43596	1.138566
21798	-2637.77	-3258.967	621.1971	0.254601	0.258381	0.228352	0.258667	2.103106	1.458321	4.457435	0.7702287
21804	-2648.168	-3272.089	623.9212	0.257167	0.290061	0.230653	0.22212	1.187185	1.520015	3.539401	0.3428091
21810	-2626.524	-3250.861	624.3367	0.358483	0.183674	0.28066	0.177183	1.359359	1.619411	3.156934	0.2105974
21816	-2651.725	-3275.895	624.1693	0.349194	0.203303	0.273387	0.174116	1.687225	1.517244	3.156934	0.2507646
21822	-2644.76	-3270.891	626.1319	0.370109	0.1852	0.366031	0.0786605	0.9257335	1.843303	2.174887	0.2548539
21828	-2652.657	-3278.862	626.2053	0.387744	0.237471	0.292376	0.0824085	0.9386291	1.754791	2.174887	0.2711698
21834	-2646.668	-3271.617	624.9492	0.422695	0.206593	0.245298	0.125414	1.2756	1.746479	2.764134	0.2645541
21840	-2650.109	-3274.735	624.6265	0.482147	0.144014	0.180693	0.193146	1.2756	1.721119	2.969004	0.2988377
21846	-2652.281	-3275.561	623.2803	0.352203	0.239009	0.287799	0.120989	1.435798	1.454547	3.835287	0.2305679
21852	-2629.567	-3253.393	623.8254	0.352203	0.239009	0.287799	0.120989	1.356373	1.554928	3.404957	0.4984889
21858	-2631.105	-3255.218	624.113	0.39933	0.2488	0.247727	0.104143	1.403642	1.628983	3.058263	0.6737352
21864	-2639.01	-3262.411	623.4016	0.433816	0.191066	0.0750583	0.30006	1.375999	1.723693	3.214852	1.039802
21870	-2635.57	-3258.484	622.9141	0.377986	0.256792	0.0408622	0.324359	1.230552	1.636505	3.190934	1.895634
21876	-2632.98	-3255.227	622.2475	0.461752	0.198497	0.0499176	0.289834	1.736213	1.526519	3.390012	1.895634
21882	-2643.576	-3265.037	621.461	0.512818	0.103457	0.0602042	0.323521	1.294428	1.5343	4.189576	1.610591
21888	-2661.869	-3283.259	621.3896	0.376573	0.161045	0.176909	0.285472	1.84281	1.640681	3.744471	1.96045
21894	-2632.64	-3252.458	619.818	0.378215	0.231826	0.136045	0.253913	1.708104	1.561647	4.853422	1.705244
21900	-2635.299	-3255.305	620.0067	0.363778	0.261149	0.130852	0.244221	1.363438	1.57006	4.76331	2.038131
21906	-2629.557	-3247.215	617.6581	0.350047	0.251292	0.126245	0.272417	1.242759	1.373496	4.649659	8.351465
21912	-2644.281	-3264.618	620.3378	0.559781	0.0283746	0.15786	0.253984	1.571118	1.598673	3.679387	4.374243
21918	-2631.903	-3252.425	620.5221	0.52497	0.0747119	0.148043	0.252274	1.571118	1.706647	3.888109	3.125681
21924	-2646.577	-3267.222	620.6451	0.463599	0.0916214	0.151792	0.292988	1.319977	1.865353	3.110976	5.806762
21930	-2643.455	-3265.54	622.0844	0.616741	0.0934734	0.205368	0.0844175	1.163723	1.61506	3.612412	2.157341
21936	-2644.637	-3264.039	619.4028	0.52288	0.109466	0.135251	0.232403	1.666099	1.688047	3.945229	5.049525
21942	-2626.692	-3248.07	621.3787	0.501458	0.0576083	0.12971	0.311224	1.670512	1.813449	3.462868	2.618992
21948	-2640.568	-3262.985	622.4167	0.369026	0.217867	0.260224	0.152883	1.229511	1.779719	3.438332	1.812369
21954	-2637.268	-3261.031	623.7635	0.417328	0.0661525	0.306776	0.209743	0.9761761	1.773923	2.900887	1.579332
21960	-2637.732	-3259.624	621.8919	0.479182	0.0290269	0.30364	0.188151	1.569605	1.737217	3.103269	3.032466
21966	-2632.809	-3254.219	621.4103	0.456337	0.0834912	0.23868	0.221491	1.730134	1.686918	3.614509	2.300505
21972	-2645.17	-3266.493	621.3228	0.493092	0.0407062	0.113336	0.352865	1.858425	1.768962	3.47148	2.520344
21978	-2640.38	-3262.199	621.8193	0.402992	0.0337939	0.325143	0.238071	1.494276	1.732163	3.160893	3.109026
21984	-2647.626	-3265.758	618.1324	0.421193	0.036073	0.339828	0.202906	1.494276	1.799997	4.121844	7.738436
21990	-2642.057	-3262.336	620.2796	0.408508	0.0414568	0.316846	0.233189	1.494276	1.574739	4.139393	3.125882
21996	-2642.842	-3264.273	621.4314	0.409256	0.112297	0.36889	0.109557	1.653791	1.687122	4.32779	0.8810451
22002	-2633.102	-3253.519	620.4167	0.35885	0.0984658	0.446621	0.0960632	2.159624	1.540014	4.32779	1.722673
22008	-2639.483	-3259.919	620.4362	0.372216	0.170625	0.32234	0.134818	1.279624	1.66979	4.081302	3.198069
22014	-2658.156	-3275.459	617.3033	0.267464	0.273374	0.240095	0.219067	1.616037	1.686109	4.081302	10.97179
22020	-2669.98	-3293.004	623.0244	0.306214	0.287518	0.232828	0.17344	0.7506704	1.614356	3.285241	2.209091
22026	-2682.197	-3305.305	623.1076	0.167078	0.137434	0.475181	0.220307	0.5221352	1.70448	3.120782	2.721286
22032	-2661.018	-3287.63	626.6128	0.478677	0.0870336	0.24525	0.189039	0.9596238	1.765221	1.850714	0.1736312
22038	-2677.485	-3301.031	623.5459	0.456937	0.198658	0.191557	0.152848	0.8327069	1.566831	2.711558	2.802917
22044	-2659.638	-3279.563	619.9245	0.441187	0.143088	0.0848922	0.330832	2.611004	1.621664	4.727972	1.041108
22050	-2649.148	-3268.174	619.0258	0.303349	0.273767	0.0447722	0.378112	1.625059	1.406851	5.833618	0.8777215
22056	-2647.822	-3268.356	620.5346	0.265008	0.245936	0.149383	0.339673	1.222994	1.339954	4.913794	1.490532
22062	-2653.483	-3272.342	618.8592	0.458449	0.255289	0.0874392	0.198823	2.130739	1.428458	4.913794	2.614893
22068	-2653.126	-3272.451	619.3251	0.322762	0.434791	0.0615598	0.180888	1.862746	1.317649	5.384243	1.306193
22074	-2653.303	-3272.791	619.4877	0.226566	0.312365	0.149164	0.311905	1.533236	1.411759	5.552728	0.998791
22080	-2642.031	-3263.7	621.6698	0.445857	0.197724	0.162424	0.193995	1.466087	1.615002	4.256026	0.998791
22086	-2651.48	-3271.519	620.0389	0.506227	0.173288	0.184417	0.136069	1.490154	1.307032	5.436843	0.8048444
22092	-2637.69	-3261.359	623.669	0.441233	0.151909	0.304458	0.1024	1.513374	1.595147	3.485209	0.2979765
22098	-2645.48	-3268.57	623.0897	0.343024	0.122514	0.48007	0.054391	1.635877	1.455379	3.84185	0.2975025
22104	-2640.434	-3265.276	624.8423	0.331604	0.118436	0.500646	0.0493142	1.051578	1.616489	3.03671	0.2598167
22110	-2666.966	-3293.426	626.4607	0.217027	0.387788	0.360654	0.0345307	0.4788959	1.747354	2.317848	0.2133961
22116	-2658.385	-3283.395	625.0102	0.207257	0.343002	0.319001	0.130739	0.5324654	1.768794	3.163978	0.2803906
22122	-2652.245	-3278.073	625.828	0.378495	0.38305	0.169137	0.0693187	0.5622415	1.626344	2.738517	0.224193
22128	-2638.621	-3262.144	623.5234	0.308287	0.354601	0.202076	0.135037	0.6253659	1.663696	3.866167	0.6206109
22134	-2650.194	-3274.15	623.9562	0.392332	0.333444	0.229298	0.0449261	0.6380096	1.303905	3.970182	0.3314182
22140	-2649.694	-3275.295	625.6004	0.162804	0.536348	0.27382	0.0270277	0.5680919	1.52968	2.931948	0.2254691
22146	-2651.299	-3277.015	625.7157	0.152362	0.501947	0.321976	0.0237158	0.2979861	1.52968	2.931948	0.4462978
22152	-2651.048	-3276.848	625.7999	0.308236	0.22355	0.436093	0.0321214	0.2979861	1.507451	2.931948	0.3740927
22158	-2635.612	-3260.036	624.4244	0.317834	0.166885	0.449673	0.0656081	0.45781	1.40629	3.747706	0.3325613
22164	-2634.265	-3259.072	624.8067	0.317862	0.258037	0.35847	0.0656317	0.466016	1.447915	3.509771	0.2194522
22170	-2646.071	-3271.235	625.1639	0.286498	0.269901	0.374952	0.0686493	0.5397641	1.694518	3.106803	0.2075052
22176	-2638.052	-3263.973	625.9208	0.370845	0.259345	0.301837	0.0679732	0.5565226	1.669004	2.653657	0.2075052
22182	-2635.187	-3261.035	625.8475	0.388975	0.280046	0.316594	0.0143847	0.5565226	1.672414	2.696641	0.2075052
22188	-2631.48	-3257.502	626.022	0.355144	0.280155	0.348777	0.0159246	0.5375193	1.695604	2.57024	0.1803162
22194	-2636.199	-3260.852	624.6524	0.499368	0.200144	0.268205	0.0322831	0.5375193	1.486834	3.532891	0.3000774
22200	-2650.728	-3275.093	624.3646	0.395205	0.174074	0.217696	0.213025	1.16456	1.739533	3.182385	0.2389776
22206	-2643.144	-3266.76	623.6161	0.452973	0.0968102	0.206054	0.244163	1.411406	1.626722	3.554973	0.2389776
22212	-2647.323	-3270.512	623.1887	0.426354	0.176481	0.16735	0.229815	1.072877	1.599957	3.965419	0.1680371
22218	-2652.213	-3276.492	624.2789	0.494613	0.1964	0.207127	0.10186	0.9607166	1.5268	3.473601	0.2241873
22224	-2648.329	-3270.045	621.7161	0.423423	0.168132	0.177315	0.231129	1.676607	1.545048	4.556423	0.2333678
22230	-2641.835	-3263.406	621.5712	0.414752	0.185168	0.173684	0.226396	1.84714	1.481771	4.588383	0.2028016
22236	-2647.868	-3269.866	621.9983	0.454518	0.189232	0.190336	0.165913	2.195043	1.651367	4.107808	0.2981469
22242	-2645.884	-3268.127	622.243	0.38401	0.159877	0.299775	0.156337	1.851359	1.597927	4.150613	0.2629961
22248	-2652.727	-3275.428	622.701	0.586847	0.0737648	0.226393	0.112995	1.688235	1.405514	4.073714	0.2415609
22254	-2639.393	-3261.901	622.5077	0.247763	0.43109	0.230209	0.090938	0.5024483	1.62338	4.395677	0.8602921
22260	-2649.785	-3271.027	621.2417	0.18123	0.378446	0.317161	0.123162	0.3066752	1.522261	4.438576	2.633492
22266	-2654.014	-3277.356	623.3412	0.318119	0.306151	0.247097	0.128634	0.6383403	1.393302	3.889555	1.003543
22272	-2651.161	-3274.616	623.4559	0.238664	0.368965	0.313184	0.0791867	0.4180999	1.64003	3.928777	0.7994062
22278	-2639.478	-3262.857	623.3795	0.216077	0.395748	0.295534	0.0926404	0.471338	1.721823	3.857801	0.8657006
22284	-2660.32	-3283.182	622.8621	0.14974	0.299004	0.467746	0.0835096	0.5034297	1.797945	3.692562	1.611619
22290	-2643.358	-3261.933	618.5753	0.533999	0.0189064	0.145239	0.301855	1.761619	1.530082	4.218124	6.114328
22296	-2652.857	-3273.865	621.0085	0.59031	0.0209001	0.160555	0.228235	1.394766	1.551804	3.366295	4.515875
22302	-2667.147	-3288.873	621.7256	0.21153	0.201912	0.348071	0.238488	0.69561	1.571575	3.883266	2.764055
22308	-2659.247	-3282.019	622.7718	0.249832	0.348285	0.256197	0.145686	0.69561	1.660777	3.883266	1.26565
22314	-2656.393	-3279.252	622.8592	0.290796	0.182209	0.184254	0.342741	1.368989	1.661455	3.016504	2.158058
22320	-2651.305	-3275.442	624.1367	0.443906	0.103134	0.228002	0.224957	1.52687	1.790044	2.44923	1.386364
22326	-2665.844	-3291.194	625.35	0.491863	0.114276	0.121631	0.27223	1.398947	1.86111	1.675241	1.381163
22332	-2629.128	-3250.156	621.0284	0.391096	0.134214	0.232381	0.24231	1.801889	1.521731	4.542665	0.9469507
22338	-2656.247	-3274.341	618.0937	0.4979	0.125513	0.150535	0.226052	2.364093	1.536817	5.03798	3.048639
22344	-2662.575	-3281.607	619.0322	0.443912	0.114279	0.0446624	0.397147	1.603267	1.52365	4.802812	3.173377
22350	-2649.625	-3268.461	618.8359	0.589933	0.0861703	0.0327427	0.291154	1.433247	1.545541	5.018213	3.059557
22356	-2623.568	-3243.905	620.3373	0.349303	0.322043	0.0815506	0.247104	1.167127	1.379543	5.286	0.9959144
22362	-2658.71	-3277.173	618.4627	0.35132	0.369461	0.0857255	0.193493	1.745305	1.577935	4.276072	6.050018
22368	-2668.831	-3286.795	617.9639	0.267191	0.280988	0.0651971	0.386624	2.377009	1.43192	4.903152	3.902408
22374	-2659.921	-3284.515	624.5943	0.140813	0.499634	0.261615	0.0979371	0.4133233	1.505147	3.568716	0.4353992
22380	-2659.683	-3285.196	625.5129	0.140056	0.504688	0.256329	0.0989276	0.5403747	1.574	2.97511	0.2252042
22386	-2653.034	-3278.741	625.7069	0.0790106	0.482809	0.343542	0.0946389	0.2872159	1.563916	2.97511	0.3287295
22392	-2637.407	-3262.949	625.5419	0.137757	0.473082	0.222576	0.166585	0.2872159	1.681208	2.567069	1.052494
22398	-2642.939	-3268.783	625.8438	0.154739	0.390895	0.250015	0.204351	0.4423061	1.698112	2.567069	0.6385453
22404	-2641.245	-3266.755	625.5097	0.161645	0.619028	0.120217	0.0991101	0.5376099	1.612381	2.820295	0.5563052
22410	-2636.922	-3263.178	626.2554	0.316373	0.256414	0.260036	0.167178	0.5376099	1.659152	2.469926	0.279036
22416	-2634.598	-3259.334	624.7365	0.290428	0.256502	0.275775	0.177296	0.4852682	1.659152	2.431878	2.106168
22422	-2640.766	-3265.806	625.0402	0.23767	0.29852	0.318957	0.144853	0.9403513	1.649311	2.517534	1.041997
22428	-2642.138	-3267.569	625.4309	0.284964	0.0945442	0.382426	0.238066	0.9295984	1.776348	2.221994	1.001194
22434	-2642.181	-3267.097	624.916	0.370695	0.168577	0.159755	0.300973	0.9295984	1.80187	1.945842	2.057539
22440	-2642.898	-3263.167	620.2696	0.403193	0.220555	0.144744	0.231508	1.787146	1.648367	4.338776	2.114896
22446	-2643.627	-3264.082	620.4547	0.446232	0.0429727	0.275434	0.235361	2.011332	1.580435	4.070492	2.373257
22452	-2648.453	-3269.793	621.3407	0.628094	0.0604861	0.133351	0.178069	1.598377	1.598577	3.637419	2.638854
22458	-2623.126	-3245.716	622.5894	0.494035	0.0178483	0.314956	0.17316	1.329368	1.463747	3.637419	1.462063
22464	-2644.56	-3264.556	619.9957	0.494001	0.017847	0.314934	0.173218	1.195022	1.380365	4.605324	2.99645
22470	-2644.539	-3266.359	621.8203	0.515034	0.0186069	0.319778	0.146581	1.648695	1.849231	3.057798	2.981865
22476	-2643.123	-3264.284	621.1609	0.446372	0.15307	0.271601	0.128957	1.648695	1.815881	3.380949	3.232419
22482	-2664.228	-3283.518	619.2901	0.540617	0.0444352	0.307606	0.107342	1.77765	1.764035	3.290894	7.990426
22488	-2648.232	-3268.044	619.8125	0.627878	0.0174439	0.230009	0.124669	1.720311	1.75273	3.461926	5.823474
22494	-2640.202	-3262.297	622.0942	0.477474	0.0143107	0.309496	0.198719	1.324666	1.399201	3.580526	2.314276
22500	-2644.056	-3264.581	620.525	0.451065	0.0692323	0.232247	0.247455	1.663678	1.588428	4.180378	2.375224
22506	-2630.772	-3251.562	620.7904	0.546486	0.0901793	0.202091	0.161243	1.663678	1.576529	4.135629	2.127608
22512	-2639.16	-3260.316	621.1557	0.568869	0.118669	0.208876	0.103586	1.311683	1.553578	4.13816	2.070368
22518	-2642.331	-3259.055	616.7237	0.396892	0.120702	0.234394	0.248013	0.9965216	1.45985	5.530242	6.812858
22524	-2624.583	-3243.353	618.7699	0.376066	0.150463	0.164307	0.309164	1.329878	1.667269	4.924733	3.41748
22530	-2636.445	-3257.46	621.0154	0.43134	0.196165	0.171984	0.200511	1.212123	1.60497	4.267377	2.007751
22536	-2629.867	-3251.777	621.9103	0.31908	0.228037	0.219794	0.233089	1.139165	1.702268	4.236458	1.004744
22542	-2638.851	-3260.245	621.3941	0.348886	0.155926	0.240326	0.254863	1.618023	1.551664	3.516041	2.936094
22548	-2645.093	-3263.592	618.4993	0.411816	0.184052	0.283674	0.120458	1.550156	1.785186	3.60357	9.420417
22554	-2646.379	-3259.566	613.1878	0.438529	0.188325	0.249891	0.123255	1.225752	1.655415	4.095151	43.63251
22560	-2647.448	-3260.918	613.4698	0.631352	0.119088	0.0847653	0.164795	1.273554	1.711472	4.095151	39.34571
22566	-2640.391	-3259.468	619.0775	0.393484	0.159458	0.273641	0.173417	1.273554	1.446724	3.649494	9.157432
22572	-2643.106	-3263.365	620.2589	0.516099	0.0605517	0.205602	0.217748	1.273554	1.751222	3.476457	5.612298
22578	-2653.347	-3273.402	620.0553	0.570859	0.0669765	0.121313	0.240852	1.839057	1.624423	4.128398	2.974577
22584	-2674.558	-3293.725	619.1673	0.435977	0.0215868	0.182961	0.359476	1.588206	1.416741	4.951631	2.707124
22590	-2687.2	-3309.48	622.2804	0.414201	0.219764	0.317558	0.0484772	0.6686107	1.493934	4.80292	0.2858285
22596	-2671.199	-3293.93	622.7312	0.28094	0.387422	0.246177	0.0854606	0.6628946	1.603471	4.171499	0.8851704
22602	-2657.357	-3280.939	623.5812	0.411983	0.210277	0.200013	0.177727	1.204881	1.397097	3.61803	0.6680438
22608	-2659.757	-3281.772	622.015	0.413446	0.204106	0.113222	0.269226	1.899983	1.556615	3.61803	1.505861
22614	-2660.624	-3283.419	622.7951	0.407897	0.183238	0.177867	0.230997	1.519069	1.486506	3.533234	1.22263
22620	-2643.222	-3264.539	621.3171	0.382344	0.10253	0.127281	0.387846	1.680269	1.476944	4.269417	1.297509
22626	-2678.631	-3299.155	620.5243	0.434073	0.173964	0.0918912	0.300073	1.79445	1.637516	4.598937	1.249307
22632	-2647.387	-3270.716	623.3289	0.38871	0.235805	0.115659	0.259826	1.743707	1.732751	2.820372	1.481914
22638	-2634.354	-3257.73	623.3761	0.36322	0.220342	0.173652	0.242787	1.044532	1.63359	2.890319	2.194454
22644	-2640.672	-3262.643	621.9711	0.32926	0.259258	0.0512685	0.360214	1.591822	1.624366	3.229502	2.711011
22650	-2651.743	-3274.855	623.112	0.610503	0.113858	0.119103	0.156536	1.284714	1.534362	3.307692	1.475857
22656	-2668.857	-3291.468	622.6109	0.362069	0.112302	0.266798	0.258831	1.284714	1.575912	3.441635	1.753072
22662	-2657.162	-3281.841	624.6786	0.461628	0.0919196	0.217575	0.228877	1.13842	1.507856	3.125003	0.1802102
22668	-2670.64	-3294.007	623.3669	0.356587	0.213678	0.168067	0.261668	1.13842	1.352743	3.99312	0.3103305
22674	-2658.203	-3280.088	621.8857	0.313549	0.228652	0.147782	0.310017	1.382209	1.376812	3.99312	1.608502
22680	-2665.086	-3287.295	622.2089	0.457689	0.083331	0.215719	0.243261	0.9981681	1.39155	3.666238	2.396926
22686	-2648.136	-3272.673	624.5373	0.519689	0.115507	0.226124	0.138681	0.9696825	1.456159	3.360973	0.2580566
22692	-2625.5	-3250.194	624.6935	0.602689	0.10762	0.128861	0.16083	1.492198	1.51089	2.907618	0.1660912
22698	-2647.926	-3272.019	624.0926	0.630298	0.103319	0.118493	0.14789	1.422159	1.527252	3.290586	0.1641758
22704	-2646.668	-3272.778	626.1095	0.596944	0.044039	0.160365	0.198652	1.456198	1.992682	1.748555	0.2222408
22710	-2637.376	-3263.317	625.9408	0.420571	0.152118	0.242655	0.184655	1.708955	1.859045	1.810732	0.2222408
22716	-2643.956	-3269.504	625.5484	0.479386	0.105945	0.276589	0.138079	1.970978	1.900641	1.913859	0.2555952
22722	-2652.646	-3278.716	626.0701	0.533161	0.0625444	0.349628	0.0546672	1.129898	1.909713	2.02586	0.3180067
22728	-2652.729	-3276.693	623.9646	0.512625	0.0652956	0.365007	0.0570719	1.370061	1.701464	3.3178	0.3180067
22734	-2622.372	-3247.015	624.6438	0.465549	0.180935	0.301685	0.0518308	1.483394	1.690126	2.86811	0.2215925
22740	-2635.356	-3261.504	626.1475	0.392938	0.214782	0.358119	0.0341615	0.5399237	1.728832	2.485233	0.2048513
22746	-2632.615	-3256.912	624.2976	0.457406	0.233741	0.266226	0.0426268	0.9606537	1.658344	3.388194	0.2420581
22752	-2621.587	-3246.12	624.5338	0.454702	0.0722561	0.430668	0.0423748	1.16743	1.544726	3.194139	0.279574
22758	-2629.727	-3251.252	621.5246	0.472917	0.0303294	0.447921	0.0488327	1.485003	1.49614	4.749705	0.3763806
22764	-2624.923	-3247.825	622.902	0.410456	0.106824	0.440336	0.042383	0.9212924	1.353199	4.352887	0.3810085
22770	-2621.608	-3245.28	623.6725	0.345785	0.136318	0.48024	0.0376572	0.9172305	1.539282	3.80812	0.3851853
22776	-2620.016	-3246.306	626.2902	0.234321	0.387831	0.339097	0.0387514	0.6823302	1.719051	2.314345	0.2279432
22782	-2635.926	-3261.945	626.0186	0.301774	0.264518	0.408267	0.0254414	0.5257034	1.738901	2.563136	0.1947848
22788	-2607.906	-3233.874	625.9674	0.302658	0.243696	0.376129	0.077517	0.6356175	1.699222	2.563136	0.2569152
22794	-2637.411	-3262.579	625.168	0.422368	0.224261	0.260514	0.0928576	1.235221	1.699222	2.682491	0.2569152
22800	-2620.088	-3245.481	625.393	0.377767	0.273182	0.265999	0.0830521	1.117847	1.677862	2.624239	0.2311415
22806	-2631.595	-3256.834	625.2393	0.334674	0.210702	0.381046	0.0735781	1.117847	1.834047	2.624239	0.253971
22812	-2626.857	-3252.768	625.9106	0.247863	0.234279	0.473564	0.0442936	0.9826293	1.773093	2.325277	0.253971
22818	-2627.512	-3254.116	626.6033	0.274899	0.259834	0.416142	0.049125	0.3463901	1.714654	2.325277	0.2670845
22824	-2630.828	-3257.498	626.6701	0.267797	0.25312	0.40539	0.0736929	0.6493753	1.851613	1.937738	0.4270936
22830	-2637.494	-3264.288	626.7934	0.285746	0.294252	0.303651	0.116351	0.6493753	1.919042	1.875258	0.2756634
22836	-2643.767	-3270.852	627.0842	0.25748	0.300997	0.322505	0.119018	0.5255639	2.036212	1.681917	0.233097
22842	-2625.103	-3251.549	626.4459	0.307799	0.164747	0.385272	0.142182	0.504678	1.89384	2.22203	0.233097
22848	-2627.057	-3254.16	627.1023	0.247037	0.277378	0.352105	0.12348	0.4785378	1.89384	1.801555	0.2737703
22854	-2640.975	-3267.987	627.012	0.220006	0.243964	0.427425	0.108606	0.6170699	1.844892	1.801555	0.249128
22860	-2645.491	-3271.61	626.119	0.536261	0.067545	0.323683	0.0725108	1.368149	1.897403	1.839121	0.1814854
22866	-2649.13	-3275.553	626.4232	0.372395	0.188946	0.197779	0.240881	1.363322	2.004029	1.557294	0.3344912
22872	-2620.355	-3246.357	626.0024	0.372395	0.188946	0.197779	0.240881	1.806921	2.035034	1.589986	0.2391693
22878	-2642.609	-3268.012	625.4031	0.347129	0.305889	0.122444	0.224538	1.806921	1.85507	2.074485	0.3990515
22884	-2645.078	-3271.046	625.9683	0.349254	0.142108	0.332115	0.176522	1.206708	1.772837	2.074485	0.4385442
22890	-2626.483	-3251.112	624.6285	0.342242	0.159333	0.325447	0.172978	0.9901353	1.846756	2.387968	1.439125
22896	-2637.658	-3260.244	622.5861	0.529791	0.0707909	0.2608	0.138618	1.193953	1.669066	2.838391	3.291608
22902	-2642.269	-3266.755	624.4868	0.433745	0.0822591	0.305545	0.178452	1.110546	1.831794	2.389684	1.479548
22908	-2617.434	-3241.109	623.6744	0.476097	0.0417434	0.335379	0.14678	1.452014	1.631373	2.718643	1.68046
22914	-2640.78	-3263.066	622.2862	0.482793	0.0294985	0.31629	0.171418	1.748932	1.587141	3.116165	2.383159
22920	-2632.522	-3253.844	621.3228	0.446459	0.0158715	0.284026	0.253643	1.089294	1.533288	4.047592	2.383159
22926	-2624.574	-3246.115	621.5412	0.518383	0.029886	0.216118	0.235613	1.667825	1.587588	3.592536	2.383159
22932	-2629.717	-3250.134	620.4171	0.42287	0.039254	0.330478	0.207398	1.316901	1.587588	3.592536	5.049741
22938	-2631.713	-3253.882	622.1696	0.520336	0.0483014	0.272694	0.158669	1.193254	1.460353	3.592536	2.263615
22944	-2630.231	-3252.922	622.6907	0.524463	0.0386548	0.245468	0.191414	1.241525	1.461191	3.592536	1.530892
22950	-2626.901	-3248.379	621.4776	0.462978	0.0752601	0.0890825	0.37268	1.487365	1.492298	3.719599	2.519443
22956	-2630.078	-3252.505	622.4266	0.451968	0.0419979	0.142217	0.363817	1.487365	1.546892	3.384806	1.918093
22962	-2642.342	-3264.282	621.94	0.40745	0.0254907	0.239077	0.327982	1.512517	1.45686	3.914468	1.478065
22968	-2639.906	-3259.897	619.9913	0.589074	0.0394343	0.129155	0.242337	1.979205	1.45686	4.015425	3.539013
22974	-2657.353	-3278.435	621.0816	0.361275	0.189902	0.133038	0.315785	2.588951	1.518999	3.505605	2.390091
22980	-2648.184	-3271.421	623.2368	0.371802	0.0977206	0.246116	0.284362	1.365091	1.615465	3.317038	1.152615
22986	-2637.149	-3260.681	623.5317	0.345557	0.216371	0.19135	0.246722	1.109091	1.664597	3.208554	1.235775
22992	-2637.772	-3261.525	623.7532	0.28105	0.286884	0.299176	0.13289	0.9934305	1.516466	3.505885	0.769137
22998	-2623.24	-3246.615	623.3755	0.506542	0.118262	0.138861	0.236335	1.320724	1.495975	3.008622	1.770447
23004	-2643.88	-3268.119	624.239	0.388983	0.225651	0.332149	0.053217	1.080536	1.670055	3.008622	0.8803864
23010	-2625.688	-3248.904	623.2156	0.397817	0.208987	0.307621	0.0855753	0.6574976	1.613578	3.42729	1.766783
23016	-2631.77	-3256.685	624.9145	0.374427	0.0949231	0.437742	0.0929078	0.8500953	1.631085	3.036	0.445982
23022	-2652.907	-3277.919	625.0122	0.438124	0.111072	0.272853	0.177951	0.9222678	1.631085	2.994654	0.3099345
23028	-2623.413	-3245.55	622.1366	0.370576	0.0760394	0.334941	0.218443	1.414305	1.825992	3.95118	0.9030561
23034	-2637.887	-3259.287	621.4001	0.467675	0.0727861	0.237155	0.222384	2.033005	1.581369	4.215254	0.9186595
23040	-2648.802	-3270.877	622.0758	0.495275	0.0770817	0.251151	0.176492	1.201926	1.496913	4.121245	1.192938
23046	-2649.341	-3270.591	621.25	0.44809	0.156406	0.227224	0.16828	1.48217	1.548593	3.47879	3.50466
23052	-2638.499	-3261.516	623.0169	0.315894	0.195013	0.263594	0.225499	1.705692	1.616977	3.251094	1.193913
23058	-2642.878	-3267.163	624.2852	0.351183	0.0542244	0.262348	0.332244	1.207906	1.742241	2.495793	1.513539
23064	-2615.847	-3239.671	623.8236	0.325796	0.244152	0.243383	0.186669	0.9012356	1.683789	2.721726	2.089167
23070	-2638.376	-3263.129	624.7523	0.3821	0.184681	0.365481	0.0677377	0.545975	1.757579	2.746079	1.274218
23076	-2648.803	-3272.683	623.8798	0.395541	0.28243	0.254229	0.0677992	0.5730553	1.730302	2.896947	2.026581
23082	-2639.113	-3262.733	623.6203	0.499132	0.131661	0.32428	0.044927	0.4704984	1.642877	2.800359	2.935134
23088	-2629.408	-3253.431	624.0227	0.350064	0.172215	0.439766	0.0379549	1.316347	1.51738	3.276151	0.5916625
23094	-2623.296	-3247.338	624.0422	0.466022	0.114467	0.374699	0.0448122	1.096136	1.629378	3.338006	0.5637163
23100	-2623.401	-3246.667	623.2661	0.336472	0.211361	0.40496	0.0472069	1.038786	1.55569	3.027228	2.147205
23106	-2632.979	-3255.957	622.9778	0.425124	0.149345	0.275348	0.150183	1.383559	1.551409	3.531992	1.089912
23112	-2626.232	-3248.491	622.2589	0.484938	0.144256	0.202183	0.168624	1.383559	1.529974	3.209897	2.74261
23118	-2631.598	-3255.073	623.4752	0.420561	0.125106	0.164574	0.28976	1.337144	1.647005	3.199894	1.104454
23124	-2640.236	-3263.849	623.6126	0.540012	0.0509529	0.197222	0.211814	1.18604	1.472179	3.276081	1.15487
23130	-2645.448	-3267.733	622.285	0.427066	0.138157	0.180966	0.253811	1.534619	1.446375	3.81768	1.271493
23136	-2643.625	-3264.679	621.0546	0.437126	0.0926612	0.214231	0.255982	1.534619	1.551929	4.193734	1.818837
23142	-2624.243	-3244.57	620.327	0.463431	0.0982371	0.191853	0.246479	1.376023	1.488243	4.935865	1.354031
23148	-2623.362	-3244.482	621.12	0.326594	0.414805	0.109331	0.14927	1.320681	1.47246	4.613678	1.191112
23154	-2646.692	-3269.551	622.8583	0.296374	0.186743	0.408853	0.10803	0.9640032	1.64837	3.198646	2.290828
23160	-2651.883	-3274.837	622.9536	0.414074	0.198216	0.113445	0.274265	1.011059	1.483405	3.304488	2.07257
23166	-2662.693	-3285.311	622.6184	0.409146	0.207758	0.112095	0.271001	1.011059	1.731487	3.125698	2.636955
23172	-2643.497	-3265.62	622.1229	0.484634	0.134554	0.0598109	0.321001	1.56843	1.662425	3.152013	2.649208
23178	-2620.64	-3241.981	621.3406	0.523902	0.145457	0.110128	0.220514	1.282512	1.620165	4.37204	1.294274
23184	-2635.315	-3257.708	622.3939	0.373535	0.260442	0.241381	0.124643	1.024561	1.443715	3.971249	1.377468
23190	-2629.547	-3254.355	624.8084	0.251712	0.285972	0.265042	0.197274	0.5570895	1.603569	2.741585	1.377468
23196	-2622.2	-3246.227	624.0268	0.31968	0.308657	0.249429	0.122234	1.273504	1.511066	2.833026	1.377468
23202	-2640.115	-3264.789	624.674	0.347724	0.266784	0.252536	0.132956	1.286956	1.553665	2.766546	0.7710284
23208	-2644.715	-3268.508	623.7926	0.388718	0.162963	0.229118	0.219202	1.116581	1.514641	3.281563	0.9862161
23214	-2648.773	-3269.741	620.9685	0.584572	0.146883	0.101035	0.16751	1.498083	1.663526	4.134869	1.960329
23220	-2647.649	-3270.449	622.7996	0.422168	0.128393	0.142316	0.307123	1.420769	1.482113	3.713565	0.9902182
23226	-2647.847	-3271.281	623.4333	0.377217	0.234739	0.095829	0.292215	1.658736	1.649251	3.125484	0.9902182
23232	-2643.016	-3266.101	623.0852	0.468609	0.161433	0.158612	0.211346	1.386468	1.537898	3.616389	0.8499958
23238	-2632.249	-3254.274	622.025	0.437252	0.217545	0.147999	0.197204	1.572992	1.587677	3.465981	2.117299
23244	-2619.461	-3242.706	623.245	0.350021	0.166469	0.235706	0.247804	0.8161229	1.58559	3.841893	0.8075162
23250	-2629.753	-3250.996	621.2432	0.365456	0.186982	0.0951346	0.352428	1.977864	1.509395	4.341182	0.9657676
23256	-2643.198	-3263.367	620.1693	0.375167	0.250704	0.0605805	0.313549	1.952765	1.537077	4.795752	1.228652
23262	-2656.451	-3278.205	621.7544	0.333722	0.223008	0.211644	0.231625	1.045182	1.497996	4.467895	1.047036
23268	-2641.898	-3261.198	619.2996	0.473993	0.156077	0.188329	0.181601	1.525436	1.309578	5.736445	0.9609875
23274	-2630.595	-3252.697	622.1023	0.430427	0.0620793	0.320635	0.186858	1.266068	1.630848	3.903995	1.366625
23280	-2625.583	-3248.216	622.6329	0.406671	0.058653	0.358622	0.176054	1.67679	1.658111	3.644612	0.8840215
23286	-2647.349	-3269.093	621.7446	0.376332	0.219148	0.122848	0.281672	1.618827	1.705957	3.644612	1.87356
23292	-2665.97	-3286.331	620.3616	0.342264	0.18229	0.332121	0.143325	0.3848373	1.614476	3.628089	7.434076
23298	-2662.413	-3283.535	621.1219	0.344591	0.171347	0.349341	0.134721	1.187263	1.784815	2.590939	7.434076
23304	-2667.045	-3288.992	621.9478	0.321865	0.183067	0.233918	0.26115	1.499557	1.822393	2.469543	4.920021
23310	-2646.25	-3268.887	622.6367	0.431805	0.146875	0.210947	0.210372	1.486589	1.631223	3.528624	1.276019
23316	-2656.125	-3278.223	622.098	0.485205	0.151969	0.180259	0.182568	1.291203	1.807731	3.528624	1.913601
23322	-2662.521	-3284.149	621.6278	0.459445	0.159573	0.189279	0.191703	1.465387	1.61577	3.929262	1.677559
23328	-2690.9	-3314.49	623.5894	0.440112	0.140764	0.241437	0.177687	1.544224	1.842328	2.188003	2.55261
23334	-2659.391	-3282.3	622.9097	0.291588	0.238374	0.221743	0.248294	1.315032	1.720314	3.456142	1.184537
23340	-2661.628	-3283.373	621.7444	0.321548	0.254816	0.179963	0.243674	1.998914	1.718029	3.802228	1.190329
23346	-2668.41	-3290.961	622.5509	0.435084	0.244797	0.172887	0.147232	1.375946	1.787088	3.371883	1.612663
23352	-2659.168	-3281.241	622.0726	0.382837	0.185234	0.212621	0.219309	0.7476301	1.610925	4.443021	0.965017
23358	-2662.89	-3285.166	622.2758	0.309347	0.149676	0.364649	0.176328	0.6414058	1.60257	4.443021	0.8842411
23364	-2667.448	-3288.413	620.965	0.503531	0.14121	0.0616145	0.293644	1.436631	1.70294	3.923806	2.506228
23370	-2652.562	-3273.581	621.019	0.451847	0.173251	0.0538381	0.321064	2.446645	1.776097	3.923806	1.338701
23376	-2658.971	-3278.423	619.4519	0.286974	0.202235	0.136013	0.374778	1.40489	1.537236	5.036258	2.120215
23382	-2656.305	-3276.168	619.863	0.312673	0.135578	0.165937	0.385812	2.480031	1.510028	4.860062	1.064295
23388	-2660.104	-3278.424	618.32	0.352365	0.0865154	0.166318	0.394802	1.493381	1.510028	5.244891	3.21354
23394	-2676.132	-3294.702	618.5693	0.282191	0.261271	0.140361	0.316176	1.540561	1.484068	5.244891	2.773667
23400	-2655.027	-3279.034	624.007	0.424243	0.187606	0.0164625	0.371688	1.183033	1.696039	2.65342	1.624597
23406	-2641.765	-3263.574	621.8093	0.336209	0.148676	0.220555	0.29456	0.9433249	1.612749	3.812107	2.369059
23412	-2626.379	-3249.684	623.3054	0.419898	0.185685	0.275456	0.118961	1.243784	1.807527	2.57896	2.505473
23418	-2636.454	-3258.856	622.402	0.485063	0.182553	0.128496	0.203887	0.7881713	1.743201	3.435599	2.496641
23424	-2615.934	-3238.559	622.6252	0.185955	0.431058	0.285213	0.0977733	0.6043755	1.74532	3.417376	2.496641
23430	-2621.218	-3244.199	622.9803	0.19118	0.304932	0.44288	0.0610086	0.694788	1.550642	3.671296	1.571532
23436	-2621.915	-3246.173	624.2578	0.300998	0.321047	0.281902	0.0960532	0.4458208	1.637892	3.499389	0.7217424
23442	-2661.39	-3284.209	622.8188	0.45732	0.0458063	0.327721	0.169153	1.507441	1.713771	2.820591	2.431791
23448	-2640.438	-3262.483	622.0449	0.363067	0.115882	0.384685	0.136366	1.233703	1.410888	4.463368	0.6819772
23454	-2620.807	-3244.817	624.0104	0.238001	0.384339	0.305509	0.072151	0.4965935	1.582138	3.868745	0.3150399
23460	-2640.175	-3264.524	624.3487	0.260037	0.372796	0.297183	0.069984	0.5081381	1.418758	3.761506	0.3150399
23466	-2621.913	-3246.929	625.0159	0.254591	0.37826	0.293589	0.0735596	0.5585561	1.502545	3.304281	0.2406099
23472	-2629.333	-3254.272	624.9386	0.314492	0.331068	0.256961	0.0974797	0.5308578	1.608866	3.304281	0.2457342
23478	-2638.905	-3264.02	625.115	0.347632	0.13904	0.390256	0.123072	0.5308578	1.496341	3.252786	0.3247283
23484	-2656.839	-3279.447	622.608	0.201901	0.356935	0.301944	0.13922	1.000263	1.551052	4.388865	0.3084075
23490	-2647.272	-3269.949	622.6768	0.169068	0.394152	0.333427	0.103353	0.9248372	1.567888	4.388865	0.2848902
23496	-2638.308	-3258.808	620.5006	0.150336	0.333455	0.332103	0.184106	1.698417	1.372133	5.31824	0.2778508
23502	-2652.242	-3276.801	624.559	0.364068	0.219526	0.386577	0.0298294	0.5340426	1.465837	3.604874	0.2841934
23508	-2649.462	-3273.787	624.3251	0.353968	0.24949	0.375852	0.0206893	0.6614665	1.566431	3.604874	0.2841934
23514	-2638.893	-3263.68	624.7873	0.254432	0.28793	0.433761	0.023877	0.4956678	1.579778	3.42261	0.3073409
23520	-2632.204	-3256.695	624.4911	0.341952	0.2194	0.417151	0.0214982	0.5018767	1.448294	3.42261	0.7534842
23526	-2617.41	-3242.605	625.1946	0.19072	0.26171	0.517699	0.0298711	0.5508999	1.51314	3.180714	0.3327837
23532	-2630.784	-3256.238	625.4543	0.288792	0.229995	0.454962	0.0262512	0.5595383	1.548191	3.016069	0.2641248
23538	-2647.019	-3273.339	626.3202	0.310733	0.299425	0.361419	0.028423	0.5212422	1.540715	2.508558	0.302857
23544	-2621.856	-3247.725	625.8685	0.310599	0.299296	0.361263	0.0288418	0.4003711	1.609101	2.814813	0.302857
23550	-2634.856	-3261.165	626.309	0.369422	0.177166	0.419108	0.0343039	0.7809169	1.709255	2.130713	0.5039216
23556	-2628.67	-3255.399	626.729	0.32951	0.366082	0.286788	0.01762	0.419422	1.831262	2.130713	0.2762683
23562	-2619.213	-3246.007	626.7944	0.178147	0.435097	0.361318	0.0254379	0.3783921	1.796568	2.130713	0.2884558
23568	-2634.039	-3261.129	627.0893	0.297959	0.344758	0.311937	0.0453461	0.3783921	1.823244	1.917066	0.2884558
23574	-2649.685	-3276.648	626.963	0.296832	0.308402	0.383293	0.0114726	0.345375	1.823244	2.020955	0.2329575
23580	-2652.829	-3279.424	626.5955	0.32834	0.326261	0.332954	0.0124459	0.4834581	1.837655	2.173276	0.2828782
23586	-2613.957	-3240.799	626.8416	0.315829	0.360765	0.305863	0.0175432	0.4043433	1.837655	2.062191	0.2354543
23592	-2638.689	-3265.506	626.8169	0.277056	0.353798	0.353115	0.0160321	0.413583	1.839955	2.07176	0.2354543
23598	-2625.382	-3252.013	626.6311	0.257047	0.396298	0.327613	0.0190414	0.413583	1.857998	2.07176	0.4983197
23604	-2616.07	-3243.005	626.9343	0.307928	0.307993	0.364271	0.0198076	0.3908676	1.854526	1.926909	0.4320459
23610	-2626.836	-3254.076	627.2397	0.338861	0.230511	0.404283	0.026345	0.3954545	1.931298	1.712012	0.1871972
23616	-2645.489	-3272.759	627.2695	0.293001	0.303793	0.349569	0.0536368	0.3886496	1.907081	1.712012	0.1871972
23622	-2639.016	-3266.129	627.1132	0.27911	0.234137	0.435659	0.0510939	0.5690016	1.970634	1.636255	0.374938
23628	-2636.079	-3263.427	627.3483	0.302119	0.232306	0.432252	0.0333223	0.3787756	1.987006	1.624731	0.2754092
23634	-2641.874	-3269.345	627.4711	0.294618	0.239472	0.427032	0.0388783	0.4263234	2.007512	1.491176	0.2398214
23640	-2667.334	-3290.277	622.9432	0.246606	0.341848	0.274124	0.137422	0.5022831	1.396582	4.584549	0.2276015
23646	-2673.799	-3300.348	626.5491	0.4776	0.22311	0.196555	0.102735	0.5022831	1.706348	2.258574	0.1868552
23652	-2646.168	-3272.588	626.4207	0.267189	0.336599	0.319856	0.0763549	1.144543	1.949986	1.760413	0.2843116
23658	-2632.542	-3259.391	626.8487	0.169643	0.370903	0.383891	0.0755629	0.3943852	1.736768	2.12865	0.2733857
23664	-2626.905	-3253.658	626.7529	0.226533	0.313443	0.408472	0.0515511	0.4605749	1.773327	2.12865	0.2733857
23670	-2626.436	-3251.871	625.4358	0.226211	0.418657	0.196189	0.158944	0.9311308	1.714803	2.689325	0.2733857
23676	-2619.92	-3245.437	625.5175	0.53119	0.120748	0.186835	0.161227	1.34244	1.719346	2.380296	0.2026415
23682	-2647.536	-3273.247	625.7111	0.352728	0.204106	0.219957	0.223209	1.336118	1.787124	2.197743	0.1757433
23688	-2631.362	-3256.89	625.5284	0.495562	0.105529	0.187835	0.211074	1.845711	1.992075	1.90427	0.1810544
23694	-2636.554	-3262.597	626.0435	0.373733	0.21798	0.269676	0.138611	1.398627	1.927872	1.84133	0.3690016
23700	-2627.611	-3253.692	626.0817	0.371725	0.212733	0.307174	0.108369	0.8789714	1.653106	2.342009	0.3325107
23706	-2637.491	-3263.412	625.9213	0.345101	0.138963	0.425776	0.0901605	0.644979	1.647325	2.613821	0.2872287
23712	-2640.727	-3265.268	624.5411	0.118723	0.390208	0.326152	0.164917	0.4878721	1.695393	2.698856	1.749501
23718	-2643.135	-3267.101	623.9663	0.272155	0.348586	0.251891	0.127367	0.8604399	1.702019	2.993657	1.387011
23724	-2617.729	-3243.195	625.4666	0.358751	0.22388	0.276698	0.140671	1.025356	1.682939	2.555843	0.4525132
23730	-2617.369	-3242.763	625.3938	0.359567	0.260186	0.239256	0.140991	1.067364	1.727113	2.555843	0.4386357
23736	-2625.277	-3250.562	625.2844	0.453717	0.131638	0.332193	0.0824524	1.537678	1.718498	2.427125	0.283538
23742	-2629.439	-3254.598	625.1589	0.385131	0.116124	0.401924	0.0968204	1.607043	1.739094	2.455937	0.2218347
23748	-2617.442	-3243.386	625.9441	0.452118	0.272185	0.203623	0.0720744	1.067183	1.748967	2.26496	0.2654979
23754	-2632.774	-3256.135	623.3617	0.366511	0.180205	0.319883	0.133401	0.9663339	1.514227	3.182416	1.826235
23760	-2642.63	-3262.853	620.2234	0.366495	0.293605	0.209871	0.130029	2.144081	1.38386	4.591927	1.591226
23766	-2640.608	-3264.933	624.3252	0.292612	0.200222	0.404863	0.102302	0.5770565	1.421195	3.730865	0.3214488
23772	-2643.372	-3266.718	623.3461	0.438626	0.122669	0.356361	0.0823444	0.784039	1.354177	3.346553	1.936734
23778	-2640.413	-3262.461	622.0482	0.435409	0.121769	0.353748	0.0890734	1.355529	1.537705	3.49147	2.361333
23784	-2628.597	-3251.667	623.0702	0.593803	0.166066	0.118654	0.121477	1.072318	1.565498	2.939127	2.583492
23790	-2640.209	-3261.696	621.4871	0.511501	0.250955	0.0891965	0.148347	1.986739	1.57533	3.406788	2.583492
23796	-2640.617	-3263.007	622.3899	0.401389	0.348682	0.133343	0.116586	1.136069	1.402114	3.797751	1.655701
23802	-2637.171	-3259.398	622.2271	0.420771	0.232858	0.279781	0.0665895	0.8704894	1.267004	4.075082	1.752775
23808	-2631.088	-3253.484	622.3958	0.343207	0.32703	0.162479	0.167284	0.8830217	1.285324	4.031435	1.602167
23814	-2636.52	-3258.649	622.1285	0.353759	0.307139	0.253753	0.0853486	1.053013	1.285355	4.524775	0.7824268
23820	-2625.351	-3250.086	624.7348	0.50044	0.0556301	0.350566	0.0933638	0.8446673	1.393462	3.088589	0.7703148
23826	-2615.923	-3239.509	623.5857	0.325018	0.196591	0.361845	0.116546	0.8055887	1.387303	4.032134	0.3343291
23832	-2621.256	-3246.946	625.6897	0.346031	0.232599	0.283476	0.137893	0.8841145	1.662739	2.59438	0.2747439
23838	-2634.952	-3258.945	623.9935	0.487971	0.0682816	0.321025	0.122722	1.482812	1.737615	3.148249	0.4704782
23844	-2640.028	-3264.519	624.4918	0.399501	0.154428	0.28849	0.157581	1.154426	1.620143	2.857276	0.8579071
23850	-2643.438	-3268.316	624.8776	0.243213	0.337714	0.209373	0.2097	1.359536	1.524883	2.89627	0.2556426
23856	-2626.196	-3249.353	623.1576	0.450649	0.0717343	0.28427	0.193346	1.399601	1.581505	3.589722	0.7718542
23862	-2646.785	-3266.128	619.3423	0.473715	0.0754059	0.158247	0.292633	1.901223	1.584653	3.670528	6.180513
23868	-2645.685	-3265.968	620.2823	0.407235	0.0648236	0.282436	0.245506	1.568702	1.760872	3.798295	3.748733
23874	-2652.681	-3274.544	621.8624	0.460621	0.0677224	0.215173	0.256484	1.568702	1.6742	2.729321	4.38124
23880	-2639.772	-3259.023	619.2507	0.527088	0.0105549	0.238759	0.223598	1.424407	1.208784	5.406865	1.909301
23886	-2645.329	-3267.338	622.0095	0.521318	0.169788	0.105005	0.203889	1.441278	1.38711	4.315649	0.80806
23892	-2657.69	-3279.752	622.0615	0.556242	0.104563	0.0415673	0.297628	1.358457	1.338964	3.943962	1.571898
23898	-2654.023	-3273.798	619.7747	0.480884	0.044229	0.269913	0.204974	1.754866	1.461009	4.766574	2.042239
23904	-2643.679	-3265.973	622.2939	0.448271	0.0405199	0.323424	0.187785	1.301563	1.577709	3.352632	2.361896
23910	-2635.778	-3257.425	621.6474	0.500098	0.0708966	0.21951	0.209496	1.535286	1.759276	3.753164	1.780142
23916	-2651.78	-3274.148	622.368	0.480266	0.0770518	0.243708	0.198974	1.440664	1.793839	3.729553	1.06549
23922	-2644.333	-3264.796	620.4631	0.463165	0.115117	0.201288	0.220429	1.941935	1.705926	4.732177	0.88255
23928	-2639.445	-3259.594	620.1482	0.476168	0.118349	0.178865	0.226617	1.484728	1.628235	4.029109	3.627426
23934	-2625.121	-3248.586	623.4657	0.537093	0.0267436	0.170387	0.265776	1.196422	1.578365	2.751268	2.261677
23940	-2636.987	-3260.259	623.2719	0.379548	0.0532112	0.160375	0.406866	1.196422	1.721077	2.751268	2.334996
23946	-2645.372	-3267.005	621.6334	0.448275	0.202367	0.0605778	0.28878	1.443228	1.577997	3.356474	3.200942
23952	-2666.171	-3286.372	620.2012	0.495801	0.0715734	0.156098	0.276528	2.038589	1.517257	4.513942	1.718511
23958	-2660.78	-3280.112	619.3323	0.445314	0.0657525	0.234895	0.254038	1.343675	1.56178	4.762064	3.10548
23964	-2643.227	-3263.835	620.6081	0.506846	0.069229	0.21048	0.213445	1.700769	1.669212	4.632963	1.142455
23970	-2661.5	-3281.276	619.7761	0.576577	0.0259678	0.177274	0.220181	1.700769	1.591145	4.632963	2.250691
23976	-2650.895	-3271.135	620.2395	0.562497	0.0129083	0.108659	0.315936	1.593014	1.441069	4.507071	2.250691
23982	-2635.044	-3254.584	619.5405	0.714206	0.00781774	0.0866335	0.191343	1.593014	1.393292	4.507071	3.454528
23988	-2640.675	-3259.129	618.4536	0.586159	0.0470712	0.0697315	0.297039	1.521275	1.430412	4.333586	6.705735
23994	-2636.785	-3258.044	621.2584	0.526241	0.0632124	0.143871	0.266675	1.585659	1.537664	3.839767	2.343993
24000	-2651.668	-3273.094	621.4259	0.375682	0.127256	0.197357	0.299706	2.201538	1.735755	4.148308	0.7407879
24006	-2646.592	-3269.74	623.1476	0.336202	0.101785	0.288056	0.273957	1.451805	1.732304	3.081178	1.474383
24012	-2652.757	-3275.179	622.4223	0.4713	0.133137	0.179059	0.216504	1.242119	1.532981	4.115969	0.7827364
24018	-2650.542	-3271.301	620.7592	0.460875	0.119672	0.170422	0.249031	1.636097	1.502188	4.100299	2.39823
24024	-2660.19	-3282.147	621.9577	0.519093	0.0883427	0.19195	0.200614	1.78176	1.669501	3.896905	1.023729
24030	-2658.108	-3279.823	621.7153	0.414613	0.256801	0.0731984	0.255388	1.321429	1.44984	4.307595	1.159743
24036	-2652.207	-3273.34	621.1335	0.385634	0.238852	0.0680822	0.307432	1.625736	1.477692	4.655638	0.8307745
24042	-2634.001	-3255.837	621.8361	0.298215	0.184707	0.0526489	0.464428	1.625736	1.719715	3.560724	1.916901
24048	-2618.782	-3241.123	622.3412	0.353284	0.23944	0.073132	0.334144	1.244312	1.660563	3.829747	1.236437
24054	-2646.171	-3268.66	622.4891	0.36696	0.324058	0.0206837	0.288298	1.186289	1.564978	3.762469	1.366523
24060	-2643.158	-3264.328	621.1697	0.328538	0.290128	0.123222	0.258112	2.316194	1.70279	3.890644	1.416673
24066	-2630.32	-3252.588	622.268	0.393942	0.0659519	0.23061	0.309496	2.072814	1.597637	3.477879	1.29921
24072	-2640.874	-3261.957	621.0833	0.400034	0.065289	0.228292	0.306385	2.072814	1.56593	4.25008	1.162827
24078	-2647.561	-3268.835	621.2739	0.457567	0.101751	0.261126	0.179556	1.691728	1.551504	4.438813	0.9448059
24084	-2634.794	-3255.77	620.9757	0.396929	0.0479062	0.343131	0.212034	1.219238	1.561539	4.304156	2.023104
24090	-2626.328	-3247.842	621.5144	0.448312	0.118322	0.132124	0.301242	1.521097	1.51691	3.706091	2.419292
24096	-2627.289	-3250.906	623.6173	0.454046	0.0798199	0.133813	0.332321	1.47229	1.818141	3.0273	0.9597185
24102	-2620.128	-3243.849	623.7208	0.43023	0.112595	0.142284	0.31489	1.47229	1.818141	2.999269	0.9040094
24108	-2616.45	-3239.124	622.6734	0.354243	0.092709	0.293773	0.259274	1.47229	1.723385	3.671474	0.9040094
24114	-2629.998	-3251.093	621.0944	0.435734	0.0978438	0.22811	0.238313	1.73544	1.657427	4.310625	1.216115
24120	-2645.807	-3266.632	620.8244	0.405803	0.155802	0.212441	0.225955	1.645484	1.657427	4.698181	0.8663448
24126	-2620.251	-3240.846	620.5952	0.428484	0.0967474	0.210649	0.26412	1.788682	1.608903	4.698181	1.025796
24132	-2611.731	-3229.737	618.0057	0.48283	0.108106	0.107445	0.301619	2.563713	1.429518	5.784195	1.283192
24138	-2634.432	-3253.299	618.8665	0.433353	0.097028	0.0964353	0.373183	1.931534	1.532954	4.935468	2.611372
24144	-2638.843	-3259.083	620.2398	0.498348	0.168281	0.0968492	0.236522	1.931534	1.787524	4.075091	2.461988
24150	-2638.761	-3261.489	622.7285	0.462231	0.13861	0.115962	0.283197	1.487573	1.544798	3.279635	1.763412
24156	-2639.655	-3261.321	621.6662	0.384384	0.0730138	0.326381	0.216222	1.501911	1.781202	3.708713	1.862649
24162	-2639.105	-3261.32	622.2152	0.512219	0.115256	0.199155	0.173371	1.521988	1.781202	3.47794	1.651873
24168	-2657.129	-3281.426	624.2972	0.508789	0.0508893	0.349402	0.0909191	2.059453	1.880487	2.62255	0.4285344
24174	-2652.832	-3277.529	624.6971	0.424883	0.149308	0.344953	0.080856	1.07522	1.563782	3.139727	0.2319783
24180	-2644.715	-3269.353	624.6377	0.346308	0.252534	0.28116	0.119998	1.232624	1.657064	3.009282	0.3453912
24186	-2656.85	-3282.022	625.1715	0.268128	0.361157	0.217189	0.153525	1.099343	1.755164	2.688011	0.3793198
24192	-2658.704	-3281.95	623.2465	0.249794	0.315923	0.255484	0.178799	1.205564	1.549388	3.31415	1.377434
24198	-2669.766	-3292.982	623.2159	0.3701	0.337612	0.174833	0.117455	0.9009797	1.594708	3.158864	2.050854
24204	-2634.095	-3255.809	621.7139	0.388583	0.276563	0.31388	0.0209738	0.8825969	1.383925	5.055935	0.2292489
24210	-2650.225	-3270.056	619.8305	0.346309	0.246475	0.388524	0.018692	1.948264	1.233297	5.652751	0.2912551
24216	-2652.613	-3275.222	622.6087	0.354754	0.252486	0.298404	0.0943552	0.9740031	1.548648	4.40876	0.2912551
24222	-2637.247	-3260.848	623.6013	0.309028	0.219942	0.426304	0.0447261	0.6500412	1.589822	4.016234	0.27662
24228	-2655.188	-3280.364	625.1757	0.253254	0.225577	0.387526	0.133644	0.5570099	1.671469	2.880662	0.7039709
24234	-2664.06	-3283.744	619.6844	0.434732	0.0661014	0.20898	0.290187	1.356773	1.567624	4.834313	2.321428
24240	-2665.575	-3289.839	624.2643	0.260099	0.333264	0.243913	0.162724	1.109993	1.636116	3.040958	0.8091164
24246	-2638.704	-3262.944	624.2396	0.403862	0.236327	0.172966	0.186844	1.670333	1.599489	3.062481	0.3177711
24252	-2645.153	-3269.403	624.2496	0.307812	0.158315	0.461393	0.0724803	1.108602	1.683413	3.304217	0.3177711
24258	-2636.378	-3261.339	624.9609	0.430521	0.0943829	0.422697	0.0523988	0.9762143	1.683168	2.957031	0.1956182
24264	-2646.252	-3268.673	622.4214	0.364332	0.126997	0.413819	0.0948525	1.118136	1.476068	3.855816	1.433682
24270	-2649.1	-3273.845	624.7452	0.427381	0.117476	0.343875	0.111268	0.4019914	1.603949	2.788613	1.532008
24276	-2650.274	-3274.016	623.7418	0.334923	0.318076	0.217432	0.129568	0.7207401	1.615281	3.456887	1.0413
24282	-2662.109	-3288.256	626.1468	0.184186	0.369101	0.384189	0.0625234	0.455522	1.74006	2.539242	0.2703455
24288	-2659.766	-3286.337	626.5713	0.365247	0.133932	0.481902	0.0189191	0.3952026	1.827753	2.249432	0.2703455
24294	-2663.059	-3288.255	625.1965	0.201991	0.282889	0.439458	0.0756631	0.7124284	1.60709	3.0392	0.2480948
24300	-2646.632	-3268.73	622.0975	0.32445	0.272652	0.108814	0.294085	1.639007	1.73269	3.234668	2.286431
24306	-2662.855	-3284.54	621.685	0.372037	0.240906	0.0498383	0.337219	2.764909	1.73269	3.691086	0.89868
24312	-2640.483	-3264.109	623.6262	0.43431	0.281229	0.0378153	0.246645	1.564294	1.727099	2.901408	1.176447
24318	-2636.241	-3258.975	622.7341	0.349025	0.379554	0.0510365	0.220385	2.193322	1.698286	2.815252	1.84219
24324	-2645.627	-3268.874	623.2478	0.485474	0.26716	0.110465	0.136901	1.078088	1.72672	2.599997	2.918559
24330	-2658.901	-3281.617	622.7164	0.474986	0.261388	0.0557086	0.207918	1.008341	1.463485	3.885043	1.186642
24336	-2639.672	-3261.608	621.936	0.408886	0.29204	0.0785515	0.220522	1.301285	1.484226	3.701293	2.153563
24342	-2629.908	-3253.138	623.2298	0.421791	0.264804	0.0810307	0.232375	1.652321	1.666878	3.10604	1.220832
24348	-2635.49	-3259.091	623.6016	0.475027	0.262858	0.0314494	0.230666	1.145414	1.671865	3.144695	1.230837
24354	-2633.568	-3255.881	622.3137	0.394949	0.293375	0.119894	0.191782	1.324962	1.664784	3.455359	1.942311
24360	-2630.715	-3254.273	623.5575	0.426153	0.303983	0.167355	0.10251	1.473219	1.736368	3.488786	0.2952179
24366	-2664.75	-3288.189	623.4394	0.372926	0.311578	0.220085	0.0954106	1.17301	1.604285	3.540069	0.7614732
24372	-2627.144	-3251.753	624.6083	0.461662	0.0996794	0.238454	0.200205	1.300798	1.620998	2.995963	0.3792063
24378	-2632.143	-3256.82	624.6769	0.387888	0.14561	0.30423	0.162272	1.060993	1.658927	2.675602	1.019663
24384	-2646.598	-3270.321	623.7232	0.483011	0.136401	0.251935	0.128653	1.259645	1.559838	3.490887	0.5368517
24390	-2644.794	-3268.758	623.9641	0.452661	0.0424831	0.3394	0.165456	1.144849	1.4637	3.014557	1.300325
24396	-2650.933	-3273.777	622.8444	0.497497	0.217261	0.19255	0.092692	1.093568	1.470301	3.352767	2.017195
24402	-2653.569	-3275.54	621.9711	0.517014	0.0561706	0.283405	0.143411	1.259316	1.64331	3.621284	2.129527
24408	-2642.563	-3264.381	621.8181	0.352662	0.112563	0.349195	0.185579	1.622511	1.660163	2.933463	3.731775
24414	-2648.856	-3273.801	624.9454	0.352573	0.108408	0.432787	0.106232	1.048689	1.660163	2.909551	0.3879132
24420	-2666.033	-3286.652	620.6196	0.384185	0.0888267	0.303857	0.223131	1.185356	1.438402	3.535616	5.447332
24426	-2665.093	-3289.336	624.2428	0.558974	0.0797406	0.102917	0.258368	1.379993	1.656015	2.687131	1.141519
24432	-2634.756	-3256.566	621.8102	0.331291	0.117303	0.264605	0.286801	1.824512	1.601899	3.618513	1.768115
24438	-2651.345	-3273.775	622.43	0.465464	0.0952769	0.21492	0.224339	1.54678	1.84839	3.302109	1.647727
24444	-2648.531	-3271.935	623.4041	0.342171	0.218586	0.287016	0.152227	1.307793	1.75652	2.735699	1.994279
24450	-2660.587	-3284.073	623.4865	0.510363	0.160221	0.155053	0.174363	1.582829	1.980119	1.924241	3.085687
24456	-2638.755	-3263.56	624.8042	0.474863	0.0201234	0.219965	0.285049	1.167317	1.93913	1.733482	2.124699
24462	-2658.852	-3280.623	621.7709	0.533512	0.00843249	0.137801	0.320255	2.58276	1.93477	2.220899	4.153174
24468	-2659.426	-3281.094	621.6679	0.482978	0.0244597	0.19026	0.302302	1.97825	1.68858	3.085216	2.993289
24474	-2652.842	-3273.71	620.8682	0.501948	0.0993128	0.0845635	0.314176	2.137149	1.591164	3.82901	2.236566
24480	-2637.709	-3258.234	620.5244	0.535885	0.156353	0.107973	0.199789	1.570412	1.561226	4.148493	2.617977
24486	-2644.253	-3266.536	622.2832	0.405196	0.0857949	0.205017	0.303992	1.292125	1.700611	3.33437	2.257614
24492	-2621.313	-3244.655	623.3423	0.434591	0.185511	0.138749	0.241149	1.686881	1.74849	2.869523	1.408777
24498	-2607.518	-3229.74	622.2218	0.439386	0.121452	0.249138	0.190024	1.262293	1.596096	3.458624	2.231449
24504	-2658.347	-3281.613	623.2666	0.407462	0.144223	0.25421	0.194105	1.73785	1.69568	2.849655	1.546994
24510	-2628.601	-3251.278	622.6762	0.406829	0.148812	0.261862	0.182497	1.263479	1.504382	3.620822	1.418292
24516	-2637.513	-3260.037	622.5242	0.469673	0.0710798	0.234902	0.224345	1.30273	1.660322	3.869518	0.9235352
24522	-2661.202	-3282.278	621.0755	0.332124	0.109091	0.236625	0.322161	1.587163	1.764103	3.890422	2.155597
24528	-2655.643	-3277.673	622.0304	0.334814	0.100995	0.177862	0.386329	1.312249	1.746685	3.890422	1.297466
24534	-2665.232	-3287.094	621.8614	0.383113	0.199611	0.171424	0.245852	1.740101	1.795334	3.904544	1.014159
24540	-2636.083	-3258.041	621.9582	0.444317	0.071745	0.19881	0.285128	1.417362	1.756933	3.776016	1.484451
24546	-2634.987	-3256.357	621.3703	0.507453	0.0746145	0.229549	0.188383	1.275248	1.587132	4.506833	1.053217
24552	-2642.907	-3264.404	621.4966	0.435946	0.200545	0.175563	0.187947	1.36582	1.663817	4.141146	1.441656
24558	-2625.533	-3247.51	621.9769	0.369988	0.161321	0.106686	0.362005	1.219469	1.618367	3.969714	1.441684
24564	-2616.276	-3237.855	621.5793	0.437557	0.158332	0.142411	0.2617	1.425884	1.602752	4.14354	1.352501
24570	-2624.585	-3247.13	622.545	0.218485	0.264061	0.139152	0.378302	1.39221	1.732825	3.504823	1.401733
24576	-2629.239	-3251.287	622.0479	0.427217	0.135923	0.147069	0.289792	1.429493	1.681814	3.677195	1.657012
24582	-2638.111	-3260.61	622.4983	0.453965	0.122122	0.154915	0.268997	1.22597	1.621044	3.677195	1.417036
24588	-2635.763	-3259.679	623.9161	0.461699	0.176752	0.0912786	0.27027	1.050033	1.547062	3.193646	1.04426
24594	-2629.412	-3250.643	621.2317	0.328794	0.260036	0.134288	0.276882	1.718684	1.551256	4.347303	1.129511
24600	-2621.244	-3241.647	620.403	0.352041	0.198382	0.153119	0.296459	1.718684	1.474703	4.631137	1.573723
24606	-2637.044	-3259.201	622.1566	0.374567	0.211076	0.162916	0.251441	2.145384	1.644562	3.634628	1.028771
24612	-2650.35	-3272.37	622.0191	0.22272	0.296613	0.208399	0.272269	1.501222	1.620282	4.160425	0.7878982
24618	-2619.295	-3241.519	622.2239	0.365282	0.302985	0.0210188	0.310714	1.42747	1.508945	4.119054	0.8295629
24624	-2644.983	-3266.499	621.5155	0.353389	0.29312	0.0528948	0.300597	1.563384	1.650701	4.04639	1.428333
24630	-2656.031	-3279.01	622.9785	0.392727	0.171349	0.136828	0.299095	2.171362	1.615675	3.301036	0.7931961
24636	-2657.995	-3281.67	623.6743	0.402777	0.2552	0.101798	0.240225	1.2712	1.644604	3.071062	1.188116
24642	-2640.035	-3257.613	617.5778	0.609251	0.0887116	0.0491196	0.252918	1.750207	1.304791	6.328013	1.443656
24648	-2659.564	-3274.282	614.7186	0.575445	0.0821074	0.0556913	0.286756	2.718833	1.28188	6.389204	4.881367
24654	-2650.933	-3268.734	617.801	0.530642	0.103119	0.10181	0.264429	2.124744	1.76514	3.421472	11.67183
24660	-2629.153	-3252.53	623.3772	0.487551	0.169728	0.0595038	0.283217	1.283893	1.629886	2.61216	2.528244
24666	-2623.512	-3246.44	622.9284	0.478959	0.13295	0.109865	0.278226	1.283893	1.482436	3.385821	1.597064
24672	-2624.453	-3245.323	620.8704	0.447603	0.201618	0.172837	0.177942	1.407949	1.651613	3.707804	3.408726
24678	-2622.487	-3244.863	622.3766	0.366551	0.231201	0.198197	0.204051	1.407949	1.557503	3.385147	2.061952
24684	-2661.57	-3285.548	623.9778	0.508211	0.188579	0.0464475	0.256762	1.407949	1.717955	2.512405	1.65907
24690	-2651.679	-3274.877	623.1983	0.486532	0.167611	0.166107	0.179751	1.407949	1.717955	2.554284	2.638751
24696	-2649.37	-3270.907	621.5378	0.417108	0.0889934	0.360178	0.133721	0.6964405	1.491458	4.326567	2.016597
24702	-2637.11	-3259.818	622.7074	0.323675	0.293061	0.279497	0.103767	0.6172601	1.315304	4.326567	0.9701552
24708	-2628.031	-3250.543	622.5126	0.374097	0.230736	0.304706	0.0904603	0.7611519	1.644948	4.325764	0.6952707
24714	-2638.5	-3262.661	624.1604	0.240784	0.274292	0.370679	0.114245	0.6189623	1.589466	3.636424	0.4658636
24720	-2643.594	-3268.788	625.1946	0.364725	0.188884	0.340864	0.105527	0.6712162	1.681025	2.999433	0.3477684
24726	-2639.2	-3263.416	624.216	0.37176	0.229426	0.351134	0.0476802	0.6712162	1.558516	3.668879	0.2350406
24732	-2640.435	-3266.403	625.9686	0.296341	0.187983	0.416889	0.0987866	0.5156895	1.768344	2.574093	0.1828945
24738	-2636.194	-3260.693	624.4987	0.383743	0.145255	0.412169	0.0588328	0.5610121	1.515606	3.576638	0.1828945
24744	-2627.212	-3250.313	623.1013	0.376001	0.090442	0.491172	0.042385	0.6218426	1.584576	4.302732	0.3420779
24750	-2632.85	-3254.852	622.0022	0.339937	0.0932013	0.555979	0.0108822	1.234047	1.509745	4.614905	0.3420779
24756	-2626.203	-3250.906	624.7025	0.212832	0.434061	0.346498	0.00660921	0.5615071	1.409796	3.520814	0.3420779
24762	-2644.793	-3269.802	625.0083	0.263339	0.154904	0.570868	0.0108889	0.5906424	1.533072	3.208131	0.433358
24768	-2624.517	-3249.759	625.2418	0.166725	0.464954	0.361427	0.00689397	0.4876833	1.54083	3.178083	0.1968497
24774	-2628.985	-3253.522	624.5367	0.150775	0.514759	0.32685	0.0076167	0.4461393	1.366953	3.728172	0.2505246
24780	-2613.269	-3236.201	622.9324	0.221891	0.341815	0.369555	0.066738	0.5198801	1.410104	4.543151	0.3739362
24786	-2639.677	-3263.305	623.6283	0.199891	0.339354	0.400633	0.060121	0.694219	1.507616	4.017578	0.2952102
24792	-2644.082	-3269.799	625.7165	0.420344	0.207917	0.322212	0.0495271	0.4680942	1.587381	2.890466	0.2515469
24798	-2635.342	-3261.78	626.4382	0.367858	0.277071	0.311728	0.0433429	0.5446202	1.659691	2.342507	0.2048824
24804	-2642.591	-3269.834	627.2432	0.367858	0.277071	0.311728	0.0433429	0.2485515	1.776594	1.889017	0.2666526
24810	-2661.016	-3288.026	627.0101	0.271131	0.372342	0.349242	0.00728521	0.5590379	1.794115	1.878551	0.2666526
24816	-2651.007	-3277.924	626.9173	0.238572	0.409256	0.33579	0.0163822	0.4962169	1.801206	1.971601	0.2080734
24822	-2652.083	-3279.106	627.0231	0.381162	0.334262	0.257358	0.0272191	0.4515421	1.840108	1.911909	0.2461306
24828	-2652.796	-3279.826	627.0301	0.322656	0.361198	0.286557	0.0295888	0.3785686	1.821727	1.962455	0.2487307
24834	-2665.099	-3291.781	626.682	0.324967	0.164113	0.454465	0.0564555	0.7447241	1.821727	1.921422	0.3546258
24840	-2643.9	-3267.426	623.5261	0.576286	0.0525949	0.317223	0.0538955	1.187724	1.535152	3.778933	0.2617888
24846	-2643.058	-3267.845	624.7869	0.50297	0.044738	0.405253	0.0470388	1.068246	1.605508	3.066801	0.2488032
24852	-2651.749	-3276.09	624.341	0.417532	0.103334	0.422287	0.0568471	1.214901	1.602649	3.248878	0.2686169
24858	-2641.554	-3265.836	624.2822	0.442031	0.109398	0.394162	0.0544088	1.269418	1.610613	3.248878	0.2686169
24864	-2651.72	-3277.085	625.3646	0.218323	0.425907	0.292321	0.0634488	0.4626947	1.543745	3.127443	0.2222855
24870	-2651.274	-3275.085	623.8114	0.21179	0.402799	0.30302	0.0823911	0.643344	1.440691	3.979715	0.3046157
24876	-2634.443	-3258.726	624.2826	0.363141	0.246713	0.264119	0.126027	0.643344	1.433216	3.71476	0.2985107
24882	-2638.985	-3263.321	624.336	0.445563	0.239693	0.256604	0.0581411	0.5933552	1.436126	3.71476	0.2889262
24888	-2653.314	-3275.411	622.0963	0.323617	0.290287	0.36239	0.023706	0.6211614	1.652867	3.729023	2.599351
24894	-2667.079	-3290.221	623.1415	0.257362	0.230856	0.4909	0.0208827	0.5696884	1.522248	3.944152	1.051492
24900	-2661.356	-3282.007	620.6512	0.287112	0.297384	0.179601	0.235903	1.618658	1.593247	4.365636	1.80302
24906	-2679.967	-3298.989	619.0221	0.260194	0.359371	0.162763	0.217673	0.801892	1.560997	5.696387	1.847093
24912	-2670.292	-3292.178	621.8858	0.189026	0.384979	0.182255	0.24374	0.9435847	1.587343	4.389439	1.067633
24918	-2665.062	-3286.274	621.2124	0.247735	0.357109	0.169061	0.226095	1.583378	1.581687	4.575085	0.8271199
24924	-2656.741	-3283.017	626.2752	0.328262	0.320604	0.324125	0.0270093	0.4318963	1.722018	2.48505	0.2464054
24930	-2661.439	-3288.236	626.7969	0.333431	0.290179	0.329228	0.0471625	0.3764717	1.866932	2.088279	0.2464054
24936	-2635.889	-3262.401	626.5117	0.289011	0.332048	0.3457	0.0332398	0.4986873	1.805107	2.204459	0.3755152
24942	-2629.483	-3256.062	626.5799	0.313405	0.240847	0.406648	0.0391	0.3843044	1.726515	2.308566	0.2996509
24948	-2629.257	-3255.635	626.3778	0.404241	0.205227	0.356275	0.0342565	0.6343155	1.665703	2.315842	0.2016127
24954	-2619.301	-3245.624	626.3229	0.401114	0.236927	0.327967	0.0339915	0.5828868	1.791478	2.315842	0.2647365
24960	-2639.237	-3266.281	627.0435	0.443402	0.187544	0.298207	0.070847	0.442544	1.821495	1.915856	0.2647365
24966	-2651.761	-3278.757	626.996	0.300303	0.411654	0.240061	0.0479825	0.350726	1.891864	1.915856	0.3696461
24972	-2622.647	-3249.508	626.8605	0.415391	0.250886	0.30448	0.0292434	0.3967328	1.838465	1.955062	0.4779133
24978	-2621.47	-3248.608	627.1381	0.358792	0.205534	0.42449	0.0111848	0.305511	1.756693	1.955062	0.2053772
24984	-2621.279	-3248.327	627.0482	0.45073	0.200158	0.331035	0.0180771	0.3181324	1.853205	1.955062	0.2333508
24990	-2625.83	-3252.858	627.0284	0.45073	0.200158	0.331035	0.0180771	0.518966	1.895503	1.819667	0.2157449
24996	-2635.613	-3262.751	627.1381	0.465587	0.206755	0.308985	0.018673	0.419833	1.87679	1.819667	0.2090235
25002	-2653.161	-3280.345	627.1839	0.277561	0.267584	0.39989	0.0549652	0.3856894	1.871968	1.819667	0.243467
25008	-2643.53	-3269.881	626.3514	0.334597	0.262327	0.350266	0.0528099	0.2929297	1.665437	2.531267	0.2794895
25014	-2652.483	-3277.857	625.3734	0.264176	0.290654	0.384261	0.0609085	0.4635022	1.568366	3.108515	0.2294666
25020	-2640.323	-3265.406	625.083	0.343094	0.259481	0.343049	0.054376	0.736762	1.551701	3.122823	0.2294666
25026	-2653.225	-3278.598	625.373	0.236663	0.301741	0.398918	0.0626779	0.598041	1.644298	2.981756	0.2294666
25032	-2647.947	-3273.785	625.8383	0.270016	0.300357	0.377355	0.0522718	0.598041	1.672197	2.682846	0.2332997
25038	-2651.319	-3277.056	625.7363	0.343758	0.270016	0.339235	0.0469914	0.598041	1.651857	2.75778	0.2332997
25044	-2639.177	-3266.109	626.9317	0.198395	0.362628	0.426555	0.0124221	0.408965	1.791211	2.017739	0.1976333
25050	-2612.603	-3239.517	626.9137	0.318426	0.311867	0.366846	0.00286043	0.3685765	1.862463	2.017739	0.2614816
25056	-2622.68	-3249.709	627.0283	0.167427	0.300732	0.526434	0.00540591	0.3685765	1.871614	1.934941	0.2614816
25062	-2618.048	-3245.359	627.3104	0.379783	0.221163	0.387147	0.0119076	0.3685765	1.818508	1.778259	0.2600584
25068	-2606.938	-3233.688	626.7503	0.278837	0.345156	0.370406	0.0056012	0.3906872	1.851646	2.121484	0.2532106
25074	-2609.734	-3237.213	627.479	0.271735	0.39276	0.323077	0.0124281	0.3084155	1.92115	1.612972	0.2532106
25080	-2628.255	-3255.38	627.1253	0.397273	0.370986	0.220632	0.0111095	0.3687862	1.873938	1.867746	0.2483725
25086	-2623.154	-3250.044	626.8906	0.212869	0.400133	0.379159	0.00783917	0.4514438	1.873938	1.933854	0.3860469
25092	-2630.533	-3257.72	627.1869	0.27973	0.247993	0.450571	0.0217058	0.3706819	1.808446	1.861726	0.2106939
25098	-2631.356	-3258.332	626.9767	0.252924	0.320055	0.407395	0.0196258	0.5226264	1.879305	1.861726	0.2106939
25104	-2635.655	-3262.646	626.991	0.277616	0.23797	0.328135	0.156278	0.3859559	1.779859	2.010995	0.2730847
25110	-2623.194	-3249.776	626.5821	0.321649	0.246893	0.340438	0.09102	0.4079554	1.679686	2.330008	0.2730847
25116	-2628.19	-3254.833	626.6429	0.309186	0.327998	0.327246	0.0355696	0.3894506	1.679686	2.272039	0.3617591
25122	-2618.996	-3245.524	626.5277	0.23774	0.390094	0.354059	0.0181067	0.3894506	1.777968	2.272039	0.383963
25128	-2623.759	-3250.336	626.5771	0.28645	0.315587	0.376146	0.0218165	0.4401706	1.741498	2.272039	0.2908223
25134	-2613.879	-3239.511	625.6324	0.28645	0.315587	0.376146	0.0218165	0.4519427	1.579864	2.946523	0.3062422
25140	-2631.676	-3256.675	624.9991	0.324596	0.303869	0.346814	0.0247217	0.4519427	1.597959	3.312704	0.3062422
25146	-2627.209	-3253.003	625.7944	0.331264	0.219259	0.43246	0.0170178	0.4974737	1.707453	2.752452	0.2597164
25152	-2627.28	-3253.38	626.1002	0.331264	0.219259	0.43246	0.0170178	0.4578844	1.725208	2.573767	0.2845054
25158	-2639.152	-3264.933	625.7802	0.325772	0.264702	0.380138	0.0293885	0.5057136	1.707855	2.742521	0.3221195
25164	-2638.975	-3264.777	625.802	0.317479	0.273472	0.355387	0.0536618	0.4330704	1.731027	2.757669	0.3221195
25170	-2630.335	-3255.714	625.3795	0.313578	0.270113	0.351021	0.0652886	0.4089741	1.538292	3.152978	0.2713891
25176	-2640.158	-3266.995	626.837	0.379139	0.22655	0.340115	0.054196	0.5622769	1.760931	2.000744	0.1956925
25182	-2635.918	-3261.626	625.7076	0.159926	0.44198	0.343378	0.054716	0.6259011	1.591839	2.754107	0.3872433
25188	-2640.158	-3265.387	625.2287	0.195433	0.27769	0.492656	0.0342217	0.6259011	1.581803	3.057173	0.3709279
25194	-2641.193	-3266.074	624.881	0.213872	0.21162	0.539138	0.0353704	0.5171289	1.597851	3.309148	0.3958614
25200	-2657.986	-3282.478	624.4917	0.314104	0.310797	0.277695	0.0974047	0.5360735	1.495913	3.62752	0.2687274
25206	-2665.926	-3290.259	624.3326	0.294261	0.328379	0.293404	0.0839557	0.6283079	1.537083	3.468708	0.6212362
25212	-2657.471	-3279.755	622.2847	0.596011	0.122094	0.077885	0.204011	1.700938	1.742786	2.606683	3.584043
25218	-2667.8	-3288.51	620.7102	0.331358	0.260375	0.207366	0.200901	1.904566	1.348136	4.599307	1.267339
25224	-2652.558	-3276.825	624.2668	0.271408	0.222346	0.411329	0.0949172	0.5092517	1.714658	2.907966	1.615368
25230	-2677.588	-3300.86	623.2716	0.239116	0.241915	0.416492	0.102476	0.5092517	1.578731	3.398433	2.002292
25236	-2648.718	-3272.674	623.9565	0.295845	0.233477	0.401964	0.0687148	0.6415659	1.603083	3.772875	0.3879375
25242	-2665.922	-3288.634	622.712	0.256769	0.24053	0.414107	0.0885948	0.6386382	1.42778	4.619301	0.2427135
25248	-2643.85	-3267.085	623.2346	0.235355	0.345384	0.344945	0.0743167	0.7571136	1.503976	4.210905	0.2427135
25254	-2619.963	-3243.613	623.6502	0.231175	0.38097	0.380486	0.00736994	0.5780266	1.580784	4.036879	0.2296933
25260	-2637.509	-3262.464	624.9552	0.29854	0.330755	0.364293	0.00641249	0.5097742	1.798589	3.193295	0.2296933
25266	-2625.562	-3251.958	626.3957	0.334533	0.323917	0.336068	0.00548211	0.4612644	1.652949	2.435697	0.2468523
25272	-2630.706	-3257.048	626.3424	0.459994	0.131198	0.399688	0.00912059	0.4208441	1.837029	2.369758	0.2114083
25278	-2643.357	-3269.717	626.3602	0.364567	0.220181	0.412322	0.00292971	0.4274522	1.680371	2.453642	0.2114083
25284	-2637.981	-3264.745	626.764	0.403633	0.206192	0.386124	0.00405152	0.4274522	1.869976	2.037674	0.3825427
25290	-2620.026	-3246.817	626.7908	0.240222	0.213818	0.542182	0.00377853	0.4682195	1.869976	2.022443	0.3215779
25296	-2640.986	-3267.672	626.6866	0.421296	0.162859	0.412966	0.00287801	0.6036965	1.9123	1.97181	0.3215779
25302	-2627.195	-3254.395	627.1997	0.411701	0.21525	0.371329	0.00171944	0.478394	1.9123	1.712762	0.206685
25308	-2656.837	-3284.129	627.2915	0.453819	0.134093	0.409317	0.00277071	0.5232492	1.9123	1.621642	0.2234508
25314	-2656.202	-3283.126	626.9243	0.260761	0.315676	0.42031	0.00325341	0.5232492	1.965644	1.842375	0.2234508
25320	-2651.144	-3278.006	626.8625	0.268214	0.230178	0.497287	0.00432073	0.4965807	1.933171	1.90702	0.3375916
25326	-2642.996	-3269.429	626.4327	0.376194	0.254673	0.357754	0.011378	0.4965807	1.720399	2.346848	0.269736
25332	-2640.752	-3266.328	625.5758	0.365719	0.247582	0.347793	0.0389061	0.351515	1.548132	3.057153	0.269736
25338	-2639.78	-3265.676	625.8964	0.403353	0.166062	0.375354	0.0552303	0.5561842	1.704244	2.654407	0.269736
25344	-2645.489	-3271.344	625.8546	0.380061	0.223167	0.307427	0.0893445	0.5821496	1.623424	2.70935	0.2918263
25350	-2631.716	-3257.853	626.1373	0.246861	0.285665	0.369819	0.0976559	0.5821496	1.837859	2.404245	0.2684671
25356	-2626.066	-3251.301	625.2347	0.367011	0.273437	0.282969	0.0765827	0.4384782	1.766096	3.081703	0.302811
25362	-2647.036	-3270.7	623.6638	0.42061	0.139804	0.351819	0.0877671	1.072098	1.654533	3.695145	0.2520585
25368	-2647.59	-3271.459	623.8688	0.406008	0.13495	0.374321	0.0847201	0.8668562	1.508142	3.765748	0.3288298
25374	-2642.399	-3266.183	623.7841	0.191178	0.295176	0.418848	0.0947977	0.4505873	1.476273	4.080298	0.3273516
25380	-2642.668	-3268.712	626.0445	0.235008	0.362849	0.285612	0.116531	0.4046176	1.718817	2.634148	0.314613
25386	-2637.205	-3262.456	625.251	0.372709	0.0904711	0.4341	0.10272	1.194061	1.714906	2.634148	0.3155511
25392	-2640.726	-3261.076	620.3497	0.32823	0.189931	0.121055	0.360784	2.690777	1.628189	4.149854	1.64034
25398	-2622.309	-3245.151	622.8421	0.290199	0.122448	0.268373	0.318981	1.449501	1.800343	3.529166	0.9228428
25404	-2619.337	-3242.447	623.1103	0.404924	0.0801389	0.374469	0.140468	1.372104	1.784798	3.161491	1.384021
25410	-2632.155	-3254.468	622.313	0.4464	0.127058	0.289714	0.136829	1.372104	1.577188	3.957569	1.000587
25416	-2635.614	-3255.587	619.9729	0.424807	0.118084	0.165067	0.292042	1.257344	1.477648	4.373893	3.483415
25422	-2635.614	-3258.315	622.7016	0.130275	0.472392	0.143481	0.253852	0.8182185	1.647927	3.984706	1.032632
25428	-2621.83	-3244.497	622.667	0.229957	0.454093	0.223064	0.0928862	1.116421	1.586059	3.867796	1.032632
25434	-2641.85	-3265.17	623.3194	0.332924	0.234694	0.297904	0.134478	1.394123	1.638355	3.450708	0.7953517
25440	-2643.061	-3269.435	626.374	0.581209	0.0481409	0.291266	0.0793834	1.323895	1.917025	1.679868	0.1869967
25446	-2627.13	-3253.275	626.1454	0.285443	0.122656	0.489869	0.102032	0.9992066	1.682147	2.200843	0.3408195
25452	-2647.362	-3273.392	626.0306	0.435153	0.361455	0.0751699	0.128222	0.9992066	1.763754	2.22228	0.3408195
25458	-2643.022	-3266.989	623.9668	0.514039	0.160811	0.0887969	0.236353	1.308921	1.763754	2.457797	1.835054
25464	-2645.254	-3270.207	624.9526	0.465842	0.162388	0.169686	0.202084	1.236562	1.667772	2.13515	1.450645
25470	-2649.008	-3273.212	624.2033	0.328011	0.260238	0.208158	0.203593	1.250177	1.940121	2.432427	1.450645
25476	-2630.539	-3255.954	625.4154	0.368461	0.271733	0.131106	0.2287	1.025171	1.811421	2.108905	1.059837
25482	-2656.788	-3282.435	625.6475	0.474408	0.224365	0.108252	0.192975	0.7302274	1.889564	1.859006	1.455646
25488	-2637.478	-3263.405	625.9268	0.45865	0.0693674	0.285416	0.186566	0.8406262	1.887573	1.742641	1.207383
25494	-2654.073	-3279.758	625.6846	0.477762	0.0913936	0.376045	0.0547995	1.430903	1.902207	1.707238	0.9127624
25500	-2646.343	-3272.697	626.3536	0.391467	0.143852	0.394046	0.0706342	1.045907	1.995042	1.697663	0.5411582
25506	-2622.87	-3249.63	626.7596	0.303609	0.188042	0.453445	0.0549031	0.6337646	1.914623	1.809853	0.4817711
25512	-2642.134	-3269.444	627.3106	0.213491	0.441899	0.318853	0.0257573	0.4177674	1.924798	1.661267	0.3171653
25518	-2660.44	-3287.536	627.096	0.109553	0.464495	0.385614	0.0403384	0.3951435	1.889497	1.849202	0.318164
25524	-2667.614	-3294.571	626.9569	0.24653	0.47978	0.212906	0.0607845	0.4845496	1.889191	1.846309	0.404598
25530	-2654.282	-3280.886	626.6039	0.20474	0.384467	0.340892	0.0699007	0.4845496	1.835551	2.152136	0.3355652
25536	-2634.047	-3260.581	626.5336	0.27231	0.227258	0.461968	0.0384652	0.4845496	1.835551	2.197801	0.3355652
25542	-2622.692	-3249.386	626.6943	0.201993	0.324752	0.444368	0.0288879	0.5100615	1.822896	2.104392	0.2475757
25548	-2618.94	-3245.265	626.325	0.165439	0.333281	0.456038	0.0452412	0.5100615	1.741585	2.394186	0.2475757
25554	-2639.515	-3265.714	626.1983	0.325584	0.271021	0.370846	0.0325495	0.7737172	1.662714	2.349357	0.2475757
25560	-2657.443	-3280.377	622.934	0.404395	0.234407	0.150522	0.210676	1.40755	1.681255	3.195004	1.606062
25566	-2648.462	-3269.752	621.2901	0.476489	0.189371	0.127868	0.206272	1.46816	1.701407	3.571546	2.913885
25572	-2646.815	-3269.34	622.5257	0.375897	0.208384	0.19544	0.220279	1.46816	1.612072	3.571546	1.355391
25578	-2639.337	-3261.754	622.4168	0.34465	0.0507782	0.450199	0.154373	1.698553	1.677246	3.305224	1.712074
25584	-2634.201	-3256.389	622.1887	0.364908	0.342951	0.127792	0.164348	1.29927	1.605171	3.594087	1.903206
25590	-2650.559	-3271.721	621.1621	0.449202	0.0783009	0.12451	0.347987	1.29927	1.532373	3.890785	2.744513
25596	-2656.957	-3277.772	620.815	0.458483	0.0747845	0.111557	0.355176	1.717079	1.53297	3.961294	2.533188
25602	-2654.715	-3275.112	620.3971	0.468365	0.0448517	0.134439	0.352345	1.450005	1.587338	4.048541	3.243362
25608	-2654.935	-3275.195	620.2609	0.454448	0.0732318	0.130444	0.341876	1.663435	1.529798	4.518317	1.991776
25614	-2657.232	-3274.748	617.5164	0.406203	0.26366	0.0344291	0.295708	1.836968	1.376481	5.594008	3.249411
25620	-2653.749	-3272.564	618.8149	0.514096	0.0723555	0.087721	0.325828	1.836968	1.476671	4.925144	2.929549
25626	-2647.676	-3269.065	621.3881	0.425525	0.09433	0.203732	0.276413	1.876762	1.50858	4.111662	1.317927
25632	-2636.474	-3258.405	621.9304	0.523167	0.111817	0.114145	0.250871	1.602811	1.808046	3.755853	1.317927
25638	-2640.596	-3263.007	622.411	0.377795	0.227048	0.0867237	0.308433	1.347664	1.619562	3.978694	0.848318
25644	-2645.668	-3267.573	621.9054	0.36944	0.155538	0.182086	0.292935	1.405939	1.632983	4.177487	0.9370908
25650	-2652.569	-3272.687	620.1188	0.449741	0.259134	0.124235	0.16689	1.275278	1.387657	5.231656	1.209459
25656	-2646.155	-3267.78	621.6254	0.496407	0.0998165	0.130187	0.27359	1.492919	1.726955	4.008231	1.361967
25662	-2640.169	-3262.47	622.3007	0.495266	0.183904	0.111344	0.209486	1.385637	1.487496	3.837697	1.313408
25668	-2647.474	-3270.3	622.8264	0.433527	0.160979	0.114441	0.291053	1.491859	1.735337	3.572749	0.8925896
25674	-2636.596	-3259.414	622.8178	0.436066	0.139739	0.109259	0.314935	1.416922	1.697781	3.572749	1.002663
25680	-2642.059	-3265.755	623.696	0.349018	0.209872	0.189043	0.252068	1.329309	1.578403	3.572749	0.3027219
25686	-2644.688	-3269.174	624.4856	0.384805	0.128855	0.208427	0.277914	1.013551	1.428338	3.352995	0.3639412
25692	-2645.665	-3270.778	625.1124	0.391812	0.128947	0.362048	0.117193	0.8355667	1.521496	3.063242	0.24776
25698	-2649.94	-3275.414	625.4748	0.460477	0.137827	0.276432	0.125264	1.074203	1.72554	2.571887	0.24776
25704	-2636.87	-3261.77	624.9008	0.425697	0.112233	0.255552	0.206518	1.502114	1.683455	2.709235	0.24776
25710	-2662.89	-3287.906	625.0166	0.460584	0.107823	0.238959	0.192634	1.425262	1.62426	2.709235	0.2982721
25716	-2650.849	-3272.686	621.8372	0.461523	0.0881318	0.18489	0.265455	1.621846	1.559744	3.44402	2.41937
25722	-2650.384	-3272.677	622.2934	0.417615	0.0519612	0.289111	0.241312	1.378285	1.565923	3.385534	2.200409
25728	-2644.395	-3266.115	621.7199	0.37179	0.155991	0.257387	0.214832	1.378285	1.64161	4.009446	1.463157
25734	-2641.014	-3262.873	621.8591	0.549605	0.00617495	0.286836	0.157383	1.279424	1.592079	4.009446	1.463157
25740	-2619.702	-3242.021	622.3188	0.429998	0.00624303	0.276101	0.287658	1.395598	1.618046	3.444488	1.938075
25746	-2644.534	-3264.982	620.4483	0.465779	0.0147874	0.17246	0.346974	1.424544	1.608204	4.064014	3.110522
25752	-2657.419	-3280.988	623.5684	0.368384	0.286054	0.0880631	0.2575	1.977252	1.844913	2.880179	0.8211956
25758	-2653.685	-3277.303	623.6182	0.364578	0.204016	0.170395	0.261011	1.606502	1.894117	2.880179	1.012614
25764	-2625.428	-3247.938	622.5091	0.32635	0.25687	0.183139	0.233642	1.432514	1.742703	3.590429	1.229727
25770	-2628.633	-3251.035	622.4025	0.234834	0.400711	0.207386	0.157069	1.284304	1.719683	3.503017	1.70344
25776	-2650.501	-3270.89	620.3896	0.46938	0.210319	0.100278	0.220022	2.195177	1.608204	4.65682	0.9995529
25782	-2653.197	-3273.918	620.7213	0.415028	0.231863	0.11055	0.242559	1.935522	1.672526	4.043127	2.019035
25788	-2650.686	-3270.526	619.8398	0.368976	0.0928444	0.274477	0.263703	1.985698	1.472981	4.717197	1.82223
25794	-2669.65	-3292.266	622.6158	0.427559	0.207002	0.224132	0.141307	0.4811497	1.529628	3.535501	2.725776
25800	-2656.353	-3279.678	623.3248	0.42905	0.281462	0.0607039	0.228784	1.947582	1.841967	3.058108	0.7954602
25806	-2637.422	-3261.197	623.7745	0.349661	0.336337	0.072539	0.241463	1.160683	1.734063	3.184795	0.9073023
25812	-2623.309	-3247.681	624.3718	0.382316	0.379441	0.0033737	0.234869	1.122207	1.986831	2.754597	0.81277
25818	-2652.402	-3272.178	619.7753	0.138279	0.523452	0.0142589	0.32401	1.954884	1.594724	4.937011	1.316627
25824	-2654.039	-3274.515	620.4757	0.287269	0.207966	0.0296223	0.475142	1.954884	1.609996	4.334102	1.736712
25830	-2643.094	-3264.396	621.3018	0.313936	0.293696	0.0358179	0.35655	1.63757	1.661956	4.038375	1.60827
25836	-2632.993	-3254.299	621.3057	0.411482	0.233382	0.0718074	0.283329	1.552773	1.451772	4.204081	1.5918
25842	-2630.87	-3251.628	620.7581	0.47787	0.0890163	0.177117	0.255996	1.654616	1.542257	4.593235	1.2329
25848	-2645.086	-3266.197	621.1108	0.484851	0.139106	0.179705	0.196338	1.428778	1.455306	4.721019	0.9246216
25854	-2642.589	-3262.886	620.2965	0.511282	0.0897164	0.0906991	0.308302	1.787004	1.324904	4.671309	1.730955
25860	-2640.223	-3261.365	621.1417	0.580653	0.0233254	0.075728	0.320294	1.41603	1.568707	4.159261	1.895514
25866	-2651.91	-3273.195	621.285	0.618361	0.0307114	0.0890378	0.26189	1.674164	1.769895	3.327927	3.216917
25872	-2643.442	-3264.797	621.3545	0.398105	0.0731013	0.0798787	0.448915	1.754814	1.846912	3.412294	2.632506
25878	-2651.899	-3272.381	620.4827	0.458242	0.061654	0.0849669	0.395137	1.754814	1.792638	3.412294	4.308577
25884	-2640.974	-3261.728	620.7547	0.498146	0.059312	0.062414	0.380128	1.754814	1.812624	3.782144	2.628309
25890	-2638.921	-3258.786	619.8656	0.473645	0.103132	0.20114	0.222083	1.877882	1.546028	3.909057	4.120852
25896	-2652.744	-3273.153	620.4088	0.483409	0.0719408	0.21799	0.226661	1.390588	1.407657	4.164708	3.272175
25902	-2637.04	-3261.498	624.4577	0.191118	0.335861	0.35918	0.113841	0.7650069	1.573172	3.434819	0.3623828
25908	-2639.863	-3264.939	625.0759	0.171537	0.528798	0.197487	0.102177	0.7466448	1.689244	2.909642	0.5462279
25914	-2642.175	-3267.658	625.4827	0.266273	0.23513	0.300018	0.198579	0.5092382	1.607201	2.994268	0.2378982
25920	-2665.216	-3281.621	616.4054	0.453991	0.272117	0.0740198	0.199873	2.268823	1.561343	4.996779	7.150334
25926	-2648.439	-3269.881	621.4413	0.443065	0.265568	0.0963051	0.195062	1.821804	1.565789	4.362544	0.7987767
25932	-2633.93	-3258.877	624.9467	0.30107	0.268843	0.241503	0.188584	1.034574	1.694634	2.918041	0.3387796
25938	-2632.738	-3257.525	624.7871	0.31587	0.289984	0.196292	0.197854	1.165967	1.646898	2.985323	0.2525031
25944	-2620.665	-3246.203	625.5379	0.298176	0.434164	0.138145	0.129515	0.5867166	1.728106	2.632869	0.6623388
25950	-2623.229	-3248.721	625.492	0.275448	0.321901	0.234358	0.168292	0.7315536	1.776788	2.260763	1.086501
25956	-2623.87	-3250.055	626.1849	0.289948	0.244042	0.298919	0.167091	0.8613831	1.72136	2.260763	0.233151
25962	-2633.345	-3259.663	626.3184	0.25067	0.346447	0.258427	0.144457	0.6200348	1.683212	2.343062	0.3385155
25968	-2649.913	-3275.182	625.2685	0.289385	0.2353	0.175519	0.299796	0.9629533	1.726648	2.054614	1.466396
25974	-2667.112	-3291.773	624.6606	0.337906	0.135071	0.204948	0.322076	1.095567	1.709521	2.373501	1.466396
25980	-2642.434	-3265.797	623.3632	0.465322	0.178909	0.171993	0.183775	1.34716	1.642569	2.476931	2.778329
25986	-2650.475	-3272.87	622.3949	0.294654	0.370116	0.0458769	0.289353	1.247238	1.637736	2.922263	3.351832
25992	-2654.884	-3275.001	620.1166	0.490043	0.109587	0.217441	0.182929	1.539174	1.671348	4.119152	3.235625
25998	-2649.926	-3271.287	621.3608	0.42472	0.106077	0.261378	0.207826	1.080635	1.558649	4.411367	1.477036
26004	-2641.773	-3263.45	621.6771	0.302431	0.29803	0.214057	0.185483	1.437591	1.614318	4.172066	1.1691
26010	-2643.65	-3265.945	622.2951	0.31964	0.319609	0.199764	0.160988	0.4798612	1.346967	4.957445	0.3725086
26016	-2635.516	-3258.205	622.6889	0.223364	0.263556	0.358059	0.155021	0.6729055	1.316042	4.643461	0.3725086
26022	-2617.402	-3241.063	623.6611	0.311391	0.368928	0.171424	0.148257	0.7301671	1.608409	3.768606	0.5980002
26028	-2638.661	-3264.229	625.5679	0.377941	0.333407	0.154785	0.133867	0.7598849	1.691202	2.468627	0.7454379
26034	-2651.306	-3276.955	625.649	0.43991	0.286818	0.180164	0.0931093	0.6407054	1.691202	2.601403	0.5862571
26040	-2639.141	-3264.018	624.8772	0.315328	0.260113	0.279903	0.144655	0.9313938	1.590585	3.103513	0.2506719
26046	-2636.013	-3262.026	626.0131	0.388995	0.226901	0.212005	0.172099	0.8659646	1.643515	2.417836	0.2506719
26052	-2627.19	-3253.283	626.0929	0.440947	0.29682	0.240319	0.021914	0.6885408	1.754957	2.414745	0.2506719
26058	-2646.899	-3273.837	626.9381	0.235411	0.288175	0.463621	0.0127931	0.3839261	1.834275	2.012699	0.2506719
26064	-2651.381	-3278.36	626.9787	0.378361	0.307758	0.300204	0.0136761	0.4392449	1.811704	1.968754	0.2506719
26070	-2653.803	-3276.913	623.1102	0.368443	0.105188	0.159263	0.367107	1.305578	1.878525	2.718378	2.272579
26076	-2639.251	-3262.398	623.1473	0.392185	0.144943	0.115198	0.347674	1.215796	1.590699	3.483781	1.118256
26082	-2670.781	-3295.392	624.6112	0.291313	0.300551	0.348231	0.059904	0.3919489	1.529644	3.614668	0.2881057
26088	-2676.089	-3301.051	624.9622	0.29111	0.300342	0.353902	0.0546466	0.6299232	1.62513	3.215968	0.2881057
26094	-2653.87	-3277.555	623.6855	0.342782	0.257761	0.31643	0.0830269	1.048254	1.428351	3.825676	0.2353968
26100	-2645.849	-3267.348	621.4991	0.20037	0.296854	0.326896	0.17588	1.628112	1.374438	4.796483	0.2646064
26106	-2643.988	-3267.106	623.1175	0.210019	0.229092	0.342638	0.21825	0.9132028	1.372356	4.259604	0.2646064
26112	-2640.007	-3263.899	623.8922	0.433045	0.212338	0.22183	0.132787	1.351891	1.505253	3.46639	0.1725552
26118	-2632.465	-3256.331	623.8652	0.375395	0.188575	0.192298	0.243731	1.398632	1.520702	3.478161	0.2650106
26124	-2617.99	-3242.147	624.157	0.373883	0.187815	0.195552	0.24275	1.42906	1.509976	3.290005	0.2070271
26130	-2631.351	-3254.348	622.9979	0.534922	0.104843	0.160722	0.199513	1.571031	1.444186	3.933986	0.2191093
26136	-2637.923	-3261.452	623.5296	0.39995	0.0972065	0.162972	0.339872	1.571031	1.526696	3.579739	0.2191093
26142	-2637.621	-3260.791	623.1705	0.397192	0.103432	0.161848	0.337528	1.571031	1.79877	2.944675	1.515802
26148	-2645.987	-3268.629	622.6419	0.421751	0.0822074	0.171855	0.324186	1.484985	1.568796	3.438289	1.515802
26154	-2621.077	-3242.926	621.8492	0.351656	0.213466	0.268226	0.166652	1.54935	1.74545	4.007568	1.054481
26160	-2625.189	-3247.343	622.1538	0.365666	0.203292	0.252	0.179042	1.54935	1.606474	4.155791	0.6422565
26166	-2635.905	-3256.737	620.8323	0.457142	0.11359	0.277366	0.151903	1.342777	1.574538	4.131292	2.478148
26172	-2651.691	-3273.224	621.5328	0.487643	0.136643	0.223989	0.151724	1.316386	1.639513	4.179034	1.403228
26178	-2641.467	-3261.327	619.8596	0.434184	0.0878256	0.264164	0.213826	1.545684	1.411312	4.848027	2.03097
26184	-2649.834	-3270.825	620.9903	0.528425	0.119214	0.154076	0.198284	1.582483	1.570277	4.591945	1.027503
26190	-2634.791	-3257.55	622.7589	0.443353	0.100021	0.144006	0.31262	1.333599	1.541888	3.721892	1.034863
26196	-2621.84	-3242.473	620.6325	0.456607	0.102587	0.118839	0.321967	1.916056	1.717366	4.096852	1.97202
26202	-2636.251	-3258.374	622.1234	0.437532	0.215852	0.0647301	0.281886	1.838448	1.8966	2.942308	2.490703
26208	-2639.668	-3261.872	622.2038	0.380564	0.178189	0.208547	0.232701	1.334733	1.936445	3.359147	1.933928
26214	-2638.646	-3261.237	622.5908	0.380564	0.178189	0.208547	0.232701	1.648537	1.85439	3.095789	1.765852
26220	-2645.461	-3269.01	623.5482	0.291097	0.26627	0.397159	0.0454742	0.6449201	1.9244	3.055174	1.765852
26226	-2628.701	-3252.223	623.522	0.223881	0.408268	0.328518	0.0393337	0.4058936	1.685903	3.321385	1.834054
26232	-2618.78	-3243.149	624.3685	0.448574	0.173158	0.247371	0.130896	1.561032	1.624818	3.036585	0.2497183
26238	-2623.262	-3247.868	624.6063	0.417287	0.16108	0.307575	0.114057	1.09113	1.523726	3.179693	0.3653081
26244	-2626.121	-3251.996	625.8756	0.417287	0.16108	0.307575	0.114057	0.9936785	1.666761	2.406735	0.2345796
26250	-2628.098	-3254.119	626.0208	0.417287	0.16108	0.307575	0.114057	0.8549636	1.656588	2.406735	0.2163956
26256	-2625.311	-3248.545	623.2339	0.391697	0.18084	0.345305	0.0821585	1.289126	1.444066	3.921785	0.1798713
26262	-2613.052	-3234.398	621.3465	0.437945	0.112385	0.363243	0.0864266	1.102385	1.398767	4.117581	2.347064
26268	-2637.34	-3258.737	621.3972	0.537995	0.0854613	0.217605	0.158938	1.1384	1.415274	4.117581	2.20171
26274	-2645.882	-3268.214	622.3319	0.393081	0.0888946	0.299367	0.218657	1.330148	1.385491	4.117581	0.9314514
26280	-2641.345	-3261.956	620.6107	0.399544	0.323712	0.177433	0.0993115	1.214731	1.56664	5.030202	0.9526697
26286	-2630.614	-3253.437	622.8235	0.171715	0.440261	0.225264	0.16276	0.8112297	1.307508	3.935768	1.362352
26292	-2640.599	-3262.904	622.3056	0.187872	0.481685	0.24646	0.0839834	0.3413595	1.526766	4.368734	1.362352
26298	-2654.653	-3278.887	624.234	0.159062	0.464034	0.206665	0.170239	0.271433	1.720594	3.543898	0.7041203
26304	-2674.063	-3295.654	621.5906	0.307739	0.283984	0.297957	0.11032	0.4099801	1.505718	4.634723	1.605206
26310	-2660.761	-3284.343	623.5815	0.649087	0.0219009	0.0898384	0.239173	1.359534	1.780158	2.549603	2.066493
26316	-2651.168	-3275.46	624.292	0.546295	0.0608782	0.19153	0.201297	1.211543	1.921901	2.140791	1.968402
26322	-2631.766	-3256.324	624.5577	0.440975	0.104584	0.291952	0.162489	0.8565328	1.757157	2.329231	1.913257
26328	-2619.975	-3244.933	624.9577	0.537068	0.0205021	0.244533	0.197897	0.8322258	1.644985	2.404991	1.447281
26334	-2642.894	-3266.74	623.8464	0.309287	0.360755	0.135309	0.194648	1.142208	1.747429	2.506818	2.118843
26340	-2627.262	-3249.679	622.417	0.407581	0.205265	0.158765	0.22839	1.428258	1.734799	3.105445	2.396704
26346	-2622.102	-3246.511	624.4099	0.432151	0.217296	0.144957	0.205596	1.216047	1.797599	2.156733	1.939041
26352	-2626.044	-3249.596	623.5524	0.526374	0.0466402	0.176563	0.250422	1.469877	1.797744	2.55552	1.939041
26358	-2644.725	-3267.649	622.9246	0.477205	0.0803663	0.222875	0.219553	1.378724	1.801125	2.261743	3.820588
26364	-2639.14	-3263.099	623.9588	0.451722	0.05801	0.275727	0.214541	1.007221	1.811728	2.418294	2.253594
26370	-2633.22	-3255.977	622.757	0.438006	0.101332	0.206287	0.254375	1.349609	1.597999	3.185971	2.020182
26376	-2632.659	-3254.038	621.3792	0.544775	0.0121582	0.385027	0.0580398	1.432595	1.593209	3.532716	3.109771
26382	-2646.944	-3270.039	623.0951	0.352748	0.0528939	0.411474	0.182885	1.178863	1.643968	2.994847	2.148615
26388	-2640.787	-3264.737	623.9499	0.360535	0.0520426	0.404851	0.182571	1.017887	1.760664	2.571154	1.985841
26394	-2640.674	-3262.635	621.9611	0.295396	0.0476822	0.375138	0.281784	1.454371	1.644022	2.874248	3.954647
26400	-2639.89	-3259.672	619.7812	0.442717	0.0414659	0.326232	0.189586	1.173279	1.589429	4.230346	4.290554
26406	-2638.928	-3259.032	620.1042	0.513248	0.115797	0.233324	0.13763	1.990465	1.593894	4.336042	2.208403
26412	-2617.954	-3238.624	620.6696	0.545187	0.13785	0.199365	0.117599	1.473208	1.603327	3.891566	3.183745
26418	-2627.497	-3247.571	620.0735	0.337425	0.222148	0.290275	0.150152	1.473208	1.519555	3.653738	5.447897
26424	-2621.733	-3243.698	621.9652	0.312252	0.208745	0.216695	0.262308	1.514972	1.662953	3.431313	2.247238
26430	-2645.888	-3268.506	622.6176	0.51977	0.104966	0.289309	0.085955	1.052559	1.459864	3.77141	1.468723
26436	-2645.904	-3266.042	620.1378	0.37492	0.0575224	0.372411	0.195147	1.673037	1.413757	4.372628	2.7003
26442	-2627.507	-3247.767	620.2604	0.513683	0.0788123	0.205356	0.202149	1.410206	1.470744	4.129086	3.506962
26448	-2632.007	-3254.191	622.1849	0.4716	0.0680934	0.146722	0.313584	1.28977	1.372072	3.973556	1.403453
26454	-2636.724	-3256.088	619.364	0.330806	0.124842	0.428418	0.115934	1.14917	1.648718	4.336781	4.705558
26460	-2646.178	-3268.202	622.0234	0.399872	0.298261	0.0948481	0.207019	1.532993	1.589189	3.835222	1.370017
26466	-2638.938	-3261.779	622.8411	0.466094	0.154448	0.138155	0.241302	1.31208	1.587001	3.67035	1.016079
26472	-2631.236	-3255.791	624.5557	0.240318	0.260001	0.375266	0.124415	0.7717302	1.765531	2.476638	1.721586
26478	-2628.578	-3253.798	625.2201	0.184823	0.392225	0.33402	0.0889329	0.4773824	1.785912	2.710837	0.8953296
26484	-2632.654	-3257.147	624.4929	0.161263	0.377612	0.375505	0.0856196	0.5518159	1.518631	3.296212	0.8414692
26490	-2650.055	-3272.992	622.9364	0.378363	0.370463	0.190075	0.0610982	1.144781	1.74229	3.218438	1.776619
26496	-2662.807	-3286.211	623.4044	0.438875	0.162483	0.25928	0.139363	1.272615	1.436376	3.334075	1.223081
26502	-2626.605	-3247.34	620.7354	0.384817	0.143555	0.381523	0.0901054	1.084856	1.365643	4.803292	1.612873
26508	-2633.527	-3253.763	620.2363	0.522925	0.101405	0.269502	0.106168	1.155031	1.380675	5.121746	1.430331
26514	-2645.552	-3270.116	624.5641	0.379367	0.206749	0.363208	0.0506766	0.6457907	1.700889	2.775189	1.376232
26520	-2653.417	-3276.789	623.3725	0.291752	0.39813	0.271146	0.0389728	0.4351754	1.566699	3.659708	1.428708
26526	-2645.871	-3268.355	622.4842	0.22566	0.325776	0.38092	0.0676436	0.4351754	1.551854	4.693122	0.5070247
26532	-2649.654	-3272.072	622.4182	0.199612	0.450339	0.213467	0.136582	0.6168075	1.628205	4.402227	0.8170943
26538	-2637.155	-3260.111	622.9557	0.30968	0.22515	0.308065	0.157104	0.7437907	1.629392	4.031243	0.7988347
26544	-2638.954	-3262.121	623.1674	0.411178	0.197703	0.27051	0.120608	0.8173548	1.693399	3.809036	0.8320355
26550	-2660.581	-3284.503	623.9224	0.427188	0.179119	0.172297	0.221396	1.284741	1.726645	2.425431	2.03814
26556	-2673.015	-3296.958	623.9429	0.303773	0.288449	0.250344	0.157434	0.733846	1.532431	3.431299	0.9530112
26562	-2647.599	-3268.502	620.9033	0.216675	0.36904	0.307275	0.10701	0.5826103	1.476292	4.973961	1.533916
26568	-2648.961	-3271.33	622.3689	0.216675	0.36904	0.307275	0.10701	0.5826103	1.843365	2.939115	4.249331
26574	-2652.661	-3274.578	621.9168	0.210297	0.333955	0.298231	0.157517	0.3633037	1.770596	3.208259	4.858272
26580	-2641.772	-3264.197	622.425	0.224369	0.398497	0.189175	0.187959	0.6444933	1.999298	2.595721	4.868619
26586	-2637.222	-3260.224	623.002	0.360384	0.350875	0.185171	0.103571	0.7255403	2.053933	3.151668	1.983951
26592	-2642.014	-3263.657	621.6432	0.278685	0.266084	0.378205	0.0770264	0.7273012	1.696144	3.611296	3.436912
26598	-2644.094	-3267.766	623.6711	0.278685	0.266084	0.378205	0.0770264	0.7165128	1.688619	3.614992	0.7776429
26604	-2643.653	-3267.007	623.354	0.272868	0.360455	0.278881	0.0877966	0.6958432	1.625282	3.885674	0.7143146
26610	-2681.977	-3303.429	621.4528	0.572338	0.00864222	0.202913	0.216106	1.624477	1.632586	3.371649	3.106858
26616	-2650.693	-3271.225	620.5317	0.572128	0.00265521	0.0989097	0.326307	1.501487	1.715552	3.617544	4.075348
26622	-2655.628	-3282.109	626.4804	0.238465	0.474522	0.281225	0.00578771	0.3338345	1.650103	2.438093	0.3154674
26628	-2656.579	-3283.077	626.4981	0.257442	0.380837	0.357076	0.00464503	0.5443809	1.83709	2.141582	0.4144387
26634	-2665.412	-3284.972	619.5594	0.563268	0.00288579	0.0187489	0.415097	1.492888	1.346661	4.482489	3.747219
26640	-2657.21	-3275.611	618.4012	0.505582	0.000411438	0.0586421	0.435364	1.492888	1.398437	4.802293	4.865315
26646	-2644.602	-3265.425	620.8233	0.495492	0.000403227	0.325989	0.178116	1.301644	1.341843	4.451063	2.070943
26652	-2668.349	-3288.28	619.9303	0.479125	0.00024902	0.286994	0.233632	1.305757	1.437909	4.73323	2.484826
26658	-2631.549	-3252.494	620.9448	0.466222	0.000706044	0.462119	0.0709524	1.305757	1.527422	3.805917	3.357929
26664	-2627.421	-3246.925	619.5039	0.465819	0.00156983	0.46172	0.070891	1.631627	1.46122	4.666608	2.856307
26670	-2631.639	-3250.526	618.8866	0.610402	0.00104918	0.304042	0.0845067	1.174977	1.54677	4.771878	4.23454
26676	-2638.946	-3260.343	621.3963	0.443958	0.00149741	0.433935	0.12061	1.160768	1.643177	3.559081	3.348588
26682	-2626.099	-3247.061	620.9617	0.494871	0.00151276	0.347355	0.156261	1.228714	1.71199	3.175402	5.341527
26688	-2648.958	-3269.809	620.8506	0.503259	0.00155628	0.34154	0.153645	1.228714	1.748791	3.94637	2.845986
26694	-2653.045	-3274.177	621.1322	0.65627	0.117126	0.0923215	0.134283	1.491932	1.744708	3.165751	4.383005
26700	-2670.168	-3290.605	620.4369	0.246131	0.00418031	0.425095	0.324594	1.719114	1.556435	3.918351	3.229767
26706	-2679.533	-3301.014	621.4806	0.513243	0.00348938	0.224295	0.258972	2.021729	1.521292	3.918351	1.45561
26712	-2664.235	-3288.158	623.9228	0.562126	0.0537841	0.202144	0.181945	1.051723	1.96544	2.084041	2.793462
26718	-2667.551	-3293.04	625.4885	0.404056	0.283321	0.143863	0.16876	1.037334	1.823124	2.076142	1.012434
26724	-2650.788	-3275.99	625.2021	0.404056	0.283321	0.143863	0.16876	0.8543724	1.896006	1.880559	1.788281
26730	-2650.518	-3275.593	625.0742	0.320979	0.225067	0.319893	0.134062	0.9191041	1.797451	2.065362	1.645219
26736	-2661.484	-3287.622	626.1377	0.362448	0.173133	0.375783	0.0886364	0.421287	1.664519	2.392699	0.6736428
26742	-2673.686	-3299.199	625.513	0.204177	0.510627	0.211689	0.0735069	0.4444141	1.634815	2.670341	0.8521906
26748	-2668.636	-3294.082	625.4465	0.324305	0.345412	0.28056	0.0497234	0.4732188	1.762066	2.136044	1.66819
26754	-2642.477	-3266.705	624.228	0.346699	0.275613	0.351726	0.0259622	0.3825965	1.55142	3.367628	1.110578
26760	-2628.419	-3252.104	623.6851	0.486741	0.217746	0.277879	0.0176346	0.6957878	1.668384	3.887916	0.3115864
26766	-2639.571	-3263.689	624.1174	0.450933	0.253965	0.267269	0.0278335	0.71194	1.528603	3.403279	0.8558211
26772	-2625.433	-3249.435	624.0022	0.452237	0.254699	0.268042	0.0250217	0.4907808	1.782705	3.403279	0.9448892
26778	-2622.924	-3246.093	623.1685	0.404348	0.256442	0.269876	0.0693337	0.6652115	1.643299	4.022404	0.6776038
26784	-2633.247	-3257.243	623.9963	0.112623	0.345312	0.431979	0.110086	0.5386905	1.619419	3.112585	1.608871
26790	-2639.513	-3263.032	623.5182	0.480896	0.127146	0.359009	0.0329492	0.593446	1.548647	3.152448	2.15668
26796	-2660.636	-3283.502	622.8659	0.306295	0.267511	0.367111	0.0590832	0.5465798	1.555417	3.151873	3.242717
26802	-2648.355	-3271.242	622.8863	0.316049	0.242281	0.339567	0.102103	0.5463469	1.547271	3.124167	3.303544
26808	-2610.385	-3234.728	624.3428	0.312252	0.309367	0.301754	0.0766283	0.4413633	1.586827	3.124167	1.335609
26814	-2628.53	-3251.807	623.2768	0.252718	0.365202	0.291622	0.0904583	0.7082078	1.622677	3.256791	1.980436
26820	-2632.193	-3257.4	625.2069	0.354742	0.327164	0.237057	0.0810367	0.4079915	1.500302	3.256791	0.3481723
26826	-2631.436	-3253.374	621.9381	0.362877	0.281732	0.245334	0.110057	0.6886132	1.630771	3.897916	2.32464
26832	-2646.909	-3269.38	622.471	0.371148	0.288154	0.250926	0.0897715	0.7234426	1.48702	4.201845	1.14549
26838	-2633.163	-3256.406	623.2431	0.427964	0.163093	0.300645	0.108298	0.925494	1.500172	3.465264	1.456376
26844	-2652.11	-3273.974	621.8638	0.379617	0.239811	0.325595	0.0549776	1.055035	1.431797	4.753483	0.5037227
26850	-2648.028	-3270.475	622.4467	0.326442	0.240697	0.279987	0.152875	0.7174564	1.437164	4.4079	0.8612772
26856	-2639.383	-3261.549	622.1658	0.31384	0.26294	0.30586	0.11736	0.9150712	1.492276	4.208976	1.237993
26862	-2643.987	-3265.465	621.4786	0.313647	0.262778	0.278105	0.14547	0.9183823	1.415805	4.848558	0.8553056
26868	-2638.087	-3259.833	621.7463	0.353148	0.271773	0.287625	0.0874532	0.6009859	1.432678	4.569009	1.42596
26874	-2639.819	-3262.807	622.9879	0.333729	0.229025	0.0492668	0.387978	1.820267	1.744001	3.238186	1.020776
26880	-2645.469	-3266.385	620.9163	0.28217	0.193642	0.247274	0.276914	1.360344	1.663665	3.332114	4.667112
26886	-2647.934	-3270.799	622.8642	0.390304	0.246575	0.12984	0.233281	1.36775	1.663665	3.332114	1.477762
26892	-2657.548	-3281.383	623.8353	0.494612	0.200491	0.147312	0.157585	1.096064	1.487791	3.677166	0.2753359
26898	-2635.583	-3256.529	620.9466	0.432472	0.192333	0.180208	0.194987	1.494992	1.508631	4.618485	1.163853
26904	-2622.162	-3243.559	621.3973	0.432472	0.192333	0.180208	0.194987	1.780941	1.584824	4.050704	1.425923
26910	-2641.943	-3264.57	622.6272	0.393555	0.33382	0.0861294	0.186495	2.054676	1.704462	3.417691	0.9373758
26916	-2636.702	-3259.781	623.0787	0.347428	0.23077	0.0853707	0.336431	1.334154	1.674103	3.417691	1.106926
26922	-2624.624	-3246.088	621.4641	0.310581	0.237775	0.150894	0.30075	1.788862	1.528742	4.078949	1.351296
26928	-2647.824	-3269.629	621.8051	0.450521	0.164534	0.12861	0.256335	1.47831	1.510461	4.416921	0.6842064
26934	-2647.377	-3268.794	621.4173	0.380786	0.148413	0.26772	0.20308	1.531096	1.604431	3.682812	2.480578
26940	-2650.155	-3272.488	622.3331	0.489269	0.162616	0.197955	0.15016	0.8593297	1.400696	3.842994	1.98075
26946	-2647.124	-3266.515	619.3912	0.48797	0.198752	0.0406852	0.272592	2.262339	1.361766	4.94719	1.754268
26952	-2655.522	-3277.442	621.9201	0.434734	0.211692	0.129931	0.223643	1.26953	1.243472	4.438292	0.9738722
26958	-2647.38	-3270.856	623.4761	0.36498	0.338178	0.109083	0.187759	0.8887656	1.464815	3.230905	1.741036
26964	-2648.418	-3269.992	621.5739	0.467054	0.130792	0.179052	0.223103	0.9959475	1.212854	3.944151	2.914391
26970	-2640.539	-3261.321	620.7823	0.231963	0.216648	0.245496	0.305893	1.458708	1.459785	4.163471	2.48591
26976	-2651.034	-3273.423	622.3884	0.345273	0.423531	0.146726	0.0844695	1.232167	1.626379	2.884683	3.522673
26982	-2664.693	-3284.842	620.1488	0.453815	0.246177	0.0730773	0.22693	1.214874	1.344812	4.809394	2.226818
26988	-2652.71	-3270.696	617.9862	0.438833	0.248469	0.0767679	0.23593	1.27265	1.432693	5.721377	2.783517
26994	-2638.398	-3255.687	617.2891	0.536502	0.178014	0.116453	0.169031	1.672097	1.353652	5.595523	3.957704
27000	-2639.833	-3258.302	618.4688	0.46997	0.157168	0.143903	0.228959	1.561906	1.302128	5.785342	1.75704
27006	-2652.248	-3269.415	617.1663	0.459735	0.156508	0.196003	0.187754	1.892586	1.334262	5.074706	6.044569
27012	-2641.9	-3261.774	619.8747	0.528383	0.127305	0.128522	0.21579	1.778748	1.394143	4.438598	2.828125
27018	-2655.111	-3274.505	619.3932	0.481608	0.201842	0.162094	0.154457	1.760874	1.59448	4.502403	3.130914
27024	-2655.15	-3274.496	619.3458	0.460556	0.0945066	0.325322	0.119615	1.952544	1.524503	4.038839	4.665464
27030	-2680.35	-3297.32	616.9697	0.39928	0.0850485	0.249122	0.266549	1.293885	1.419594	5.969122	3.760769
27036	-2675.592	-3293.042	617.4498	0.51513	0.107476	0.156577	0.220817	1.419683	1.639075	5.11643	5.356418
27042	-2659.249	-3279.748	620.4987	0.393547	0.193276	0.185523	0.227654	1.490898	1.543097	4.6274	1.613285
27048	-2654.115	-3275.685	621.5695	0.411683	0.183834	0.194073	0.210411	1.521263	1.71984	3.552668	2.428773
27054	-2654.394	-3276.246	621.852	0.419774	0.0928322	0.178544	0.30885	1.895102	1.699177	3.737989	1.299616
27060	-2656.329	-3277.242	620.913	0.340481	0.0726562	0.273818	0.313045	1.895102	1.740133	3.85831	2.147727
27066	-2654.352	-3275.063	620.7106	0.382332	0.260108	0.0693107	0.288248	1.797215	1.747605	4.330883	1.445911
27072	-2637.729	-3259.431	621.7016	0.518681	0.145528	0.0650911	0.2707	1.608149	1.747605	3.738756	1.68223
27078	-2642.544	-3265.43	622.8863	0.449528	0.230702	0.0564128	0.263358	1.418459	1.603653	3.028351	2.112369
27084	-2643.992	-3264.285	620.2931	0.477932	0.0867069	0.155362	0.279999	1.309015	1.508821	4.4219	2.664932
27090	-2641.822	-3263.875	622.0537	0.345077	0.230393	0.274795	0.149735	1.310459	1.796026	2.974822	3.419075
27096	-2624.334	-3246.143	621.8092	0.312505	0.200662	0.239334	0.247499	0.958505	1.690396	4.480207	0.8666915
27102	-2642.963	-3265.711	622.7477	0.412904	0.115587	0.144497	0.327013	1.50841	1.468435	3.569124	1.236449
27108	-2630.159	-3251.854	621.6955	0.494326	0.202812	0.124501	0.178361	1.373476	1.600901	3.357519	3.1578
27114	-2636.596	-3261.094	624.4977	0.532505	0.0874275	0.0834321	0.296636	1.160586	1.661646	2.910586	0.7230388
27120	-2654.357	-3275.831	621.4745	0.360935	0.257465	0.180539	0.201061	2.18951	1.508479	4.265218	0.7230388
27126	-2657.491	-3279.474	621.9828	0.486887	0.100092	0.351124	0.0618965	1.184811	1.471869	4.272653	1.055592
27132	-2644.383	-3265.715	621.332	0.530656	0.0186955	0.245881	0.204767	1.529844	1.541337	4.179808	1.528604
27138	-2629.226	-3249.644	620.4184	0.477863	0.0120782	0.22142	0.288639	1.632312	1.568722	3.708665	4.059386
27144	-2644.882	-3265.541	620.6582	0.493075	0.0124626	0.315902	0.17856	1.090447	1.610287	2.57857	9.969726
27150	-2634.723	-3253.611	618.888	0.480147	0.0383533	0.30762	0.173879	1.037246	1.666938	3.978543	7.900911
27156	-2652.893	-3273.749	620.8553	0.349777	0.137664	0.343224	0.169336	1.186338	1.485398	4.052342	3.032777
27162	-2657.671	-3278.176	620.505	0.51182	0.133327	0.246142	0.108711	1.186338	1.34667	5.256079	0.8984101
27168	-2646.308	-3266.656	620.3483	0.400811	0.10441	0.409647	0.0851324	1.405103	1.409805	5.069586	1.129206
27174	-2653.931	-3276.419	622.4881	0.380961	0.0481204	0.475845	0.0950734	1.24567	1.569877	4.202346	0.5374453
27180	-2638.944	-3262.743	623.7993	0.426531	0.0455228	0.438005	0.0899414	1.316534	1.672578	3.299051	0.6194534
27186	-2652.177	-3274.807	622.6297	0.415617	0.0386834	0.320638	0.225061	1.370982	1.815362	3.490051	1.266106
27192	-2638.587	-3262.65	624.0626	0.355909	0.0457571	0.33799	0.260344	1.370982	1.624432	2.857444	1.080206
27198	-2650.158	-3272.579	622.421	0.301726	0.191028	0.286536	0.22071	1.296723	1.454457	3.703298	1.571234
27204	-2644.248	-3265.076	620.8284	0.37617	0.0969915	0.321993	0.204846	1.295672	1.465117	4.760263	1.255061
27210	-2649.503	-3272.292	622.7892	0.381182	0.110384	0.30086	0.207575	1.404198	1.604947	3.340152	1.580035
27216	-2636.856	-3259.147	622.2907	0.357159	0.0981591	0.20531	0.339372	1.96573	1.686203	3.419364	1.375201
27222	-2649.757	-3270.995	621.2377	0.337889	0.101046	0.37792	0.183145	0.7706562	1.57392	4.675651	1.423458
27228	-2650.385	-3273.202	622.8169	0.394552	0.155228	0.236363	0.213858	0.9937898	1.473487	4.169497	0.6036262
27234	-2629.575	-3253.476	623.901	0.529104	0.0830889	0.138557	0.24925	1.301442	1.680973	2.525273	1.896143
27240	-2638.997	-3262.667	623.6699	0.498333	0.0916908	0.175222	0.234755	1.356092	1.681941	2.884545	1.406391
27246	-2672.338	-3296.2	623.8623	0.488099	0.159515	0.189554	0.162832	1.451438	1.641922	2.8653	1.182684
27252	-2664.627	-3287.934	623.307	0.473548	0.117093	0.139143	0.270216	1.339881	1.568575	3.340244	1.111021
27258	-2651.589	-3274.926	623.3373	0.276577	0.484201	0.0650937	0.174129	1.442676	1.543011	3.17829	1.299881
27264	-2656.657	-3282.112	625.4549	0.241974	0.401467	0.318413	0.0381465	0.3839711	1.910405	2.092517	1.655599
27270	-2676.529	-3302.483	625.9541	0.187995	0.445753	0.353538	0.0127143	0.351384	1.849729	2.119413	1.143956
27276	-2663.754	-3290.191	626.4371	0.202086	0.412486	0.380037	0.00539211	0.4215855	1.842496	2.119413	0.6241275
27282	-2638.195	-3264.596	626.4002	0.345109	0.326797	0.327737	0.000356736	0.4215855	1.879349	2.119413	0.6241275
27288	-2619.353	-3246.053	626.6994	0.418671	0.183301	0.397596	0.000432776	0.376633	1.830951	2.119413	0.409449
27294	-2638.185	-3265.016	626.831	0.326493	0.370257	0.301873	0.00137631	0.376633	1.828208	2.086636	0.2895465
27300	-2656.742	-3283.45	626.7076	0.246111	0.341972	0.408219	0.00369786	0.3961189	1.865308	2.127509	0.3092136
27306	-2646.405	-3273.026	626.621	0.285058	0.32507	0.388043	0.00182857	0.3961189	1.865308	2.127509	0.4276375
27312	-2643.349	-3270.599	627.2506	0.250727	0.339031	0.404707	0.00553491	0.3227957	1.865308	1.775131	0.3623476
27318	-2612.489	-3239.904	627.415	0.254401	0.280578	0.458038	0.00698386	0.4162378	2.076951	1.484052	0.2859122
27324	-2619.58	-3247.064	627.4841	0.241545	0.476461	0.271992	0.0100023	0.36154	2.047779	1.484052	0.2976222
27330	-2630.865	-3258.041	627.1755	0.136427	0.546001	0.31169	0.00588238	0.3198501	2.020343	1.734427	0.3323634
27336	-2627.449	-3254.737	627.2879	0.341545	0.260601	0.372567	0.0252879	0.3178732	2.020343	1.537747	0.5187269
27342	-2633.588	-3260.968	627.3803	0.321527	0.242812	0.368832	0.066829	0.4330439	1.96483	1.538871	0.3833455
27348	-2643.133	-3268.866	625.7331	0.293109	0.336167	0.278201	0.0925231	0.6500289	1.646886	2.729333	0.270828
27354	-2653.605	-3279.159	625.5535	0.371057	0.299098	0.247524	0.0823207	0.6500289	1.644148	2.796198	0.3961617
27360	-2652.423	-3278.307	625.8838	0.350954	0.186818	0.410811	0.0514178	0.3993578	1.631823	2.796198	0.2214221
27366	-2640.795	-3267.117	626.3225	0.304675	0.1958	0.483113	0.0164121	0.3993578	1.646004	2.520631	0.2427846
27372	-2628.004	-3253.462	625.4586	0.393887	0.253131	0.331764	0.0212177	0.3993578	1.632718	3.054528	0.2339437
27378	-2624.537	-3251.085	626.5475	0.348576	0.198937	0.363116	0.0893716	0.3601875	1.732023	2.34359	0.2366544
27384	-2623.064	-3249.606	626.5428	0.427877	0.188728	0.296345	0.0870503	0.4158271	1.732023	2.318028	0.2366544
27390	-2671.925	-3294.409	622.4848	0.501799	0.111048	0.258101	0.129053	1.227782	1.438209	3.852387	1.295686
27396	-2659.913	-3283.333	623.4208	0.436775	0.0461963	0.224656	0.292372	1.227782	1.574773	2.965631	1.812333
27402	-2668.068	-3294.523	626.455	0.367697	0.355457	0.212114	0.0647314	0.424184	1.71896	2.131246	0.7046732
27408	-2641.897	-3267.707	625.8097	0.350486	0.33882	0.233463	0.077231	0.3443682	1.53837	2.911601	0.3268001
27414	-2671.616	-3296.359	624.7427	0.499528	0.150937	0.332741	0.0167946	0.5722665	1.620829	3.373486	0.1947188
27420	-2655.522	-3277.946	622.4239	0.437823	0.141413	0.304267	0.116497	0.4383783	1.402015	3.934689	2.231017
27426	-2650.009	-3272.604	622.5947	0.155304	0.593788	0.126571	0.124336	0.6606556	1.478969	4.343207	0.8468118
27432	-2659.188	-3282.849	623.6616	0.34448	0.225459	0.237393	0.192668	0.9124638	1.670396	3.279145	1.172972
27438	-2641.876	-3267.167	625.2907	0.386642	0.264115	0.266449	0.0827943	0.599025	1.693292	2.951648	0.4087338
27444	-2658.349	-3282.21	623.8613	0.205088	0.345417	0.228798	0.220697	1.305693	1.775759	2.544321	1.781865
27450	-2648.343	-3269.245	620.9023	0.344673	0.213867	0.234608	0.206852	0.722492	1.488185	4.656579	2.049744
27456	-2648.393	-3268.857	620.4638	0.377331	0.13938	0.256837	0.226451	1.106858	1.377455	4.815654	1.881715
27462	-2649.512	-3270.266	620.7547	0.199587	0.342897	0.158818	0.298699	0.8372956	1.536864	4.849298	1.585411
27468	-2647.916	-3269.237	621.3213	0.168563	0.489452	0.0143131	0.327672	1.387517	1.5402	4.068885	1.938551
27474	-2635.889	-3256.395	620.5056	0.522662	0.227654	0.0491751	0.200509	2.034486	1.569011	4.268418	1.821204
27480	-2627.328	-3247.308	619.9801	0.630355	0.143587	0.058064	0.167995	1.643725	1.555662	4.615064	2.125448
27486	-2627.813	-3251.121	623.3087	0.366469	0.293297	0.127019	0.213215	1.356613	1.899304	2.481023	2.443911
27492	-2638.873	-3261.749	622.876	0.366469	0.293297	0.127019	0.213215	1.459455	1.727044	2.982954	2.013069
27498	-2639.59	-3262.636	623.0466	0.346664	0.202234	0.119922	0.33118	1.459455	1.649309	2.561331	2.899368
27504	-2645.335	-3268.613	623.2773	0.446478	0.135554	0.362989	0.0549795	1.022372	1.482029	3.347848	1.557164
27510	-2636.275	-3261.15	624.8751	0.344526	0.203317	0.279341	0.172816	1.151834	1.6677	2.153656	1.60167
27516	-2641.375	-3264.777	623.4015	0.331441	0.256604	0.134792	0.277163	1.336067	1.603646	2.910225	1.790522
27522	-2636.847	-3258.044	621.1975	0.55493	0.106155	0.090394	0.248521	1.336067	1.602947	3.97364	2.315131
27528	-2644.609	-3266.193	621.5842	0.529139	0.11155	0.0799427	0.279369	1.093474	1.508479	3.606629	3.22484
27534	-2643.963	-3264.461	620.4983	0.461828	0.0460552	0.160985	0.331132	1.833735	1.690031	3.915286	2.761234
27540	-2637.128	-3253.89	616.7613	0.614377	0.035087	0.0980748	0.252461	1.985591	1.588434	4.690804	8.306865
27546	-2609.25	-3227.928	618.6776	0.565815	0.0161048	0.133327	0.284753	1.978111	1.466007	4.708671	3.685174
27552	-2641.228	-3261.071	619.8427	0.601629	0.0114191	0.141766	0.245186	1.526735	1.43429	4.237885	3.810855
27558	-2639.962	-3259.923	619.961	0.447754	0.243142	0.105507	0.203596	2.146666	1.687032	4.237885	2.363009
27564	-2645.509	-3266.464	620.9557	0.444793	0.241534	0.118646	0.195027	2.026604	1.687032	3.680554	2.462018
27570	-2640.904	-3262.533	621.6283	0.318887	0.353103	0.042897	0.285113	1.649698	1.653023	4.25578	0.849871
27576	-2644.498	-3264.231	619.7333	0.378102	0.334698	0.0540806	0.23312	1.695848	1.760998	3.277569	6.923727
27582	-2653.915	-3275.614	621.6985	0.476722	0.100595	0.219008	0.203675	1.463296	1.740174	2.611517	5.234816
27588	-2647.661	-3272.257	624.5954	0.499737	0.105451	0.229581	0.165231	1.075407	1.816	2.107519	1.947386
27594	-2621.717	-3244.162	622.4444	0.402666	0.132409	0.144263	0.320662	1.635329	1.603407	2.907937	2.789723
27600	-2642.142	-3265.415	623.2736	0.322934	0.0910891	0.396152	0.189825	1.243343	1.596188	2.983066	1.918043
27606	-2645.93	-3268.816	622.8851	0.297057	0.162954	0.48551	0.0544788	0.8808325	1.592853	2.726192	3.792068
27612	-2634.183	-3256.204	622.0207	0.404113	0.0376072	0.487873	0.0704068	1.216514	1.552146	3.073176	3.792068
27618	-2645.118	-3270.02	624.9021	0.290487	0.247139	0.439929	0.0224454	0.5298231	1.664535	2.553005	1.583975
27624	-2650.365	-3272.038	621.6733	0.237355	0.361645	0.227558	0.173442	1.494792	1.675328	4.182948	1.039135
27630	-2656.96	-3278.316	621.3562	0.283356	0.371448	0.260269	0.0849277	1.596483	1.564483	4.265205	1.24364
27636	-2642.738	-3267.113	624.375	0.189352	0.437205	0.306344	0.0670984	0.7117217	1.560813	2.758038	1.713632
27642	-2658.433	-3281.288	622.8548	0.242053	0.226551	0.513039	0.0183578	1.084208	1.437211	3.734875	1.265624
27648	-2653.063	-3278.219	625.1561	0.332229	0.323294	0.271018	0.0734593	1.130587	1.724656	2.144316	1.257548
27654	-2647.774	-3273.36	625.5862	0.301278	0.283721	0.348385	0.0666158	1.130587	1.879093	1.972946	0.9238331
27660	-2658.103	-3284.292	626.1887	0.399652	0.333713	0.208578	0.0580571	0.8924055	1.767472	2.161851	0.3942926
27666	-2672.21	-3299.505	627.2959	0.298434	0.382741	0.239222	0.0796033	0.5134536	1.854325	1.651261	0.3312092
27672	-2661.296	-3286.551	625.2554	0.250204	0.335407	0.286953	0.127436	1.175345	1.789534	1.997329	1.274808
27678	-2638.102	-3262.873	624.7704	0.221086	0.375275	0.299247	0.104392	0.6781181	1.691602	2.23165	2.172782
27684	-2639.741	-3263.451	623.7107	0.360258	0.176179	0.293457	0.170106	1.17984	1.760008	2.600495	2.032678
27690	-2622.832	-3244.226	621.394	0.350525	0.2533	0.163569	0.232606	1.131971	1.516259	4.442228	1.369016
27696	-2640.887	-3264.377	623.4899	0.426336	0.124024	0.300776	0.148864	1.000789	1.392094	3.974423	0.3205757
27702	-2626.487	-3250.846	624.3583	0.350757	0.140364	0.340402	0.168477	0.9793523	1.620932	3.362038	0.2751247
27708	-2632.099	-3255.102	623.0034	0.419494	0.0468464	0.225643	0.308016	1.383852	1.623436	3.177868	1.65222
27714	-2654.176	-3275.434	621.2582	0.461291	0.0657313	0.159849	0.313129	1.825489	1.69685	3.983992	1.551461
27720	-2657.388	-3280.497	623.1086	0.377128	0.291667	0.0154014	0.315804	1.41596	1.491909	3.163444	1.6791
27726	-2635.318	-3256.388	621.0695	0.387921	0.287898	0.0533238	0.270857	2.109686	1.428223	4.317294	1.168769
27732	-2630.291	-3253.988	623.6965	0.289979	0.422579	0.1493	0.138142	1.196167	1.640186	3.018988	1.338578
27738	-2627.502	-3251.462	623.9598	0.31633	0.304538	0.183995	0.195138	1.172576	1.59409	2.938964	1.271125
27744	-2634.377	-3257.716	623.3385	0.272484	0.303779	0.0288692	0.394868	1.62584	1.644811	2.898662	1.534898
27750	-2636.658	-3258.524	621.8661	0.485314	0.2012	0.143955	0.169531	1.492794	1.598808	3.935274	1.378885
27756	-2626.492	-3250.541	624.0489	0.396493	0.191802	0.165176	0.246529	1.14076	1.58275	2.817968	1.440618
27762	-2613.738	-3238.933	625.1953	0.330249	0.159756	0.304655	0.20534	1.306289	1.606109	2.678082	0.2903553
27768	-2625.701	-3249.521	623.8199	0.390962	0.125029	0.323306	0.160703	1.702017	1.584643	3.312265	0.2898272
27774	-2619.247	-3242.816	623.5686	0.423685	0.145746	0.28967	0.140899	1.677297	1.634655	3.442262	0.2898272
27780	-2623.535	-3248.258	624.7231	0.434606	0.2023	0.218563	0.144531	1.494254	1.649629	2.84213	0.2616075
27786	-2634.616	-3259.337	624.7204	0.542291	0.135805	0.181955	0.139949	1.509505	1.638616	2.84213	0.2378875
27792	-2642.997	-3268.263	625.266	0.363457	0.220175	0.298382	0.117986	1.463597	1.625698	2.534675	0.2932999
27798	-2635.734	-3261.371	625.6366	0.441965	0.134825	0.362834	0.0603762	0.8271698	1.54815	2.715389	0.1859036
27804	-2649.107	-3274.366	625.2584	0.419458	0.118794	0.281836	0.179912	1.015268	1.566092	2.838198	0.2487666
27810	-2630.285	-3255.574	625.2887	0.44058	0.134227	0.292201	0.132992	0.9518008	1.599515	2.838198	0.2487666
27816	-2656.229	-3281.218	624.9894	0.531912	0.284899	0.137271	0.0459181	1.164647	1.647725	2.863567	0.2496227
27822	-2670.024	-3292.814	622.7897	0.409145	0.237341	0.279864	0.0736499	1.257948	1.693545	3.739753	0.8921969
27828	-2678.682	-3301.803	623.1209	0.430447	0.189787	0.215483	0.164283	1.481062	1.44666	3.910166	0.2481166
27834	-2661.2	-3285.302	624.1021	0.448498	0.189375	0.215015	0.147113	1.173442	1.518825	3.434598	0.3613681
27840	-2652.195	-3275.139	622.9446	0.473782	0.138536	0.230399	0.157284	1.263466	1.369383	4.165579	0.2383414
27846	-2636.521	-3256.898	620.3763	0.514319	0.0894778	0.250112	0.146091	1.744582	1.476918	4.139392	2.782549
27852	-2631.485	-3252.848	621.3632	0.438484	0.0976416	0.345105	0.11877	1.205699	1.453617	4.672298	0.9635822
27858	-2629.8	-3253.338	623.5381	0.458087	0.102007	0.360533	0.079373	1.01035	1.650397	3.797791	0.3041303
27864	-2645.59	-3270.693	625.1023	0.429783	0.17091	0.341377	0.0579308	0.9898084	1.557397	2.953172	0.2476757
27870	-2663.93	-3290.324	626.3932	0.35561	0.15435	0.422403	0.0676364	0.5381866	1.886028	2.154668	0.460641
27876	-2650.646	-3275.89	625.2436	0.290353	0.213905	0.344889	0.150853	1.063831	1.655112	2.762426	0.2723113
27882	-2655.431	-3278.725	623.2945	0.428185	0.0936936	0.430838	0.0472836	1.119862	1.40483	4.023961	0.2455624
27888	-2638.419	-3259.725	621.3064	0.349804	0.153107	0.430652	0.0664377	1.555511	1.306047	4.914895	0.4369605
27894	-2629.134	-3251.378	622.2444	0.394367	0.0579314	0.44814	0.0995619	1.22777	1.382938	4.519171	0.4200193
27900	-2648.744	-3272.505	623.7609	0.436231	0.204004	0.325263	0.0345013	1.436055	1.396702	3.587982	0.2909049
27906	-2650.538	-3274.664	624.1266	0.418284	0.14253	0.383582	0.0556046	1.102831	1.338592	3.585987	0.2104897
27912	-2631.159	-3255.679	624.5198	0.381343	0.263908	0.309834	0.044914	0.9928495	1.471387	3.348552	0.260312
27918	-2631.785	-3255.651	623.8664	0.394859	0.234943	0.323692	0.0465059	1.481452	1.471387	3.456909	0.2083719
27924	-2660.182	-3282.242	622.0604	0.350404	0.208492	0.287249	0.153855	1.181503	1.548479	4.156095	1.11129
27930	-2647.543	-3267.878	620.3347	0.416254	0.0597467	0.341231	0.182768	1.622104	1.412179	4.981929	1.11129
27936	-2637.241	-3258.8	621.5584	0.471738	0.0859101	0.328228	0.114124	0.8446181	1.350085	4.256583	2.136938
27942	-2643.704	-3264.908	621.204	0.381478	0.103949	0.376487	0.138087	0.8837915	1.424648	4.746979	1.35344
27948	-2646.873	-3265.805	618.9321	0.458242	0.0968923	0.278992	0.165874	1.831177	1.22527	5.301903	2.114887
27954	-2658.911	-3279.455	620.5441	0.538262	0.0756293	0.211947	0.174162	1.132602	1.392144	4.296483	3.076601
27960	-2666.245	-3286.422	620.177	0.471079	0.0914173	0.22452	0.212984	1.132602	1.223382	5.070624	1.827409
27966	-2661.036	-3282.998	621.9616	0.502729	0.0670762	0.239605	0.19059	1.336146	1.353706	4.307738	0.9923416
27972	-2644.576	-3264.779	620.2033	0.439186	0.249501	0.142886	0.168426	2.010416	1.552615	4.55069	1.61893
27978	-2663.794	-3285.13	621.3355	0.302789	0.236941	0.245929	0.214341	1.403162	1.515076	4.55069	0.9661276
27984	-2647.616	-3271.357	623.7411	0.424556	0.120518	0.183561	0.271364	1.050339	1.539631	2.963496	1.67424
27990	-2647.629	-3269.925	622.2956	0.461094	0.13089	0.113297	0.294718	1.116841	1.50123	3.768165	1.735531
27996	-2639.432	-3260.729	621.2968	0.471405	0.111456	0.115831	0.301308	1.150567	1.5195	4.252806	1.861475
28002	-2628.504	-3250.041	621.5377	0.441855	0.203337	0.0723865	0.282421	1.313387	1.648776	3.632041	2.656215
28008	-2659.08	-3279.541	620.4611	0.379205	0.213124	0.0644786	0.343192	1.730126	1.397573	4.797899	1.248299
28014	-2657.837	-3281.975	624.1378	0.426334	0.144903	0.152582	0.276181	1.474651	1.813869	2.251178	1.780328
28020	-2653.305	-3276.703	623.3989	0.286321	0.218221	0.185163	0.310295	1.611678	1.716453	2.251178	2.805185
28026	-2659.74	-3284.366	624.626	0.423298	0.235684	0.131791	0.209227	0.9008773	1.86333	2.1357	2.019
28032	-2672.753	-3293.529	620.7761	0.368833	0.241744	0.112728	0.276694	1.444497	1.474124	4.306826	2.128982
28038	-2679.403	-3299.674	620.2709	0.463029	0.197727	0.0899623	0.249281	2.291323	1.607527	4.142568	2.128982
28044	-2646.518	-3271.274	624.7561	0.436404	0.202887	0.142857	0.217852	1.026137	1.679759	2.433831	1.361224
28050	-2644.108	-3268.743	624.6346	0.340195	0.158253	0.310932	0.190621	0.9828132	1.679627	2.537065	1.361224
28056	-2643.412	-3264.625	621.2134	0.404817	0.19452	0.259184	0.141479	1.284523	1.609106	3.212447	4.731718
28062	-2664.709	-3285.527	620.818	0.479359	0.0733068	0.285921	0.161413	1.591243	1.596997	3.293901	4.731718
28068	-2636.447	-3256.678	620.2311	0.519858	0.0795001	0.225592	0.17505	1.724605	1.573418	3.91638	3.568183
28074	-2664.155	-3281.878	617.7225	0.473299	0.0885021	0.140431	0.297768	1.779706	1.459081	4.590892	6.796314
28080	-2665.94	-3286.871	620.9315	0.415745	0.0860584	0.122489	0.375707	1.779706	1.566122	3.66104	3.047518
28086	-2657.667	-3279.329	621.6617	0.477289	0.0742741	0.115527	0.33291	1.366999	1.503204	3.352311	3.415784
28092	-2647.949	-3268.766	620.8164	0.446302	0.069452	0.172949	0.311297	1.671024	1.513593	3.686841	3.415784
28098	-2629.959	-3252.173	622.2143	0.454198	0.0937741	0.135907	0.316121	1.528939	1.552901	3.97875	0.9496972
28104	-2640.815	-3262.381	621.5663	0.340454	0.218341	0.268316	0.172889	1.125399	1.36555	4.187112	1.893001
28110	-2639.872	-3260.755	620.8823	0.371361	0.0344779	0.380618	0.213543	1.271385	1.350378	4.749405	1.367545
28116	-2631.744	-3254.354	622.61	0.34583	0.145996	0.268119	0.240056	1.20313	1.410658	3.576496	1.766603
28122	-2633.719	-3256.888	623.1688	0.449106	0.206852	0.18152	0.162522	1.289092	1.661784	2.953035	1.979549
28128	-2644.432	-3267.729	623.297	0.519659	0.134378	0.148412	0.197551	1.297113	1.604911	3.017063	1.741903
28134	-2631.359	-3252.305	620.9458	0.568202	0.15431	0.10917	0.168318	1.297113	1.618478	3.994689	2.667017
28140	-2654.827	-3276.554	621.7277	0.340392	0.232708	0.132005	0.294895	1.65603	1.765002	2.890995	3.785652
28146	-2634.079	-3257.939	623.8599	0.525424	0.123477	0.0696105	0.281488	1.518346	1.766811	2.283886	2.089314
28152	-2620.096	-3243.735	623.6389	0.370498	0.206619	0.0616956	0.361187	1.440676	1.805155	2.283886	2.444932
28158	-2625.049	-3247.83	622.7815	0.569432	0.0983171	0.0599994	0.272251	1.440676	1.755995	2.709199	2.794514
28164	-2641.279	-3260.49	619.2103	0.437669	0.0583401	0.275923	0.228068	1.763875	1.628791	4.860724	2.350777
28170	-2640.988	-3266.26	625.2723	0.464313	0.0913245	0.39597	0.0483919	0.8868753	1.613401	2.876134	0.286969
28176	-2626.788	-3252.264	625.4761	0.399195	0.122513	0.340437	0.137856	1.101804	1.761185	2.5237	0.3055475
28182	-2612.929	-3238.457	625.5271	0.475419	0.10422	0.286869	0.133492	1.070623	1.764439	2.516426	0.2683846
28188	-2630.57	-3255.367	624.7971	0.475221	0.119447	0.271895	0.133437	1.610419	1.879242	2.583073	0.1979634
28194	-2655.755	-3280.868	625.1128	0.431884	0.126098	0.278148	0.16387	1.163175	1.595688	2.814395	0.2112002
28200	-2646.732	-3271.91	625.1777	0.507288	0.109773	0.191592	0.191348	1.163175	1.885853	2.585084	0.3348492
28206	-2639.306	-3265.265	625.959	0.566944	0.0828561	0.214123	0.136077	1.115765	1.70331	2.243972	0.2024444
28212	-2660.665	-3286.202	625.5363	0.397079	0.253958	0.213366	0.135597	0.5660181	1.655946	2.860603	0.1661186
28218	-2650.137	-3273.178	623.0416	0.46567	0.182265	0.219843	0.132222	1.344429	1.687724	3.599898	0.8115428
28224	-2658.373	-3281.273	622.9002	0.361068	0.134288	0.387606	0.117038	0.6832465	1.543484	4.124308	0.8392627
28230	-2661.404	-3283.444	622.0392	0.408846	0.130395	0.274468	0.186291	1.069169	1.393095	4.558044	0.6938517
28236	-2651.724	-3274.687	622.9633	0.469108	0.162514	0.219438	0.14894	0.6963316	1.49147	3.791248	1.417307
28242	-2647.224	-3273.407	626.1832	0.242945	0.376377	0.279729	0.100949	0.6496531	1.66883	2.434156	0.2206256
28248	-2645.72	-3271.047	625.3276	0.402009	0.227425	0.25725	0.113316	0.5690312	1.628139	3.037229	0.231874
28254	-2627.77	-3252.561	624.7907	0.304818	0.255788	0.359151	0.0802431	0.600599	1.555627	3.378732	0.231874
28260	-2637.742	-3263.188	625.4456	0.302582	0.267489	0.351414	0.0785146	0.8943738	1.516219	2.826798	0.2268806
28266	-2624.92	-3249.51	624.5897	0.261056	0.352893	0.318312	0.0677392	0.7181562	1.487215	3.45427	0.3153568
28272	-2647.048	-3271.583	624.5346	0.318194	0.211259	0.387982	0.0825655	0.7013939	1.532854	3.470326	0.3148568
28278	-2647.529	-3270.861	623.332	0.182188	0.320155	0.435548	0.0621095	0.6367651	1.344103	4.243996	0.4599633
28284	-2650.046	-3273.937	623.891	0.403948	0.117274	0.369757	0.109021	1.395777	1.648207	3.057273	0.8750292
28290	-2655.452	-3279.493	624.0417	0.497309	0.0486872	0.358302	0.0957014	1.201468	1.64415	2.815471	1.319965
28296	-2660.617	-3284.42	623.8027	0.363684	0.0510951	0.26761	0.317611	1.739202	1.610118	2.92124	0.9358409
28302	-2664.45	-3288.953	624.5029	0.394336	0.0554015	0.33744	0.212823	1.257995	1.644705	2.928002	0.6202233
28308	-2649.762	-3274.148	624.385	0.444469	0.00769858	0.301656	0.246176	1.540045	1.511745	2.680903	1.011136
28314	-2644.903	-3268.455	623.5521	0.566529	0.00550355	0.302407	0.125561	1.273624	1.581418	3.021552	1.481454
28320	-2642.719	-3265.342	622.6234	0.489957	0.015314	0.391769	0.10296	1.20215	1.579085	3.171143	2.463212
28326	-2644.763	-3266.163	621.4005	0.661226	0.0227279	0.250272	0.0657737	1.223402	1.369854	3.987369	2.476176
28332	-2646.268	-3268.715	622.4463	0.405757	0.0139468	0.539935	0.0403616	1.301077	1.454324	3.603511	1.744787
28338	-2658.636	-3283.507	624.871	0.481362	0.0140323	0.463997	0.0406091	0.8891491	1.465566	3.206689	0.2634579
28344	-2655	-3280.022	625.0219	0.517912	0.0133537	0.441557	0.0271768	1.106305	1.673133	2.80941	0.4110838
28350	-2646.843	-3271.302	624.4585	0.50903	0.0352622	0.362868	0.0928394	1.186851	1.582443	3.205096	0.2817486
28356	-2668.997	-3293.349	624.3512	0.456838	0.0504159	0.399845	0.0929012	1.399569	1.582443	3.154569	0.2707082
28362	-2677.236	-3300.689	623.4532	0.359079	0.230344	0.235387	0.17519	0.9825798	1.775585	2.807465	2.165532
28368	-2659.263	-3283.16	623.8972	0.360929	0.167738	0.2366	0.234733	1.10231	1.846175	2.299369	2.428633
28374	-2661.65	-3287.358	625.7079	0.318843	0.264783	0.209011	0.207362	1.160845	1.768488	2.310905	0.3716799
28380	-2655.498	-3278.852	623.3545	0.282559	0.224025	0.383236	0.11018	0.9619283	1.657502	3.650988	0.8070115
28386	-2655.873	-3278.441	622.5674	0.379397	0.152097	0.243456	0.225049	1.194994	1.622534	3.953189	0.8736541
28392	-2639.882	-3262.69	622.8077	0.360068	0.195295	0.231053	0.213584	1.170044	1.659837	3.359095	1.712622
28398	-2645.518	-3268.569	623.0517	0.400709	0.083033	0.250163	0.266095	1.062951	1.586358	3.319706	1.712622
28404	-2658.34	-3281.239	622.8992	0.471379	0.0502477	0.196262	0.282111	1.265084	1.552985	2.831733	2.863443
28410	-2653.465	-3278.008	624.5423	0.334764	0.313049	0.20434	0.147848	1.099076	1.590665	3.202681	0.2391475
28416	-2654.317	-3279.088	624.7704	0.31908	0.285537	0.194767	0.200616	1.083174	1.632695	3.051151	0.2391475
28422	-2657.517	-3281.706	624.1894	0.318755	0.164699	0.321198	0.195348	1.589029	2.053526	2.0398	1.699764
28428	-2646.707	-3270.921	624.2134	0.382765	0.197772	0.184886	0.234577	1.188807	1.844596	2.274426	1.929813
28434	-2633.191	-3255.907	622.7153	0.384037	0.19843	0.229699	0.187834	1.24878	1.844596	3.202883	1.835888
28440	-2646.78	-3270.632	623.8521	0.571013	0.0672182	0.114847	0.246922	1.457949	1.629264	2.918491	1.108752
28446	-2661.207	-3282.926	621.7186	0.510328	0.0418021	0.0768271	0.371043	1.964071	1.740109	3.500028	1.830341
28452	-2643.143	-3263.527	620.3845	0.460597	0.0796599	0.130277	0.329466	1.704218	1.639681	4.127843	2.597651
28458	-2626.04	-3246.174	620.1338	0.529179	0.0468209	0.064582	0.359418	1.565235	1.612496	4.556136	2.070989
28464	-2630.872	-3251.175	620.3031	0.464394	0.0792432	0.181871	0.274491	1.375939	1.639745	4.896749	1.291129
28470	-2633.718	-3255.162	621.4444	0.461553	0.282652	0.0751114	0.180684	1.498397	1.528911	3.6748	2.617842
28476	-2644.17	-3264.105	619.9347	0.517058	0.0228478	0.151367	0.308727	1.574206	1.450332	4.34271	3.198804
28482	-2619.154	-3240.683	621.5292	0.508392	0.0510768	0.169669	0.270862	1.574206	1.52068	3.938819	1.781073
28488	-2641.709	-3262.74	621.0312	0.532096	0.11477	0.136008	0.217126	1.569845	1.565946	4.116221	1.968733
28494	-2643.196	-3263.758	620.5615	0.323635	0.223098	0.208252	0.245014	1.686725	1.548562	4.143668	2.447565
28500	-2636.74	-3258.417	621.6769	0.40057	0.0778245	0.13319	0.388415	1.24452	1.604347	3.692926	2.448732
28506	-2655.696	-3278.659	622.9625	0.584953	0.0435056	0.0733875	0.298154	1.651451	1.522048	2.977071	1.967113
28512	-2646.235	-3266.255	620.0202	0.623269	0.0280216	0.0665097	0.2822	1.809406	1.460498	4.065711	3.558378
28518	-2634.327	-3256.271	621.9442	0.537738	0.100461	0.118328	0.243473	1.206873	1.625215	3.538929	2.467378
28524	-2633.724	-3256.796	623.0726	0.342374	0.285913	0.167845	0.203868	1.283429	1.63626	3.064743	1.90178
28530	-2630.056	-3253.538	623.4827	0.374188	0.140678	0.183691	0.301443	1.283429	1.654467	3.074816	1.366205
28536	-2634.986	-3259.169	624.1824	0.377487	0.133102	0.185311	0.3041	1.283429	1.729881	2.306637	1.939023
28542	-2628.471	-3251.49	623.0185	0.48868	0.131523	0.202637	0.17716	1.697129	1.507373	3.820246	0.2029613
28548	-2646.564	-3268.637	622.0727	0.494367	0.137164	0.288522	0.0799479	1.474145	1.402061	4.532972	0.265328
28554	-2649.476	-3271.737	622.2612	0.320549	0.220399	0.387588	0.0714634	1.022353	1.383972	4.662158	0.3194009
28560	-2657.837	-3280.851	623.0148	0.548803	0.0817106	0.101697	0.267789	1.02091	1.693304	2.50537	3.763428
28566	-2655.367	-3279.8	624.4328	0.555245	0.181632	0.0888318	0.174291	1.02091	1.708599	2.398487	1.781822
28572	-2638.025	-3261.538	623.5124	0.300781	0.220962	0.306131	0.172126	1.189969	1.669086	3.06369	1.435371
28578	-2642.433	-3266.551	624.1179	0.376561	0.266069	0.184996	0.172374	1.139232	1.549052	3.227478	0.706405
28584	-2636.548	-3260.199	623.6506	0.597357	0.0840437	0.215573	0.103025	1.109866	1.544979	2.77125	2.120025
28590	-2641.078	-3264.546	623.4677	0.476593	0.193829	0.242553	0.087025	0.6892134	1.562071	2.77125	3.027002
28596	-2644.271	-3269.987	625.7167	0.393972	0.247375	0.179376	0.179277	0.5331238	1.708826	2.104601	1.40058
28602	-2625.771	-3249.594	623.8234	0.270476	0.153847	0.262144	0.313533	1.254373	1.650313	3.131939	0.9421516
28608	-2633.038	-3254.912	621.8736	0.404812	0.034454	0.313325	0.24741	1.52305	1.54226	3.930259	1.414552
28614	-2638.674	-3261.661	622.9865	0.357767	0.0801251	0.429804	0.132305	1.52305	1.423123	3.89004	0.4857106
28620	-2634.472	-3258.023	623.5506	0.314864	0.305793	0.219947	0.159397	1.299688	1.499168	3.431845	0.8197206
28626	-2639.196	-3263.589	624.393	0.350122	0.252736	0.12407	0.273071	1.194	1.615084	2.658778	1.255679
28632	-2630.586	-3253.896	623.3094	0.343011	0.292446	0.0970173	0.267525	1.651438	1.707913	3.014963	1.255679
28638	-2640.218	-3262.036	621.8174	0.313775	0.330487	0.0705	0.285238	1.696811	1.677441	3.840953	1.337954
28644	-2620.329	-3241.519	621.1901	0.528121	0.131868	0.0281302	0.311881	2.034645	1.547137	3.905039	1.789681
28650	-2633.121	-3253.574	620.4528	0.47847	0.154429	0.0417102	0.325391	2.011418	1.468089	4.352619	1.849425
28656	-2636.011	-3256.638	620.6277	0.553348	0.0743109	0.105327	0.267014	1.468443	1.579399	3.487184	4.694852
28662	-2632.867	-3256.526	623.6592	0.468737	0.0895563	0.129546	0.31216	1.5647	1.65451	3.179247	0.7544898
28668	-2642.587	-3263.289	620.7027	0.468055	0.0894259	0.129358	0.313162	1.163485	1.517133	4.007024	3.419973
28674	-2658.82	-3282.464	623.6436	0.513963	0.223576	0.0899525	0.172508	1.693639	1.595761	2.931686	1.130763
28680	-2668.799	-3292.339	623.5402	0.261673	0.32756	0.249107	0.16166	0.6067896	1.695419	3.589959	1.055122
28686	-2671.71	-3295.685	623.9753	0.136674	0.48887	0.271627	0.102829	0.4937118	1.70876	2.864409	2.108729
28692	-2650.114	-3274.078	623.9638	0.348222	0.428542	0.134135	0.0891002	0.5609023	1.578513	3.153146	1.587803
28698	-2628.246	-3251.328	623.0812	0.354583	0.168932	0.286305	0.19018	1.663764	1.62535	3.005063	1.616188
28704	-2626.568	-3249.984	623.4157	0.383306	0.165176	0.27994	0.171577	1.240566	1.715778	3.460558	0.7472397
28710	-2644.784	-3266.22	621.4358	0.453513	0.132031	0.256962	0.157494	1.339883	1.39683	4.184527	1.769979
28716	-2660.022	-3282.248	622.2259	0.463886	0.0797952	0.40356	0.0527591	1.031274	1.401023	3.905554	1.753811
28722	-2652.453	-3275.206	622.7528	0.36206	0.324301	0.261055	0.0525841	0.5723855	1.521831	3.542526	2.370896
28728	-2648.613	-3271.879	623.2662	0.339333	0.114213	0.45384	0.0926141	0.6370077	1.62494	3.758727	1.076482
28734	-2644.236	-3267.375	623.1393	0.153158	0.387783	0.304553	0.154506	0.5307476	1.525126	3.969542	1.046502
28740	-2643.493	-3266.357	622.8639	0.374273	0.287197	0.2241	0.114429	0.5307476	1.404374	4.098534	1.223288
28746	-2633.969	-3258.723	624.7539	0.269141	0.417714	0.268168	0.0449768	0.412049	1.599912	3.453829	0.3685305
28752	-2648.152	-3273.537	625.3847	0.17488	0.262348	0.539741	0.0230319	0.5457612	1.697787	2.961944	0.327483
28758	-2656.333	-3280.365	624.0317	0.16809	0.252162	0.537641	0.042108	0.5689015	1.689128	2.967087	1.739132
28764	-2629.382	-3255.146	625.764	0.322339	0.27099	0.363952	0.0427186	0.5042891	1.746808	2.412663	0.8454331
28770	-2630.135	-3255.739	625.604	0.441061	0.285551	0.227608	0.0457798	0.5842714	1.64751	2.850838	0.258192
28776	-2652.31	-3276.926	624.6161	0.339082	0.323407	0.275651	0.0618599	0.4486673	1.605997	2.990635	1.252856
28782	-2630.869	-3254.68	623.8115	0.362242	0.248533	0.294479	0.0947466	0.4815817	1.468187	3.586116	1.148438
28788	-2633.419	-3258.502	625.083	0.308176	0.211439	0.250527	0.229857	0.586499	1.765719	2.277242	1.700627
28794	-2612.399	-3238.262	625.8632	0.356284	0.23983	0.289635	0.114251	0.3158791	1.765719	2.094581	1.397772
28800	-2630.794	-3256.338	625.5436	0.356284	0.23983	0.289635	0.114251	0.3943249	1.757354	2.168205	1.583621
28806	-2646.057	-3271.618	625.5614	0.408044	0.291202	0.213076	0.0876783	0.3943249	1.796652	2.168267	1.516391
28812	-2635.259	-3261.252	625.9929	0.275228	0.319461	0.352308	0.053004	0.456508	1.679929	2.633703	0.3811525
28818	-2651.995	-3278.149	626.1544	0.175722	0.465685	0.342309	0.0162836	0.456508	1.758599	2.425462	0.4853352
28824	-2656.302	-3282.44	626.1383	0.386395	0.261167	0.343926	0.00851253	0.4134981	1.670183	2.611153	0.2311125
28830	-2637.884	-3263.414	625.5306	0.225939	0.405596	0.332542	0.0359235	0.4226595	1.610439	3.013826	0.2487265
28836	-2638.035	-3264.962	626.9268	0.42945	0.170911	0.388891	0.0107469	0.3976911	1.8181	2.023005	0.2406081
28842	-2638.16	-3264.907	626.7468	0.382264	0.262008	0.346162	0.00956611	0.4218743	1.8181	2.128194	0.2458908
28848	-2635.485	-3262.185	626.7008	0.430757	0.170615	0.390074	0.00855378	0.3646232	1.897804	1.933523	0.6313409
28854	-2633.092	-3260.012	626.9198	0.463638	0.180763	0.346393	0.00920671	0.4905804	1.866524	1.933523	0.2903512
28860	-2654.346	-3281.213	626.8667	0.427287	0.246634	0.317595	0.00848487	0.4715606	1.933505	1.933523	0.2094667
28866	-2650.825	-3277.383	626.5574	0.345335	0.210625	0.42498	0.0190596	0.3889742	1.933505	2.193591	0.2693082
28872	-2643.949	-3270.732	626.7825	0.489222	0.0980632	0.334664	0.0780506	0.3889742	1.767394	2.146165	0.3097073
28878	-2634.417	-3261.585	627.1678	0.473277	0.138107	0.31311	0.0755067	0.4797345	1.845283	1.789978	0.2372919
28884	-2633.199	-3260.577	627.3777	0.336593	0.23823	0.342567	0.0826104	0.4291804	1.857771	1.663836	0.2220468
28890	-2661.592	-3287.36	625.7676	0.293162	0.10553	0.507857	0.0934512	0.8585463	1.690663	2.545641	0.2336351
28896	-2652.816	-3278.597	625.7811	0.470795	0.161211	0.310803	0.0571911	1.055073	1.690663	2.409419	0.2185975
28902	-2637.902	-3263.183	625.2811	0.489909	0.172498	0.214853	0.12274	1.056704	1.708197	2.681382	0.1728474
28908	-2633.599	-3258.238	624.6387	0.407114	0.143346	0.343843	0.105696	1.056704	1.535201	3.199961	0.2863317
28914	-2642.955	-3268.396	625.4414	0.433969	0.152802	0.366524	0.0467044	0.8419458	1.642103	2.7872	0.2358442
28920	-2637.588	-3263.021	625.4326	0.379912	0.206918	0.239913	0.173257	0.8033901	1.709692	2.343979	1.006082
28926	-2630.573	-3254.884	624.3117	0.402138	0.219024	0.195445	0.183393	1.263708	1.662994	2.872117	0.8674557
28932	-2641.578	-3263.627	622.0489	0.529729	0.171334	0.170453	0.128483	1.28846	1.598786	3.520333	2.288862
28938	-2637.454	-3259.123	621.6692	0.33038	0.254427	0.20865	0.206543	1.28846	1.70755	3.293841	3.341747
28944	-2630.105	-3253.02	622.9149	0.379481	0.29224	0.0910393	0.237239	1.229244	1.812951	2.739209	2.718551
28950	-2634.658	-3255.049	620.3916	0.514576	0.227451	0.0160259	0.241948	1.822343	1.660898	3.874397	3.117511
28956	-2649.811	-3270.952	621.1417	0.330823	0.29317	0.0224116	0.353596	1.822343	1.448413	3.786046	2.501528
28962	-2631.875	-3253.211	621.3355	0.408348	0.189399	0.0425486	0.359704	1.602566	1.40743	4.493053	1.004223
28968	-2638.621	-3262.309	623.6878	0.515633	0.235354	0.0578116	0.191201	1.29626	1.634641	2.516927	2.273676
28974	-2644.861	-3269.945	625.0847	0.558079	0.117688	0.110595	0.213638	1.14662	1.849285	2.187029	1.115709
28980	-2635.566	-3259.367	623.8014	0.370933	0.224694	0.208777	0.195597	1.14662	1.796707	2.601885	1.90337
28986	-2647.516	-3270.67	623.1535	0.507503	0.115433	0.167264	0.2098	1.346863	1.805577	2.734558	2.224087
28992	-2656.247	-3280.641	624.3935	0.58733	0.0252582	0.171854	0.215557	1.295846	1.710358	2.611716	1.134708
28998	-2651.164	-3273.398	622.2338	0.510614	0.0639547	0.181852	0.24358	1.485503	1.431239	3.953977	1.134708
29004	-2652.01	-3273.142	621.1327	0.493174	0.0696509	0.169765	0.26741	1.800888	1.48077	4.494236	0.9702909
29010	-2661.556	-3282.99	621.4341	0.394796	0.276644	0.25232	0.0762405	0.6162588	1.47337	4.363231	2.210869
29016	-2660.334	-3281.257	620.9239	0.270405	0.31347	0.340699	0.075426	0.6033276	1.43042	4.515912	2.647704
29022	-2648.761	-3270.487	621.7258	0.28908	0.256137	0.364228	0.090555	0.728359	1.409204	3.998645	2.647704
29028	-2644.901	-3269.028	624.1278	0.309775	0.355215	0.214848	0.120162	0.4466336	1.488123	3.106042	1.732423
29034	-2661.887	-3285.288	623.401	0.380974	0.314645	0.173982	0.130398	0.6504802	1.556071	3.718029	1.066699
29040	-2655.73	-3277.52	621.7895	0.271591	0.324589	0.192719	0.2111	1.767867	1.527803	3.596233	1.99801
29046	-2653.669	-3276.432	622.7632	0.438852	0.246627	0.0998124	0.214708	1.173909	1.606173	3.763198	1.043027
29052	-2681.364	-3302.373	621.0092	0.317335	0.214416	0.311395	0.156854	0.916852	1.478737	4.440912	2.164367
29058	-2650.542	-3273.279	622.7369	0.296658	0.200669	0.29143	0.211244	1.016927	1.424244	4.032216	0.9353365
29064	-2668.694	-3292.106	623.4116	0.296658	0.200669	0.29143	0.211244	1.424503	1.558058	3.343085	0.9353365
29070	-2657.058	-3279.284	622.2255	0.371542	0.140904	0.222988	0.264566	1.257993	1.519291	4.147744	0.9175501
29076	-2642.84	-3264.896	622.0556	0.25681	0.230616	0.300709	0.211866	1.250344	1.581785	4.215258	0.9132319
29082	-2667.127	-3290.033	622.9056	0.204607	0.366512	0.251609	0.177272	0.8382865	1.633034	3.660672	1.409278
29088	-2667.268	-3291.295	624.0275	0.349555	0.310519	0.0903021	0.249625	0.6027843	1.780191	3.154731	1.235919
29094	-2649.148	-3271.257	622.1091	0.448147	0.282503	0.0939769	0.175373	1.649578	1.931077	3.227762	2.000725
29100	-2638.07	-3261.81	623.7397	0.252483	0.346763	0.142075	0.25868	1.258747	1.898785	3.095857	0.8369209
29106	-2649.35	-3272.907	623.5574	0.234309	0.200453	0.160497	0.404741	0.7376452	1.7164	3.020543	1.969505
29112	-2613.834	-3238.253	624.4191	0.262135	0.181634	0.217272	0.33896	0.5472615	1.7164	2.564037	2.087343
29118	-2646.529	-3272.557	626.0273	0.413424	0.209166	0.147422	0.229988	1.028782	1.660626	2.288417	0.217945
29124	-2631.718	-3257.826	626.1078	0.276838	0.332509	0.3441	0.0465521	0.4345804	1.595968	2.541152	0.5300773
29130	-2654.401	-3277.144	622.7427	0.252829	0.327517	0.234947	0.184707	1.334381	1.708425	2.333539	4.225454
29136	-2646.152	-3268.481	622.3289	0.270181	0.378535	0.142055	0.209228	1.1634	1.708425	2.458035	5.049688
29142	-2632.221	-3259.04	626.819	0.253498	0.309246	0.429707	0.00754919	0.4361636	1.791783	2.067278	0.3420319
29148	-2640.516	-3267.102	626.586	0.329332	0.401757	0.246959	0.0219524	0.4797446	1.732941	2.235693	0.3293401
29154	-2633.31	-3259.972	626.6621	0.332082	0.284698	0.382255	0.000965026	0.40749	1.723541	2.235693	0.3293401
29160	-2673.407	-3297.821	624.4138	0.36806	0.136661	0.185458	0.30982	0.799183	1.621898	3.012611	1.030948
29166	-2667.053	-3290.848	623.7948	0.361253	0.345628	0.182028	0.111092	1.24343	1.566172	3.012611	1.275157
29172	-2662.753	-3285.858	623.1045	0.342517	0.272144	0.213931	0.171408	1.349017	1.541	3.112974	1.802911
29178	-2647.239	-3270.561	623.3216	0.442018	0.231178	0.105602	0.221202	0.9565932	1.366457	3.491147	1.432766
29184	-2669.57	-3293.906	624.3357	0.369989	0.321131	0.120779	0.188102	0.8779816	1.485392	3.150919	0.9323438
29190	-2654.974	-3280.572	625.5977	0.118266	0.454195	0.404478	0.0230611	0.4049306	1.757594	2.41981	1.080595
29196	-2638.773	-3264.117	625.3442	0.151112	0.491754	0.255402	0.101732	0.4049306	1.57317	2.94936	0.6688045
29202	-2635.65	-3259.269	623.6193	0.164569	0.529893	0.15974	0.145798	0.4588292	1.64738	3.005957	2.416151
29208	-2637.098	-3261.177	624.0784	0.189856	0.356441	0.359747	0.0939557	0.4071906	1.686473	2.70848	2.474557
29214	-2652.67	-3276.858	624.1886	0.17367	0.497287	0.243097	0.0859456	0.4387327	1.783699	2.75967	2.0229
29220	-2668.083	-3294.316	626.2325	0.115581	0.52355	0.188943	0.171926	0.5418051	1.774346	2.33832	0.4426313
29226	-2652.603	-3279.277	626.6737	0.10341	0.57372	0.169047	0.153823	0.5418051	1.773269	2.093182	0.3716056
29232	-2654.702	-3281.286	626.5838	0.247121	0.28647	0.403975	0.0624342	0.5006922	1.773269	2.086965	0.5250096
29238	-2643.095	-3269.877	626.7825	0.347194	0.248392	0.350279	0.0541355	0.5122291	1.924093	1.975165	0.227737
29244	-2657.608	-3284.46	626.8511	0.179815	0.264451	0.545092	0.0106419	0.5269101	1.883808	1.779747	0.5745022
29250	-2633.992	-3260.687	626.695	0.183591	0.375826	0.426944	0.0136382	0.464763	1.95823	1.967815	0.441389
29256	-2628.983	-3255.866	626.8826	0.185859	0.445913	0.351326	0.016902	0.4077504	1.921344	1.973301	0.2909535
29262	-2627.146	-3254.184	627.0382	0.185008	0.501001	0.306897	0.00709405	0.4821427	1.959421	1.794855	0.2898719
29268	-2647.367	-3274.69	627.323	0.1636	0.443027	0.3871	0.00627316	0.3302102	1.798959	1.794855	0.2958606
29274	-2646.444	-3273.67	627.2268	0.167773	0.380407	0.43684	0.0149801	0.3729081	1.839386	1.794855	0.344735
29280	-2633.41	-3259.905	626.4948	0.302956	0.343763	0.348945	0.00433702	0.522767	1.776759	2.252525	0.224424
29286	-2634.074	-3260.095	626.0207	0.363566	0.277349	0.352695	0.00638972	0.5771311	1.715215	2.555376	0.2821054
29292	-2646.143	-3271.026	624.8831	0.447607	0.311434	0.228816	0.0121426	0.4603897	1.608257	2.998301	0.9509961
29298	-2654.651	-3279.623	624.9722	0.308539	0.291187	0.392152	0.00812151	0.6198549	1.538561	3.266822	0.2913006
29304	-2653.298	-3276.138	622.8401	0.352354	0.284752	0.20624	0.156655	0.8290635	1.713315	2.987344	2.980043
29310	-2666.152	-3286.855	620.7027	0.509998	0.230504	0.22076	0.0387378	0.8955951	1.411545	3.97669	4.242179
29316	-2654.747	-3275.046	620.2989	0.492428	0.2131	0.213155	0.0813174	1.327297	1.437022	4.852185	1.672107
29322	-2651.443	-3271.866	620.4229	0.457508	0.169367	0.221506	0.151619	1.299756	1.483524	4.715976	1.794332
29328	-2638.177	-3258.089	619.9117	0.480545	0.035574	0.324628	0.159253	1.092367	1.667086	4.064451	4.636394
29334	-2625.728	-3247.163	621.4351	0.499612	0.036566	0.21854	0.245282	1.379256	1.625549	3.862277	2.167012
29340	-2643.333	-3264.312	620.979	0.40488	0.0745013	0.364419	0.156199	1.379256	1.598929	4.587355	1.200289
29346	-2634.157	-3257.205	623.0479	0.367459	0.0981947	0.331357	0.202989	0.9612233	1.619673	3.462599	1.507171
29352	-2648.823	-3270.392	621.5684	0.479271	0.128074	0.090399	0.302256	1.150198	1.493325	4.153055	1.773547
29358	-2637.915	-3257.256	619.341	0.48982	0.146556	0.0634028	0.300221	1.676168	1.572039	4.696732	2.794305
29364	-2645.762	-3267.681	621.9187	0.381346	0.315415	0.0695033	0.233735	1.424023	1.622045	4.035968	1.170812
29370	-2629.349	-3252.444	623.0952	0.279931	0.321205	0.160837	0.238026	1.192736	1.602044	3.389206	1.358437
29376	-2640.561	-3262.371	621.8099	0.405612	0.189347	0.0767963	0.328245	1.814076	1.828254	3.693454	1.358437
29382	-2629.15	-3252.187	623.0374	0.37646	0.301132	0.0720477	0.25036	1.250733	1.899691	3.228918	1.334029
29388	-2623.563	-3246.396	622.833	0.386154	0.308886	0.0509732	0.253987	1.615542	1.81156	3.085008	1.578422
29394	-2624.216	-3242.288	618.0723	0.529351	0.186602	0.0173423	0.266704	1.940438	1.680503	4.133227	7.125455
29400	-2630.314	-3249.366	619.0515	0.529351	0.186602	0.0173423	0.266704	1.940438	1.739743	3.535969	7.125455
29406	-2661.223	-3282.056	620.8336	0.420215	0.245629	0.00375279	0.330403	2.242598	1.763984	3.366579	3.146131
29412	-2657.607	-3278.806	621.1993	0.523098	0.126726	0.00253319	0.347643	1.718138	1.819632	3.927365	1.696562
29418	-2655.415	-3275.19	619.7746	0.482379	0.139081	0.00159177	0.376948	1.456182	1.606781	4.002934	4.569501
29424	-2652.963	-3270.601	617.6376	0.726129	0.0596001	0.00565064	0.208621	1.61664	1.489625	4.818074	6.193085
29430	-2651.099	-3264.794	613.6953	0.583524	0.0168546	0.207277	0.192345	1.789144	1.611469	4.565002	26.44052
29436	-2632.799	-3246.766	613.9675	0.583524	0.0168546	0.207277	0.192345	1.399211	1.685689	3.960824	35.72188
29442	-2622.112	-3235.711	613.5982	0.569799	0.0310199	0.207048	0.192132	1.539259	1.649594	4.019705	37.55344
29448	-2620.347	-3237.681	617.3333	0.479984	0.0825828	0.253892	0.183541	1.204488	1.644159	4.928454	7.079789
29454	-2618.75	-3240.015	621.2655	0.273124	0.17383	0.257364	0.295682	1.954017	1.727142	4.128301	1.121196
29460	-2638.691	-3262.142	623.4509	0.464589	0.101874	0.20175	0.231787	1.383889	1.7852	3.008652	1.278869
29466	-2659.149	-3280.996	621.8473	0.415672	0.0911472	0.285799	0.207382	1.895721	1.76071	4.036379	0.7191512
29472	-2643.841	-3267.173	623.3325	0.467	0.114974	0.255625	0.1624	0.9074974	1.737801	2.48152	3.374391
29478	-2640.434	-3264.668	624.2338	0.463801	0.182625	0.167574	0.186	1.376417	1.805734	2.165676	1.948521
29484	-2638.088	-3261.915	623.8263	0.449723	0.134356	0.123283	0.292639	1.581903	1.85396	2.282415	1.948521
29490	-2648.092	-3272.242	624.1499	0.469867	0.0328702	0.293774	0.20349	1.329801	1.907088	2.137454	2.038758
29496	-2636.025	-3259.445	623.4202	0.491982	0.0140702	0.280881	0.213067	1.027994	1.729813	2.397453	3.254585
29502	-2666.366	-3290.962	624.5966	0.368236	0.0182539	0.362935	0.250575	0.9304628	1.700766	2.241432	2.017071
29508	-2653.177	-3278.067	624.8894	0.434763	0.0319539	0.411817	0.121466	0.9194866	1.700766	2.176819	1.781698
29514	-2634.263	-3258.22	623.957	0.508743	0.0373913	0.31173	0.142135	0.9194866	1.715285	2.506384	2.319987
29520	-2626.083	-3248.332	622.2495	0.412883	0.06149	0.252993	0.272634	1.263442	1.719075	3.026443	3.134373
29526	-2633.517	-3254.538	621.0208	0.50334	0.10804	0.141575	0.247046	1.504405	1.824926	3.550165	3.168444
29532	-2628.146	-3247.757	619.6112	0.358505	0.259255	0.134546	0.247694	1.692021	1.570999	3.550165	6.500625
29538	-2664.962	-3285.324	620.3622	0.361594	0.30244	0.212848	0.123117	0.9668969	1.469344	4.019264	4.529374
29544	-2627.72	-3250.268	622.5478	0.499647	0.103435	0.257079	0.139839	1.450443	1.756709	2.747651	3.060641
29550	-2625.787	-3249.653	623.8654	0.509215	0.114805	0.261968	0.114011	1.032781	1.656135	2.787548	1.757197
29556	-2633.747	-3257.317	623.5692	0.59662	0.0480012	0.251237	0.104141	1.646711	1.656135	2.655252	1.702614
29562	-2631.758	-3255.755	623.9976	0.309336	0.158681	0.222725	0.309259	1.153176	1.49993	2.917736	1.392511
29568	-2629.196	-3251.225	622.0295	0.388776	0.180566	0.0875942	0.343064	1.485353	1.623102	4.237734	0.6594967
29574	-2650.845	-3272.853	622.0083	0.388776	0.180566	0.0875942	0.343064	1.389706	1.539451	3.77004	1.726205
29580	-2641.278	-3263.572	622.2937	0.517651	0.111039	0.124227	0.247083	1.525211	1.480858	4.140194	0.6741717
29586	-2648.316	-3269.047	620.7314	0.546809	0.140764	0.141189	0.171238	1.746173	1.461304	4.748584	0.9809841
29592	-2660.23	-3281.033	620.8028	0.560019	0.144165	0.1446	0.151216	1.099258	1.488502	5.012382	0.9809841
29598	-2639.343	-3260.912	621.5689	0.339859	0.245256	0.198528	0.216357	1.731461	1.610075	4.052261	1.249343
29604	-2656.501	-3278.395	621.8935	0.269838	0.319704	0.244075	0.166383	1.017594	1.734527	4.010748	1.546483
29610	-2642.801	-3266.173	623.3726	0.260739	0.339193	0.219674	0.180394	1.017594	1.695178	3.313966	1.278777
29616	-2643.847	-3266.145	622.298	0.399692	0.304735	0.0923112	0.203262	1.760199	1.707305	3.585716	1.207951
29622	-2640.915	-3260.223	619.3075	0.553465	0.0523316	0.11217	0.282033	1.584638	1.356746	5.029306	2.378156
29628	-2654.072	-3274.788	620.7157	0.505139	0.0529502	0.133967	0.307944	1.903598	1.60037	3.521161	3.626385
29634	-2663.557	-3283.38	619.8239	0.529594	0.0189609	0.188209	0.263235	1.462142	1.328783	4.980309	1.96786
29640	-2657.943	-3281.337	623.3937	0.301838	0.272262	0.287653	0.138246	0.5970658	1.771302	3.347342	1.600857
29646	-2655.355	-3278.613	623.2577	0.491683	0.1422	0.247276	0.118841	0.6981924	1.628865	3.095686	2.391673
29652	-2657.039	-3280.35	623.3109	0.407945	0.175115	0.205163	0.211777	0.821182	1.62388	3.430443	1.428757
29658	-2645.859	-3268.031	622.1718	0.403558	0.173231	0.251487	0.171725	0.9067523	1.571193	3.276431	3.403436
29664	-2650.69	-3272.667	621.9771	0.351969	0.189807	0.268376	0.189847	0.7373859	1.302165	4.476716	1.336068
29670	-2646.633	-3270.208	623.5751	0.232873	0.245581	0.326047	0.195499	0.9678748	1.695998	3.428976	0.9193033
29676	-2642.981	-3267.559	624.5781	0.225812	0.31781	0.196983	0.259395	0.6197405	1.510922	3.38671	0.5541077
29682	-2643.943	-3268.581	624.6389	0.38955	0.118079	0.287672	0.204699	0.9501363	1.460763	3.308329	0.2767415
29688	-2627.795	-3252.006	624.211	0.431763	0.111743	0.272236	0.184258	1.255752	1.589523	3.308329	0.2217327
29694	-2643.143	-3263.97	620.8267	0.271172	0.353404	0.100617	0.274806	1.675319	1.324719	4.622583	1.319158
29700	-2634.823	-3254.87	620.0472	0.47563	0.0222624	0.13457	0.367537	1.497339	1.340245	4.540025	2.723659
29706	-2647.599	-3267.933	620.3338	0.453155	0.0212104	0.281022	0.244613	1.712166	1.340245	4.703271	1.670027
29712	-2646.529	-3269.193	622.6634	0.54863	0.0361033	0.286392	0.128874	0.896131	1.433132	3.434373	2.405314
29718	-2641.117	-3263.725	622.6078	0.478795	0.100592	0.265991	0.154622	1.224943	1.515514	3.434373	1.920595
29724	-2635.861	-3261.268	625.4074	0.487837	0.19968	0.211563	0.10092	0.4946113	1.794124	2.253745	1.437833
29730	-2654.936	-3277.636	622.7002	0.439296	0.159531	0.25167	0.149503	1.271023	1.486787	3.698725	1.255031
29736	-2638.523	-3259.757	621.2342	0.440252	0.159878	0.216691	0.183179	1.337787	1.566304	3.698725	3.059425
29742	-2612.664	-3235.731	623.0669	0.549073	0.100515	0.21844	0.131972	1.483731	1.655369	3.054178	1.68191
29748	-2627.249	-3250.722	623.4731	0.504767	0.0649853	0.2715	0.158748	1.483731	1.671562	2.55899	2.193393
29754	-2651.72	-3274.994	623.273	0.53766	0.0337141	0.3006	0.128026	1.717842	1.820668	2.361756	2.43668
29760	-2646.099	-3270.071	623.9716	0.420426	0.0749531	0.448217	0.0564039	1.145439	1.560353	3.022245	1.174252
29766	-2635.703	-3259.249	623.5458	0.390968	0.0627509	0.416813	0.129468	1.145439	1.735252	2.53087	2.50871
29772	-2637.506	-3260.87	623.364	0.570649	0.0443974	0.287781	0.0971729	1.625031	1.766806	2.313365	2.610678
29778	-2636.655	-3260.587	623.9318	0.49189	0.103714	0.163412	0.240984	1.704144	1.766806	2.233741	1.891403
29784	-2641.611	-3265.677	624.066	0.455472	0.111148	0.175124	0.258256	1.026183	1.927953	2.084869	2.664407
29790	-2651.392	-3274.568	623.1757	0.524369	0.11991	0.0617221	0.293999	1.778853	1.825427	2.080533	3.206759
29796	-2651.995	-3274.416	622.4217	0.324172	0.172466	0.0887742	0.414588	1.479572	1.756839	2.306876	4.620751
29802	-2643.113	-3264.634	621.5212	0.468567	0.0687995	0.269798	0.192836	1.209554	1.592798	3.981037	2.0238
29808	-2655.835	-3278.61	622.7756	0.381665	0.075468	0.30072	0.242147	1.209554	1.664505	2.884739	2.825286
29814	-2664.633	-3288.524	623.8912	0.393555	0.154829	0.216639	0.234976	0.772006	1.525706	2.892133	2.014705
29820	-2636.753	-3259.696	622.9429	0.450606	0.251925	0.0716987	0.22577	1.751265	1.597398	2.925505	1.899927
29826	-2646.083	-3268.017	621.9343	0.406979	0.227534	0.215241	0.150246	1.90208	1.448877	4.288418	0.5052309
29832	-2656.617	-3280.255	623.6386	0.369898	0.122394	0.37728	0.130428	1.334336	1.658151	3.443826	0.5352928
29838	-2659.565	-3282.559	622.994	0.353026	0.162423	0.360072	0.124479	1.16651	1.529091	3.668763	1.060101
29844	-2644.496	-3265.442	620.946	0.378764	0.190032	0.240198	0.191005	1.398117	1.759148	3.918997	2.514088
29850	-2617.582	-3240.573	622.9903	0.374739	0.19864	0.237646	0.188975	1.035221	1.381303	3.864146	0.9997225
29856	-2639.735	-3261.814	622.0792	0.391392	0.176554	0.211223	0.22083	1.517415	1.655916	3.628658	1.659405
29862	-2650.704	-3272.674	621.9704	0.393613	0.171883	0.212421	0.222083	1.374624	1.415335	4.197617	1.082604
29868	-2658.11	-3279.234	621.1241	0.357314	0.248252	0.192832	0.201602	1.721877	1.506256	3.957858	2.128486
29874	-2657.508	-3278.969	621.4612	0.388561	0.163954	0.311208	0.136278	1.371737	1.526393	4.276934	1.360813
29880	-2665.469	-3290.606	625.1378	0.404154	0.404556	0.0762789	0.115011	0.928293	1.768749	2.04541	1.628214
29886	-2676.271	-3299.952	623.6805	0.381369	0.297612	0.0433311	0.277688	1.466544	1.717619	2.661138	1.666493
29892	-2659.34	-3283.632	624.2928	0.319983	0.289404	0.25743	0.133183	1.466544	1.685413	2.601527	1.123864
29898	-2653.88	-3277.614	623.734	0.282131	0.255169	0.293516	0.169185	1.466544	1.717146	2.601527	1.71994
29904	-2630.445	-3253.412	622.9677	0.436381	0.175662	0.186536	0.201421	1.777532	1.599765	3.760798	0.2073718
29910	-2656.141	-3277.438	621.297	0.338458	0.159803	0.164784	0.336955	1.777532	1.499987	4.212824	1.317535
29916	-2654.933	-3277.057	622.1247	0.397419	0.0779528	0.172302	0.352327	1.69238	1.681611	3.817313	1.055583
29922	-2651.373	-3273.582	622.2089	0.329838	0.115158	0.108446	0.446558	2.34071	1.682409	3.360818	1.280836
29928	-2657.584	-3278.735	621.152	0.457478	0.0884783	0.110943	0.3431	2.34071	1.701227	3.360818	2.633231
29934	-2639.579	-3259.655	620.0761	0.471314	0.0571536	0.20871	0.262822	1.651301	1.527137	4.521574	2.255019
29940	-2646.562	-3268.649	622.0868	0.466596	0.0565815	0.206621	0.270201	1.138108	1.609073	3.588284	2.255019
29946	-2643.613	-3265.913	622.2996	0.529584	0.0424037	0.177619	0.250393	1.807205	1.572604	2.926929	2.797623
29952	-2627.045	-3250.297	623.2514	0.386067	0.0601757	0.220791	0.332966	1.346626	1.746342	2.484069	2.773798
29958	-2639.95	-3263.749	623.7987	0.373653	0.0431986	0.291003	0.292145	1.346626	1.863658	2.057587	2.773798
29964	-2633.311	-3257.096	623.7853	0.416061	0.0571531	0.262877	0.263909	1.216363	1.861648	1.964999	3.232061
29970	-2635.461	-3258.461	622.9998	0.296152	0.177765	0.324022	0.202061	1.046324	1.769082	2.239632	4.438702
29976	-2649.98	-3272.183	622.2033	0.375335	0.287565	0.122756	0.214344	1.610056	1.793129	2.790832	3.233919
29982	-2622.484	-3247.315	624.8314	0.507492	0.0346498	0.212894	0.244964	1.426407	1.749778	2.034721	1.473151
29988	-2631.824	-3252.301	620.4775	0.471971	0.0473357	0.142478	0.338214	1.188772	1.721364	2.731618	8.985209
29994	-2629.495	-3252.824	623.3286	0.496203	0.0391112	0.22495	0.239736	1.188772	1.777315	2.199576	3.613189
30000	-2631.298	-3254.587	623.289	0.416485	0.0699426	0.0848526	0.42872	1.218866	1.756474	2.438919	3.005325
30006	-2623.616	-3247.36	623.7431	0.42389	0.0452569	0.38438	0.146472	1.199179	1.659015	2.583539	2.138352
30012	-2631.685	-3256.129	624.4443	0.428376	0.0457358	0.388448	0.13744	1.205132	1.896506	2.111158	1.869889
30018	-2641.704	-3266.099	624.3948	0.458835	0.0555181	0.281782	0.203865	1.01854	1.937394	2.197378	1.943843
30024	-2641.122	-3266.535	625.4125	0.380396	0.294828	0.210014	0.114762	1.01854	1.834635	2.387867	0.6268519
30030	-2654.133	-3278.879	624.7459	0.326492	0.184034	0.366575	0.122899	1.301003	2.070195	2.387867	0.7794344
30036	-2655.987	-3278.915	622.9283	0.305121	0.0891604	0.339681	0.266038	1.299895	1.693998	3.026056	2.082576
30042	-2639.897	-3259.727	619.83	0.392811	0.114569	0.150766	0.341854	2.178082	1.551397	3.742144	4.320007
30048	-2652.028	-3273.6	621.5716	0.296834	0.086576	0.421201	0.195389	1.387144	1.713041	3.615966	2.448023
30054	-2647.045	-3269.432	622.3871	0.417526	0.0726366	0.235003	0.274834	1.247412	1.606899	3.553796	1.797
30060	-2638.788	-3260.367	621.579	0.377594	0.170756	0.203101	0.248549	1.410151	1.628258	3.231602	3.644265
30066	-2644.365	-3264.11	619.7452	0.466996	0.145574	0.0800333	0.307398	1.505955	1.534122	4.152454	4.140662
30072	-2663.43	-3287.116	623.6866	0.490283	0.0873297	0.27336	0.149027	1.091121	1.610449	2.786256	1.974673
30078	-2638.812	-3263.1	624.2879	0.460886	0.1891	0.155225	0.194789	1.046912	1.680327	2.397138	1.974673
30084	-2633.24	-3256.014	622.774	0.567068	0.126779	0.066486	0.239666	1.811977	1.680327	2.913742	1.974673
30090	-2621.085	-3242.975	621.8894	0.566691	0.0845721	0.0664417	0.282295	1.326763	1.568451	3.765802	1.921579
30096	-2642.233	-3266.049	623.8165	0.461115	0.184441	0.118842	0.235602	0.9767737	1.655083	2.712469	2.054054
30102	-2625.343	-3246.216	620.8734	0.522248	0.26329	0.0472966	0.167165	1.410707	1.622322	4.012751	2.566256
30108	-2605.504	-3228.875	623.3704	0.526539	0.123006	0.181916	0.168539	1.280612	1.742431	2.923724	1.691853
30114	-2630.291	-3252.227	621.9362	0.569674	0.0511618	0.196819	0.182346	1.39079	1.61925	3.495471	2.349678
30120	-2646.293	-3269.087	622.7945	0.349719	0.108496	0.329801	0.211985	1.39079	1.634417	2.987189	2.329424
30126	-2631.245	-3254.368	623.1222	0.450586	0.105406	0.298704	0.145304	1.233322	1.544	3.721459	0.7689362
30132	-2659.872	-3284.116	624.2439	0.423429	0.117143	0.28223	0.177197	1.29798	1.599642	3.147291	0.5248137
30138	-2632.783	-3257.509	624.7264	0.597271	0.14305	0.132139	0.12754	1.125834	1.468434	3.147291	0.2200471
30144	-2633.567	-3259.165	625.5982	0.382651	0.290767	0.166183	0.160399	1.113561	1.663455	2.509705	0.2593652
30150	-2645.201	-3271.031	625.8297	0.558716	0.233851	0.153009	0.0544243	1.154549	1.663455	2.332226	0.211214
30156	-2632.953	-3258.767	625.8138	0.357122	0.213399	0.361376	0.0681024	0.9845248	1.691045	2.428767	0.2073612
30162	-2629.477	-3253.104	623.6264	0.458917	0.19393	0.287311	0.0598428	1.124459	1.485857	3.784736	0.2521365
30168	-2619.641	-3243.676	624.0346	0.37088	0.217153	0.312439	0.0995274	1.194236	1.537162	3.479615	0.2521365
30174	-2636.063	-3260.632	624.5691	0.365674	0.316736	0.277591	0.0399986	0.4709611	1.510403	3.611913	0.2682704
30180	-2644.048	-3267.252	623.2035	0.355542	0.27124	0.338964	0.0342532	0.8133518	1.507499	4.166055	0.36193
30186	-2663.042	-3286.003	622.9609	0.354278	0.287396	0.307211	0.0511145	1.369599	1.529696	4.009768	0.2370268
30192	-2638.637	-3263.578	624.9417	0.35663	0.377116	0.115874	0.15038	1.005683	1.619501	3.002842	0.2529099
30198	-2663.452	-3288.981	625.5293	0.292235	0.278464	0.195539	0.233761	1.114625	1.537925	2.629963	0.2529099
30204	-2663.188	-3287.203	624.0144	0.426844	0.270925	0.190244	0.111987	2.245415	1.637735	2.922905	0.2346044
30210	-2677.717	-3300.551	622.8339	0.416625	0.197051	0.148061	0.238262	1.764583	1.777242	3.208783	1.24377
30216	-2663.636	-3288.475	624.8388	0.492157	0.175304	0.146384	0.186155	1.216103	1.782338	2.29414	1.200027
30222	-2642.671	-3268.246	625.5751	0.242281	0.269058	0.303599	0.185061	0.9035503	1.769153	2.483537	0.4980545
30228	-2643.995	-3268.13	624.1355	0.449489	0.134974	0.35099	0.0645469	1.222775	1.742362	2.639582	1.403671
30234	-2645.519	-3268.997	623.4776	0.507513	0.152398	0.267211	0.0728791	0.7668534	1.585964	3.048512	2.148885
30240	-2636.236	-3257.539	621.3021	0.442356	0.161644	0.334137	0.0618642	1.291467	1.680665	4.071703	1.887347
30246	-2624.68	-3247.158	622.4776	0.45362	0.102406	0.342646	0.101328	1.755246	1.711024	3.812101	0.6448519
30252	-2626.938	-3248.01	621.0717	0.419125	0.0946188	0.151696	0.334559	1.220031	1.704001	3.481451	3.992097
30258	-2618.628	-3240.013	621.3847	0.394976	0.0891671	0.142956	0.372901	2.230084	1.675344	4.033619	1.015216
30264	-2644.938	-3266.527	621.5886	0.372291	0.119998	0.130275	0.377436	1.155421	1.565809	3.401806	3.640991
30270	-2627.582	-3249.148	621.5662	0.307237	0.273768	0.107511	0.311483	1.476962	1.524681	4.252609	1.194573
30276	-2648.895	-3271.584	622.689	0.398638	0.247101	0.0997294	0.254532	1.476962	1.557987	3.734173	0.9405596
30282	-2658.572	-3278.652	620.0796	0.428938	0.22625	0.0568931	0.287919	1.919494	1.783337	3.679074	3.952155
30288	-2660.331	-3284.535	624.2048	0.495596	0.199841	0.0502521	0.254311	1.479872	1.73105	2.827478	0.7894799
30294	-2631.665	-3254.7	623.0351	0.376146	0.193287	0.147952	0.282616	1.319729	1.655501	3.504228	1.032638
30300	-2641.806	-3262.875	621.0692	0.388119	0.137602	0.182667	0.291612	1.379329	1.590744	3.416167	4.15669
30306	-2658.104	-3279.061	620.9575	0.495394	0.165066	0.229134	0.110405	1.638308	1.538974	3.630605	3.339646
30312	-2658.349	-3280.794	622.4459	0.405693	0.131921	0.371972	0.0904143	1.807458	1.563857	3.787946	0.8146425
30318	-2651.866	-3272.785	620.9193	0.331678	0.200487	0.376356	0.0914796	1.054009	1.377703	4.5805	1.902619
30324	-2656.647	-3279.469	622.8221	0.368065	0.162216	0.325196	0.144523	1.054009	1.457494	4.285834	0.3244757
30330	-2660.236	-3282.125	621.8891	0.119214	0.473012	0.308182	0.0995913	0.5326839	1.553776	4.753229	0.8804582
30336	-2651.279	-3274.831	623.552	0.180953	0.414128	0.310683	0.0942365	0.6560012	1.453769	3.603946	1.215025
30342	-2646.139	-3266.226	620.0869	0.443123	0.0487188	0.275735	0.232423	2.037673	1.463487	5.160787	0.6691423
30348	-2640.165	-3260.274	620.1092	0.371218	0.0218367	0.412237	0.194708	1.510065	1.609235	5.160787	0.9113225
30354	-2634.282	-3257.019	622.7375	0.509569	0.0412161	0.183714	0.265501	1.510065	1.687937	3.387124	1.346414
30360	-2640.956	-3261.088	620.1321	0.442687	0.0541614	0.0371824	0.465969	1.355476	1.566219	4.193696	3.448541
30366	-2651.955	-3273.928	621.9723	0.333232	0.240154	0.0758574	0.350757	1.514239	1.680061	3.885494	1.248252
30372	-2647.829	-3270.163	622.334	0.42311	0.142378	0.0963175	0.338195	1.463827	1.848824	3.604512	1.248252
30378	-2650.851	-3273.06	622.2089	0.446465	0.0950392	0.101634	0.356862	1.463827	1.848824	3.085501	2.540494
30384	-2645.987	-3266.094	620.1068	0.433671	0.132527	0.0961601	0.337642	1.469436	1.755958	4.305071	2.669618
30390	-2659.758	-3280.872	621.114	0.355662	0.278365	0.095849	0.270124	0.9909673	1.496621	4.690394	1.364798
30396	-2657.022	-3278.16	621.1382	0.236969	0.397457	0.185598	0.179977	0.7150733	1.758005	4.690394	1.364798
30402	-2632.787	-3255.393	622.6056	0.442581	0.235584	0.197118	0.124717	0.8694064	1.512813	4.012105	1.166323
30408	-2610.655	-3233.276	622.6208	0.495014	0.246459	0.128052	0.130475	1.355649	1.786797	2.333874	4.274792
30414	-2626.917	-3250.643	623.7258	0.377344	0.266589	0.185199	0.170867	1.262593	1.75888	2.94012	1.252624
30420	-2637.261	-3260.8	623.5392	0.187926	0.430736	0.105738	0.2756	1.101378	1.761559	3.489546	0.6655786
30426	-2637.268	-3260.362	623.0944	0.389274	0.08683	0.358872	0.165024	1.373493	1.608904	3.581099	0.8424894
30432	-2644.16	-3267.321	623.1608	0.501765	0.216722	0.0688005	0.212712	1.62328	1.426855	3.399095	1.051503
30438	-2625.551	-3247.226	621.6753	0.50735	0.176213	0.143484	0.172953	1.298139	1.557886	4.012069	1.695918
30444	-2638.325	-3260.435	622.1107	0.400217	0.291054	0.109531	0.199198	1.002471	1.570171	3.578681	2.495127
30450	-2653.19	-3270.869	617.6789	0.483805	0.107014	0.351123	0.0580585	1.463014	1.434722	4.804791	6.653759
30456	-2629.35	-3250.733	621.3832	0.504289	0.0491273	0.424414	0.0221698	1.149974	1.401472	3.651591	3.540625
30462	-2634.296	-3255.576	621.2792	0.481349	0.0215227	0.421362	0.0757661	1.097093	1.457571	3.415955	4.550296
30468	-2627.998	-3250.556	622.5583	0.485731	0.0212838	0.354221	0.138764	1.039621	1.470254	3.397937	2.384098
30474	-2634.184	-3257.552	623.3676	0.370551	0.253365	0.270225	0.105859	0.8856965	1.437719	3.029951	2.384098
30480	-2624.489	-3246.694	622.2046	0.308214	0.454361	0.163158	0.0742669	0.8758052	1.461492	3.413458	3.183687
30486	-2659.995	-3283.909	623.9141	0.28133	0.369445	0.220726	0.128498	0.8679319	1.493233	3.413458	0.9117751
30492	-2634.491	-3259.044	624.553	0.257395	0.338014	0.329459	0.0751331	0.5041908	1.452995	3.502826	0.5578484
30498	-2622.5	-3247.922	625.4218	0.184529	0.426755	0.343596	0.0451204	0.5300334	1.637005	2.974558	0.3564364
30504	-2611.462	-3236.797	625.3357	0.157493	0.478211	0.293255	0.0710403	0.6314472	1.641178	2.92986	0.4192038
30510	-2640.627	-3264.395	623.7674	0.405231	0.140719	0.360696	0.0933539	0.6902056	1.509394	3.375678	1.305533
30516	-2633.976	-3256.569	622.5931	0.403828	0.140232	0.359448	0.0964926	0.8399486	1.391838	4.14867	1.087869
30522	-2629.891	-3254.489	624.5981	0.336117	0.101909	0.305114	0.256861	0.8399486	1.591228	2.737218	1.30237
30528	-2633.205	-3254.659	621.454	0.37603	0.133646	0.325536	0.164788	0.9707712	1.353365	4.041952	2.648591
30534	-2652.8	-3275.112	622.312	0.364348	0.223217	0.0883159	0.32412	1.27055	1.461382	3.583557	1.988472
30540	-2668.633	-3288.729	620.0961	0.263367	0.355327	0.0388073	0.342498	1.357344	1.550838	3.403177	6.706138
30546	-2654.336	-3272.426	618.0905	0.408005	0.251085	0.0702441	0.270666	1.657207	1.529175	5.081546	3.892471
30552	-2639.621	-3264.272	624.6512	0.391092	0.144788	0.285779	0.178342	0.9924798	1.837519	1.908946	2.36673
30558	-2638.348	-3262.651	624.303	0.39504	0.146249	0.154411	0.3043	0.9924798	1.869594	1.908946	2.852913
30564	-2632.444	-3256.089	623.6453	0.350307	0.0382272	0.34672	0.264745	1.124166	1.639313	2.628533	2.302113
30570	-2615.409	-3238.301	622.8919	0.350174	0.0423087	0.314505	0.293012	1.359915	1.679723	2.9699	2.206567
30576	-2639.896	-3263.636	623.7399	0.358073	0.198954	0.31006	0.132912	1.14026	1.738467	2.962893	1.344165
30582	-2641.329	-3265.397	624.0675	0.254849	0.216771	0.383565	0.144815	0.4588482	1.646752	3.004745	1.807049
30588	-2638.208	-3261.43	623.2224	0.395988	0.218366	0.273955	0.111691	0.9320524	1.647945	3.089092	2.085726
30594	-2651.216	-3274.433	623.217	0.259484	0.0919756	0.549987	0.098554	0.9109386	1.724399	3.641805	0.9409687
30600	-2651.663	-3275.378	623.7152	0.441063	0.156337	0.23508	0.167519	1.047179	1.6809	3.024725	1.422387
30606	-2646.162	-3269.611	623.4493	0.446783	0.158365	0.22516	0.169692	0.8515501	1.534029	3.024725	2.192448
30612	-2652.951	-3277.132	624.1808	0.250842	0.166676	0.345205	0.237276	0.8459577	1.622611	2.723537	1.773081
30618	-2650.146	-3274.862	624.7163	0.293439	0.168185	0.403826	0.134551	0.8104716	1.675965	2.380241	1.773081
30624	-2636.019	-3260.32	624.3002	0.288667	0.221461	0.373132	0.116741	0.8750145	1.758334	2.380241	2.123039
30630	-2633.738	-3256.992	623.2542	0.475268	0.0782896	0.362939	0.0835033	1.149195	1.565897	3.170026	1.697287
30636	-2651.928	-3271.748	619.8202	0.340881	0.121169	0.408046	0.129905	1.460503	1.422032	5.071626	1.648493
30642	-2655.838	-3276.609	620.7705	0.485502	0.102265	0.0825792	0.329654	1.766115	1.478596	4.183317	2.060549
30648	-2657.102	-3277.562	620.4591	0.493073	0.0187525	0.25532	0.232854	1.905936	1.634821	3.920022	2.809172
30654	-2628.904	-3252.281	623.377	0.584984	0.0177818	0.198227	0.199007	1.561383	1.689937	2.768045	1.759305
30660	-2626.724	-3250.093	623.3689	0.531717	0.0216894	0.152231	0.294363	1.754522	1.732414	2.648054	1.761882
30666	-2638.26	-3258.791	620.531	0.512145	0.082663	0.0737972	0.331395	1.256017	1.655745	4.150653	2.893447
30672	-2648.512	-3269.104	620.5913	0.498031	0.131	0.129734	0.241235	1.208653	1.402463	4.822147	1.559118
30678	-2649.663	-3269.825	620.1619	0.31149	0.297896	0.126293	0.264321	1.208653	1.431923	4.803377	2.110596
30684	-2634.339	-3256.992	622.6526	0.431768	0.222442	0.252117	0.0936725	0.5633601	1.522275	3.885201	1.720607
30690	-2629.733	-3253.231	623.4988	0.25928	0.303713	0.37231	0.0646964	0.5660981	1.678476	3.301719	1.719401
30696	-2644.704	-3267.604	622.8998	0.150658	0.367006	0.297143	0.185193	0.7035441	1.610567	3.732972	1.460323
30702	-2647.509	-3271.666	624.157	0.313174	0.333632	0.184841	0.168353	0.5692489	1.770671	3.399154	0.7373499
30708	-2637.863	-3261.872	624.0087	0.295888	0.280013	0.264251	0.159848	0.8210019	1.852702	3.313178	0.6875555
30714	-2636.661	-3260.157	623.4956	0.291511	0.417245	0.13376	0.157484	0.6741635	1.690829	3.012162	2.198826
30720	-2637.742	-3261.326	623.5841	0.364293	0.434462	0.122246	0.0789998	0.8921663	1.67775	3.418854	1.02214
30726	-2618.221	-3242.206	623.9849	0.44131	0.259786	0.206091	0.0928121	0.5616871	1.623786	3.418854	1.02214
30732	-2632.003	-3256.468	624.4657	0.299749	0.324328	0.259278	0.116644	0.8130775	1.508191	3.061514	0.9963788
30738	-2647.342	-3273.423	626.0808	0.464785	0.0659156	0.420947	0.0483519	0.7303045	1.674421	2.439856	0.2156719
30744	-2640.332	-3266.562	626.2295	0.416616	0.0999823	0.426754	0.056648	1.070594	1.782458	2.05489	0.2687854
30750	-2661.519	-3283.454	621.9352	0.411727	0.123656	0.00862165	0.455995	2.210933	1.567348	2.985262	2.74967
30756	-2645.964	-3270.157	624.1927	0.468192	0.177099	0.0373639	0.317345	1.216111	1.622204	2.61014	1.538037
30762	-2658.588	-3281.537	622.9484	0.420291	0.213552	0.161238	0.204919	1.027088	1.640684	3.45442	1.538037
30768	-2645.43	-3268.452	623.022	0.319935	0.381362	0.0887338	0.209969	1.184981	1.495116	3.45442	1.444195
30702	-2693.097	-3314.222	621.1247	0.658958	0.0342205	0.24199	0.0648315	1.025444	1.484622	4.479094	1.770517
30708	-2680.146	-3303.037	622.8904	0.413997	0.0240934	0.477379	0.0845311	1.108549	1.752567	2.681895	3.20429
30714	-2667.632	-3289.815	622.1835	0.3815	0.0222022	0.439907	0.156391	1.16217	1.830951	3.024839	3.224282
30720	-2653.106	-3278.294	625.1882	0.534977	0.0452323	0.34387	0.0759204	0.8474649	1.721932	2.176827	1.485665
30726	-2664.674	-3289.435	624.7605	0.546875	0.0435669	0.331209	0.0783496	1.414263	1.828401	2.117267	1.335294
30732	-2664.317	-3287.84	623.5233	0.579208	0.00336992	0.350791	0.066631	1.16559	1.654292	2.478264	2.769501
30738	-2644.662	-3268.345	623.6837	0.468712	0.141655	0.283871	0.105762	1.074144	1.67507	2.419971	2.769501
30744	-2654.18	-3279.447	625.2668	0.385663	0.0778867	0.390836	0.145615	1.080011	1.694102	2.331047	0.9278331
30750	-2649.907	-3272.796	622.8895	0.420459	0.0382095	0.4261	0.115232	1.699965	1.77851	2.522546	2.718552
30756	-2644.452	-3268.783	624.3306	0.523291	0.0270178	0.353967	0.0957245	0.9426803	1.500064	2.902041	1.282654
30762	-2631.32	-3254.371	623.0503	0.498701	0.0392345	0.337333	0.124731	0.8745163	1.500064	3.698328	1.282654
30768	-2656.434	-3276.356	619.9222	0.427987	0.194219	0.259175	0.11862	1.30733	1.609029	4.093166	4.199057
30774	-2639.205	-3261.504	622.2992	0.28205	0.154619	0.386456	0.176875	0.9846231	1.663228	4.145396	0.9672658
30780	-2632.817	-3255.096	622.2795	0.366027	0.184676	0.326307	0.12299	0.8276441	1.391883	3.877312	2.028134
30786	-2648.388	-3271.122	622.7347	0.391885	0.177143	0.312998	0.117973	1.02378	1.476274	3.800356	1.294876
30792	-2647.823	-3271.158	623.3343	0.528423	0.0433345	0.331709	0.0965332	1.071428	1.75622	2.701953	2.486958
30798	-2651.214	-3274.364	623.1496	0.409897	0.145923	0.309303	0.134877	0.9280605	1.715964	2.701953	3.074472
30804	-2658.977	-3283.449	624.4719	0.394781	0.232038	0.268323	0.104858	0.9654851	1.622609	2.701953	1.328359
30810	-2652.533	-3276.683	624.1499	0.26138	0.175496	0.501411	0.0617128	0.818249	1.807021	3.393529	0.4651319
30816	-2639.296	-3265.207	625.9104	0.353339	0.108123	0.406331	0.132208	0.9591625	1.677715	2.396153	0.2905846
30822	-2647.187	-3269.704	622.5168	0.376375	0.060238	0.311622	0.251765	1.393654	1.798294	2.864583	2.808911
30828	-2646.43	-3269.388	622.9577	0.361676	0.240432	0.220083	0.177809	1.209437	1.572313	3.317863	1.676319
30834	-2638.252	-3260.754	622.5014	0.348082	0.198401	0.255325	0.198192	1.053514	1.524744	4.153854	0.8240418
30840	-2647.923	-3269.535	621.6118	0.369486	0.260017	0.114081	0.256416	1.41206	1.462911	4.20724	1.360674
30846	-2641.174	-3263.069	621.8953	0.278194	0.294276	0.13733	0.2902	1.41206	1.374261	4.29416	0.9941273
30852	-2625.519	-3247.269	621.7507	0.253248	0.267887	0.214688	0.264177	1.799669	1.59321	3.630331	1.853494
30858	-2633.88	-3253.307	619.4262	0.288731	0.305422	0.104655	0.301192	1.737293	1.391737	5.140633	1.731377
30864	-2635.228	-3256.19	620.9615	0.31511	0.333325	0.0228565	0.328709	1.129917	1.469114	4.732098	1.330266
30870	-2648.847	-3269.159	620.312	0.26529	0.348923	0.0218268	0.36396	2.219216	1.511132	4.558304	1.350042
30876	-2627.096	-3248.493	621.3976	0.446726	0.15913	0.0222997	0.371844	1.607133	1.434905	4.558304	0.7999144
30882	-2637.84	-3259.26	621.4203	0.348821	0.256284	0.104545	0.29035	2.152193	1.473621	4.08439	1.151309
30888	-2653.795	-3274.849	621.0535	0.524123	0.13728	0.0865273	0.25207	2.189977	1.676017	4.08439	1.297792
30894	-2644.226	-3266.982	622.7563	0.508407	0.152723	0.12879	0.210081	1.348991	1.637321	3.370139	1.578724
30900	-2645.319	-3267.768	622.4486	0.485114	0.155086	0.126467	0.233333	1.616564	1.631318	3.417996	1.578724
30906	-2647.477	-3268.803	621.326	0.409835	0.109745	0.137427	0.342992	1.853202	1.523504	3.923816	1.781215
30912	-2655.563	-3279.458	623.895	0.343801	0.253188	0.115284	0.287727	0.9193603	1.668699	2.704343	2.026312
30918	-2634.571	-3257.675	623.1039	0.453919	0.214472	0.117404	0.214205	0.9946904	1.670328	3.070674	2.173271
30924	-2633.712	-3257.133	623.4211	0.49001	0.0678983	0.247987	0.194105	1.476507	1.681583	2.68865	1.973561
30930	-2642.017	-3264.133	622.1152	0.431056	0.0585325	0.337725	0.172686	1.476507	1.621203	3.744585	1.463042
30936	-2638.373	-3259.85	621.4769	0.422949	0.0853984	0.369869	0.121784	1.985883	1.604123	3.570853	2.148227
30942	-2643.325	-3265.902	622.5771	0.436387	0.161865	0.302234	0.0995143	1.417493	1.539444	3.393549	1.793928
30948	-2646.335	-3269.421	623.0861	0.468918	0.154698	0.176306	0.200078	1.341483	1.53904	3.612501	0.8936167
30954	-2667.011	-3289.935	622.9234	0.336021	0.0921519	0.402288	0.169539	1.415707	1.515564	3.609439	1.017249
30960	-2661.315	-3284.797	623.4811	0.43895	0.11946	0.254362	0.187228	1.126419	1.393811	3.25014	1.496812
30966	-2651.733	-3274.656	622.922	0.519053	0.0277496	0.324161	0.129036	1.126419	1.480219	3.881406	0.8527292
30972	-2666.699	-3290.227	623.5276	0.301084	0.221397	0.299961	0.177558	0.5299032	1.608372	2.956501	2.631777
30978	-2663.015	-3286.253	623.2381	0.288161	0.245068	0.263614	0.203157	0.694766	1.496265	3.981044	0.7897238
30984	-2666.019	-3291.437	625.4176	0.323115	0.326721	0.233092	0.117071	0.7961643	1.524643	2.901514	0.2330241
30990	-2659.31	-3278.861	619.5504	0.409859	0.239576	0.229874	0.12069	0.5330574	1.361349	5.317738	2.76615
30996	-2666.384	-3287.984	621.5994	0.353893	0.140707	0.373802	0.131598	0.5330574	1.525985	4.552367	1.604931
31002	-2658.683	-3279.336	620.6533	0.257256	0.273822	0.339887	0.129035	0.6064314	1.451556	4.850598	2.133108
31008	-2659.292	-3280.858	621.5656	0.223702	0.368537	0.295556	0.112205	0.6445403	1.449708	4.850598	1.014877
31014	-2644.632	-3268.063	623.4307	0.236884	0.367616	0.312971	0.0825299	0.7442242	1.548604	4.077261	0.2930222
31020	-2641.519	-3267.053	625.5337	0.236884	0.367616	0.312971	0.0825299	0.3440247	1.539922	3.085182	0.2126952
31026	-2671.918	-3297.234	625.3152	0.25172	0.34131	0.332572	0.0743981	0.5852271	1.542647	3.085182	0.2289732
31032	-2667.618	-3293.155	625.5377	0.282694	0.383308	0.250445	0.0835528	0.4301487	1.471207	3.085182	0.2864578
31038	-2663.725	-3288.677	624.9519	0.196272	0.388222	0.313017	0.102489	0.3820063	1.592412	3.384281	0.2864578
31044	-2665.087	-3290.222	625.1349	0.388259	0.148135	0.28507	0.178536	0.3820063	1.497581	3.320999	0.1927806
31050	-2669.96	-3295.458	625.4977	0.278979	0.255424	0.367849	0.0977486	0.3986864	1.502646	3.10533	0.2929025
31056	-2658.618	-3281.321	622.703	0.292327	0.260557	0.385449	0.0616673	0.6168196	1.493206	4.444475	0.6040697
31062	-2665.287	-3285.624	620.337	0.529243	0.0154171	0.31843	0.13691	1.155413	1.748318	4.024466	3.625636
31068	-2664.566	-3285.445	620.8788	0.456274	0.0132915	0.243565	0.28687	1.547857	1.8141	4.000818	2.1377
31074	-2653.06	-3276.654	623.5945	0.456978	0.100926	0.245154	0.196942	1.351735	1.93659	2.999089	1.017756
31080	-2664.528	-3287.548	623.0196	0.378076	0.224006	0.185918	0.212	1.368151	2.058699	2.999089	1.489237
31086	-2647.489	-3269.725	622.2358	0.578235	0.0400045	0.0846048	0.297155	1.810329	2.058699	3.024613	1.944074
31092	-2621.097	-3242.717	621.6205	0.524219	0.10051	0.0978728	0.277398	1.810329	2.082695	2.562111	4.187675
31098	-2628.408	-3249.005	620.5967	0.596576	0.0396254	0.111382	0.252416	1.739738	1.832484	3.296836	4.424228
31104	-2643.018	-3263.306	620.2874	0.454012	0.0788321	0.207123	0.260033	1.959542	1.610551	4.450021	1.710494
31110	-2642.672	-3262.461	619.7895	0.515916	0.0245947	0.240626	0.218864	2.172987	1.586951	4.114069	3.105626
31116	-2648.722	-3268.092	619.3703	0.516642	0.125294	0.196628	0.161436	2.198229	1.528825	4.636599	2.369367
31122	-2640.247	-3259.763	619.5156	0.403738	0.136365	0.214003	0.245894	2.127418	1.491294	4.604763	2.369367
31128	-2653.143	-3272.477	619.3337	0.414186	0.00807721	0.272429	0.305308	2.127418	1.782795	4.082801	3.733967
31134	-2650.738	-3268.929	618.1907	0.528327	0.0081147	0.259179	0.20438	1.370365	1.516384	4.383452	7.348955
31140	-2641.793	-3261.467	619.6735	0.475866	0.0584165	0.194042	0.271675	1.263413	1.55584	4.979323	2.107131
31146	-2646.486	-3265.34	618.8545	0.490536	0.0602173	0.169196	0.280051	1.826303	1.250114	5.383778	1.99097
31152	-2644.571	-3262.305	617.734	0.475297	0.0469204	0.141747	0.336035	1.967644	1.334072	5.832326	2.140429
31158	-2638.037	-3257.849	619.8124	0.532697	0.0346244	0.197979	0.234699	1.625454	1.433894	4.769985	2.163814
31164	-2634.684	-3255.611	620.927	0.582787	0.0363642	0.207927	0.172922	1.799747	1.609169	3.961473	2.163814
31170	-2637.521	-3259.827	622.3062	0.449717	0.145723	0.16045	0.24411	1.423859	1.807477	3.65343	1.269758
31176	-2645.9	-3267.355	621.4542	0.525696	0.10559	0.180394	0.18832	1.315842	1.493805	4.484759	1.064869
31182	-2652.39	-3273.038	620.6484	0.541601	0.108784	0.155597	0.194017	1.164775	1.497499	4.494592	2.166669
31188	-2646.421	-3267.689	621.2688	0.411361	0.122558	0.155014	0.311068	1.164775	1.411053	4.199674	2.150091
31194	-2631.693	-3253.368	621.6749	0.552179	0.0781081	0.122962	0.24675	1.440873	1.402433	3.828291	2.150091
31200	-2640.342	-3260.795	620.4533	0.427957	0.0805362	0.300267	0.19124	1.141382	1.359314	4.995213	1.482407
31206	-2644.256	-3265.372	621.1157	0.340683	0.289764	0.16771	0.201844	1.410395	1.420419	4.661638	1.077018
31212	-2644.604	-3269.093	624.4896	0.300652	0.255716	0.280897	0.162735	0.6779878	1.66176	3.443407	0.2230211
31218	-2642.771	-3266.387	623.6166	0.26132	0.301433	0.276854	0.160393	1.16177	1.735008	3.548884	0.4601322
31224	-2641.629	-3262.588	620.9593	0.265352	0.370481	0.305781	0.0583855	0.9389159	1.488542	4.774606	1.437715
31230	-2654.238	-3278.128	623.8904	0.237342	0.374729	0.246265	0.141665	0.4126555	1.811467	3.646288	0.6943967
31236	-2636.254	-3260.234	623.9796	0.277809	0.384766	0.288253	0.0491722	1.024333	1.783465	3.248395	0.6883016
31242	-2644.708	-3268.704	623.9958	0.211259	0.32967	0.425535	0.0335365	1.223053	1.635208	3.308528	0.5340885
31248	-2634.984	-3258.622	623.638	0.244049	0.326452	0.416031	0.0134679	0.6293962	1.634246	3.919689	0.4394253
31254	-2659.207	-3283.338	624.131	0.274222	0.430059	0.239883	0.0558361	0.4271882	1.662883	3.775517	0.3579809
31260	-2645.317	-3266.63	621.3133	0.280613	0.382406	0.273355	0.063627	0.4873537	1.573641	4.948744	1.131649
31266	-2644.757	-3264.817	620.0606	0.202927	0.265314	0.450143	0.0816168	0.6748951	1.500056	4.821922	2.921917
31272	-2655.656	-3276.498	620.8416	0.246956	0.322879	0.37274	0.0574248	0.461255	1.490642	5.029791	1.616004
31278	-2645.296	-3267.928	622.6317	0.232307	0.346192	0.399653	0.0218483	0.3962355	1.538566	4.394262	0.9205842
31284	-2648.555	-3272.753	624.1981	0.176165	0.477343	0.317404	0.0290887	0.4822928	1.507048	3.791619	0.3699908
31290	-2644.004	-3268.68	624.6762	0.211302	0.572554	0.200817	0.0153268	0.4187076	1.636376	3.491994	0.3235167
31296	-2661.17	-3284.87	623.7004	0.282098	0.269229	0.444462	0.00421114	0.6348509	1.451151	4.036769	0.3235167
31302	-2650.969	-3274.726	623.7567	0.251266	0.373148	0.372684	0.00290231	0.6895297	1.399619	3.974837	0.3887394
31308	-2656.128	-3278.239	622.1115	0.280149	0.227581	0.485496	0.00677394	0.4884448	1.525108	4.948686	0.3887394
31314	-2661.252	-3284.208	622.9552	0.283017	0.225618	0.481308	0.0100573	0.7930143	1.662067	4.205437	0.4182933
31320	-2653.597	-3275.62	622.0224	0.436481	0.11471	0.408193	0.0406151	1.557535	1.505468	4.34974	0.5303124
31326	-2663.336	-3286.47	623.1337	0.437817	0.115265	0.410167	0.0367509	0.7672873	1.599996	4.108425	0.5040382
31332	-2655.59	-3279.648	624.0579	0.3732	0.146026	0.428968	0.0518071	0.8224217	1.556767	3.568547	0.5040382
31338	-2666.355	-3290.337	623.9817	0.451339	0.1766	0.256238	0.115823	1.170813	1.429916	3.58394	0.2288248
31344	-2653.45	-3278.153	624.7031	0.460415	0.119029	0.351039	0.0695162	1.336265	1.68885	2.905518	0.3109875
31350	-2660.085	-3282.857	622.772	0.415188	0.0819801	0.316556	0.186276	1.630557	1.647983	3.892707	0.3662824
31356	-2676	-3298.897	622.8972	0.468184	0.0924444	0.229319	0.210053	1.583506	1.611151	3.892707	0.2328158
31362	-2679.581	-3301.665	622.0836	0.496233	0.161508	0.157476	0.184783	1.295638	1.514687	3.21667	3.17075
31368	-2683.847	-3304.895	621.0477	0.495245	0.0391354	0.121307	0.344313	1.334501	1.514687	3.594529	3.822227
31374	-2662.138	-3286.119	623.9805	0.403986	0.225064	0.198934	0.172016	1.649206	1.596418	3.240257	0.2444379
31380	-2649.717	-3273.814	624.097	0.505749	0.095994	0.213579	0.184679	1.429807	1.667051	3.240257	0.2444379
31386	-2659.523	-3282.376	622.8526	0.509477	0.0952698	0.211967	0.183286	1.675699	1.588722	3.888003	0.2633557
31392	-2637.456	-3261.998	624.5416	0.356403	0.122469	0.333111	0.188017	1.675699	1.675143	2.840972	0.2852619
31398	-2658.602	-3283.559	624.9571	0.37778	0.0698355	0.353091	0.199294	1.293918	1.595783	2.840972	0.2411741
31404	-2642.291	-3267.003	624.7122	0.303308	0.322169	0.270181	0.104342	0.7381489	1.537905	3.143911	0.6728886
31410	-2649.745	-3271.308	621.5635	0.340693	0.124399	0.385883	0.149025	1.247745	1.664276	3.286327	3.708975
31416	-2660.56	-3284.117	623.5576	0.440852	0.208434	0.253211	0.0975037	0.6062123	1.65496	2.823844	2.731313
31422	-2669.098	-3292.05	622.9524	0.461998	0.180501	0.072142	0.28536	1.756862	1.705775	3.070952	1.455395
31428	-2654.081	-3276.135	622.0541	0.400112	0.320004	0.0624784	0.217406	1.476532	1.547535	3.826042	1.455395
31434	-2630.357	-3253.081	622.7242	0.364468	0.175582	0.140253	0.319698	1.767815	1.616716	3.240236	1.482455
31440	-2652.704	-3276.478	623.7743	0.377156	0.0993896	0.192626	0.330828	1.75213	1.638964	2.600365	1.482455
31446	-2646.246	-3270.042	623.7958	0.411436	0.0789782	0.181443	0.328144	1.463591	1.671982	2.589398	1.726681
31452	-2649.894	-3273.299	623.4052	0.540334	0.103721	0.238287	0.117658	1.102589	1.4702	3.149717	1.726681
31458	-2639.178	-3262.639	623.4605	0.490284	0.167152	0.229329	0.113235	1.030659	1.566713	3.40817	1.137649
31464	-2662.817	-3285.887	623.07	0.367342	0.0764762	0.464906	0.0912759	1.431156	1.696426	3.40817	1.021315
31470	-2664.226	-3288.702	624.4762	0.548081	0.0497455	0.340433	0.0617412	0.9749282	1.753968	2.944768	0.7747769
31476	-2637.102	-3259.742	622.6397	0.415913	0.194298	0.234672	0.155117	1.577249	1.751971	3.64607	0.8642547
31482	-2618.981	-3242.555	623.5745	0.413349	0.131058	0.233226	0.222366	1.577249	1.70309	3.41675	0.3774959
31488	-2629.995	-3252.544	622.5493	0.471183	0.0711184	0.228655	0.229044	1.577249	1.590558	4.089183	0.1866777
31494	-2638.604	-3261.18	622.5754	0.52834	0.0507519	0.16408	0.256828	1.577249	1.580094	4.089183	0.2031144
31500	-2631.445	-3255.318	623.873	0.574447	0.0879794	0.219262	0.118312	1.192587	1.509133	3.590946	0.2497623
31506	-2636.657	-3259.892	623.2348	0.47253	0.174313	0.204548	0.148609	0.8065648	1.669935	4.08384	0.2857735
31512	-2636.379	-3259.706	623.3273	0.423859	0.156358	0.183479	0.236304	1.58107	1.497328	3.705569	0.3038869
31518	-2619.583	-3241.612	622.0292	0.411231	0.115926	0.224516	0.248326	1.684349	1.434293	3.925219	1.223643
31524	-2619.897	-3241.218	621.3212	0.416037	0.0404626	0.260283	0.283218	1.344017	1.541782	4.577905	0.958257
31530	-2628.442	-3248.953	620.5108	0.516414	0.0513568	0.072758	0.359472	1.72842	1.491685	4.300378	2.156902
31536	-2651.278	-3271.83	620.5515	0.514718	0.0544708	0.0725192	0.358292	1.599656	1.466982	4.716921	1.349156
31542	-2650.28	-3270.412	620.1324	0.424982	0.281196	0.0373008	0.256521	1.665302	1.453054	4.912018	1.381329
31548	-2637.61	-3257.631	620.021	0.285682	0.363345	0.019511	0.331462	1.665302	1.588836	4.912018	1.354156
31554	-2635.618	-3257.268	621.6505	0.317632	0.339503	0.0331527	0.309712	1.480469	1.667028	3.943479	1.543555
31560	-2657.208	-3279.359	622.1506	0.418543	0.309933	0.0302652	0.241258	1.480469	1.662757	3.943479	1.006543
31566	-2642.655	-3265.455	622.7996	0.362636	0.27833	0.192937	0.166097	1.255688	1.558093	3.738667	1.020204
31572	-2660.859	-3282.252	621.3931	0.396866	0.244854	0.202973	0.155308	1.257641	1.605087	3.651043	2.989212
31578	-2649.757	-3273.6	623.8437	0.42725	0.2636	0.15764	0.15151	1.371841	1.727928	2.465482	1.951318
31584	-2640.156	-3262.21	622.0533	0.381733	0.238711	0.100155	0.279401	1.076404	1.528875	4.146038	1.265118
31590	-2624.636	-3244.405	619.769	0.276194	0.263494	0.142419	0.317892	1.597933	1.438729	5.360904	0.9842664
31596	-2642.681	-3262.461	619.7804	0.346971	0.297911	0.0879714	0.267146	1.590773	1.310651	5.42853	0.9842664
31602	-2630.226	-3250.055	619.8284	0.367398	0.255288	0.14839	0.228924	1.590773	1.399726	5.142986	1.385007
31608	-2642.322	-3261.864	619.542	0.341491	0.106989	0.133839	0.417681	1.590773	1.324835	5.447075	1.179249
31614	-2637.336	-3259.031	621.6955	0.518709	0.100725	0.219003	0.161563	1.859281	1.523158	4.009338	1.179249
31620	-2628.83	-3250.71	621.8797	0.382156	0.125762	0.283177	0.208905	1.435962	1.574741	3.974088	1.370089
31626	-2626.23	-3246.135	619.9045	0.385664	0.126916	0.276596	0.210823	1.335547	1.684395	4.253762	3.487832
31632	-2633.442	-3254.965	621.5225	0.533114	0.0950155	0.271324	0.100546	1.225727	1.803338	2.773242	5.388837
31638	-2630.998	-3253.542	622.5441	0.365245	0.258566	0.318782	0.0574073	0.8135808	1.570751	4.321663	0.6904321
31644	-2646.074	-3270.031	623.9569	0.184089	0.430169	0.216195	0.169547	0.6124702	1.354298	3.502135	1.12621
31650	-2636.195	-3258.18	621.9851	0.245888	0.407836	0.204971	0.141305	0.5226254	1.527953	3.727303	3.155072
31656	-2629.284	-3251.44	622.1562	0.229005	0.379835	0.297531	0.0936286	0.9736131	1.575439	4.208024	1.100139
31662	-2630.311	-3249.92	619.6089	0.263283	0.396544	0.264384	0.0757891	0.6981628	1.641995	4.337214	5.209574
31668	-2633.54	-3254.724	621.1838	0.316209	0.294164	0.340777	0.0488495	0.6002555	1.615002	3.749097	4.28766
31674	-2634.933	-3258.697	623.7646	0.254121	0.203679	0.504014	0.0381862	0.6002555	1.519023	3.549445	1.084195
31680	-2629.361	-3254.415	625.0541	0.234357	0.387979	0.342447	0.0352164	0.6002555	1.646465	3.102776	0.4420926
31686	-2641.865	-3266.411	624.5453	0.301365	0.260313	0.394462	0.0438597	0.5675532	1.730548	3.397558	0.3967777
31692	-2658.975	-3281.343	622.3681	0.29462	0.207184	0.385635	0.112561	0.6464186	1.549682	4.173651	1.32921
31698	-2639.55	-3262.844	623.2935	0.344417	0.242202	0.350541	0.0628396	0.6264736	1.534301	4.238394	0.2655083
31704	-2655.338	-3282.663	627.3251	0.211506	0.413494	0.265783	0.109216	0.4927379	1.930209	1.610034	0.2574221
31710	-2651.626	-3278.744	627.1179	0.311252	0.361186	0.232161	0.0954	0.4927379	1.930209	1.756568	0.2360506
31716	-2675.137	-3302.27	627.1332	0.311252	0.361186	0.232161	0.0954	0.517159	2.030003	1.65792	0.2360506
31722	-2658.5	-3285.314	626.8144	0.413786	0.24518	0.258624	0.0824097	0.4529369	1.679045	2.1554	0.2360506
31728	-2654.026	-3279.733	625.707	0.391774	0.190908	0.318816	0.0985023	0.4529369	1.889879	2.37187	0.8728644
31734	-2637.382	-3262.616	625.2342	0.30034	0.251875	0.308738	0.139048	0.4678773	1.807168	2.235602	1.691203
31740	-2637.53	-3263.997	626.4663	0.198646	0.310898	0.439445	0.0510107	0.6106056	1.807168	2.195524	0.2478346
31746	-2641.677	-3267.915	626.2386	0.366516	0.227614	0.363657	0.0422132	0.6432821	1.903183	2.258156	0.2478346
31752	-2632.812	-3259.657	626.8457	0.295322	0.285207	0.385457	0.0340135	0.6622646	1.913076	1.836212	0.2478346
31758	-2631.225	-3257.81	626.5845	0.190243	0.354324	0.413177	0.0422564	0.979955	1.843763	1.836212	0.2466134
31764	-2636.014	-3263.239	627.2253	0.285587	0.231827	0.406836	0.0757494	0.5061488	1.835072	1.732251	0.2121992
31770	-2633.72	-3260.891	627.1707	0.177303	0.400562	0.330515	0.0916198	0.4945721	1.796405	1.732251	0.4422436
31776	-2640.887	-3267.671	626.7846	0.239335	0.312616	0.408929	0.0391198	0.5181386	1.798051	2.055561	0.2626663
31782	-2638.017	-3265.126	627.1097	0.428766	0.2401	0.301089	0.0300453	0.4527091	1.798051	1.880966	0.2475449
31788	-2623.433	-3250.003	626.5694	0.431247	0.235939	0.325722	0.00709246	0.6067608	1.828153	2.117376	0.2475449
31794	-2630.602	-3257.11	626.5077	0.401844	0.230373	0.344812	0.0229711	0.6067608	1.887941	2.117376	0.2707025
31800	-2640.243	-3266.886	626.6435	0.343955	0.292056	0.331609	0.0323798	0.6067608	1.754762	2.088184	0.3562263
31806	-2639.787	-3266.565	626.7781	0.317642	0.346215	0.30624	0.0299027	0.4472733	1.754762	2.127199	0.211866
31812	-2631.409	-3258.013	626.6044	0.456421	0.212567	0.286184	0.0448287	0.4582117	1.75782	2.177828	0.4177641
31818	-2636.106	-3262.942	626.8369	0.398835	0.215743	0.343081	0.0423404	0.4802768	1.840694	2.010907	0.2117971
31824	-2623.941	-3250.69	626.7488	0.29208	0.294002	0.275197	0.13872	0.435941	1.882973	2.069077	0.2117971
31830	-2640.655	-3267.096	626.4408	0.220453	0.260015	0.317682	0.201849	0.435941	1.709452	2.386068	0.2637934
31836	-2646.338	-3270.922	624.584	0.380438	0.0577834	0.328037	0.233742	1.293407	1.633351	2.932482	0.5142396
31842	-2647.133	-3270.226	623.0925	0.492092	0.0393181	0.306327	0.162263	1.460059	1.560974	2.992589	1.924579
31848	-2648.312	-3269.69	621.3779	0.515493	0.0159689	0.18765	0.280889	1.376379	1.65482	3.041137	4.719038
31854	-2655.829	-3277.175	621.346	0.534979	0.0197294	0.0982576	0.347034	1.376379	1.676593	3.259324	3.968745
31860	-2643.319	-3264.359	621.0406	0.381165	0.0267094	0.187618	0.404507	1.534576	1.632551	3.772545	2.774513
31866	-2627.82	-3248.38	620.5605	0.63163	0.0234905	0.201136	0.143743	1.71498	1.602651	3.16048	5.616951
31872	-2652.812	-3274.602	621.79	0.544157	0.0190946	0.319904	0.116844	1.134907	1.638078	3.03294	4.377244
31878	-2664.601	-3287.592	622.9909	0.334417	0.0807506	0.490234	0.0945983	1.03432	1.633061	3.03294	2.422535
31884	-2664.326	-3288.771	624.4447	0.515617	0.0811501	0.29457	0.108662	0.993398	1.566727	3.219889	0.5265948
31890	-2642.104	-3263.476	621.372	0.526308	0.0865653	0.282804	0.104322	1.540886	1.554688	3.334474	3.630338
31896	-2665.789	-3289.735	623.9457	0.208575	0.43088	0.112075	0.24847	0.8317142	1.710953	3.078767	1.275997
31902	-2646.479	-3269.174	622.6948	0.395972	0.220211	0.119309	0.264508	1.213128	1.635459	3.078767	2.488729
31908	-2649.776	-3270.069	620.2936	0.503694	0.11224	0.119386	0.26468	2.115561	1.645289	3.730026	3.366555
31914	-2648.547	-3271.729	623.1822	0.352	0.0791113	0.369687	0.199202	1.390898	1.808802	2.952745	1.659853
31920	-2652.951	-3275.486	622.5348	0.313007	0.251919	0.27724	0.157835	1.843407	1.740886	2.716857	2.661201
31926	-2628.924	-3252.768	623.8444	0.296129	0.202964	0.340467	0.160441	1.065449	1.655709	2.716857	1.890472
31932	-2634.001	-3256.656	622.6559	0.28815	0.013525	0.4936	0.204725	1.065449	1.602132	3.458595	1.890472
31938	-2644.044	-3267.719	623.6754	0.365873	0.0768831	0.387487	0.169756	1.31849	1.662782	2.669308	1.890472
31944	-2627.178	-3252.344	625.1657	0.406527	0.0660861	0.338769	0.188618	1.107231	1.621987	2.80106	0.2177109
31950	-2627.236	-3253.318	626.0824	0.358194	0.153369	0.383141	0.105295	1.107231	1.879953	2.0584	0.2974141
31956	-2636.46	-3262.546	626.086	0.522324	0.184667	0.235121	0.0578877	1.107231	1.92248	2.027895	0.2974141
31962	-2628.371	-3253.747	625.3764	0.543649	0.180816	0.24472	0.0308148	1.715814	1.780864	2.234968	0.224916
31968	-2672.209	-3298.399	626.191	0.511084	0.169985	0.230061	0.0888697	0.7428076	1.709644	2.30564	0.1664405
31974	-2650.825	-3276.4	625.5754	0.458686	0.152558	0.300566	0.0881905	0.7568447	1.61308	2.750307	0.176087
31980	-2645.361	-3270.502	625.1402	0.492141	0.187175	0.256284	0.0643998	1.028922	1.550774	2.908476	0.2268215
31986	-2654.826	-3280.6	625.7744	0.314737	0.394731	0.204679	0.0858539	0.7995266	1.675553	2.571133	0.1879278
31992	-2678.535	-3302.737	624.202	0.348436	0.292591	0.315486	0.0434874	0.608929	1.60545	3.688104	0.2365362
31998	-2673.848	-3294.609	620.761	0.335241	0.295657	0.318792	0.05031	0.6460214	1.35307	5.736436	0.2410359
32004	-2654.225	-3279.835	625.6098	0.627303	0.0883861	0.278124	0.00618771	0.9295249	1.637718	2.61044	0.343728
32010	-2649.218	-3274.782	625.564	0.544213	0.161267	0.268834	0.0256852	0.9295249	1.683516	2.61044	0.343728
32016	-2646.095	-3271.053	624.9577	0.497046	0.136386	0.227358	0.139211	1.102594	1.643757	2.920693	0.2397022
32022	-2649.154	-3273.344	624.1891	0.397516	0.163375	0.272349	0.166759	1.102594	1.554742	3.429842	0.2397022
32028	-2647.964	-3272.267	624.3029	0.225507	0.336704	0.288167	0.149622	1.321827	1.504283	3.268927	0.2834836
32034	-2644.098	-3268.608	624.51	0.486316	0.0605201	0.375119	0.0780458	1.073459	1.504283	3.287858	0.2618423
32040	-2652.892	-3276.568	623.6759	0.41634	0.118708	0.358442	0.10651	1.073459	1.44678	3.684139	0.5418687
32046	-2630.648	-3255.853	625.2054	0.507003	0.0606548	0.267223	0.16512	1.131503	1.599657	2.779502	0.2718284
32052	-2632.462	-3257.403	624.941	0.512597	0.105066	0.231643	0.150694	1.131503	1.530731	2.975458	0.2101968
32058	-2646.7	-3271.626	624.9266	0.499754	0.104029	0.229357	0.166859	1.131503	1.545179	2.975458	0.2101968
32064	-2622.682	-3247.423	624.7412	0.452928	0.0942819	0.207866	0.244924	1.161775	1.508418	3.09243	0.2140698
32070	-2646.339	-3268.514	622.1747	0.507867	0.105718	0.23308	0.153336	1.599065	1.502602	4.35941	0.2493617
32076	-2636.881	-3259.184	622.3028	0.610687	0.0880169	0.200189	0.101107	1.599065	1.33692	4.375999	0.2164702
32082	-2642.087	-3265.303	623.2156	0.579438	0.0579084	0.32567	0.036984	0.9668552	1.425559	4.141698	0.2749558
32088	-2656.434	-3279.59	623.1555	0.45055	0.0935612	0.392164	0.0637247	1.250313	1.535663	3.956426	0.2749558
32094	-2632.752	-3257.252	624.4994	0.39287	0.162928	0.372286	0.0719165	1.188289	1.53543	3.207584	0.2230342
32100	-2636.956	-3261.847	624.8909	0.348692	0.320277	0.265034	0.0659975	1.032111	1.613302	3.01917	0.2774211
32106	-2646.932	-3272.874	625.9424	0.296882	0.272689	0.374237	0.0561914	0.7366808	1.707382	2.476304	0.3635757
32112	-2635.029	-3261.093	626.0645	0.444855	0.142754	0.328193	0.0841986	0.9808674	1.788185	2.208762	0.20607
32118	-2637.229	-3263.113	625.8837	0.557587	0.0764795	0.29122	0.0747131	1.089593	1.775429	2.272682	0.2651519
32124	-2628.206	-3254.266	626.0597	0.515465	0.146245	0.26922	0.0690691	1.01338	1.775429	2.207718	0.2651519
32130	-2644.952	-3270.701	625.7484	0.35861	0.21091	0.238185	0.192295	1.332491	1.781216	2.207718	0.2296496
32136	-2632.788	-3258.386	625.5975	0.452742	0.137334	0.226812	0.183113	1.252718	1.762451	2.359731	0.215842
32142	-2625.675	-3251.266	625.5909	0.379576	0.129343	0.296787	0.194294	1.252718	1.768981	2.359731	0.215842
32148	-2645.071	-3270.101	625.0298	0.366738	0.096013	0.409294	0.127955	1.743353	1.758356	2.451111	0.3003978
32154	-2639.335	-3264.512	625.1768	0.48375	0.064388	0.335889	0.115973	1.184017	1.648168	2.733669	0.2894176
32160	-2658.891	-3284.756	625.8646	0.485697	0.0848052	0.337241	0.0922566	1.297981	1.732723	2.186209	0.2503647
32166	-2663.508	-3289.467	625.9587	0.365936	0.125372	0.399424	0.109267	1.25999	1.77547	2.119865	0.2503647
32172	-2638.519	-3265.411	626.892	0.228405	0.425734	0.27157	0.0742914	0.5065622	1.633813	2.10107	0.2503647
32178	-2648.292	-3275.007	626.7157	0.298952	0.219832	0.326725	0.154491	0.4964446	1.820285	2.10107	0.2503647
32184	-2649.723	-3276.288	626.5655	0.309996	0.304823	0.295002	0.0901787	0.7505288	1.87266	1.990109	0.2503647
32190	-2641.941	-3269.251	627.3099	0.303399	0.290374	0.352966	0.0532602	0.3499313	1.948278	1.691269	0.2160773
32196	-2645.309	-3272.72	627.4108	0.340694	0.231778	0.367195	0.060333	0.3429863	1.86734	1.68599	0.2612442
32202	-2653.296	-3280.47	627.1731	0.3294	0.297438	0.3205	0.0526608	0.3429863	1.868605	1.833817	0.3275885
32208	-2647.483	-3274.492	627.009	0.380774	0.181799	0.370486	0.0669408	0.5203189	1.895633	1.833817	0.2855405
32214	-2644.748	-3271.479	626.7314	0.271702	0.286933	0.390971	0.0503939	0.5203189	1.895633	2.015284	0.308077
32220	-2668.364	-3294.417	626.0537	0.258392	0.218361	0.496352	0.0268947	0.3516724	1.60328	2.708008	0.3587542
32226	-2643.775	-3268.202	624.4267	0.334275	0.205795	0.436289	0.0236402	0.4621354	1.559914	3.184455	1.144693
32232	-2654.067	-3279.147	625.0803	0.373605	0.274953	0.321332	0.0301107	0.4056523	1.614284	3.180317	0.511089
32238	-2667.644	-3292.515	624.8716	0.331244	0.391073	0.253892	0.0237912	0.4630354	1.465049	3.442318	0.1781883
32244	-2665.599	-3287.985	622.3859	0.307315	0.209964	0.37165	0.111071	0.8952589	1.441249	4.641339	0.2253439
32250	-2653.588	-3277.175	623.5867	0.241732	0.188376	0.470242	0.0996503	1.598502	1.561938	3.336401	0.6322119
32256	-2635.785	-3260.252	624.4663	0.251536	0.15546	0.489313	0.103692	1.551438	1.517761	3.041786	0.2937896
32262	-2656.004	-3279.934	623.9301	0.508196	0.108917	0.288115	0.0947716	1.519155	1.642438	3.264006	0.1601284
32268	-2623.623	-3248.92	625.2963	0.453891	0.156375	0.299073	0.0906617	1.199295	1.642438	2.659174	0.2447557
32274	-2638.206	-3263.662	625.4552	0.371179	0.152927	0.387231	0.0886629	0.9321891	1.642438	2.707008	0.3281673
32280	-2631.461	-3256.497	625.0363	0.500459	0.115965	0.316238	0.0673384	1.125388	1.602717	2.871989	0.3214894
32286	-2635.108	-3259.871	624.7628	0.414761	0.112145	0.391674	0.0814206	1.125388	1.561923	3.061003	0.3214894
32292	-2641.124	-3264.018	622.8936	0.483435	0.20226	0.193916	0.120389	1.803028	1.624988	3.773854	0.3172442
32298	-2630.751	-3253.867	623.1155	0.375893	0.196949	0.34912	0.0780384	1.317912	1.592964	3.821781	0.4869552
32304	-2634.315	-3258.227	623.912	0.340179	0.241242	0.304956	0.113622	0.9802867	1.403383	3.684083	0.4399991
32310	-2623.447	-3248.266	624.8199	0.306152	0.217112	0.401538	0.0751982	0.5829069	1.541368	3.380676	0.2306948
32316	-2636.849	-3262.969	626.1202	0.160362	0.388388	0.333475	0.117775	0.7151232	1.611422	2.396197	0.444525
32322	-2640.464	-3266.656	626.1929	0.430411	0.142465	0.307178	0.119946	0.8752941	1.847181	2.091205	0.4418917
32328	-2647.729	-3273.608	625.8786	0.435863	0.181629	0.324921	0.0575863	1.096249	1.742319	2.284381	0.2059009
32334	-2630.695	-3255.42	624.7248	0.460168	0.173804	0.310923	0.0551053	0.8589515	1.535663	3.262038	0.2059009
32340	-2637.041	-3262.01	624.9684	0.445622	0.16831	0.317523	0.0685448	1.193616	1.42798	2.983428	0.2059009
32346	-2657.441	-3280.334	622.8925	0.357548	0.256961	0.330494	0.0549973	1.211575	1.635681	3.821833	0.7540492
32352	-2660.922	-3285.788	624.8658	0.592144	0.125035	0.215391	0.0674305	1.170162	1.760958	2.865893	0.2670168
32358	-2655.369	-3280.028	624.6581	0.30275	0.250563	0.370628	0.0760591	1.170162	1.583391	3.095383	0.2247458
32364	-2633.411	-3258.156	624.7445	0.401662	0.102109	0.368719	0.127511	0.9923129	1.660143	3.063432	0.3888728
32370	-2624.017	-3248.135	624.118	0.366269	0.135068	0.382387	0.116275	1.526604	1.676216	3.146897	0.3556909
32376	-2615	-3238.692	623.6914	0.360386	0.0682524	0.522968	0.048393	1.176323	1.449093	3.700013	0.3890089
32382	-2612.638	-3236.969	624.331	0.479698	0.0553374	0.40055	0.0644143	1.072801	1.613622	3.19624	0.5539289
32388	-2596.79	-3221.647	624.8573	0.495632	0.0571755	0.380639	0.0665539	1.081013	1.627536	3.001705	0.2788936
32394	-2618.226	-3243.492	625.2658	0.436476	0.0503513	0.418328	0.0948444	1.147682	1.690749	2.669663	0.3072194
32400	-2617.823	-3242.654	624.8313	0.427769	0.0682116	0.400394	0.103626	1.058857	1.633709	2.975254	0.4134214
32406	-2625.37	-3249.605	624.2351	0.437906	0.0698281	0.337884	0.154381	1.458487	1.692934	2.923311	0.6646375
32412	-2649.28	-3271.612	622.3312	0.397373	0.0888498	0.306609	0.207169	1.139766	1.640713	3.136552	3.013573
32418	-2632.249	-3255.293	623.0442	0.431958	0.00954806	0.333294	0.2252	1.188215	1.643675	2.791703	2.706993
32424	-2633.158	-3256.358	623.2001	0.48142	0.070552	0.197041	0.250987	1.323038	1.560196	3.478787	1.003445
32430	-2627.296	-3249.221	621.9246	0.48142	0.070552	0.197041	0.250987	2.091433	1.706506	3.639884	1.236794
32436	-2642.731	-3265.63	622.8997	0.521683	0.187901	0.122997	0.16742	1.419067	1.67252	3.529972	1.017732
32442	-2617.477	-3238.078	620.6007	0.469359	0.169054	0.143266	0.218321	1.649941	1.606092	3.79866	3.320473
32448	-2606.119	-3227.697	621.5778	0.408593	0.119668	0.281684	0.190056	1.099848	1.573017	3.499711	3.437205
32454	-2623.476	-3244.468	620.9922	0.426056	0.218686	0.183563	0.171696	1.101801	1.510549	4.356735	2.095585
32460	-2635.05	-3256.213	621.163	0.380278	0.371702	0.16384	0.0841801	0.6398009	1.398203	5.067163	1.085553
32466	-2625.878	-3245.227	619.3499	0.449389	0.0704577	0.420421	0.0597327	1.444408	1.470272	4.701163	3.266814
32472	-2643.337	-3264.406	621.0682	0.35362	0.0287434	0.495788	0.121849	1.135196	1.368521	4.540225	1.716623
32478	-2615.233	-3237.707	622.4745	0.504063	0.0710297	0.312518	0.11239	1.158172	1.498367	3.80965	1.395728
32484	-2619.612	-3241.287	621.6748	0.530505	0.022297	0.328912	0.118286	1.216994	1.63775	3.80965	2.150766
32490	-2635.581	-3255.912	620.3309	0.591489	0.0301822	0.177323	0.201006	1.194273	1.566536	4.249157	3.185608
32496	-2639.011	-3260.46	621.4492	0.583366	0.0226174	0.19577	0.198246	1.466379	1.542595	4.263927	1.289418
32502	-2631.361	-3251.58	620.2198	0.546176	0.0159458	0.217563	0.220315	1.586825	1.541948	4.010678	3.55255
32508	-2625.884	-3244.208	618.3246	0.446986	0.124196	0.050025	0.378794	1.586825	1.412593	5.328802	2.977395
32514	-2644.149	-3264.87	620.7207	0.348323	0.170136	0.186357	0.295184	1.582066	1.587188	4.491562	1.493237
32520	-2644.71	-3265.907	621.1976	0.509127	0.0103924	0.352482	0.127999	1.28895	1.543587	3.131405	5.223466
32526	-2648.738	-3270.093	621.3551	0.535834	0.00395145	0.337615	0.1226	1.193726	1.476495	3.910326	2.630146
32532	-2651.095	-3269.824	618.7285	0.473502	0.0091603	0.154002	0.363336	1.875764	1.47453	4.447192	4.678401
32538	-2650.463	-3271.252	620.7896	0.5457	0.0210646	0.0755585	0.357677	1.875764	1.454379	3.752163	3.082071
32544	-2654.93	-3275.721	620.7902	0.58745	0.0348184	0.131515	0.246217	1.184923	1.52935	3.752163	4.037645
32550	-2654.543	-3276.707	622.164	0.45408	0.0731788	0.282424	0.190318	1.494373	1.630212	3.42383	2.05962
32556	-2657.847	-3281.85	624.0029	0.39495	0.232233	0.207283	0.165534	1.206189	1.588512	3.42383	0.3835244
32562	-2658.321	-3283.942	625.6218	0.513073	0.11756	0.237488	0.131879	0.8210798	1.524872	2.758682	0.2192844
32568	-2641.905	-3267.049	625.1437	0.491541	0.154593	0.227522	0.126344	0.8210798	1.524872	3.027832	0.1806562
32574	-2634.561	-3258.921	624.3605	0.420681	0.176091	0.295097	0.108131	0.9221337	1.37675	3.530233	0.2046994
32580	-2660.634	-3285.05	624.4151	0.311207	0.265706	0.35342	0.0696665	0.6809787	1.482966	3.58001	0.1976441
32586	-2663.79	-3288.595	624.8055	0.266727	0.335732	0.272708	0.124833	1.151647	1.537478	3.043799	0.2894649
32592	-2664.042	-3288.625	624.5824	0.290102	0.282039	0.220576	0.207283	1.674515	1.446945	2.957938	0.2425333
32598	-2650.672	-3274.356	623.684	0.346184	0.310345	0.0569527	0.286519	1.010092	1.515683	3.320657	1.134521
32604	-2639.796	-3263.356	623.5592	0.509955	0.112735	0.0785214	0.298789	2.163868	1.543282	2.874006	1.000348
32610	-2645.262	-3268.323	623.0619	0.250058	0.458339	0.0402121	0.25139	1.469281	1.594402	3.299825	1.294646
32616	-2653.636	-3276.424	622.7874	0.328492	0.25244	0.0528251	0.366243	0.9856893	1.371043	3.977572	1.064903
32622	-2663.242	-3285.307	622.0648	0.410101	0.250758	0.222471	0.116669	1.005979	1.417783	4.175891	1.393781
32628	-2660.565	-3282.79	622.2251	0.370663	0.245571	0.251745	0.132021	1.124662	1.440063	3.865258	1.680638
32634	-2632.876	-3254.958	622.0816	0.41018	0.140692	0.278583	0.170545	1.503035	1.437108	3.620549	1.966721
32640	-2641.177	-3263.155	621.9772	0.493163	0.045215	0.216721	0.244901	1.361665	1.573633	3.620549	2.090442
32646	-2640.591	-3264.346	623.7542	0.457705	0.0656333	0.121168	0.355494	1.35447	1.674461	2.858949	1.369316
32652	-2646.979	-3270.846	623.8672	0.45196	0.0929967	0.0892009	0.365842	1.448553	1.633655	2.858949	1.199936
32658	-2640.391	-3263.37	622.9793	0.567262	0.133492	0.0586604	0.240586	1.20572	1.640663	2.567225	3.409471
32664	-2651.391	-3274.55	623.1588	0.566105	0.117612	0.0942732	0.22201	1.075808	1.704204	2.493489	3.409471
32670	-2644.332	-3267.364	623.0327	0.481637	0.104857	0.239084	0.174421	1.602129	1.704555	2.661418	2.395161
32676	-2633.996	-3252.21	618.2143	0.373664	0.299648	0.156989	0.1697	1.403267	1.523767	4.684422	5.705097
32682	-2626.878	-3249.616	622.7382	0.394149	0.110185	0.316663	0.179003	1.403267	1.712337	3.522655	1.169986
32688	-2640.8	-3261.579	620.7785	0.452937	0.216035	0.0477113	0.283317	1.154259	1.721715	3.718461	3.85338
32694	-2637.412	-3260.806	623.3945	0.392731	0.0636281	0.297983	0.245658	1.177886	1.542611	3.125062	1.613986
32700	-2645.799	-3265.503	619.7041	0.429632	0.0578451	0.280926	0.231596	1.674577	1.679277	4.16423	3.619549
32706	-2642.637	-3263.744	621.1068	0.543357	0.117658	0.179024	0.159962	1.432987	1.569918	3.920602	2.506294
32712	-2632.721	-3254.326	621.6047	0.530725	0.106926	0.13733	0.225018	1.171531	1.512791	3.863714	2.354898
32718	-2660.693	-3282.761	622.0678	0.386695	0.162094	0.131352	0.319859	1.342588	1.587405	3.295749	2.782683
32724	-2637.905	-3260.553	622.6482	0.275483	0.305169	0.158577	0.260771	0.8997174	1.52197	3.931408	1.227924
32730	-2630.709	-3254.147	623.4384	0.214039	0.232222	0.36898	0.184759	0.6373437	1.800013	3.893423	0.5129695
32736	-2638.155	-3262.04	623.8849	0.384953	0.214921	0.261611	0.138515	1.447334	1.634604	3.267069	0.5130402
32742	-2640.479	-3265.273	624.7943	0.383079	0.273004	0.242457	0.10146	1.03043	1.687894	3.028733	0.2998944
32748	-2632.834	-3257.96	625.1256	0.437043	0.149482	0.276613	0.136862	1.202269	1.656643	2.750659	0.2822819
32754	-2622.926	-3246.931	624.0046	0.481422	0.15014	0.235081	0.133358	1.202269	1.535442	3.484446	0.2039451
32760	-2640.162	-3264.464	624.3027	0.471049	0.188797	0.17246	0.167694	1.202269	1.488652	3.337202	0.2039451
32766	-2642.298	-3267.896	625.5976	0.392467	0.257961	0.191381	0.15819	0.9927555	1.575037	2.638652	0.2618156
32772	-2636.817	-3262.641	625.824	0.337184	0.221625	0.305284	0.135908	1.008771	1.785599	2.354899	0.2672767
32778	-2656.786	-3282.769	625.9827	0.288999	0.184132	0.365669	0.1612	1.377123	1.848386	1.984382	0.2672767
32784	-2655.985	-3282.025	626.0394	0.238358	0.28864	0.328283	0.144719	1.619108	1.971934	1.715232	0.2821395
32790	-2654.631	-3279.959	625.3287	0.340754	0.258587	0.271007	0.129651	1.492577	1.794411	2.375982	0.2821395
32796	-2634.052	-3259.097	625.0451	0.378472	0.176521	0.301005	0.144002	1.340717	1.842686	2.550705	0.4206814
32802	-2649.693	-3274.775	625.0823	0.392451	0.198576	0.263204	0.145769	1.219735	1.626475	2.772913	0.1930805
32808	-2661.077	-3283.754	622.677	0.39453	0.199628	0.264599	0.141243	1.215428	1.585902	3.77025	1.099193
32814	-2649.294	-3271.213	621.9183	0.517073	0.195592	0.170812	0.116523	1.313937	1.566306	4.166662	1.093276
32820	-2638.825	-3261.847	623.022	0.473383	0.0696987	0.338806	0.118112	1.313937	1.540527	3.357263	1.444693
32826	-2652.852	-3276.712	623.8603	0.303167	0.361797	0.262031	0.0730054	0.6193551	1.591306	3.367718	1.212357
32832	-2640.242	-3265.07	624.8289	0.340373	0.264254	0.372044	0.0233293	0.7812992	1.591306	3.197619	0.3574648
32838	-2629.431	-3254.621	625.1895	0.289776	0.332597	0.348265	0.0293629	1.013809	1.768527	2.670949	0.4701414
32844	-2668.714	-3294.026	625.3124	0.268701	0.381135	0.322936	0.0272274	0.4967502	1.647301	2.988614	0.4819526
32850	-2647.035	-3272.88	625.846	0.288011	0.371072	0.314409	0.0265085	0.4045159	1.552759	2.807127	0.4259363
32856	-2647.359	-3272.558	625.1984	0.302242	0.286053	0.329945	0.081759	0.6512343	1.545213	3.056	0.4217667
32862	-2635.521	-3260.644	625.1227	0.288374	0.272928	0.340882	0.0978162	0.5684332	1.62406	2.941365	0.6925732
32868	-2641.979	-3266.998	625.0183	0.230821	0.263064	0.431467	0.0746483	0.7467106	1.730128	2.784203	0.7585061
32874	-2665.417	-3290.235	624.8182	0.317618	0.348359	0.261716	0.0723066	0.7467106	1.764487	2.642108	1.152046
32880	-2638.926	-3263.269	624.3429	0.244685	0.29862	0.358874	0.0978216	1.136594	1.680201	2.851635	0.9706081
32886	-2652.047	-3275.816	623.7695	0.316394	0.105247	0.464047	0.114313	1.019967	1.648202	2.851635	1.771042
32892	-2629.324	-3252.352	623.028	0.511542	0.178828	0.12481	0.184819	1.176283	1.676299	2.958651	2.285533
32898	-2642.527	-3265.054	622.5272	0.489613	0.0715801	0.227249	0.211558	1.299584	1.678492	2.974843	2.827618
32904	-2655.975	-3278.254	622.2792	0.479052	0.0831627	0.0474485	0.390337	1.5772	1.576369	2.974843	3.00184
32910	-2653.275	-3275.687	622.4114	0.599659	0.1041	0.0593942	0.236846	1.05072	1.682652	3.119645	3.00184
32916	-2659.431	-3279.291	619.8601	0.373571	0.223827	0.0485331	0.354069	2.155339	1.788816	4.001002	3.00184
32922	-2663.232	-3284.91	621.678	0.404299	0.0479511	0.246258	0.301491	2.417498	1.814955	2.968748	2.583627
32928	-2649.229	-3272.771	623.5419	0.478022	0.152255	0.0930632	0.276659	1.21593	1.773779	2.41314	2.64053
32934	-2650.221	-3272.646	622.4246	0.314412	0.180804	0.288615	0.216169	1.21593	1.759134	2.996846	2.930073
32940	-2645.298	-3268.944	623.6459	0.330057	0.128573	0.385748	0.155622	1.28811	1.526336	3.537733	0.5409492
32946	-2618.575	-3242.175	623.5996	0.42675	0.144298	0.254296	0.174656	1.231982	1.629195	3.631928	0.3588243
32952	-2614.419	-3235.418	620.9983	0.487712	0.0705211	0.229267	0.2125	1.379176	1.471569	4.42137	1.657583
32958	-2618.786	-3240.904	622.1177	0.534564	0.0272342	0.268253	0.169949	1.379176	1.616719	3.504551	2.090693
32964	-2629.446	-3251.54	622.0942	0.319507	0.369985	0.135015	0.175493	1.268441	1.63852	3.99833	1.186062
32970	-2647.008	-3270.702	623.6936	0.402049	0.24954	0.269658	0.0787537	1.157063	1.823232	3.099682	1.04469
32976	-2642.318	-3266.271	623.9533	0.416319	0.238303	0.107687	0.237692	1.205299	1.479903	3.548985	0.2145562
32982	-2641.252	-3264.752	623.4993	0.397062	0.162234	0.159464	0.28124	2.134435	1.707136	3.082948	0.586916
32988	-2642.39	-3266.208	623.8179	0.418927	0.201468	0.0303517	0.349253	1.488365	1.860498	2.884994	0.939539
32994	-2640.969	-3266.058	625.0892	0.484768	0.233132	0.153898	0.128202	1.145195	1.73318	2.621834	0.5566735
33000	-2632.68	-3257.672	624.9925	0.291534	0.257194	0.201172	0.2501	1.070923	1.651788	2.884465	0.3631581
33006	-2649.362	-3274.198	624.8362	0.471957	0.190667	0.162708	0.174669	1.070923	1.718745	2.884465	0.4665354
33012	-2618.924	-3242.074	623.1499	0.438529	0.232195	0.101514	0.227761	1.319186	1.784149	2.803311	2.136855
33018	-2637.863	-3261.191	623.3275	0.38132	0.19983	0.0697566	0.349093	1.180673	1.744848	2.980192	1.741316
33024	-2647.825	-3272.069	624.2433	0.456735	0.10414	0.226023	0.213102	0.9113774	1.640148	3.215748	0.7343245
33030	-2662.274	-3287.834	625.5599	0.367918	0.270914	0.287228	0.0739406	0.671947	1.539234	2.886884	0.2414137
33036	-2661.626	-3286.873	625.2466	0.504101	0.143942	0.254518	0.0974396	1.02668	1.582756	2.827997	0.2414137
33042	-2645.795	-3270.768	624.9726	0.36994	0.0687498	0.349483	0.211827	1.080364	1.797602	2.827997	0.2189738
33048	-2646.163	-3271.071	624.9085	0.543235	0.0726014	0.338553	0.0456103	1.382822	1.587267	2.823087	0.2195121
33054	-2617.872	-3244.266	626.3939	0.523242	0.106734	0.326093	0.0439316	1.098424	1.829291	1.889066	0.2118031
33060	-2633.602	-3258.791	625.1888	0.423209	0.135661	0.388757	0.0523738	1.607713	1.773205	2.411994	0.2113087
33066	-2625.712	-3251.858	626.1459	0.425342	0.132967	0.288866	0.152825	0.9913146	1.719315	2.198392	0.2901517
33072	-2620.756	-3246.482	625.7256	0.369575	0.173074	0.375997	0.0813537	0.9922435	1.719315	2.469403	0.2383849
33078	-2646.574	-3271.023	624.4484	0.355657	0.176895	0.384298	0.0831497	1.075994	1.788974	3.140501	0.3249991
33084	-2629.004	-3254.948	625.9438	0.210615	0.405214	0.322137	0.0620337	0.4810896	1.743704	2.639637	0.3075817
33090	-2631.76	-3257.947	626.1869	0.314352	0.350977	0.255014	0.0796564	0.5043824	1.885482	2.384928	0.3075817
33096	-2628.286	-3254.274	625.9884	0.334775	0.399502	0.216085	0.049637	0.6374985	1.774184	2.428854	0.4439074
33102	-2634.425	-3259.545	625.12	0.441906	0.126711	0.285234	0.146148	0.8015436	1.644552	2.993699	0.3201982
33108	-2642.872	-3269.878	627.0056	0.171559	0.364377	0.348576	0.115488	0.3740773	1.841502	1.960327	0.2107023
33114	-2642.159	-3269.259	627.1003	0.210358	0.365842	0.349977	0.0738228	0.5446994	1.841502	1.787115	0.2107023
33120	-2649.307	-3275.389	626.0814	0.335517	0.334494	0.20425	0.125739	1.064207	1.848111	2.110706	0.2223277
33126	-2660.258	-3286.774	626.5159	0.36146	0.223668	0.304339	0.110534	0.9839552	1.924225	1.823031	0.2772049
33132	-2646.625	-3271.465	624.8402	0.363689	0.238236	0.306215	0.091861	0.9839552	1.575623	3.102599	0.2588186
33138	-2644.395	-3268.265	623.8701	0.447312	0.182274	0.322879	0.0475349	0.9839552	1.545085	3.688536	0.2333056
33144	-2651.584	-3276.006	624.4217	0.502696	0.140279	0.303605	0.0534205	0.64638	1.414998	3.572914	0.4592333
33150	-2635.589	-3260.193	624.6038	0.370467	0.313418	0.281062	0.0350528	0.64638	1.440451	3.527232	0.2716612
33156	-2641.615	-3263.361	621.7465	0.352125	0.2979	0.275771	0.0742042	0.7085097	1.579825	4.077884	2.192048
33162	-2646.191	-3267.812	621.621	0.338299	0.401296	0.189114	0.0712908	0.8146339	1.712954	3.671061	3.103355
33168	-2674.429	-3297.984	623.5547	0.148229	0.577992	0.195765	0.0780143	0.5441149	1.651597	2.855157	2.761971
33174	-2646.934	-3269.601	622.6666	0.167055	0.526719	0.230145	0.0760814	0.5441149	1.653747	3.830204	1.683935
33180	-2653.435	-3276.324	622.8882	0.16819	0.41271	0.244832	0.174267	0.5599914	1.698631	3.144137	2.959353
33186	-2655.234	-3280.439	625.2048	0.183243	0.449648	0.266745	0.100363	0.4970636	1.766039	2.57078	1.139493
33192	-2662.886	-3289.862	626.9762	0.254858	0.312719	0.316758	0.115665	0.5270974	1.936444	1.817455	0.3076774
33198	-2655.29	-3282.028	626.7376	0.303615	0.165172	0.428217	0.102997	0.5894211	1.808108	2.022065	0.3076774
33204	-2648.885	-3275.812	626.9272	0.216851	0.334219	0.344254	0.104675	0.3929989	1.808108	2.022065	0.3095998
33210	-2629.471	-3254.045	624.5738	0.323894	0.317827	0.273277	0.0850024	0.468039	1.808108	2.258463	2.543314
33216	-2638.296	-3264.79	626.4935	0.217193	0.367985	0.316405	0.0984173	0.468039	1.788723	2.258463	0.3490631
33222	-2649.406	-3275.765	626.3595	0.379232	0.26982	0.265922	0.0850258	0.4209845	1.756131	2.41437	0.2796672
33228	-2638.794	-3265.121	626.3276	0.392223	0.279063	0.275031	0.0536825	0.4419344	1.768251	2.36833	0.3996485
33234	-2630.273	-3256.76	626.4875	0.336635	0.239513	0.358764	0.0650881	0.4621932	1.768251	2.296363	0.3013977
33240	-2628.891	-3255.448	626.5562	0.309714	0.220359	0.40538	0.0645474	0.5041709	1.668234	2.292186	0.2936082
33246	-2638.013	-3262.781	624.7682	0.338899	0.241124	0.335869	0.0841079	0.6837433	1.531144	3.308136	0.4042968
33252	-2649.767	-3275.078	625.3111	0.405106	0.288229	0.227317	0.0793479	0.429974	1.684084	2.34976	1.574432
33258	-2631.122	-3257.127	626.0047	0.467673	0.126594	0.284318	0.121415	0.8744053	1.632189	2.420983	0.2210817
33264	-2641.87	-3266.142	624.2723	0.467828	0.146494	0.329012	0.0566656	1.050366	1.554721	3.405311	0.2986113
33270	-2653.585	-3274.795	621.2096	0.356358	0.15049	0.382091	0.111061	1.050366	1.395344	4.702292	1.282723
33276	-2653.599	-3279.284	625.6856	0.497023	0.0974304	0.250647	0.1549	1.115745	1.787984	2.375114	0.2598684
33282	-2639.664	-3265.322	625.658	0.589064	0.115473	0.172074	0.12339	0.8335728	1.634221	2.631357	0.1700133
33288	-2675.336	-3298.413	623.0772	0.591146	0.0488952	0.236133	0.123826	2.26747	1.710218	3.417914	0.3130924
33294	-2656.126	-3280.606	624.4802	0.452788	0.153999	0.304427	0.0887862	1.347873	1.68625	3.034187	0.3130924
33300	-2662.427	-3287.462	625.0351	0.555069	0.127821	0.2278	0.0893108	1.347873	1.602253	2.755729	0.2892854
33306	-2673.293	-3298.643	625.3501	0.194806	0.32269	0.421738	0.0607658	1.115194	1.581813	2.697776	0.3264182
33312	-2650.314	-3275.97	625.6562	0.39531	0.253261	0.330999	0.0204298	1.069236	1.717846	2.462655	0.287116
33318	-2646.685	-3272.437	625.7525	0.350067	0.158927	0.462462	0.0285439	1.09965	1.717846	2.383239	0.287116
33324	-2652.515	-3278.662	626.1471	0.345327	0.168219	0.463888	0.0225652	0.7044625	1.726875	2.383239	0.2888123
33330	-2644.757	-3269.964	625.2079	0.363318	0.130043	0.489195	0.0174442	1.16782	1.646758	2.721864	0.2095811
33336	-2644.638	-3269.92	625.2816	0.38386	0.193277	0.40332	0.0195434	0.6312424	1.621585	3.031077	0.2517634
33342	-2648.988	-3274.477	625.4897	0.310661	0.329408	0.327991	0.0319404	0.5468486	1.529019	3.010014	0.2171395
33348	-2660.855	-3286.252	625.3973	0.270989	0.301799	0.40315	0.0240618	0.5468486	1.606181	3.015525	0.3057858
33354	-2633.967	-3260.159	626.1913	0.235671	0.392797	0.350607	0.0209258	0.3564016	1.606181	2.636299	0.2007536
33360	-2644.551	-3270.569	626.0174	0.259657	0.330997	0.386291	0.0230556	0.4860136	1.680441	2.636299	0.2824617
33366	-2656.184	-3281.858	625.6746	0.247571	0.361492	0.279014	0.111923	0.4465504	1.704365	2.606204	0.7290242
33372	-2641.033	-3266.868	625.8353	0.242941	0.372196	0.319351	0.0655119	0.5132138	1.598298	2.783209	0.2731514
33378	-2636.849	-3260.783	623.9338	0.179724	0.475329	0.284604	0.0603434	0.4291457	1.479318	4.018747	0.2479816
33384	-2622.715	-3249.204	626.4896	0.171512	0.453611	0.31729	0.0575863	0.3276853	1.65543	2.442954	0.2479816
33390	-2623.731	-3250.525	626.7943	0.189829	0.453374	0.317124	0.0396737	0.4171589	1.762028	2.135564	0.2691642
33396	-2638.748	-3263.746	624.9984	0.169758	0.470943	0.319348	0.0399519	0.2738219	1.494132	3.44542	0.3065546
33402	-2629.427	-3252.862	623.435	0.254407	0.299869	0.38585	0.059874	0.3549173	1.459932	4.298633	0.4097496
33408	-2629.778	-3253.05	623.2722	0.417874	0.306839	0.238282	0.0370049	0.6845116	1.336004	4.298633	0.3684872
33414	-2626.692	-3250.863	624.1713	0.38116	0.317082	0.281201	0.0205572	0.7971924	1.341988	3.71347	0.3684872
33420	-2617.306	-3238.212	620.906	0.351676	0.292555	0.282823	0.0729461	1.000247	1.359799	5.248814	0.6885404
33426	-2627.307	-3248.74	621.4325	0.274926	0.273617	0.413527	0.0379305	0.6768258	1.306069	5.366463	0.3120956
33432	-2632.259	-3253.683	621.4234	0.307339	0.187977	0.462281	0.0424025	0.5562626	1.359318	5.301888	0.5449401
33438	-2638.213	-3262.458	624.2453	0.246291	0.202519	0.498043	0.0531473	0.5773021	1.54519	3.652664	0.4394039
33444	-2639.714	-3264.474	624.7602	0.24938	0.194082	0.477295	0.0792435	0.4980592	1.551135	3.461437	0.2359049
33450	-2632.565	-3258.206	625.6409	0.260376	0.204321	0.498341	0.0369617	0.4961675	1.586478	2.919841	0.2431635
33456	-2630.285	-3255.067	624.7814	0.252482	0.431927	0.275079	0.0405114	0.5469442	1.610177	3.386076	0.2431635
33462	-2620.928	-3242.704	621.7755	0.334737	0.246858	0.364695	0.0537093	0.3901777	1.361425	5.309018	0.2911506
33468	-2633.355	-3257.864	624.5092	0.319463	0.188605	0.40235	0.0895812	0.7682399	1.583389	3.420477	0.2911506
33474	-2619.492	-3241.484	621.9928	0.471468	0.157188	0.312667	0.0586765	0.9465078	1.550135	4.771774	0.2760592
33480	-2618.123	-3240.665	622.5428	0.489808	0.145281	0.288982	0.0759295	0.8503816	1.592298	4.496881	0.2561136
33486	-2643.649	-3268.479	624.8303	0.30741	0.269863	0.278392	0.144335	1.021536	1.538352	3.108467	0.2561136
33492	-2625.59	-3249.002	623.4125	0.479248	0.140113	0.305699	0.0749392	1.185292	1.469358	3.88371	0.2561136
33498	-2654.215	-3278.936	624.7209	0.543445	0.158882	0.212695	0.0849776	1.309271	1.75618	2.875617	0.2230773
33504	-2647.26	-3272.459	625.1985	0.341655	0.170993	0.36502	0.122331	1.029148	1.673425	2.643108	0.5846964
33510	-2630.219	-3252.385	622.1667	0.438524	0.142849	0.261611	0.157016	1.090098	1.480334	4.63308	0.2262919
33516	-2629.853	-3250.88	621.0275	0.393532	0.128193	0.234467	0.243808	1.247449	1.691603	3.79814	3.046006
33522	-2620.171	-3241.221	621.0502	0.453138	0.061444	0.285915	0.199503	1.216975	1.42439	4.096216	2.645373
33528	-2630.086	-3253.071	622.9859	0.356195	0.216018	0.128258	0.29953	1.331362	1.571538	3.335911	1.474004
33534	-2632.375	-3254.547	622.1715	0.310759	0.399798	0.111898	0.177545	1.331362	1.805371	3.610367	1.603803
33540	-2634.618	-3257.228	622.6092	0.322162	0.353177	0.116004	0.208657	1.334702	1.613215	3.21886	2.143315
33546	-2624.254	-3245.821	621.5668	0.300439	0.298628	0.108182	0.292752	1.91094	1.726397	3.886248	1.286728
33552	-2633.227	-3254.345	621.1178	0.380626	0.320297	0.0877842	0.211293	1.926495	1.627638	4.158644	1.351284
33558	-2613.881	-3234.715	620.8341	0.341329	0.287229	0.219906	0.151536	1.20747	1.502718	4.532652	1.772059
33564	-2632.337	-3251.827	619.4904	0.363025	0.268113	0.233884	0.134978	1.399875	1.217332	5.783117	0.8882337
33570	-2645.439	-3267.158	621.7186	0.356364	0.224142	0.335262	0.0842325	1.256725	1.503613	4.10175	1.565704
33576	-2633.263	-3253.279	620.0162	0.439083	0.233578	0.105892	0.221447	1.314224	1.671417	3.95845	4.351673
33582	-2654.074	-3273.97	619.8962	0.601201	0.116335	0.106376	0.176088	1.509454	1.679643	3.71034	5.178712
33588	-2648.869	-3270.533	621.6637	0.623658	0.120681	0.0765119	0.179149	1.497463	1.613364	3.911817	1.640081
33594	-2626.937	-3247.248	620.3107	0.45294	0.0986229	0.155031	0.293406	2.016644	1.686864	3.726854	3.402186
33600	-2652.688	-3274.836	622.1482	0.383075	0.142881	0.163884	0.31016	2.652723	1.822244	2.723684	2.246518
33606	-2656.598	-3278.433	621.835	0.352987	0.131659	0.328527	0.186827	1.590941	1.464647	3.9384	1.465206
33612	-2644.186	-3264.755	620.5691	0.487153	0.0941163	0.234847	0.183884	1.728545	1.67377	4.386742	1.647222
33618	-2622.907	-3243.719	620.8119	0.484112	0.0911902	0.158751	0.265946	1.463439	1.500116	4.479465	1.633762
33624	-2644.826	-3267.849	623.0233	0.517303	0.100337	0.0897388	0.292621	1.338963	1.819723	3.371054	1.091452
33630	-2623.263	-3246.321	623.0574	0.483577	0.142742	0.100137	0.273544	1.247215	1.582852	3.175461	1.794521
33636	-2655.303	-3278.409	623.1059	0.374389	0.0617191	0.142573	0.421319	1.716026	1.582852	3.120707	1.363799
33642	-2636.969	-3258.039	621.0703	0.540781	0.0476459	0.110063	0.30151	1.716026	1.513578	3.812951	2.568844
33648	-2656.29	-3277.499	621.2095	0.508563	0.0942494	0.103506	0.293681	1.536016	1.445432	3.431559	3.841345
33654	-2669.96	-3293.535	623.5755	0.214791	0.32521	0.147781	0.312218	1.144425	1.539891	3.417785	0.9203545
33660	-2644.733	-3266.439	621.7059	0.382014	0.0238535	0.441794	0.152339	1.004161	1.453722	4.11743	1.910942
33666	-2651.857	-3275.477	623.6196	0.435397	0.0337228	0.424151	0.106729	1.275721	1.814679	2.599799	1.963258
33672	-2639.49	-3263.305	623.8149	0.393469	0.0461856	0.375103	0.185242	1.178179	1.663193	2.736236	1.740204
33678	-2637.81	-3261.964	624.1536	0.46759	0.0196794	0.109656	0.403074	1.280571	1.707455	2.503918	1.614773
33684	-2647.191	-3270.585	623.3941	0.576134	0.0273188	0.152224	0.244324	1.694196	1.878788	2.051915	2.935662
33690	-2631.311	-3252.681	621.3704	0.425555	0.020753	0.373225	0.180467	1.356443	1.685164	3.528565	3.095663
33696	-2643.852	-3266.604	622.7517	0.636464	0.0781014	0.0704861	0.214949	1.27277	1.683838	2.840206	2.856272
33702	-2634.462	-3257.32	622.8574	0.540322	0.0992589	0.182175	0.178243	1.688334	1.868985	2.808964	1.974957
33708	-2631.498	-3255.15	623.6516	0.506916	0.0819366	0.172348	0.2388	1.688334	1.796933	2.808964	1.128429
33714	-2636.289	-3258.126	621.8374	0.40741	0.0972595	0.164904	0.330426	2.092375	1.784305	3.568082	1.3818
33720	-2655.589	-3279.722	624.1326	0.497432	0.0427182	0.261595	0.198254	1.240364	1.83525	2.191106	2.160137
33726	-2646.258	-3271.203	624.9445	0.469049	0.0283687	0.246669	0.255914	1.200075	1.828163	2.191106	1.225122
33732	-2627.98	-3251.216	623.2358	0.506544	0.0693503	0.147735	0.276371	1.429327	1.858807	2.101071	3.507145
33738	-2623.469	-3245.126	621.6567	0.34342	0.0754984	0.317903	0.263179	1.238203	1.533986	3.376865	3.507145
33744	-2636.569	-3256.782	620.2135	0.570429	0.0878803	0.207224	0.134467	1.492369	1.569551	3.306589	6.453524
33750	-2626.942	-3247.913	620.9709	0.311028	0.154557	0.405418	0.128997	1.492369	1.707271	3.83655	2.648638
33756	-2643.376	-3268.81	625.4344	0.417965	0.159733	0.245892	0.176411	1.099504	1.687718	2.602838	0.2783667
33762	-2649.497	-3274.763	625.2669	0.436435	0.166791	0.212567	0.184206	0.7811246	1.513966	2.98611	0.1813117
33768	-2626.792	-3251.96	625.169	0.3944	0.264296	0.216755	0.124549	0.9563981	1.651208	2.868311	0.2069158
33774	-2645.112	-3268.776	623.664	0.232061	0.416895	0.345184	0.00586083	0.7519173	1.611055	3.031758	1.923464
33780	-2645.475	-3271.264	625.7884	0.296258	0.255035	0.445122	0.00358536	0.7693601	1.708094	2.580917	0.2466775
33786	-2656.32	-3282.681	626.3611	0.286989	0.272914	0.431196	0.0089007	0.4196932	1.76036	2.367641	0.3944125
33792	-2645.01	-3270.789	625.7783	0.273983	0.261046	0.461683	0.00328744	0.582779	1.734632	2.647331	0.3944125
33798	-2661.588	-3287.735	626.1472	0.132341	0.555893	0.292886	0.0188803	0.3853519	1.782397	2.506626	0.3944125
33804	-2645.154	-3271.076	625.9226	0.378256	0.109672	0.469891	0.0421818	0.9883105	1.679966	2.351016	0.3432383
33810	-2644.541	-3270.967	626.4261	0.294115	0.352972	0.317208	0.0357052	0.3574436	1.618023	2.462908	0.3643489
33816	-2647.875	-3274.313	626.4383	0.345117	0.268192	0.362874	0.0238161	0.4971626	1.835768	2.235608	0.3703117
33822	-2651.981	-3278.363	626.3821	0.255513	0.205433	0.526838	0.012215	0.5558517	1.857311	2.178501	0.4446666
33828	-2657.796	-3283.868	626.0726	0.204358	0.339532	0.421361	0.0347493	0.5428004	1.7771	2.502792	0.2990886
33834	-2646.478	-3273.083	626.6055	0.127366	0.270244	0.527808	0.0745818	0.5193434	1.854218	2.065518	0.4335343
33840	-2658.739	-3284.05	625.3115	0.221297	0.449018	0.2001	0.129585	0.8566446	1.613589	2.809888	0.4335343
33846	-2653.731	-3276.086	622.3555	0.22675	0.435443	0.20503	0.132778	0.5781422	1.613237	4.438336	0.8692443
33852	-2637.119	-3261.042	623.9237	0.251752	0.232611	0.440659	0.0749788	0.6796942	1.572437	3.82425	0.2340172
33858	-2637.214	-3260.048	622.834	0.302929	0.294441	0.200312	0.202318	0.5536168	1.41602	4.417319	0.661319
33864	-2650.401	-3270.463	620.0626	0.456766	0.162593	0.203487	0.177155	1.170304	1.437402	4.899428	2.053234
33870	-2647.972	-3270	622.0284	0.413618	0.153497	0.205782	0.227103	0.7450723	1.324016	4.106388	2.034755
33876	-2646.189	-3270.216	624.027	0.316177	0.238251	0.366388	0.0791849	0.4580745	1.555033	3.069133	1.839335
33882	-2638.687	-3262.357	623.6692	0.153599	0.532866	0.257815	0.0557199	0.8122562	1.579064	3.069133	1.796406
33888	-2637.014	-3263.167	626.153	0.30237	0.35378	0.233992	0.109858	0.4795368	1.874317	1.866765	1.190707
33894	-2639.391	-3264.72	625.3288	0.283182	0.298914	0.308802	0.109103	0.4795368	1.773734	2.170734	1.725363
33900	-2661.599	-3282.363	620.7635	0.349413	0.145471	0.373245	0.131871	0.7890385	1.446729	4.466104	2.704718
33906	-2640.829	-3260.956	620.1269	0.435576	0.147751	0.278433	0.138239	0.7395917	1.568559	4.466104	3.684818
33912	-2629.298	-3252.235	622.9372	0.332944	0.207007	0.271629	0.18842	0.9286739	1.59369	3.644898	1.344291
33918	-2643.546	-3265.058	621.5121	0.410657	0.105772	0.272518	0.211054	1.366503	1.679295	4.262533	1.172943
33924	-2654.514	-3277.213	622.6991	0.478171	0.147098	0.283727	0.0910043	1.366503	1.55843	3.465548	1.528607
33930	-2641.448	-3266.292	624.8443	0.381226	0.0933313	0.421219	0.104224	0.9996057	1.61289	2.579798	1.116171
33936	-2625.334	-3249.628	624.2943	0.434501	0.0796114	0.359299	0.126589	0.5938556	1.757449	3.25462	0.8285692
33942	-2646.618	-3269	622.3825	0.196796	0.303641	0.429295	0.0702679	0.5369764	1.423796	4.797466	0.4489639
33948	-2645.025	-3271.611	626.5862	0.259545	0.433933	0.244532	0.0619904	0.5564277	1.797356	2.142272	0.1899776
33954	-2627.214	-3253.349	626.1346	0.123442	0.327623	0.475112	0.0738222	0.6175955	1.797228	2.380637	0.3579476
33960	-2650.145	-3275.559	625.4144	0.0977504	0.418189	0.376229	0.107831	0.3688295	1.715347	2.726237	0.8437826
33966	-2654.823	-3279.594	624.771	0.151236	0.392414	0.421205	0.0351446	0.5062135	1.454716	3.324554	0.6366474
33972	-2650.285	-3272.426	622.1412	0.0936557	0.405057	0.437689	0.063598	0.3105467	1.416266	4.7985	0.8729028
33978	-2636.941	-3260.915	623.9741	0.101439	0.616269	0.246478	0.0358143	0.3104115	1.32043	3.789776	0.9161427
33984	-2638.712	-3261.718	623.0057	0.138639	0.48308	0.251411	0.12687	0.6146671	1.457743	3.789776	1.509422
33990	-2635.184	-3258.418	623.2348	0.391331	0.261051	0.297281	0.0503365	1.164647	1.60376	3.739156	0.6383255
33996	-2642.904	-3265.474	622.5703	0.419817	0.215063	0.338654	0.0264659	1.2495	1.488871	4.000963	0.8698367
34002	-2630.438	-3254.283	623.8453	0.281032	0.329095	0.238836	0.151037	0.464655	1.48598	3.786662	0.7700788
34008	-2651.332	-3273.125	621.7924	0.228622	0.371338	0.257811	0.142229	0.6690899	1.629877	3.772932	2.917336
34014	-2630.355	-3252.267	621.912	0.292385	0.253978	0.172314	0.281323	1.337486	1.790102	3.199464	2.979403
34020	-2638.682	-3263.057	624.3758	0.470284	0.0343555	0.261192	0.234168	1.093204	1.536167	2.917175	1.015222
34026	-2622.757	-3245.491	622.7342	0.537965	0.0415949	0.283406	0.137034	1.093204	1.533866	3.287832	2.233435
34032	-2646.182	-3269.597	623.4155	0.476851	0.00990408	0.212911	0.300334	1.454525	1.721547	2.561822	2.233435
34038	-2651.359	-3274.049	622.6904	0.411193	0.0392178	0.290609	0.258981	1.454525	1.678243	3.029892	2.233435
34044	-2642.876	-3264.049	621.1727	0.62122	0.0220795	0.163612	0.193089	1.452077	1.661077	3.068376	4.913462
34050	-2638.153	-3260.488	622.3348	0.615084	0.0801856	0.072881	0.23185	1.50722	1.781602	2.798023	3.156491
34056	-2641.065	-3264.709	623.6433	0.472196	0.102302	0.110442	0.31506	1.50722	1.837479	2.653849	1.539926
34062	-2641.479	-3264.85	623.3705	0.530933	0.0721245	0.103029	0.293914	1.80715	1.838371	2.498266	1.878599
34068	-2639.618	-3263.316	623.6975	0.346733	0.262514	0.300203	0.0905496	1.127688	1.775193	3.009614	1.278334
34074	-2636.261	-3260.758	624.4974	0.279092	0.257609	0.299831	0.163468	0.4326122	1.542069	2.58808	2.325192
34080	-2638.465	-3263.596	625.1313	0.313493	0.212064	0.307043	0.1674	0.6779829	1.664023	3.040099	0.3554253
34086	-2637.446	-3259.537	622.091	0.316599	0.214165	0.310084	0.159152	0.9867848	1.626847	4.136446	1.23296
34092	-2639.443	-3262.506	623.0622	0.444082	0.110185	0.318032	0.127701	1.18633	1.714464	3.771067	0.6250579
34098	-2620.831	-3243.753	622.9222	0.471851	0.120391	0.290936	0.116821	1.18633	1.650705	3.144046	2.025068
34104	-2623.923	-3246.965	623.0421	0.46633	0.129754	0.215035	0.188882	1.092498	1.610733	2.979225	2.427856
34110	-2637.476	-3260.686	623.2093	0.421885	0.117387	0.19454	0.266188	1.404946	1.762222	2.651076	2.326084
34116	-2625.973	-3247.231	621.2584	0.458329	0.0553562	0.197132	0.289183	1.404946	1.679506	3.112546	4.608141
34122	-2663.281	-3286.834	623.5527	0.235546	0.456838	0.229875	0.0777405	0.5394599	1.477587	3.436217	1.652584
34128	-2659.657	-3283.098	623.4411	0.202338	0.484681	0.180354	0.132628	0.5223041	1.567087	3.101311	2.47023
34134	-2665.444	-3287.929	622.485	0.239196	0.464158	0.246684	0.0499625	0.6233505	1.433513	3.633104	2.590371
34140	-2654.569	-3276.616	622.0469	0.421016	0.169229	0.33418	0.0755756	0.6559665	1.588651	3.723448	2.734158
34146	-2660.402	-3284.618	624.2163	0.103688	0.471294	0.31677	0.108248	0.4249375	1.667688	3.643989	0.5135442
34152	-2665.466	-3288.149	622.6831	0.184619	0.502563	0.192208	0.12061	0.3045686	1.489136	4.516704	0.7685884
34158	-2642.054	-3264.342	622.2887	0.0778753	0.644035	0.142318	0.135772	0.5355926	1.57089	4.58352	0.7685884
34164	-2645.715	-3269.022	623.3077	0.324676	0.400144	0.140829	0.134351	0.4072324	1.667511	3.725674	1.28947
34170	-2657.189	-3279.53	622.3414	0.195504	0.487995	0.161897	0.154604	0.4345766	1.740706	3.383712	3.34239
34176	-2625.248	-3249.36	624.1122	0.150226	0.455773	0.271153	0.122848	0.4345766	1.694858	3.360049	1.049885
34182	-2646.865	-3270.992	624.1261	0.256911	0.398553	0.237111	0.107425	1.508887	1.719563	2.684057	1.084762
34188	-2625.737	-3250.282	624.5449	0.247786	0.301613	0.129401	0.3212	1.237897	1.649898	2.593394	1.126604
34194	-2632.592	-3252.312	619.7206	0.340682	0.203085	0.144138	0.312095	1.992178	1.546895	4.202041	3.256484
34200	-2657.156	-3278.514	621.3581	0.407575	0.201916	0.195379	0.19513	1.953183	1.505293	3.565739	2.510761
34206	-2644.414	-3266.395	621.981	0.205579	0.463545	0.158342	0.172535	0.510094	1.500648	4.260569	1.832402
34212	-2630.513	-3253.88	623.3667	0.205579	0.463545	0.158342	0.172535	0.6842753	1.714791	3.74235	0.8660656
34218	-2647.597	-3270.769	623.1716	0.211302	0.47645	0.23766	0.074588	0.520975	1.696769	3.751224	1.240335
34224	-2640.313	-3262.602	622.2889	0.316345	0.446124	0.0384101	0.19912	1.658523	1.488817	3.97865	0.8337518
34230	-2639.708	-3262.459	622.7509	0.261935	0.377662	0.191839	0.168564	1.469276	1.747415	3.173417	1.726505
34236	-2623.055	-3245.854	622.7992	0.171792	0.376239	0.280121	0.171848	0.9162082	1.6264	3.821287	1.142904
34242	-2634.972	-3257.981	623.0098	0.180909	0.396207	0.271749	0.151135	0.8583455	1.489197	3.865322	1.049944
34248	-2637.018	-3260.019	623.0014	0.210886	0.375996	0.236939	0.176179	1.271555	1.787552	3.55801	0.8876627
34254	-2639.23	-3261.076	621.8454	0.210886	0.375996	0.236939	0.176179	1.593729	1.64961	4.138757	0.8876627
34260	-2631.771	-3254.65	622.8788	0.248568	0.443181	0.100592	0.20766	1.332072	1.518196	3.739839	0.9098285
34266	-2626.165	-3247.217	621.0516	0.265228	0.411772	0.101421	0.221578	2.032394	1.746883	3.760303	2.039728
34272	-2637.024	-3259.327	622.3023	0.387658	0.171264	0.117219	0.323859	1.605559	1.446777	3.547618	1.721588
34278	-2636.598	-3260.234	623.6361	0.462903	0.104228	0.241922	0.190947	1.483937	1.700784	2.661902	1.721588
34284	-2624.683	-3247.706	623.0227	0.418353	0.127926	0.252313	0.201408	1.126603	1.407074	4.109252	0.4403706
34290	-2665.115	-3289.032	623.9175	0.366429	0.296934	0.187203	0.149434	1.363079	1.733639	2.758189	1.297985
34296	-2653.762	-3279.836	626.0736	0.378657	0.12342	0.433989	0.0639337	1.066796	1.878919	2.097431	0.2570975
34302	-2634.615	-3260.609	625.9939	0.447043	0.0858703	0.381368	0.085719	1.032037	1.868072	1.954003	0.6636869
34308	-2632.924	-3257.128	624.2041	0.48755	0.0456112	0.415924	0.0509151	0.984364	1.519503	2.836946	1.475551
34314	-2635.717	-3260.167	624.4502	0.502019	0.0307504	0.386555	0.0806756	1.141914	1.428751	3.274638	0.4162938
34320	-2627.932	-3253.095	625.1631	0.48843	0.0692595	0.349373	0.0929377	1.109825	1.48783	2.88635	0.2371648
34326	-2647.581	-3272.817	625.2365	0.521625	0.0739665	0.283918	0.12049	1.618624	1.785177	2.374701	0.2371648
34332	-2650.623	-3271.288	620.6643	0.442589	0.257222	0.0480636	0.252126	2.022546	1.544484	3.929334	2.46918
34338	-2634.423	-3257.958	623.535	0.319075	0.221719	0.241878	0.217327	1.09356	1.517226	3.741957	0.4931117
34344	-2632.934	-3256.071	623.1376	0.423419	0.219499	0.133086	0.223995	1.103855	1.718095	2.33651	3.838578
34350	-2628.22	-3249.9	621.6797	0.411609	0.272466	0.0378776	0.278047	1.747099	1.469978	4.134989	1.1138
34356	-2624.898	-3245.734	620.8361	0.461199	0.135408	0.0918479	0.311545	1.516491	1.464797	4.782921	1.002072
34362	-2631.224	-3253.005	621.781	0.365973	0.156462	0.198429	0.279136	1.827703	1.599419	4.029622	1.002072
34368	-2625.135	-3247.134	621.9986	0.399312	0.191484	0.10464	0.304564	1.696101	1.631693	3.943554	1.008154
34374	-2633.889	-3254.816	620.9273	0.482013	0.231142	0.0969371	0.189908	1.696101	1.698109	3.942848	2.200907
34380	-2634.933	-3255.918	620.9857	0.447977	0.21742	0.111625	0.222977	1.793969	1.850035	3.504186	2.915113
34386	-2644.556	-3267.111	622.5542	0.493767	0.0676963	0.191485	0.247052	1.506727	1.877635	3.372692	1.369822
34392	-2666.912	-3290.102	623.1908	0.485196	0.15956	0.238101	0.117143	1.649415	1.793523	3.211777	0.9510715
34398	-2657.603	-3282.106	624.5024	0.504634	0.037055	0.265386	0.192925	0.9670897	1.725208	2.796625	1.023597
34404	-2656.741	-3279.122	622.3808	0.447157	0.156514	0.126127	0.270202	2.001927	1.819997	3.215875	1.48237
34410	-2651.079	-3271.667	620.5877	0.4186	0.216493	0.104827	0.260079	1.488492	1.444127	4.33346	2.316184
34416	-2638.19	-3261.103	622.9129	0.4186	0.216493	0.104827	0.260079	1.499729	1.502236	3.291647	1.553882
34422	-2637.607	-3258.072	620.4651	0.343112	0.0861235	0.362198	0.208566	1.651494	1.559096	4.010369	2.996966
34428	-2619.298	-3242.629	623.3307	0.379965	0.0953958	0.301643	0.222996	1.397327	1.542928	3.17327	1.360691
34434	-2662.23	-3284.953	622.7238	0.419116	0.177697	0.102375	0.300812	1.669675	1.574655	3.264753	1.576601
34440	-2650.463	-3271.365	620.9022	0.411931	0.157894	0.127678	0.302497	1.815026	1.579208	3.97449	2.191478
34446	-2653.661	-3276.09	622.4287	0.525179	0.094552	0.159775	0.220494	1.727037	1.559845	2.974617	2.5915
34452	-2626.615	-3251.338	624.7226	0.3371	0.291221	0.335713	0.0359657	0.5976238	1.649248	3.361916	0.2936361
34458	-2617.192	-3243.181	625.9893	0.220904	0.307522	0.360388	0.111186	0.4308271	1.672463	2.689233	0.2895897
34464	-2613.449	-3239.119	625.6707	0.20373	0.228414	0.523033	0.0448235	0.5604848	1.618133	2.782148	0.4260657
34470	-2639.791	-3265.673	625.8826	0.409771	0.225365	0.326738	0.0381253	0.529463	1.705266	2.626425	0.4110349
34476	-2620.228	-3245.844	625.6162	0.359221	0.190015	0.347863	0.102901	1.185538	1.754938	2.33994	0.4157125
34482	-2614.298	-3239.195	624.8964	0.413873	0.206342	0.262551	0.117234	1.185538	1.674689	2.885389	0.2973035
34488	-2619.102	-3241.567	622.4655	0.350563	0.231085	0.28437	0.133982	0.6721334	1.474153	4.695339	0.3343953
34494	-2624.002	-3246.716	622.7138	0.486181	0.145742	0.220964	0.147113	1.321854	1.601296	4.118372	0.3343953
34500	-2638.76	-3263.385	624.6254	0.417525	0.105075	0.286593	0.190807	1.376499	1.601296	2.992461	0.2389409
34506	-2641.057	-3265.702	624.645	0.269046	0.274852	0.240777	0.215325	1.323794	1.547005	3.04215	0.2581117
34512	-2630.459	-3255.463	625.0039	0.508149	0.158864	0.260964	0.0720232	1.538746	1.607663	2.673076	0.2581117
34518	-2627.614	-3252.355	624.7408	0.49011	0.153224	0.2517	0.104966	1.538746	1.703718	2.762265	0.196834
34524	-2641.013	-3262.999	621.9864	0.366945	0.302725	0.145393	0.184937	1.619096	1.529404	3.682816	1.708024
34530	-2635.113	-3257.961	622.8472	0.482893	0.179509	0.205612	0.131986	1.42969	1.563052	3.639709	0.9814895
34536	-2604.683	-3226.719	622.036	0.523686	0.112736	0.168831	0.194747	1.532031	1.639747	3.317818	2.437219
34542	-2636.783	-3260.024	623.2408	0.421445	0.147439	0.291883	0.139233	1.046589	1.708242	2.940942	2.159271
34548	-2649.95	-3272.835	622.8849	0.359426	0.125743	0.24893	0.265901	1.149832	1.47481	3.427389	1.725828
34554	-2621.906	-3243.307	621.4008	0.536693	0.0242054	0.243933	0.195169	1.283513	1.51787	4.04655	2.039701
34560	-2638.116	-3258.874	620.7574	0.543735	0.0192804	0.1943	0.242685	1.346726	1.564742	3.568121	4.378747
34566	-2620.867	-3242.479	621.6119	0.515358	0.0417656	0.157861	0.285015	1.346726	1.61274	3.568121	2.721448
34572	-2619.491	-3242.361	622.8702	0.523664	0.0424387	0.156914	0.276983	1.112939	1.661345	2.916458	2.742611
34578	-2616.241	-3238.354	622.1124	0.457934	0.162632	0.137218	0.242216	2.071913	2.035679	2.667494	2.715116
34584	-2621.757	-3242.672	620.9155	0.404186	0.144872	0.175343	0.2756	1.143594	1.692705	3.999389	2.812435
34590	-2606.037	-3226.987	620.95	0.464357	0.166438	0.0525776	0.316628	1.508689	1.463974	4.457847	1.512037
34596	-2625.338	-3246.492	621.1543	0.421821	0.191583	0.0851593	0.301437	1.512453	1.541346	4.418578	1.270508
34602	-2609.694	-3230.615	620.9206	0.40456	0.0677684	0.238569	0.289102	1.512453	1.541346	4.522882	1.323356
34608	-2624.759	-3245.974	621.2146	0.272095	0.33669	0.160455	0.23076	1.512453	1.57029	4.510384	1.007958
34614	-2639.078	-3262.421	623.3429	0.202796	0.465761	0.221965	0.109478	0.6316563	1.647569	3.813656	0.8883423
34620	-2642.132	-3267.064	624.9326	0.206534	0.37653	0.231002	0.185934	0.6199804	1.675743	3.055178	0.5929847
34626	-2650.503	-3276.427	625.9238	0.237969	0.361109	0.220133	0.180788	0.5490975	1.638192	2.682193	0.2312673
34632	-2663.535	-3289.944	626.4087	0.345197	0.326947	0.273199	0.0546571	0.4394141	1.674138	2.424173	0.2246445
34638	-2663.283	-3289.591	626.3082	0.275708	0.371037	0.312966	0.0402893	0.4637554	1.751841	2.424173	0.2246445
34644	-2658.851	-3285.343	626.4922	0.421013	0.271415	0.279191	0.0283805	0.5582591	1.710441	2.273412	0.2246445
34650	-2667.469	-3293.583	626.1133	0.510108	0.117231	0.338274	0.0343864	0.8922471	1.710441	2.273412	0.1859711
34656	-2654.98	-3280.615	625.6344	0.475411	0.186931	0.286997	0.0506614	0.7722299	1.593896	2.744159	0.2466529
34662	-2650.587	-3275.301	624.7133	0.493601	0.194083	0.260527	0.0517899	1.192224	1.593896	3.04629	0.2466529
34668	-2665.599	-3290.212	624.6132	0.323572	0.20462	0.341699	0.130109	1.248963	1.630778	3.04629	0.2127387
34674	-2679.986	-3304.574	624.5878	0.490072	0.0620305	0.328402	0.119495	1.323854	1.593805	3.04629	0.2273869
34680	-2649.857	-3274.725	624.8685	0.530122	0.0783016	0.274736	0.11684	1.114671	1.592376	2.996521	0.2273869
34686	-2634.66	-3257.901	623.2403	0.422559	0.108314	0.328445	0.140682	1.195472	1.592376	3.015539	1.954481
34692	-2646.172	-3270.874	624.7013	0.407174	0.140781	0.316486	0.13556	1.287465	1.567729	3.015539	0.2396164
34698	-2653.985	-3278.223	624.238	0.502576	0.0650109	0.267923	0.164489	1.287465	1.614069	3.255418	0.3074516
34704	-2644.006	-3268.886	624.8799	0.488372	0.143113	0.353361	0.0151535	1.211725	1.523992	2.976744	0.2651612
34710	-2647.037	-3271.085	624.0475	0.298987	0.232525	0.449224	0.0192644	0.764845	1.392356	3.787733	0.3377579
34716	-2638.605	-3264.101	625.4959	0.348268	0.225092	0.412306	0.0143337	0.9409353	1.552523	2.728146	0.3377579
34722	-2636.283	-3262.6	626.3173	0.304742	0.328312	0.34015	0.0267959	0.9409353	1.695448	2.139006	0.2330019
34728	-2653.214	-3279.191	625.978	0.299298	0.322447	0.334074	0.0441802	0.9691409	1.641788	2.373685	0.2671115
34734	-2657.937	-3282.759	624.8217	0.355147	0.117241	0.475187	0.0524242	1.209929	1.694461	2.908238	0.2257273
34740	-2667.873	-3290.622	622.7495	0.406987	0.205751	0.104034	0.283228	1.692386	1.694975	2.950266	2.034978
34746	-2657.388	-3279.957	622.569	0.461751	0.153183	0.104281	0.280785	1.403086	1.694975	3.205046	2.034978
34752	-2632.596	-3254.501	621.9046	0.44733	0.214011	0.0666427	0.272016	1.679902	1.592422	3.533678	1.996671
34758	-2640.654	-3259.843	619.1898	0.456697	0.218493	0.0680381	0.256772	1.950077	1.516454	4.524936	3.294088
34764	-2640.096	-3260.364	620.2675	0.370742	0.320912	0.0645894	0.243757	2.156731	1.606215	4.301521	1.888855
34770	-2644.476	-3266.41	621.933	0.385589	0.333763	0.098968	0.18168	2.341213	1.604412	3.267017	1.888855
34776	-2654.354	-3277.819	623.4649	0.338741	0.298525	0.0408742	0.32186	2.341213	1.681139	2.944196	0.7246762
34782	-2636.455	-3256.802	620.3464	0.338217	0.298762	0.0409067	0.322115	2.09698	1.567025	4.416409	1.639451
34788	-2648.413	-3272.021	623.6086	0.332933	0.362076	0.102566	0.202426	1.01747	1.679898	3.116618	1.40339
34794	-2638.829	-3260.127	621.2981	0.339364	0.280306	0.225302	0.155028	1.122345	1.532299	4.475163	1.40339
34800	-2642.332	-3262.346	620.0141	0.404757	0.30698	0.0922258	0.196037	1.374544	1.531138	5.255263	1.031728
34806	-2662.435	-3283.084	620.649	0.410784	0.120893	0.264059	0.204264	1.374544	1.632147	4.668636	1.369816
34812	-2660.335	-3279.524	619.1887	0.434686	0.127928	0.124311	0.313075	2.167364	1.628526	4.452555	3.046863
34818	-2641.852	-3262.657	620.8056	0.457813	0.112774	0.130924	0.298489	2.167364	1.460261	4.576578	0.8960668
34824	-2625.467	-3246.564	621.0977	0.43678	0.126001	0.119195	0.318023	1.642742	1.555415	4.078459	1.902494
34830	-2629.463	-3250.109	620.6455	0.348516	0.240271	0.157455	0.253758	1.221273	1.608284	4.538457	1.847673
34836	-2649.758	-3270.98	621.222	0.388585	0.267895	0.0605878	0.282932	1.219213	1.344898	4.357184	1.861176
34842	-2640.034	-3262.595	622.5607	0.440721	0.201263	0.0473982	0.310618	1.193711	1.642706	3.448277	1.824709
34848	-2640.06	-3263.268	623.2082	0.459521	0.210956	0.0484868	0.281037	1.193711	1.53061	3.680582	0.8025774
34854	-2627.156	-3249.101	621.9458	0.42162	0.190736	0.0444877	0.343156	1.371464	1.641394	3.533824	2.234787
34860	-2636.242	-3257.914	621.6715	0.490261	0.221788	0.0483138	0.239637	1.526532	1.512978	4.042335	1.451366
34866	-2649.43	-3271.184	621.7533	0.532134	0.228086	0.0658762	0.173904	1.663287	1.298564	3.699061	2.234841
34872	-2642.768	-3262.646	619.8774	0.386503	0.212741	0.183165	0.217591	1.858546	1.425964	4.822552	1.719919
34878	-2644.014	-3265.931	621.9176	0.398419	0.2193	0.158013	0.224268	1.386782	1.540558	4.243674	0.9180231
34884	-2625.928	-3246.256	620.3289	0.370925	0.234663	0.21191	0.182502	1.475525	1.326155	4.843633	1.629267
34890	-2636.373	-3256.651	620.2779	0.444507	0.153768	0.18302	0.218706	1.464771	1.217586	4.937684	1.629267
34896	-2646.347	-3267.699	621.3513	0.497327	0.0661448	0.285743	0.150785	1.747159	1.419976	3.892348	2.064363
34902	-2644.958	-3264.702	619.7438	0.446952	0.160737	0.256799	0.135512	1.508697	1.437724	4.202091	4.157207
34908	-2625.163	-3248.252	623.0887	0.409032	0.231941	0.235012	0.124015	1.076877	1.517416	3.469862	1.431251
34914	-2626.92	-3249.685	622.765	0.494389	0.126106	0.239085	0.14042	1.403598	1.750013	2.980621	2.206207
34920	-2634.958	-3257.195	622.2377	0.352082	0.268513	0.157891	0.221513	1.372113	1.49717	4.15102	0.820934
34926	-2656.156	-3278.39	622.2333	0.354714	0.27052	0.159072	0.215695	0.990398	1.347037	4.177076	1.300411
34932	-2651.451	-3273.391	621.9408	0.356516	0.246227	0.198977	0.198281	0.990398	1.393919	3.863501	2.297333
34938	-2638.674	-3258.105	619.4307	0.558801	0.0401389	0.170037	0.231023	1.387775	1.40231	3.932114	6.355287
34944	-2650.841	-3272.852	622.0111	0.574495	0.0412661	0.174813	0.209427	1.2434	1.5994	3.504322	2.443757
34950	-2666.683	-3288.699	622.016	0.488773	0.0574901	0.289057	0.16468	1.063279	1.433342	3.934127	1.875684
34956	-2665.115	-3283.64	618.5253	0.483015	0.11349	0.198373	0.205121	1.764286	1.442039	5.534939	1.875684
34962	-2650.185	-3270.242	620.0571	0.478351	0.0833115	0.11633	0.322007	1.49958	1.255985	5.472954	0.7659481
34968	-2659.34	-3280.805	621.4657	0.249156	0.344725	0.201718	0.2044	1.486042	1.499998	4.561409	0.7659481
34974	-2644.226	-3266.448	622.2219	0.455361	0.129147	0.215655	0.199837	1.495539	2.033817	2.856261	2.782944
34980	-2643.43	-3264.136	620.7057	0.355945	0.249137	0.103771	0.291148	1.98917	1.580704	3.708648	2.991613
34986	-2650.04	-3272.948	622.908	0.406099	0.27119	0.0830171	0.239695	1.589226	1.580704	3.084578	1.796913
34992	-2657.954	-3277.496	619.5414	0.262626	0.525173	0.0545883	0.157612	0.8252068	1.345094	5.538167	1.796913
34998	-2653.841	-3274.805	620.9641	0.126217	0.572589	0.10421	0.196984	1.45606	1.580887	4.419663	1.491594
35004	-2647.793	-3269.138	621.3446	0.167829	0.388094	0.18215	0.261927	1.562932	1.531527	4.419663	1.034876
35010	-2642.774	-3262.609	619.8352	0.213381	0.312355	0.233872	0.240391	1.078295	1.484386	5.261547	1.568169
35016	-2655.606	-3277.592	621.9863	0.216976	0.318765	0.218935	0.245324	1.166117	1.495304	4.351949	0.9069376
35022	-2636.909	-3257.53	620.6213	0.357249	0.0547402	0.332945	0.255066	1.564619	1.431662	4.35879	2.131554
35028	-2623.431	-3242.708	619.2771	0.410427	0.0558052	0.388634	0.145134	1.476676	1.663902	4.031423	5.428377
35034	-2646.131	-3266.907	620.7764	0.39414	0.0294462	0.407248	0.169165	1.724477	1.702185	3.738917	2.928542
35040	-2639.179	-3259.734	620.5545	0.440955	0.051723	0.358434	0.148888	1.702175	1.49285	4.928788	0.8419863
35046	-2626.062	-3244.274	618.2118	0.383259	0.032327	0.348651	0.235763	1.726266	1.372953	4.928788	4.410501
35052	-2623.436	-3244.105	620.6687	0.442335	0.154477	0.099762	0.303426	2.904841	1.767411	3.590648	2.133157
35058	-2633.506	-3255.112	621.606	0.487802	0.170355	0.110016	0.231826	2.232569	1.620384	3.169811	2.673503
35064	-2611.371	-3233.499	622.1287	0.327137	0.399157	0.118236	0.15547	0.6860583	1.610861	3.703747	2.575937
35070	-2665.801	-3286.609	620.8081	0.381965	0.268908	0.0962882	0.252839	2.147018	1.665136	3.66009	2.638824
35076	-2653.567	-3275.883	622.3159	0.370341	0.307167	0.0988723	0.22362	1.240177	1.640017	3.845465	1.260543
35082	-2653.874	-3279.359	625.4848	0.257351	0.34565	0.253342	0.143658	0.4762043	1.511046	3.01871	0.4106588
35088	-2650.553	-3275.729	625.176	0.24491	0.377282	0.241095	0.136713	0.5975847	1.666958	3.028083	0.4261396
35094	-2644.264	-3267.971	623.7066	0.379184	0.226041	0.312782	0.0819936	0.6472305	1.518867	3.550317	1.091473
35100	-2642.001	-3265.679	623.6782	0.341669	0.295459	0.0764814	0.28639	1.135492	1.545851	3.01637	1.537625
35106	-2650.805	-3272.077	621.2712	0.304596	0.409617	0.0489728	0.236814	1.464757	1.541654	4.429987	1.167944
35112	-2658.364	-3280.277	621.913	0.303768	0.408504	0.00601872	0.281709	2.090785	1.747588	3.814642	0.8986919
35118	-2653.136	-3276.675	623.5394	0.250035	0.403499	0.00279847	0.343667	1.730128	1.765364	3.013398	0.8986919
35124	-2627.582	-3249.907	622.3247	0.379834	0.328798	0.0430226	0.248345	1.771571	1.750368	3.276453	1.723065
35130	-2640.168	-3263.975	623.8075	0.466204	0.176175	0.0528054	0.304816	1.771571	1.753818	2.642667	1.224819
35136	-2629.422	-3253.032	623.6095	0.446975	0.239269	0.0598791	0.253877	1.256977	1.468349	3.503474	0.7139959
35142	-2648.986	-3271.917	622.9303	0.439242	0.209263	0.129456	0.22204	1.228527	1.646889	2.92645	2.477499
35148	-2641.946	-3264.454	622.5081	0.300071	0.168882	0.281313	0.249734	1.547062	1.860412	2.92645	2.366147
35154	-2632.13	-3256.32	624.1906	0.388247	0.366279	0.120662	0.124811	0.9596632	1.815724	2.652128	1.527043
35160	-2650.021	-3273.476	623.455	0.196578	0.534884	0.0424078	0.226131	1.879649	1.735264	2.652197	1.527043
35166	-2640.611	-3263.104	622.4924	0.434436	0.304075	0.0338946	0.227595	1.04498	1.542956	3.593666	1.904673
35172	-2631.255	-3253.357	622.1022	0.46897	0.125454	0.213112	0.192464	0.983493	1.2794	4.202435	1.481032
35178	-2644.317	-3265.534	621.2165	0.367484	0.396508	0.124012	0.111996	0.7659711	1.740805	3.573163	4.225609
35184	-2614.049	-3238.368	624.3188	0.314994	0.333272	0.246249	0.105484	0.5547283	1.628784	2.767808	1.887274
35190	-2621.161	-3246.736	625.5744	0.247946	0.451082	0.193834	0.107138	0.9754625	1.823071	2.221761	0.7714331
35196	-2620.904	-3246.06	625.1557	0.310091	0.186931	0.329163	0.173816	1.055683	1.881319	2.168438	1.130201
35202	-2615.123	-3240.295	625.1714	0.230138	0.467187	0.173675	0.129	0.6145037	1.86303	2.678586	0.7835615
35208	-2632.187	-3256.145	623.9584	0.208477	0.493663	0.198303	0.0995575	0.5228687	1.86303	2.723553	2.198318
35214	-2616.517	-3241.731	625.2143	0.234927	0.407946	0.277825	0.0793015	0.8301368	2.012757	2.555089	0.5748763
35220	-2625.733	-3247.898	622.1647	0.144566	0.509537	0.276283	0.0696143	0.5770561	1.715579	4.407717	1.01089
35226	-2633.324	-3255.568	622.2437	0.244251	0.440866	0.272474	0.0424083	0.5547091	1.545748	4.234502	1.461088
35232	-2630.903	-3253.443	622.5396	0.56055	0.0257518	0.352384	0.0613141	1.690354	1.77339	3.086681	1.910125
35238	-2634.912	-3257.217	622.3041	0.444074	0.0821389	0.243922	0.229865	2.029114	1.77339	2.71486	2.755033
35244	-2631.772	-3254.845	623.0731	0.47856	0.184356	0.0502465	0.286838	1.562299	1.769981	2.59614	2.444519
35250	-2631.317	-3254.199	622.882	0.476742	0.184999	0.0504217	0.287838	1.911901	1.863743	2.481209	2.444519
35256	-2631.211	-3254.661	623.4499	0.44856	0.204444	0.0667392	0.280257	1.894665	1.771922	2.186577	2.444519
35262	-2635.282	-3259.523	624.2407	0.354597	0.337611	0.0301445	0.277648	1.5613	1.798973	2.366896	1.37327
35268	-2627.589	-3250.022	622.4329	0.284839	0.385756	0.0866719	0.242733	1.5613	1.681672	3.189112	2.087832
35274	-2624.289	-3247.314	623.0254	0.59324	0.0940911	0.122855	0.189814	1.367322	1.716319	2.963992	1.97902
35280	-2627.506	-3250.81	623.3047	0.444029	0.20633	0.20757	0.142072	1.367322	1.710034	3.370812	0.8948883
35286	-2631.223	-3253.329	622.1055	0.545967	0.0349246	0.383216	0.0358925	1.077406	1.446325	4.431911	0.7853458
35292	-2637.143	-3258.11	620.9676	0.463353	0.00458572	0.212748	0.319314	1.077406	1.357394	4.431911	2.189735
35298	-2624.151	-3244.351	620.1993	0.512238	0.0346006	0.292894	0.160267	1.8143	1.641105	4.325088	2.226535
35304	-2630.529	-3250.054	619.5258	0.440566	0.0297593	0.360718	0.168957	2.348096	1.568562	4.020194	3.687625
35310	-2624.499	-3244.811	620.3124	0.436653	0.228046	0.10452	0.23078	1.376483	1.509272	4.350894	2.735766
35316	-2625.318	-3247.374	622.0561	0.477342	0.0971939	0.169515	0.255949	2.458216	1.631727	3.234708	1.668807
35322	-2604.601	-3226.259	621.6588	0.481232	0.196253	0.15774	0.164775	1.359945	1.754012	3.480781	2.642993
35328	-2617.529	-3239.311	621.7822	0.425307	0.106357	0.322826	0.14551	1.176147	1.582111	3.607899	2.642993
35334	-2624.225	-3246.954	622.7285	0.396748	0.0870587	0.301148	0.215045	1.432133	1.940393	2.632864	2.794809
35340	-2641.885	-3261.83	619.9454	0.540119	0.0911412	0.14361	0.225129	2.025045	1.733333	4.082166	2.875738
35346	-2616.291	-3237.62	621.3286	0.470534	0.10113	0.112003	0.316333	1.38969	1.661917	3.752903	2.530697
35352	-2621.12	-3244.945	623.8254	0.430539	0.0995578	0.158489	0.311414	1.38697	1.935793	2.875344	0.9615338
35358	-2615.964	-3238.087	622.1225	0.43439	0.133756	0.237862	0.193991	1.995273	1.653657	3.709281	1.035548
35364	-2648.028	-3270.123	622.0955	0.345732	0.0314344	0.492442	0.130392	1.172107	1.620679	3.570876	2.222794
35370	-2627.639	-3250.586	622.9471	0.407771	0.179825	0.326066	0.0863379	1.027868	1.597375	3.084024	2.423227
35376	-2624.672	-3248.678	624.0065	0.264546	0.257573	0.354214	0.123667	1.246037	1.628341	2.899008	1.181624
35382	-2623.388	-3247.296	623.9081	0.378642	0.0573665	0.389222	0.174769	1.062703	1.694084	2.88072	1.442667
35388	-2621.982	-3246.62	624.6372	0.273458	0.195971	0.367515	0.163056	1.062703	1.682538	2.595866	1.167129
35394	-2638.653	-3260.741	622.0888	0.255675	0.195737	0.281584	0.267004	1.062703	1.598965	3.371651	2.948925
35400	-2624.982	-3251.464	626.4817	0.286295	0.281047	0.404308	0.0283494	0.402694	1.692281	2.361671	0.3576802
35406	-2616.579	-3241.033	624.4535	0.286295	0.281047	0.404308	0.0283494	1.434712	1.733404	2.958932	0.3576802
35412	-2627.86	-3252.498	624.6386	0.287445	0.174397	0.427593	0.110564	0.91939	1.684144	2.777278	1.008551
35418	-2640.913	-3264.744	623.831	0.41869	0.10756	0.372281	0.101469	0.924406	1.530744	3.181951	1.304229
35424	-2642.014	-3262.266	620.2514	0.498742	0.117319	0.267647	0.116291	0.9790586	1.575926	4.343115	3.386761
35430	-2639.365	-3260.701	621.336	0.466646	0.133697	0.278605	0.121052	0.9743668	1.58571	4.00913	2.555697
35436	-2638.91	-3260.742	621.8321	0.42445	0.248761	0.216682	0.110106	0.9743668	1.710108	3.698814	2.434967
35442	-2638.073	-3260.263	622.1896	0.184974	0.541757	0.252681	0.0205881	0.5373169	1.495087	4.777733	0.6042212
35448	-2645.256	-3267.113	621.8568	0.167998	0.492038	0.229491	0.110473	0.3929801	1.508826	4.926161	0.7834257
35454	-2655.258	-3276.501	621.2432	0.447246	0.168937	0.182047	0.20177	1.230365	1.589392	4.062833	2.186075
35460	-2661.069	-3281.439	620.3698	0.380286	0.061618	0.259014	0.299082	1.493084	1.609854	3.759668	4.134559
35466	-2653.28	-3276.254	622.9739	0.415784	0.0941733	0.283191	0.206852	1.38113	1.681597	3.214241	1.547626
35472	-2628.23	-3250.242	622.0115	0.387832	0.0968366	0.324431	0.1909	1.309405	1.491542	4.473889	0.552781
35478	-2646.243	-3267.791	621.5474	0.383883	0.0701096	0.321127	0.224881	1.451458	1.702427	4.292999	0.9813221
35484	-2639.892	-3261.386	621.4938	0.420872	0.22004	0.211193	0.147895	1.431269	1.604332	4.292999	1.153931
35490	-2654.94	-3276.574	621.6332	0.426074	0.256295	0.186811	0.130821	1.407811	1.455917	4.610804	0.630795
35496	-2646.605	-3268.916	622.3103	0.457387	0.163362	0.231305	0.147947	1.407811	1.696389	3.955495	0.8585286
35502	-2668.49	-3290.581	622.0915	0.471845	0.0828208	0.29488	0.150455	1.959288	1.593573	3.880476	0.8589881
