Iteration	Posterior	Likelihood	Prior	matrix_probs[1]	matrix_probs[2]	matrix_probs[3]	matrix_probs[4]	neo_beta	rate_log_sd	tree_length	two_beta
0	-2653.359	-3275.767	622.4085	0.04004	0.548647	0.40535	0.00596303	0.3606119	1.487574	4.879521	0.3592291
6	-2635.68	-3258.089	622.409	0.155572	0.462658	0.340376	0.0413932	0.4742583	1.465143	4.836737	0.3592291
12	-2654.148	-3276.069	621.9205	0.227714	0.354125	0.372822	0.0453389	0.4164323	1.341423	4.899801	0.909737
18	-2664.251	-3283.656	619.4052	0.223003	0.186343	0.480238	0.110415	0.600646	1.385324	6.03745	1.133578
24	-2650.663	-3273.366	622.7027	0.31328	0.154342	0.442944	0.0894346	0.7405659	1.470081	4.355688	0.6513454
30	-2642.242	-3267.669	625.4271	0.439277	0.120732	0.35172	0.0882708	0.5678013	1.667561	2.954956	0.2700234
36	-2624.614	-3249.823	625.2093	0.385261	0.200174	0.331395	0.0831699	0.6525427	1.749248	2.954956	0.3632336
42	-2629.705	-3253.446	623.7402	0.400845	0.290423	0.187463	0.121269	0.5529738	1.746838	2.960056	2.07943
48	-2627.961	-3250.316	622.355	0.433116	0.156364	0.268317	0.142204	0.9084744	1.610124	3.034765	3.743114
54	-2623.57	-3246.405	622.8356	0.405273	0.164044	0.281495	0.149188	1.23815	1.669795	3.325544	1.657586
60	-2627.676	-3249.286	621.6096	0.436881	0.0988476	0.303449	0.160823	0.9664347	1.777603	3.789487	2.443692
66	-2625.805	-3248.273	622.4682	0.268856	0.15871	0.455564	0.11687	0.6452973	1.428988	4.091225	1.518161
72	-2644.315	-3263.199	618.8839	0.483103	0.159509	0.0656454	0.291743	1.617444	1.470799	4.627781	4.115956
78	-2630.961	-3252.533	621.5721	0.462153	0.11602	0.159785	0.262042	1.617444	1.582131	4.282531	0.953819
84	-2626.485	-3247.914	621.4293	0.412252	0.103493	0.250506	0.233749	2.15203	1.611513	4.077261	1.013791
90	-2633.124	-3255.071	621.9468	0.434478	0.104489	0.311104	0.149928	1.563974	1.625253	4.077261	0.9425401
96	-2622.652	-3243.072	620.4202	0.386893	0.0529838	0.330387	0.229736	1.466761	1.628853	4.8609	1.160683
102	-2618.95	-3241.02	622.0698	0.408208	0.0519238	0.427727	0.112141	1.16843	1.531528	4.140454	1.160683
108	-2628.234	-3247.94	619.7052	0.422376	0.19737	0.260893	0.119361	1.905646	1.551585	5.272078	0.8518653
114	-2637.11	-3257.828	620.7176	0.471109	0.220143	0.11196	0.196788	2.015942	1.667501	4.041101	1.954668
120	-2625.944	-3249.211	623.2669	0.378116	0.129488	0.334453	0.157944	1.354947	1.922156	3.198693	1.022111
126	-2632.342	-3254.749	622.4074	0.404408	0.0718184	0.248799	0.274974	1.370861	1.836125	3.651386	1.185022
132	-2628.154	-3249.001	620.8469	0.620544	0.0450357	0.0935128	0.240907	1.632724	1.564174	4.056525	2.296472
138	-2628.972	-3250.336	621.3636	0.465528	0.0664944	0.0614477	0.40653	2.151115	1.831509	3.585655	1.80242
144	-2657.497	-3278.235	620.7378	0.46395	0.159192	0.138091	0.238768	2.364352	1.597574	4.243595	1.288812
150	-2610.074	-3231.518	621.4443	0.428203	0.223975	0.127451	0.220371	1.564503	1.518827	4.232736	1.288812
156	-2607.785	-3229.217	621.4324	0.320232	0.232282	0.182727	0.264758	1.564503	1.59221	4.232736	1.222482
162	-2627.583	-3250.085	622.5018	0.365454	0.265084	0.208531	0.160931	1.564503	1.594154	3.787243	0.9247312
168	-2626.093	-3249.129	623.0361	0.376975	0.273441	0.183579	0.166004	0.9675712	1.538737	3.920606	0.7721662
174	-2622.015	-3244.886	622.8707	0.39197	0.353798	0.0816251	0.172607	1.202116	1.754258	3.531705	1.163722
180	-2628.4	-3251.742	623.3413	0.474091	0.256045	0.121409	0.148455	1.077721	1.742554	3.771383	0.4220081
186	-2646.015	-3269.352	623.3375	0.287609	0.259109	0.224696	0.228585	0.9981814	1.58687	3.637703	0.878255
192	-2637.619	-3262.611	624.992	0.361174	0.169657	0.282169	0.187	0.7103723	1.855218	2.937202	0.4562396
198	-2634.646	-3258.608	623.9619	0.352645	0.242059	0.274687	0.130608	1.263762	1.916325	3.022509	0.7211345
204	-2641.153	-3264.5	623.3469	0.296919	0.245638	0.330253	0.12719	0.9883905	1.818107	3.431245	0.9999311
210	-2638.251	-3259.899	621.6477	0.300136	0.264371	0.333831	0.101662	0.8751049	1.66672	4.226445	1.640702
216	-2640.243	-3265.842	625.5992	0.323744	0.229894	0.360089	0.0862721	0.892886	1.66672	2.639236	0.2173693
222	-2645.172	-3269.593	624.4204	0.383921	0.176599	0.1961	0.24338	1.214786	1.66672	2.873003	0.8018892
228	-2660.14	-3285.095	624.955	0.418165	0.103157	0.213591	0.265088	1.625467	1.760526	2.558286	0.2944706
234	-2647.078	-3272.721	625.6432	0.467799	0.0686712	0.238943	0.224587	0.9602438	1.689957	2.558286	0.2310834
240	-2644.16	-3269.713	625.5534	0.380545	0.19676	0.254161	0.168534	0.9536151	1.674897	2.628713	0.2425694
246	-2658.014	-3283.355	625.3412	0.365042	0.188744	0.243807	0.202408	0.8598366	1.674897	2.769274	0.4020716
252	-2660.036	-3285.416	625.3797	0.367149	0.23719	0.309572	0.0860889	0.8674108	1.613345	2.814621	0.3190139
258	-2659.758	-3283.892	624.1341	0.400754	0.147846	0.328785	0.122615	1.235435	1.597463	3.086501	0.7837224
264	-2654.134	-3279.068	624.9336	0.344609	0.269161	0.314612	0.071617	0.6322558	1.746255	2.856257	0.8263082
270	-2675.9	-3298.595	622.6945	0.335198	0.26181	0.30602	0.0969718	0.7579507	1.552049	4.036852	1.109133
276	-2656.051	-3280.61	624.5591	0.287434	0.224504	0.440514	0.0475484	0.6739647	1.727879	3.355766	0.3242704
282	-2663.646	-3288.169	624.5226	0.416384	0.199122	0.347036	0.0374585	0.7261822	1.694708	3.369756	0.3059878
288	-2644.787	-3268.441	623.6543	0.369987	0.176934	0.424051	0.0290273	0.8182643	1.603068	3.870566	0.3059878
294	-2642.25	-3266.866	624.6165	0.248035	0.267618	0.470804	0.0135428	0.7266891	1.704174	3.271969	0.3978395
300	-2654.119	-3279.725	625.6055	0.386022	0.249584	0.258313	0.106081	1.076259	1.724852	2.485755	0.2204484
306	-2665.753	-3291.219	625.466	0.491511	0.112256	0.307118	0.0891143	1.373513	1.773689	2.367501	0.2204484
312	-2670.945	-3295.447	624.5019	0.4957	0.117935	0.359599	0.0267658	1.215655	1.599839	3.153981	0.2750038
318	-2653.272	-3278.295	625.0232	0.42298	0.0537536	0.46272	0.0605465	0.9429381	1.628201	2.98492	0.2750038
324	-2633.828	-3259.432	625.6041	0.472871	0.0516474	0.415743	0.0597384	1.163374	1.680927	2.463359	0.2763584
330	-2650.073	-3274.932	624.8589	0.307683	0.141243	0.353232	0.197843	1.163374	1.852765	2.809253	0.3106303
336	-2645.415	-3271.221	625.8058	0.370335	0.10701	0.402053	0.120601	0.6524674	2.010371	2.170965	0.7676781
342	-2654.622	-3279.547	624.9252	0.284275	0.290352	0.184391	0.240982	0.9438052	1.777963	2.791836	0.5958965
348	-2663.485	-3287.114	623.6289	0.454994	0.21921	0.12543	0.200366	1.744707	1.803715	3.193302	0.4745544
354	-2648.496	-3271.405	622.9095	0.477297	0.190874	0.108974	0.222854	1.66892	1.71007	3.10186	1.522566
360	-2639.383	-3264.255	624.8717	0.45978	0.253328	0.0722166	0.214675	1.561919	1.951466	1.827518	1.413798
366	-2639.33	-3265.096	625.766	0.413108	0.0479521	0.181194	0.357746	0.9647621	1.992984	1.555619	1.414097
372	-2635.496	-3259.954	624.4584	0.595052	0.0233388	0.129913	0.251696	0.9647621	1.992984	1.731026	2.864511
378	-2642.765	-3267.455	624.69	0.484437	0.0182151	0.29244	0.204908	1.002342	1.759455	2.10102	2.005729
384	-2662.142	-3286.208	624.0659	0.489019	0.0286952	0.232344	0.249942	0.9910555	1.717859	2.629241	1.804302
390	-2662.734	-3284.957	622.2235	0.399659	0.0416086	0.336904	0.221828	0.9910555	1.479843	3.756274	2.043159
396	-2642.498	-3264.758	622.2599	0.457114	0.0475902	0.327229	0.168067	1.16868	1.411862	3.986031	1.377221
402	-2639.084	-3259.6	620.5156	0.533241	0.0817111	0.188991	0.196057	1.156655	1.470918	4.479836	2.44432
408	-2653.926	-3276.616	622.6894	0.518637	0.0428893	0.247787	0.190687	1.164814	1.658922	3.303315	1.993016
414	-2652.804	-3273.313	620.5092	0.318886	0.11959	0.22945	0.332073	2.068529	1.524876	4.79286	0.8163854
420	-2652.198	-3274.179	621.9804	0.379427	0.180176	0.294655	0.145741	1.15901	1.529927	4.650976	0.3540527
426	-2650.266	-3273.013	622.7474	0.315806	0.198647	0.324863	0.160683	0.9318803	1.451671	4.41371	0.2499206
432	-2645.817	-3268.549	622.7314	0.526971	0.140416	0.219034	0.11358	1.221603	1.612043	4.169375	0.2791476
438	-2656.573	-3280.7	624.1265	0.587985	0.0682658	0.244394	0.0993549	1.262559	1.653717	3.31991	0.2542306
444	-2663.631	-3288.164	624.5332	0.552517	0.090463	0.229652	0.127369	0.8983906	1.638556	3.297713	0.2333224
450	-2665.875	-3289.106	623.2309	0.500076	0.0739111	0.257371	0.168642	1.797574	1.72172	2.957021	1.302297
456	-2641.61	-3263.835	622.225	0.385847	0.188954	0.0780091	0.34719	1.94076	1.580005	3.250006	1.95634
462	-2646.725	-3269.766	623.0412	0.427699	0.0837841	0.24572	0.242797	1.355005	1.618649	3.382677	1.247795
468	-2644.627	-3266.314	621.6874	0.440307	0.255889	0.0330746	0.270729	1.574328	1.541527	3.765124	1.939134
474	-2643.723	-3267.075	623.3523	0.428488	0.290348	0.0375286	0.243635	1.224863	1.442399	3.606748	0.8430204
480	-2631.797	-3251.877	620.0803	0.399999	0.326108	0.0464564	0.227436	1.292804	1.310975	5.310657	1.163061
486	-2657.827	-3277.249	619.4213	0.398529	0.274491	0.135543	0.191437	1.433923	1.427654	4.991096	2.398289
492	-2659.555	-3279.234	619.6791	0.402173	0.203629	0.191464	0.202734	2.121095	1.593582	4.991096	1.183673
498	-2652.663	-3274.182	621.5194	0.437142	0.190556	0.178436	0.193866	1.114681	1.391561	4.598571	1.088793
504	-2660.657	-3284.419	623.7623	0.468007	0.161572	0.178581	0.19184	1.306693	1.822455	3.078333	0.8745251
510	-2667.501	-3289.629	622.1278	0.345585	0.276834	0.1325	0.245081	1.330534	1.656424	4.076655	0.9360489
516	-2658.842	-3278.848	620.006	0.371844	0.221884	0.142568	0.263704	1.955231	1.549593	5.034071	0.9424417
522	-2654.246	-3275.924	621.6777	0.371844	0.221884	0.142568	0.263704	1.347727	1.51455	4.438696	0.875016
528	-2651.693	-3275.693	623.9995	0.315742	0.339283	0.121058	0.223917	1.434476	1.892158	2.468802	1.481945
534	-2647.787	-3270.146	622.3588	0.347649	0.309819	0.0959863	0.246545	1.518743	1.748147	3.722833	1.064202
540	-2639.527	-3261.968	622.4407	0.448923	0.102952	0.2421	0.206025	1.518743	1.660511	3.722833	1.070108
546	-2637.612	-3258.379	620.7669	0.371722	0.339243	0.118441	0.170595	1.845324	1.582161	4.567386	1.070108
552	-2654.924	-3275.598	620.6738	0.52035	0.0565993	0.15512	0.26793	1.846801	1.393544	4.717881	1.082321
558	-2659.738	-3283.015	623.277	0.417038	0.0297511	0.385597	0.167614	1.24857	1.558317	3.86067	0.3311431
564	-2648.952	-3270.09	621.138	0.340728	0.101522	0.312075	0.245675	0.9657009	1.335964	4.517152	1.933731
570	-2656.897	-3276.477	619.5805	0.295692	0.220281	0.270825	0.213202	1.540568	1.45459	5.530729	0.8982847
576	-2637.758	-3257.736	619.9779	0.44584	0.151268	0.0814286	0.321464	1.847579	1.403519	5.053494	1.168218
582	-2639.726	-3260.822	621.0957	0.334199	0.374815	0.0363872	0.254599	1.375701	1.454954	4.624004	1.163482
588	-2657.134	-3277.059	619.9258	0.278267	0.395973	0.0567905	0.26897	1.318504	1.41187	5.458585	0.9218669
594	-2659.238	-3279.508	620.2701	0.457141	0.296369	0.017207	0.229282	1.334918	1.315217	5.008816	1.508194
600	-2652.583	-3273.223	620.6392	0.407332	0.313731	0.0153321	0.263605	1.327266	1.371109	5.050442	0.9791391
606	-2654.031	-3274.935	620.9045	0.368803	0.378644	0.0138819	0.238671	1.754802	1.439295	4.727633	0.8628909
612	-2642.519	-3265.256	622.7374	0.389502	0.399895	0.014661	0.195942	1.225091	1.536673	3.895112	0.8628909
618	-2645.057	-3267.926	622.8684	0.500035	0.220366	0.0280523	0.251546	1.319035	1.736411	3.631305	0.9016786
624	-2628.591	-3250.824	622.2333	0.440798	0.246476	0.031376	0.28135	1.682462	1.800029	3.435459	1.534326
630	-2636.447	-3258.922	622.4752	0.359085	0.293448	0.0124976	0.334969	1.681087	1.746028	3.435459	1.322359
636	-2639.734	-3261.488	621.754	0.482987	0.259717	0.0161107	0.241185	2.369403	1.740951	3.715788	1.036934
642	-2640.815	-3260.573	619.7572	0.409563	0.287396	0.013406	0.289635	2.498155	1.666457	4.416818	1.900911
648	-2636.305	-3255.626	619.321	0.410802	0.288265	0.0104221	0.290511	1.488013	1.501162	4.117182	5.327876
654	-2626.886	-3249.256	622.3703	0.402956	0.282759	0.0293223	0.284962	1.327947	1.812849	3.351221	1.903655
660	-2624.692	-3246.461	621.7684	0.499078	0.0704773	0.0775061	0.352938	1.334022	1.689608	3.351221	2.962733
666	-2629.169	-3251.074	621.9045	0.40566	0.180305	0.125321	0.288714	1.711105	1.732201	4.128039	0.6781559
672	-2620.07	-3242.702	622.6316	0.461319	0.216596	0.0985705	0.223514	1.306813	1.579588	3.522951	1.531
678	-2636.263	-3258.927	622.6634	0.424005	0.259306	0.0905977	0.226091	1.421492	1.650755	3.577531	1.197379
684	-2629.909	-3252.484	622.5758	0.420587	0.144488	0.140246	0.294679	1.421492	1.628485	3.57147	1.327308
690	-2653.34	-3276.326	622.9856	0.451137	0.154983	0.130106	0.263774	1.560169	1.636859	3.574735	0.7747797
696	-2674.589	-3295.906	621.3162	0.339076	0.314853	0.147817	0.198253	1.991035	1.650829	4.198904	0.9924282
702	-2650.858	-3273.768	622.91	0.387271	0.20987	0.148796	0.254063	1.765163	1.621689	3.759825	0.3789646
708	-2655.972	-3278.432	622.4598	0.321516	0.178581	0.180523	0.319379	1.480902	1.641536	3.759825	1.037961
714	-2678.084	-3300.362	622.2776	0.508008	0.126617	0.137278	0.228097	1.267001	1.550983	4.101207	0.9074163
720	-2661.416	-3282.454	621.0377	0.500712	0.167686	0.161955	0.169648	1.413487	1.668468	3.680868	3.157516
726	-2664.338	-3288.956	624.6175	0.521607	0.174684	0.220697	0.0830124	0.9117659	1.720618	2.941189	0.7388919
732	-2667.188	-3287.95	620.7625	0.381818	0.330766	0.131968	0.155448	1.074197	1.727751	3.744848	3.935357
738	-2650.107	-3271.169	621.0624	0.314601	0.25021	0.198145	0.237043	1.11155	1.773969	3.37439	4.458192
744	-2638.139	-3260.214	622.0751	0.326408	0.274838	0.287696	0.111058	0.5719676	1.811439	3.199682	4.046491
750	-2640.296	-3263.475	623.1786	0.283587	0.187982	0.362162	0.166268	0.5876974	1.590301	3.623276	1.52211
756	-2659.679	-3282.806	623.1266	0.269283	0.224712	0.313628	0.192377	0.4987506	1.587435	4.032918	0.9187327
762	-2668.428	-3293.019	624.5909	0.251703	0.052844	0.466139	0.229314	0.9726989	1.850825	2.233809	1.78961
768	-2667.159	-3292.604	625.4446	0.32539	0.0529864	0.467395	0.154229	0.5295727	1.84799	2.015323	1.721145
774	-2657.89	-3281.699	623.8094	0.440491	0.103111	0.338939	0.11746	0.6442429	1.575235	3.902408	0.2055417
780	-2647.051	-3269.945	622.8939	0.437928	0.146495	0.336967	0.0786099	0.8067421	1.617826	3.948427	0.9461154
786	-2646.61	-3267.057	620.4475	0.342659	0.177002	0.40714	0.0731979	0.762081	1.606431	4.586047	2.659661
792	-2659.934	-3283.584	623.65	0.316697	0.256218	0.376292	0.0507927	0.5327358	1.66345	3.770724	0.7490726
798	-2684.474	-3309.03	624.5559	0.0982289	0.590736	0.276651	0.034384	0.5327358	1.715533	3.324964	0.5668899
804	-2649.078	-3275.26	626.1825	0.262506	0.238961	0.487769	0.0107637	0.5800298	1.746828	2.422275	0.3200757
810	-2647.474	-3273.534	626.0602	0.275452	0.18505	0.48208	0.0574173	0.7597124	1.734364	2.398752	0.2770148
816	-2636.839	-3262.399	625.5603	0.481605	0.130541	0.340076	0.0477787	1.111026	1.664199	2.531646	0.2822634
822	-2636.72	-3262.412	625.6926	0.382235	0.167767	0.321904	0.128094	0.9512172	1.684028	2.531646	0.2111833
828	-2617.852	-3242.891	625.0395	0.356626	0.196288	0.416388	0.0306975	0.529944	1.593728	3.235051	0.3395232
834	-2628.776	-3253.662	624.8869	0.359005	0.0988086	0.500963	0.0412227	1.125448	1.563468	2.979546	0.338753
840	-2647.373	-3272.504	625.1311	0.315319	0.303534	0.352113	0.0290347	1.028717	1.525502	2.912357	0.338753
846	-2640.495	-3265.587	625.0915	0.353924	0.287922	0.330451	0.0277022	0.5835243	1.489521	3.249508	0.2828747
852	-2631.67	-3257.057	625.3864	0.410736	0.190785	0.389558	0.00892204	0.7178173	1.581105	2.936758	0.2650137
858	-2658.254	-3283.759	625.5056	0.326726	0.208417	0.42556	0.0392965	0.4567513	1.731424	2.936758	0.2650137
864	-2661.494	-3287.83	626.3361	0.423192	0.269952	0.255957	0.0508987	0.6574021	1.731424	2.294492	0.2304337
870	-2661.433	-3286.816	625.3837	0.541997	0.0478146	0.392423	0.0177656	1.203206	1.615572	2.619348	0.2415556
876	-2656.114	-3281.222	625.1083	0.421499	0.0533399	0.465071	0.0600907	1.000819	1.669946	2.833656	0.3881817
882	-2632.977	-3257.708	624.7313	0.341051	0.163311	0.371391	0.124246	0.7438447	1.466489	3.375949	0.2258573
888	-2653.518	-3278.592	625.0743	0.349854	0.167527	0.380977	0.101642	0.6260059	1.546036	3.192285	0.2016217
894	-2646.031	-3271.043	625.0123	0.440448	0.158062	0.357705	0.043785	0.5080282	1.72062	3.208116	0.2618036
900	-2655.837	-3282.18	626.3427	0.517464	0.15823	0.280474	0.0438315	0.481966	1.648089	2.459168	0.2618036
906	-2635.71	-3261.587	625.877	0.334535	0.247746	0.367871	0.0498481	0.5820409	1.648089	2.682261	0.2231739
912	-2667.817	-3286.914	619.097	0.294986	0.322131	0.341282	0.0416015	0.3965543	1.652571	4.834123	5.018465
918	-2648.012	-3269.89	621.878	0.356408	0.216915	0.412345	0.0143316	0.5212668	1.548763	4.194001	2.043335
924	-2675.436	-3300.105	624.6693	0.436205	0.153083	0.363047	0.0476655	0.4087789	1.416148	3.6416	0.2359852
930	-2672.172	-3297.321	625.1491	0.402137	0.135078	0.420726	0.0420593	0.5304562	1.817141	3.050608	0.2951615
936	-2644.328	-3271.038	626.7106	0.265943	0.327022	0.366659	0.0403768	0.4622376	1.76358	2.157153	0.2951615
942	-2644.711	-3272.013	627.3018	0.372272	0.279652	0.313548	0.0345282	0.382839	1.887178	1.722276	0.2951615
948	-2633.696	-3260.473	626.7771	0.351948	0.226016	0.29643	0.125606	0.5256743	1.888251	1.989889	0.2951615
954	-2644.411	-3271.187	626.7757	0.368341	0.168427	0.360818	0.102414	0.6235047	1.813095	1.970387	0.3043905
960	-2638.85	-3265.158	626.3082	0.319002	0.245452	0.339253	0.0962928	0.4735391	1.83192	2.362215	0.3043905
966	-2637.011	-3263.832	626.8205	0.413137	0.165965	0.33575	0.0851481	0.4962219	1.842608	2.016716	0.2403675
972	-2628.268	-3254.873	626.6046	0.454631	0.206744	0.244925	0.0937	0.6187147	1.794112	2.077926	0.3597388
978	-2663.618	-3289.062	625.4436	0.365378	0.173551	0.307964	0.153107	0.7898348	1.902276	1.879769	1.569526
984	-2660.595	-3285.029	624.4338	0.331837	0.29053	0.295095	0.0825376	0.5132719	1.720415	3.442459	0.5048337
990	-2653.64	-3277.851	624.211	0.324574	0.325658	0.269038	0.0807309	0.5348037	1.751973	3.574311	0.4462874
996	-2652.631	-3274.836	622.2055	0.31854	0.319603	0.282627	0.0792301	0.552725	1.561282	4.785287	0.4957586
1002	-2648.904	-3274.855	625.9512	0.460545	0.111674	0.39792	0.0298612	0.4808567	1.638897	2.707373	0.2329674
1008	-2638.7	-3264.432	625.7322	0.522548	0.207428	0.248725	0.0212989	0.3724355	1.812978	2.78912	0.2137084
1014	-2638.358	-3262.045	623.6872	0.354952	0.206093	0.417793	0.0211618	0.55319	1.654899	3.989854	0.2537886
1020	-2631.645	-3255.799	624.1539	0.36216	0.258035	0.373801	0.00600463	0.4563322	1.625516	3.709338	0.4759591
1026	-2660.152	-3285.206	625.0542	0.396619	0.307484	0.292423	0.0034737	0.3536354	1.521925	3.377199	0.2907357
1032	-2644.456	-3269.486	625.0303	0.403539	0.189108	0.403631	0.00372187	0.4208096	1.742561	3.233866	0.2444899
1038	-2653.574	-3277.416	623.8424	0.335884	0.327773	0.33596	0.000382551	0.3828772	1.674689	3.954211	0.3625938
1044	-2646.604	-3268.255	621.6514	0.397031	0.203813	0.398884	0.000271846	0.4366501	1.622521	5.188462	0.3625938
1050	-2643.822	-3266.98	623.1588	0.319299	0.270614	0.408296	0.00179193	0.4372462	1.59241	4.388987	0.232247
1056	-2645.292	-3268.371	623.0794	0.308693	0.261625	0.428863	0.000818974	0.3736269	1.725466	4.388987	0.274013
1062	-2646.646	-3270.711	624.0648	0.298003	0.259257	0.439136	0.00360373	0.3758283	1.452146	3.98171	0.2861211
1068	-2656.154	-3277.893	621.7381	0.452037	0.208951	0.332573	0.0064384	0.4080441	1.579292	5.157186	0.4104827
1074	-2664.774	-3290.692	625.9173	0.202613	0.274903	0.501508	0.020976	0.4395106	1.638701	2.663364	0.4757071
1080	-2651.488	-3277.463	625.9755	0.115456	0.297629	0.564205	0.0227101	0.4683132	1.766543	2.596662	0.35355
1086	-2650.499	-3273.958	623.4595	0.212142	0.445093	0.300966	0.0417997	0.6875151	1.651709	3.629961	1.024873
1092	-2641.45	-3264.58	623.1301	0.209617	0.439796	0.190986	0.159601	0.76795	1.562145	3.752765	1.149563
1098	-2645.401	-3268.474	623.0733	0.18557	0.432207	0.225376	0.156847	0.6069023	1.61932	3.992755	0.8996285
1104	-2640.321	-3264.204	623.883	0.17088	0.439816	0.229552	0.159753	0.8509372	1.662601	3.240137	1.08571
1110	-2625.897	-3249.965	624.0673	0.295818	0.306567	0.296215	0.1014	0.7058582	1.718148	2.862352	1.695243
1116	-2637.094	-3259.489	622.3953	0.276832	0.286891	0.341384	0.0948924	0.7222989	1.665915	2.862352	4.525791
1122	-2641.482	-3265.887	624.4053	0.293015	0.269267	0.320412	0.117306	0.7222989	1.625855	3.098447	0.9728302
1128	-2644.656	-3268.887	624.2313	0.234495	0.247705	0.45043	0.0673698	0.6873364	1.759103	2.358558	2.55603
1134	-2655.395	-3281.92	626.5249	0.152855	0.235521	0.50747	0.104153	0.4212031	1.829891	1.911615	0.8496201
1140	-2641.991	-3268.382	626.3907	0.266035	0.188446	0.393469	0.15205	0.9647775	1.764906	2.030546	0.2495252
1146	-2638.16	-3264.141	625.9808	0.358138	0.182133	0.376196	0.0835335	0.9406772	1.765628	2.312297	0.2495252
1152	-2659.178	-3285.372	626.1942	0.285076	0.189099	0.390584	0.135241	0.7623738	1.670421	2.353214	0.2317117
1158	-2651.856	-3277.4	625.5434	0.189158	0.244086	0.418689	0.148067	0.4665166	1.741629	2.763775	0.556929
1164	-2649.075	-3273.752	624.6768	0.248871	0.335085	0.265941	0.150103	1.221933	1.597242	3.049204	0.2430794
1170	-2639.322	-3263.905	624.5831	0.27548	0.375324	0.253654	0.0955424	1.098836	1.717512	3.069879	0.3737258
1176	-2638.261	-3261.389	623.1279	0.197226	0.445946	0.275779	0.0810485	1.188438	1.718459	3.507379	0.9932013
1182	-2656.287	-3279.051	622.7644	0.381619	0.412853	0.0593547	0.146173	1.459342	1.543025	3.229936	1.8577
1188	-2676.381	-3298.392	622.0106	0.334423	0.300866	0.19794	0.16677	1.863495	1.648427	3.633508	1.407617
1194	-2661.658	-3284.862	623.2038	0.479743	0.162226	0.156173	0.201858	1.498981	1.496209	3.171621	1.459331
1200	-2629.667	-3249.999	620.3319	0.321952	0.171974	0.277862	0.228212	1.789534	1.376277	5.174319	0.6771665
1206	-2649.343	-3271.12	621.7762	0.472213	0.24385	0.0566609	0.227276	1.408005	1.428883	4.18144	1.271413
1212	-2659.525	-3281.589	622.0646	0.514468	0.179413	0.138899	0.167219	1.687552	1.67223	3.695353	1.358001
1218	-2638.996	-3261.59	622.5938	0.41918	0.146183	0.233853	0.200784	1.387364	1.686037	3.695353	1.053629
1224	-2668.604	-3289.971	621.3674	0.365984	0.302482	0.0613337	0.2702	1.082803	1.642167	4.355302	1.485263
1230	-2666.67	-3286.186	619.5163	0.339075	0.280242	0.128264	0.252419	1.360009	1.435617	5.387404	1.423784
1236	-2664.555	-3284.807	620.2529	0.27111	0.237111	0.148214	0.343565	1.3989	1.509879	4.599453	2.140226
1242	-2657.435	-3277.954	620.5186	0.306845	0.132888	0.328696	0.231571	1.740424	1.509879	4.777741	1.098908
1248	-2646.989	-3266.277	619.2879	0.405551	0.0773129	0.211073	0.306063	1.773717	1.417577	4.795687	2.717402
1254	-2652.628	-3271.426	618.7981	0.470828	0.0375971	0.227819	0.263756	1.773717	1.451053	5.264238	2.145135
1260	-2656.816	-3275.876	619.0598	0.520312	0.0415486	0.146662	0.291477	1.649105	1.318142	5.248934	2.145135
1266	-2649.625	-3268.723	619.0978	0.530879	0.0220831	0.149641	0.297397	1.539359	1.382616	5.134335	2.426291
1272	-2627.798	-3246.814	619.0163	0.530879	0.0220831	0.149641	0.297397	2.030327	1.468251	4.870051	2.546844
1278	-2629.833	-3250.995	621.1619	0.417897	0.13886	0.177192	0.26605	1.479076	1.653868	4.117357	1.7846
1284	-2642.408	-3261.766	619.3575	0.428093	0.17041	0.160503	0.240993	2.019799	1.663789	3.731316	5.441512
1290	-2655	-3275.781	620.7816	0.535243	0.0819632	0.205469	0.177325	1.520762	1.727555	3.77318	3.061554
1296	-2656.126	-3275.918	619.792	0.562563	0.0617248	0.242172	0.13354	1.857653	1.760064	3.77318	4.352031
1302	-2677.431	-3298.485	621.0535	0.542639	0.0884603	0.24009	0.12881	1.323949	1.584476	3.188212	5.165659
1308	-2662.795	-3283.665	620.8694	0.60166	0.110666	0.144853	0.142821	1.445999	1.752269	3.133184	5.165659
1314	-2653.073	-3275.932	622.859	0.526989	0.0509776	0.274428	0.147605	1.146949	1.824582	2.518291	3.538875
1320	-2646.827	-3271.718	624.8915	0.514009	0.0731969	0.268825	0.143969	1.146949	1.788124	2.17027	1.41825
1326	-2666.366	-3289.6	623.234	0.527718	0.0705001	0.258921	0.142862	1.146949	1.836715	2.253212	3.597904
1332	-2657.826	-3281.262	623.4359	0.386456	0.0248058	0.343795	0.244943	1.067995	1.673802	2.79458	2.243229
1338	-2662.985	-3285.47	622.4846	0.236993	0.25081	0.266177	0.246019	1.360713	1.580006	3.661305	1.370497
1344	-2650.404	-3275.829	625.4248	0.494528	0.118385	0.23813	0.148957	1.13613	1.461563	2.727417	0.2349171
1350	-2656.04	-3280.374	624.3338	0.443426	0.108481	0.354053	0.09404	0.9366653	1.486891	3.479907	0.2770995
1356	-2665.535	-3288.083	622.5477	0.414249	0.0567663	0.330757	0.198228	1.83588	1.584301	3.979739	0.3209978
1362	-2646.457	-3267.9	621.4425	0.417268	0.052881	0.330179	0.199673	1.498041	1.45317	4.319112	1.258187
1368	-2643.255	-3266.354	623.099	0.502144	0.0247359	0.397341	0.0757791	1.133491	1.6482	3.414005	1.319001
1374	-2655.489	-3276	620.5109	0.375922	0.0442132	0.29177	0.288095	1.475295	1.698062	3.64674	4.096777
1380	-2640.755	-3262.478	621.7228	0.328702	0.265623	0.197334	0.208341	0.9308519	1.529398	3.64674	3.109832
1386	-2658.994	-3279.555	620.5603	0.496804	0.0823814	0.125502	0.295313	1.458747	1.509548	4.632031	1.603254
1392	-2644.922	-3263.652	618.7304	0.551686	0.134716	0.0791441	0.234454	1.649513	1.399907	5.318271	2.316929
1398	-2654.553	-3274.851	620.298	0.403822	0.0986094	0.317309	0.18026	1.649513	1.459271	4.744094	1.544502
1404	-2646.269	-3266.49	620.2211	0.584525	0.0573257	0.0766036	0.281546	2.550136	1.649796	3.67461	3.126402
1410	-2631.984	-3252.118	620.1346	0.531686	0.0473118	0.188638	0.232364	1.274312	1.491526	4.291181	3.401834
1416	-2632.638	-3253.855	621.2171	0.568594	0.0554665	0.221151	0.154788	1.187305	1.747867	3.445725	3.801194
1422	-2625.194	-3247.704	622.5097	0.565133	0.0620886	0.204228	0.168551	1.234117	1.747867	2.993191	2.792425
1428	-2646.665	-3266.333	619.6679	0.522692	0.0574258	0.263989	0.155893	1.209488	1.676487	3.360099	8.261756
1434	-2647.264	-3271.492	624.2272	0.298246	0.179158	0.394105	0.128491	1.090506	1.33481	3.543309	0.248547
1440	-2660.608	-3285.982	625.3742	0.232345	0.345405	0.307024	0.115226	0.4870463	1.597231	3.077476	0.2738712
1446	-2664.583	-3289.539	624.9562	0.270064	0.224971	0.371034	0.133931	1.268968	1.621337	2.83904	0.2331498
1452	-2659.946	-3284.697	624.7514	0.268069	0.335343	0.260758	0.13583	1.387339	1.685418	2.850713	0.3105637
1458	-2667.729	-3292.848	625.1188	0.341724	0.157597	0.397008	0.10367	0.8379212	1.489833	3.073766	0.2228817
1464	-2652.603	-3278.682	626.0785	0.442332	0.182787	0.25464	0.120241	0.8379212	1.669301	2.375251	0.2228817
1470	-2641.106	-3267.039	625.9332	0.32205	0.233192	0.324859	0.119898	0.9484605	1.70105	2.375251	0.2228817
1476	-2640.751	-3266.933	626.1819	0.367703	0.19766	0.268904	0.165734	0.9625209	1.793935	2.146745	0.222835
1482	-2634.128	-3260.524	626.3958	0.449275	0.177295	0.213181	0.160249	0.9625209	1.775792	2.006865	0.1966676
1488	-2645.185	-3271.339	626.1543	0.394742	0.129827	0.408503	0.0669274	1.232805	1.697536	2.055417	0.2218583
1494	-2631.662	-3257.874	626.2114	0.415674	0.125773	0.395746	0.0628071	1.283695	1.786781	1.929934	0.2476401
1500	-2637.088	-3263.653	626.5651	0.436084	0.101222	0.396804	0.0658909	0.8861551	1.801694	1.929934	0.3171056
1506	-2646.701	-3273.426	626.7242	0.440767	0.0370138	0.429716	0.092503	0.832969	1.845876	1.837658	0.2884601
1512	-2649.592	-3275.764	626.1721	0.541203	0.0561928	0.266543	0.136062	1.247298	1.929656	1.880094	0.2271975
1518	-2631.077	-3257.301	626.2238	0.319132	0.228865	0.346474	0.105529	1.206055	1.927749	1.870673	0.28698
1524	-2647.829	-3274.322	626.4932	0.265224	0.325076	0.254792	0.154909	0.9988791	2.004677	1.770661	0.28698
1530	-2631.109	-3256.777	625.6679	0.350009	0.114945	0.332744	0.202302	1.017382	1.930314	1.677277	1.346909
1536	-2635.97	-3261.468	625.4979	0.340928	0.116551	0.337393	0.205129	0.7643585	1.930314	1.893058	1.481834
1542	-2631.181	-3255.988	624.8067	0.362744	0.180287	0.358983	0.0979866	0.9728014	1.6359	2.361838	1.544735
1548	-2645.147	-3267.405	622.2577	0.481957	0.159279	0.214238	0.144527	0.9728014	1.443962	3.152147	3.745656
1554	-2635.405	-3258.076	622.6703	0.635086	0.112198	0.150911	0.101806	1.497689	1.622689	3.210646	1.875381
1560	-2666.305	-3287.746	621.4404	0.458314	0.172651	0.295566	0.0734689	1.056394	1.543379	4.280844	1.703693
1566	-2643.099	-3265.605	622.5064	0.378714	0.220861	0.238063	0.162362	1.056394	1.589753	3.482202	2.06289
1572	-2662.864	-3284.544	621.6795	0.325453	0.330417	0.232981	0.111149	1.028899	1.46841	4.040499	2.073142
1578	-2653.171	-3275.442	622.2704	0.351821	0.234865	0.331847	0.0814665	1.067715	1.783399	3.586736	1.867385
1584	-2664.57	-3284.825	620.2547	0.470761	0.186386	0.25377	0.0890825	1.212947	1.951959	3.025006	7.321469
1590	-2637.461	-3262.03	624.5683	0.45568	0.214433	0.143076	0.18681	1.089581	1.841705	2.271469	1.614196
1596	-2637.55	-3261.018	623.4684	0.448274	0.12459	0.218993	0.208142	1.371493	1.796571	2.315515	2.737629
1602	-2645.785	-3267.564	621.7793	0.447128	0.136474	0.218433	0.197966	0.9702918	1.591615	4.285273	1.343017
1608	-2646.4	-3266.912	620.5117	0.401025	0.225511	0.19591	0.177554	1.276016	1.358771	4.834496	1.604724
1614	-2637.84	-3260.787	622.9474	0.377267	0.133545	0.345341	0.143846	0.8097036	1.534556	3.680754	1.468223
1620	-2631.755	-3253.075	621.3201	0.211738	0.528018	0.146457	0.113787	0.837889	1.658224	3.166418	5.580057
1626	-2641.705	-3260.539	618.8337	0.463109	0.275067	0.0762958	0.185528	1.111748	1.604949	4.32351	6.255661
1632	-2643.795	-3264.362	620.5672	0.465414	0.279435	0.102013	0.153139	1.632389	1.777787	3.497558	4.07096
1638	-2646.895	-3268.77	621.8757	0.455125	0.233824	0.0902356	0.220815	0.795373	1.780585	3.876055	2.09715
1644	-2642.081	-3260.147	618.0667	0.367194	0.287522	0.162868	0.182415	1.313406	1.82085	4.39706	6.898787
1650	-2643.933	-3263.373	619.4405	0.431131	0.152835	0.090123	0.325911	1.692051	1.519151	4.080969	4.758522
1656	-2633.519	-3253.414	619.8957	0.514638	0.182438	0.12567	0.177254	1.448626	1.525011	4.317501	3.405768
1662	-2661.91	-3282.998	621.0886	0.48472	0.0138695	0.118107	0.383304	1.586372	1.592571	3.527046	3.405768
1668	-2653.723	-3272.799	619.0766	0.480965	0.013762	0.0869558	0.418317	1.477564	1.498026	4.789972	3.369289
1674	-2652.431	-3270.43	617.9995	0.464411	0.0095916	0.122079	0.403918	1.632139	1.395533	4.789972	5.599203
1680	-2655.492	-3276.532	621.0403	0.563316	0.0208086	0.275492	0.140384	1.042466	1.450636	3.964451	3.278711
1686	-2646.919	-3267.408	620.4893	0.442336	0.227499	0.170834	0.159331	1.228994	1.543859	3.964451	3.792236
1692	-2634.778	-3256.217	621.4384	0.572818	0.0789241	0.155355	0.192903	1.415358	1.508495	3.141473	4.463651
1698	-2655.047	-3279.499	624.4525	0.491963	0.12293	0.241977	0.14313	1.146538	1.771924	2.572115	1.222453
1704	-2663.123	-3288.921	625.7986	0.427575	0.182095	0.310721	0.0796088	0.979607	1.806631	1.896294	1.04571
1710	-2667.674	-3289.429	621.7547	0.387105	0.162996	0.178715	0.271184	1.490888	1.59242	3.428919	2.703838
1716	-2638.099	-3260.19	622.0907	0.469439	0.0714637	0.1603	0.298797	1.061368	1.642971	3.254303	3.211292
1722	-2637.178	-3258.672	621.4945	0.335711	0.329126	0.0385332	0.29663	1.650765	1.584939	3.771931	2.037122
1728	-2646.539	-3266.613	620.0733	0.281432	0.400418	0.105127	0.213023	1.909455	1.580169	4.445519	2.087158
1734	-2643.044	-3264.574	621.5292	0.401797	0.21985	0.192312	0.18604	1.527591	1.698919	4.01147	1.462253
1740	-2634.581	-3254.542	619.9609	0.403231	0.220635	0.151546	0.224588	1.92548	1.667884	4.965945	1.014213
1746	-2667.125	-3288.591	621.4661	0.403231	0.220635	0.151546	0.224588	1.565218	1.729641	4.161584	1.173361
1752	-2642.837	-3263.85	621.0129	0.419827	0.16904	0.166569	0.244564	2.133983	1.681563	4.161584	1.232709
1758	-2671.872	-3291.058	619.1858	0.361671	0.284147	0.143496	0.210686	1.845868	1.575123	4.713954	2.771063
1764	-2648.235	-3271.389	623.154	0.473322	0.110505	0.0754522	0.340721	1.446109	1.787209	3.272306	1.065019
1770	-2635.448	-3258.479	623.0316	0.311083	0.22773	0.202703	0.258483	1.219299	1.612768	3.270164	1.624592
1776	-2648.251	-3272.074	623.8233	0.405413	0.260707	0.206137	0.127743	1.014325	1.636951	3.309882	0.8872086
1782	-2642.104	-3264.791	622.6874	0.445143	0.208023	0.214134	0.132699	1.132106	1.566227	3.30847	2.151981
1788	-2615.432	-3239.26	623.8276	0.299584	0.272171	0.280167	0.148078	0.9212781	1.636999	3.100144	1.345949
1794	-2634.243	-3258.677	624.4338	0.365676	0.332216	0.198138	0.103971	0.7349096	1.676069	2.72849	1.53314
1800	-2643.614	-3267.133	623.5187	0.381718	0.291909	0.20683	0.119544	0.9876788	1.691338	3.11684	1.527176
1806	-2645.386	-3267.125	621.7395	0.275537	0.288931	0.308461	0.127072	0.9371356	1.627928	3.96106	2.088943
1812	-2644.987	-3264.855	619.868	0.241377	0.365176	0.270219	0.123228	0.6535175	1.529575	4.301756	5.123075
1818	-2645.756	-3268.094	622.3378	0.260013	0.393868	0.29145	0.0546696	0.6279862	1.499134	4.213166	1.363277
1824	-2648.076	-3270.284	622.2086	0.300686	0.293484	0.342609	0.0632214	0.5109534	1.499134	4.345035	1.382914
1830	-2653.715	-3275.631	621.9163	0.2374	0.231714	0.410964	0.119922	0.6140356	1.575923	4.454406	1.28914
1836	-2642.394	-3265.494	623.0995	0.175275	0.498984	0.239161	0.0865801	0.6140356	1.536667	3.833541	1.232631
1842	-2640.424	-3265.21	624.7859	0.246378	0.243526	0.336182	0.173914	0.574732	1.620529	2.56756	1.693108
1848	-2619.762	-3244.413	624.6506	0.163656	0.293895	0.386891	0.155558	0.4240268	1.591308	2.909807	1.403671
1854	-2647.924	-3272.7	624.7767	0.494126	0.12767	0.25869	0.119515	1.131809	1.552788	3.064436	0.2833032
1860	-2645.345	-3269.62	624.2757	0.384195	0.199224	0.335657	0.0809234	0.9386945	1.495834	3.305395	0.6703223
1866	-2652.098	-3276.556	624.4579	0.258256	0.245799	0.414126	0.0818193	0.5838109	1.428831	3.645128	0.3229571
1872	-2656.944	-3281.431	624.4868	0.219885	0.443875	0.280768	0.0554716	0.9772144	1.459339	3.16787	0.688204
1878	-2649.622	-3275.166	625.544	0.260062	0.342033	0.355161	0.0427443	0.5051826	1.454462	3.050371	0.2752887
1884	-2634.84	-3260.797	625.9572	0.125747	0.375831	0.44488	0.0535421	0.440988	1.517823	2.802034	0.2470806
1890	-2643.273	-3269.764	626.4913	0.298894	0.20584	0.440606	0.0546597	0.603055	1.673553	2.262445	0.3035125
1896	-2639.243	-3265.974	626.7309	0.251231	0.280507	0.370344	0.0979178	0.5405743	1.851808	2.031776	0.305497
1902	-2659.557	-3284.444	624.887	0.265833	0.238687	0.391871	0.103609	0.7467107	1.652665	3.17381	0.2342064
1908	-2629.214	-3253.058	623.8442	0.298997	0.234972	0.437863	0.028167	0.7917413	1.469237	3.821896	0.3907396
1914	-2622.214	-3248.381	626.1668	0.277306	0.274018	0.406097	0.0425789	0.5044889	1.636714	2.561159	0.2720388
1920	-2635.161	-3261	625.8388	0.175042	0.35983	0.408113	0.0570151	0.5044889	1.662346	2.601819	0.5667084
1926	-2624.025	-3249.907	625.8827	0.334417	0.311188	0.310954	0.0434415	0.4061325	1.49604	2.8283	0.4075039
1932	-2634.53	-3260.633	626.1028	0.247616	0.375057	0.331074	0.0462524	0.4185027	1.63505	2.53336	0.5230482
1938	-2638.606	-3264.895	626.2888	0.111451	0.417303	0.440054	0.0311914	0.3527318	1.820393	2.239872	0.6619572
1944	-2613.347	-3240.138	626.7907	0.310657	0.318628	0.336	0.0347153	0.3858526	1.773554	2.136732	0.2008927
1950	-2632.949	-3259.614	626.6651	0.30843	0.316344	0.281894	0.0933333	0.5782979	1.748093	2.126396	0.2607096
1956	-2633.995	-3260.537	626.5427	0.317779	0.239785	0.324329	0.118107	0.9192725	1.882057	1.873029	0.2107593
1962	-2631.114	-3257.073	625.9585	0.312874	0.236084	0.317132	0.13391	0.9424796	1.590904	2.428841	0.2107593
1968	-2649.471	-3274.759	625.2875	0.331141	0.268713	0.335647	0.0644993	0.7394274	1.477261	3.038584	0.2107593
1974	-2648.707	-3268.699	619.9927	0.561724	0.0383672	0.10808	0.291829	1.882856	1.523138	4.408522	2.403781
1980	-2659.137	-3280.011	620.8742	0.502811	0.0382388	0.124037	0.334913	1.613518	1.771391	3.661384	3.025488
1986	-2663.055	-3283.899	620.8437	0.555211	0.0422238	0.0327497	0.369816	2.091431	1.62523	3.869574	2.170981
1992	-2649.98	-3269.278	619.2981	0.528194	0.155493	0.0429534	0.273359	1.882245	1.544029	3.922476	5.323774
1998	-2631.292	-3253.585	622.2928	0.448402	0.117388	0.244318	0.189892	1.392037	1.699541	3.25571	2.307101
2004	-2653.867	-3277.3	623.4329	0.471576	0.131491	0.247391	0.149542	1.452747	1.812388	2.686981	1.819219
2010	-2646.753	-3271.511	624.7586	0.413163	0.165077	0.234022	0.187738	1.144421	1.780174	2.455892	1.090465
2016	-2636.563	-3259.307	622.7445	0.446907	0.0993214	0.202545	0.251227	1.67487	1.734354	2.964672	1.97639
2022	-2642.455	-3263.442	620.9865	0.492297	0.0878712	0.197568	0.222264	1.402626	1.596756	4.009069	2.454828
2028	-2636.224	-3260.754	624.5304	0.43883	0.0590085	0.304036	0.198125	1.08563	1.627424	2.541627	1.414195
2034	-2662.028	-3283.89	621.862	0.354952	0.0499833	0.45328	0.141785	1.118625	1.820542	3.268881	3.160482
2040	-2648.203	-3271.592	623.3888	0.418168	0.00989026	0.357062	0.21488	1.118625	1.538206	3.035091	1.884742
2046	-2652.468	-3277.62	625.1522	0.424992	0.0100517	0.362889	0.202067	1.086948	1.725808	2.312941	1.031815
2052	-2633.299	-3256.472	623.1728	0.407476	0.0909708	0.347475	0.154078	0.96594	1.874835	3.548212	0.9399838
2058	-2641.186	-3263.944	622.7587	0.347615	0.137056	0.373525	0.141804	0.6970813	1.632115	4.034258	1.03221
2064	-2647.199	-3270.675	623.4761	0.429109	0.17955	0.205569	0.185771	0.6279826	1.710642	3.69614	0.8993623
2070	-2654.104	-3277.143	623.0395	0.335307	0.213967	0.229345	0.22138	0.7433632	1.643302	3.69614	1.291884
2076	-2648.385	-3271.511	623.1253	0.353936	0.273642	0.250393	0.122029	0.6206596	1.744417	3.557409	1.496489
2082	-2653.397	-3274.958	621.561	0.306371	0.301179	0.240722	0.151728	0.6793057	1.874883	3.616156	3.339703
2088	-2652.297	-3272.907	620.6105	0.267662	0.408259	0.191521	0.132558	0.8090189	1.838015	3.554556	5.333361
2094	-2640.6	-3264.246	623.6457	0.169733	0.417205	0.256682	0.156381	0.5751597	1.628831	3.459038	1.28509
2100	-2635.434	-3257.314	621.8797	0.396458	0.211323	0.174244	0.217975	1.031203	1.54155	4.58549	0.6935406
2106	-2640.473	-3262.821	622.3484	0.185504	0.411084	0.331728	0.071684	0.5410152	1.584309	4.58549	0.6908516
2112	-2653.572	-3275.39	621.8183	0.305487	0.37884	0.2769	0.0387727	0.6826572	1.683254	4.151505	1.822623
2118	-2660.387	-3282.168	621.7808	0.2639	0.327267	0.338718	0.0701151	0.6942586	1.484364	4.836465	0.7455974
2124	-2655.593	-3277.874	622.2804	0.211864	0.196114	0.505267	0.0867554	0.5559114	1.471216	4.836465	0.4104665
2130	-2640.73	-3263.558	622.8284	0.25246	0.33108	0.313081	0.103379	0.5559114	1.571016	4.274072	0.7574446
2136	-2635.812	-3257.657	621.8453	0.267838	0.290334	0.332151	0.109676	0.5559114	1.571016	4.496763	1.356626
2142	-2650.793	-3271.777	620.984	0.369398	0.25565	0.223688	0.151264	0.8908741	1.571016	4.122031	2.958572
2148	-2667.063	-3288.126	621.0632	0.56166	0.083132	0.189276	0.165932	1.454998	1.536235	3.801777	2.923126
2154	-2652.311	-3275.179	622.8682	0.292337	0.304407	0.288417	0.114838	1.454998	1.656693	3.276115	1.50171
2160	-2653.695	-3276.498	622.8027	0.242322	0.222453	0.317427	0.217798	1.649667	1.694179	3.12919	1.632462
2166	-2670.451	-3293.461	623.01	0.353771	0.209555	0.219438	0.217235	1.732054	1.816725	3.241134	0.9912436
2172	-2660.463	-3283.564	623.101	0.535707	0.02265	0.212627	0.229016	1.375823	1.753815	2.706999	2.401298
2178	-2666.658	-3286.625	619.9676	0.394325	0.0341178	0.358689	0.212869	1.460655	1.629495	3.698619	5.276947
2184	-2646.923	-3267.644	620.721	0.415629	0.113208	0.306689	0.164475	1.239111	1.697994	3.762492	3.708661
2190	-2635.169	-3257.157	621.9877	0.405003	0.273008	0.109756	0.212234	1.419026	1.638233	3.762492	1.615176
2196	-2634.383	-3257.32	622.9375	0.386145	0.218603	0.0878839	0.307368	1.345265	1.579055	3.786708	0.70621
2202	-2630.849	-3252.869	622.0202	0.370694	0.33321	0.0621248	0.233971	1.344359	1.60112	3.786708	1.650548
2208	-2638.395	-3260.038	621.6436	0.294945	0.297239	0.112485	0.295331	1.85631	1.738188	3.786708	1.427667
2214	-2650.69	-3272.698	622.008	0.328841	0.304218	0.0942099	0.272731	1.806038	1.622573	3.931338	0.9414366
2220	-2643.475	-3263.869	620.3941	0.445658	0.114374	0.0910027	0.348966	2.070232	1.69904	4.172061	1.983241
2226	-2647.488	-3269.679	622.191	0.455808	0.16217	0.084675	0.297346	1.417332	1.6101	3.605911	1.733419
2232	-2643.824	-3266.259	622.4354	0.323376	0.332784	0.0923484	0.251492	1.632772	1.662991	3.605911	1.182648
2238	-2644.378	-3265.852	621.4739	0.369332	0.301258	0.0835997	0.24581	1.724952	1.683132	3.815297	1.760424
2244	-2663.54	-3284.695	621.1554	0.374551	0.361311	0.100265	0.163873	1.473033	1.54366	3.97568	2.281075
2250	-2650.001	-3271.21	621.2093	0.351199	0.212376	0.17658	0.259844	1.00531	1.756789	4.374568	1.585959
2256	-2651.202	-3274.752	623.55	0.386914	0.212093	0.141495	0.259498	1.819786	1.696633	3.052842	0.8222104
2262	-2640.753	-3264.551	623.7976	0.387279	0.212293	0.140685	0.259743	1.506487	1.680116	3.076096	0.8106742
2268	-2635.988	-3256.459	620.4707	0.465199	0.122559	0.187269	0.224973	1.138676	1.486314	4.082919	3.70475
2274	-2637.839	-3258.23	620.391	0.290378	0.448044	0.0478579	0.21372	2.004463	1.565151	4.776617	0.9669134
2280	-2643.397	-3263.093	619.6966	0.302798	0.341771	0.155956	0.199475	1.456548	1.365698	5.217465	1.552992
2286	-2626.976	-3246.637	619.6613	0.30693	0.346434	0.158084	0.188551	1.783188	1.515795	4.902783	1.771758
2292	-2626.137	-3246.269	620.1314	0.543342	0.0672716	0.207701	0.181686	1.783188	1.552448	4.734183	1.52434
2298	-2630.28	-3249.093	618.8127	0.469098	0.0302667	0.233777	0.266858	1.708478	1.604431	4.71562	3.545366
2304	-2643.202	-3262.923	619.7216	0.472375	0.0234935	0.23541	0.268722	1.818704	1.648465	4.011627	3.93758
2310	-2649.334	-3269.41	620.0762	0.363525	0.124964	0.135513	0.375999	1.818704	1.549622	4.44014	2.236787
2316	-2658.564	-3279.06	620.4967	0.379308	0.0741086	0.115132	0.431451	1.689469	1.519309	4.4562	1.81491
2322	-2663.413	-3281.449	618.0363	0.375949	0.0823092	0.114112	0.42763	1.943802	1.49124	5.2582	3.064259
2328	-2678.804	-3296.723	617.9183	0.493004	0.144615	0.0233656	0.339015	2.739177	1.340609	4.89532	3.733799
2334	-2641.049	-3261.485	620.4361	0.531544	0.15592	0.0252908	0.287245	1.955231	1.581587	4.358653	1.766971
2340	-2634.115	-3255.669	621.5538	0.33561	0.354387	0.0303668	0.279636	1.613667	1.797739	4.06831	1.139205
2346	-2629.393	-3250.836	621.4428	0.370398	0.292354	0.028625	0.308622	1.929397	1.710691	3.557302	2.139485
2352	-2637.533	-3257.373	619.8406	0.366212	0.2353	0.0675903	0.330898	2.069062	1.67729	4.4719	2.044502
2358	-2663.951	-3284.284	620.3334	0.516678	0.10223	0.0132054	0.367887	1.509387	1.400874	4.751444	1.698101
2364	-2637.449	-3257.264	619.8159	0.485887	0.13616	0.0761923	0.301761	1.588076	1.569181	4.751444	2.06198
2370	-2647.194	-3268.893	621.6995	0.416428	0.152421	0.063901	0.36725	2.05827	1.645675	3.631187	1.605068
2376	-2643.406	-3264.272	620.8666	0.369521	0.213964	0.14225	0.274265	2.04279	1.584564	4.150801	1.605068
2382	-2641.762	-3262.353	620.5907	0.46733	0.156212	0.163617	0.21284	2.082145	1.519466	4.634234	1.00951
2388	-2641.028	-3263.794	622.7666	0.437093	0.16006	0.212811	0.190037	1.178214	1.596254	3.704139	1.150712
2394	-2628.301	-3250.013	621.7119	0.510559	0.0843604	0.183103	0.221978	1.477724	1.782548	3.575575	2.133454
2400	-2655.155	-3277.669	622.5132	0.39704	0.0851784	0.24408	0.273701	1.981933	1.615408	3.051113	1.929788
2406	-2652.934	-3275.273	622.3387	0.503428	0.0211363	0.171492	0.303943	1.247659	1.550665	4.009493	1.024266
2412	-2635.392	-3256.801	621.4081	0.478624	0.0197476	0.173819	0.327808	2.166227	1.634034	4.079115	0.9989977
2418	-2660.191	-3281.131	620.9395	0.616497	0.00966708	0.213363	0.160473	1.173556	1.517376	4.340063	2.104286
2424	-2660.355	-3283.412	623.0572	0.397393	0.0584094	0.408342	0.135856	1.086602	1.595324	3.702242	0.9496817
2430	-2645.326	-3267.825	622.4991	0.429974	0.0441777	0.346914	0.178934	1.304539	1.673812	3.747898	1.14704
2436	-2644.447	-3266.366	621.9185	0.483212	0.0797808	0.223947	0.21306	1.544959	1.722296	3.545157	1.929614
2442	-2642.974	-3263.611	620.6362	0.314492	0.15813	0.462712	0.0646659	1.190095	1.573085	4.544314	1.929614
2448	-2650.65	-3273.079	622.4284	0.419171	0.111607	0.383032	0.0861899	1.248708	1.402833	4.446131	0.2684488
2454	-2611.428	-3237.679	626.2508	0.340192	0.346381	0.294365	0.0190626	0.3614166	1.729192	2.437101	0.4808664
2460	-2636.602	-3262.898	626.2954	0.276597	0.281629	0.434471	0.00730414	0.3570159	1.569537	2.595569	0.3112356
2466	-2655.657	-3280.772	625.1143	0.301896	0.274199	0.423009	0.000895524	0.4280679	1.49035	3.311031	0.3373393
2472	-2653.239	-3278.814	625.5751	0.344228	0.230753	0.424047	0.000972336	0.4055226	1.720632	2.912077	0.3345778
2478	-2638.008	-3262.524	624.5161	0.294149	0.342839	0.362356	0.000655486	0.3682361	1.509806	3.644133	0.4134169
2484	-2646.388	-3269.46	623.0712	0.193422	0.480387	0.325898	0.00029334	0.4291324	1.505084	4.411475	0.4732014
2490	-2649.52	-3271.539	622.0188	0.544843	0.17338	0.0991008	0.182676	1.939269	1.569497	3.927141	0.8886919
2496	-2655.472	-3275.989	620.5168	0.284075	0.316361	0.168623	0.230941	1.816683	1.439442	4.780959	1.104847
2502	-2653.735	-3275.864	622.1299	0.229715	0.348	0.209501	0.212785	1.909513	1.709393	3.711913	1.033092
2508	-2637.33	-3260.357	623.027	0.320752	0.239464	0.206093	0.233691	1.514995	1.738576	3.314233	1.110876
2514	-2642.492	-3264.363	621.8708	0.444364	0.149992	0.170797	0.234847	1.514995	1.811057	3.050796	3.171743
2520	-2641.897	-3263.619	621.7224	0.496764	0.0612744	0.179422	0.26254	1.728513	1.8843	3.050796	2.997402
2526	-2665.668	-3288.663	622.9951	0.552528	0.0590379	0.190343	0.198091	1.728513	2.038744	2.968541	1.253332
2532	-2636.027	-3258.614	622.5873	0.397452	0.199804	0.287938	0.114805	1.146732	1.645325	3.680375	1.367909
2538	-2649.464	-3269.863	620.3996	0.491766	0.0279577	0.338227	0.142048	1.332207	1.466777	4.06578	3.591712
2544	-2648.258	-3267.034	618.7761	0.438268	0.0629854	0.207924	0.290822	2.13201	1.599522	4.393339	4.107605
2550	-2645.814	-3265.016	619.2019	0.426275	0.147586	0.171798	0.254341	1.902697	1.610651	4.316502	3.850341
2556	-2627.458	-3249.077	621.619	0.402186	0.0422615	0.337148	0.218405	1.298708	1.666636	3.793471	2.122179
2562	-2643.257	-3264.269	621.0123	0.374083	0.129355	0.172111	0.324451	1.553253	1.458216	4.502129	1.316218
2568	-2623.609	-3244.788	621.1792	0.420301	0.11386	0.287631	0.178209	1.580435	1.603914	4.387377	1.174496
2574	-2634.745	-3255.921	621.1755	0.412852	0.238968	0.138089	0.210092	1.338933	1.573226	4.525145	1.175134
2580	-2662.065	-3284.311	622.2463	0.378211	0.308897	0.127596	0.185296	1.338933	1.521464	4.048722	0.9933634
2586	-2652.4	-3275.727	623.3274	0.360023	0.216061	0.12146	0.302456	1.616953	1.703931	3.315292	0.7623882
2592	-2665.689	-3289.729	624.04	0.321959	0.193218	0.218569	0.266254	1.248362	1.540691	3.270493	0.6217287
2598	-2641.539	-3264.276	622.7372	0.419599	0.0150515	0.31028	0.255069	1.462986	1.537589	3.125308	2.13118
2604	-2656.596	-3279.154	622.5586	0.528396	0.00992381	0.216337	0.245344	1.788452	1.778042	2.865371	2.271771
2610	-2652.568	-3276.463	623.8947	0.146824	0.542812	0.245469	0.0648956	0.3869843	1.528546	3.382565	1.46661
2616	-2638.802	-3262.026	623.2235	0.0532062	0.48075	0.339416	0.126628	0.3867749	1.590944	3.85389	1.240984
2622	-2648.46	-3271.223	622.7633	0.207713	0.515211	0.13828	0.138796	0.4652638	1.578978	3.739571	1.955456
2628	-2643.756	-3266.194	622.4382	0.233454	0.393448	0.217102	0.155996	0.6904046	1.596407	3.161818	3.639736
2634	-2627.998	-3250.745	622.7464	0.339862	0.308866	0.227569	0.123703	0.699284	1.543713	3.48911	2.287637
2640	-2639.541	-3262.871	623.3301	0.222496	0.342101	0.283062	0.152342	0.5833637	1.569636	3.07881	2.596206
2646	-2655.456	-3275.083	619.6273	0.170416	0.455418	0.257483	0.116683	0.9237122	1.670266	4.34895	4.523414
2652	-2646.071	-3266.339	620.2674	0.320053	0.302166	0.220975	0.156806	1.504823	1.842006	3.47148	4.903967
2658	-2642.359	-3264.618	622.2587	0.297408	0.307614	0.1649	0.230078	1.254832	1.702689	2.53771	4.736666
2664	-2654.385	-3275.697	621.3112	0.326394	0.276782	0.256117	0.140706	1.254832	1.450963	3.573018	3.650938
2670	-2640.518	-3262.976	622.4573	0.425907	0.143893	0.237146	0.193053	1.377449	1.469297	3.704783	1.424332
2676	-2633.3	-3256.04	622.74	0.282923	0.296098	0.264554	0.156424	1.263471	1.719443	3.704783	0.9699529
2682	-2612.373	-3232.894	620.5208	0.385684	0.0872877	0.350889	0.17614	1.253768	1.399526	5.219887	0.8342269
2688	-2640.791	-3262.876	622.0859	0.448142	0.101423	0.293835	0.156599	1.098149	1.381574	4.138084	1.383418
2694	-2657.817	-3278.64	620.8227	0.346039	0.276705	0.256336	0.12092	1.21103	1.39812	4.972353	1.016612
2700	-2673.473	-3294.572	621.0994	0.298414	0.292262	0.253575	0.155748	1.346045	1.485614	4.323629	1.765568
2706	-2659.646	-3283.589	623.9432	0.461104	0.180035	0.118201	0.240659	1.346045	1.643305	2.903166	1.129081
2712	-2653.762	-3275.253	621.491	0.441679	0.172451	0.155349	0.230521	1.346045	1.567156	4.038348	1.80231
2718	-2673.419	-3295.774	622.3557	0.361363	0.0784638	0.249281	0.310893	1.555855	1.742982	3.76667	0.9644169
2724	-2654.886	-3278.47	623.5837	0.303859	0.27219	0.304819	0.119133	0.8164948	1.554268	3.544334	1.009463
2730	-2653.169	-3275.475	622.3061	0.306788	0.223329	0.370849	0.099034	0.7381405	1.595092	3.445682	2.936633
2736	-2655.439	-3277.709	622.2698	0.42022	0.134813	0.228235	0.216731	1.180029	1.601019	3.220871	2.882368
2742	-2632.355	-3254.726	622.3713	0.42022	0.134813	0.228235	0.216731	1.180029	1.571025	3.220871	2.767024
2748	-2620.732	-3244.029	623.2969	0.403256	0.129371	0.273733	0.19364	1.165058	1.678479	2.919275	2.015892
2754	-2652.387	-3276.23	623.8431	0.460949	0.0669725	0.250734	0.221344	0.9617607	1.691546	2.548806	2.358563
2760	-2655.512	-3278	622.4886	0.476676	0.104808	0.222286	0.196231	1.367065	1.71679	3.218721	2.126914
2766	-2638.791	-3258.354	619.5638	0.425336	0.121773	0.198345	0.254546	1.423023	1.551287	4.187474	4.507479
2772	-2646.088	-3265.878	619.7897	0.472402	0.118641	0.164487	0.24447	1.327418	1.432937	3.781606	6.158417
2778	-2655.339	-3274.269	618.9291	0.497514	0.116078	0.189091	0.197317	0.7208369	1.45841	4.592452	6.180967
2784	-2645.374	-3268.055	622.6811	0.369414	0.0991386	0.369491	0.161956	0.7261969	1.657178	3.690056	1.725144
2790	-2661.77	-3286.126	624.3562	0.369608	0.0151985	0.453152	0.162041	1.228033	1.848757	2.365003	1.526836
2796	-2639.616	-3263.857	624.2414	0.519484	0.0341516	0.247247	0.199117	1.228033	1.722063	2.399573	1.752269
2802	-2651.698	-3274.689	622.9905	0.354409	0.0482119	0.316285	0.281095	1.616278	1.695411	3.078292	1.542182
2808	-2646.432	-3270.475	624.0438	0.341914	0.108569	0.278333	0.271184	1.238687	1.72262	2.707963	1.387265
2814	-2648.606	-3272.02	623.4137	0.55441	0.0852776	0.218622	0.141691	1.377569	1.809365	2.310447	2.808423
2820	-2658.861	-3281.945	623.0847	0.468747	0.0721106	0.216546	0.242597	1.348134	1.72316	2.310447	3.572503
2826	-2661.124	-3284.172	623.0481	0.406805	0.0625816	0.140835	0.389779	2.105169	1.880262	2.101371	2.857383
2832	-2653.357	-3275.726	622.369	0.45978	0.172394	0.177237	0.190589	2.75582	1.813781	2.384604	2.642696
2838	-2663.456	-3287.09	623.6345	0.439928	0.145665	0.232046	0.182361	1.840237	1.817332	2.384604	1.766481
2844	-2667.498	-3291.187	623.6891	0.312639	0.254692	0.118889	0.313781	1.354385	1.817332	1.888116	3.45949
2850	-2634.324	-3258.694	624.3699	0.488695	0.0223068	0.191634	0.297365	1.843984	1.811247	2.134178	1.362403
2856	-2643.177	-3266.653	623.4759	0.456266	0.151463	0.206535	0.185736	1.372693	1.700683	2.177126	3.241336
2862	-2635.786	-3259.894	624.1073	0.47624	0.061988	0.320086	0.141686	1.336387	1.721533	2.25904	2.08517
2868	-2637.674	-3260.354	622.6799	0.539832	0.0553735	0.285931	0.118864	1.312556	1.725549	2.741331	3.115946
2874	-2645.892	-3269.462	623.5699	0.566575	0.0242095	0.120548	0.288668	1.224095	1.495272	3.148502	1.369993
2880	-2629.851	-3252.108	622.2568	0.430692	0.279008	0.0987437	0.191556	1.239991	1.700984	3.384161	2.242767
2886	-2631.89	-3253.486	621.5954	0.459458	0.0991648	0.262976	0.178401	1.824672	1.616349	3.583976	2.108073
2892	-2624.815	-3245.382	620.5676	0.500749	0.0993876	0.221061	0.178802	1.824672	1.57821	4.046281	2.484216
2898	-2640.486	-3260.189	619.7034	0.606101	0.0288175	0.148662	0.21642	2.7462	1.559554	3.590773	4.315759
2904	-2642.879	-3264.845	621.9664	0.410389	0.0183246	0.369991	0.201296	1.890423	1.385384	3.907021	1.201925
2910	-2641.189	-3264.501	623.3119	0.303453	0.132119	0.321624	0.242805	1.5911	1.490403	3.215048	1.180418
2916	-2659.486	-3283.355	623.8683	0.375372	0.217029	0.133131	0.274468	1.875448	1.659402	2.794377	0.9227496
2922	-2641.84	-3263.766	621.9265	0.262103	0.310494	0.204605	0.222798	1.425469	1.571868	3.94889	1.38057
2928	-2629.019	-3251.762	622.7433	0.24849	0.249199	0.410142	0.0921692	1.071488	1.571868	3.891896	0.972148
2934	-2618.149	-3242.3	624.1505	0.306987	0.227626	0.379992	0.0853938	1.133898	1.501255	3.455577	0.3157774
2940	-2627.434	-3252.469	625.0348	0.282795	0.288494	0.350047	0.0786643	1.06864	1.540196	2.920218	0.3795255
2946	-2632.652	-3256.217	623.5654	0.288333	0.342561	0.2269	0.142206	1.193173	1.591587	3.648527	0.452988
2952	-2636.587	-3260.951	624.364	0.269581	0.351588	0.232878	0.145953	1.111246	1.602306	3.294768	0.2505956
2958	-2634.435	-3257.92	623.4851	0.313096	0.218629	0.275316	0.192959	1.111246	1.419546	3.874024	0.3843171
2964	-2640.562	-3261.55	620.9879	0.525776	0.150937	0.190072	0.133215	1.381759	1.401717	4.426047	1.743047
2970	-2645.194	-3267.148	621.9543	0.316736	0.18238	0.266198	0.234686	1.732415	1.469405	3.961485	1.157462
2976	-2630.617	-3253.489	622.8729	0.484423	0.123565	0.180353	0.211659	1.458179	1.530385	3.327626	1.538368
2982	-2619.807	-3243.598	623.7915	0.202221	0.461715	0.0356744	0.30039	1.295981	1.602964	2.811856	1.558459
2988	-2608.803	-3232.116	623.3124	0.247362	0.329887	0.0217619	0.400989	1.295981	1.560253	3.382948	1.080378
2994	-2622.854	-3245.397	622.5427	0.471657	0.0753561	0.124463	0.328524	1.477586	1.63528	3.140789	2.212014
3000	-2629.834	-3249.468	619.6333	0.403103	0.169721	0.13605	0.291127	1.432623	1.50397	4.760915	2.58724
3006	-2635.061	-3254.752	619.6909	0.403103	0.169721	0.13605	0.291127	1.491047	1.546268	5.319558	1.122896
3012	-2633.697	-3254.575	620.8772	0.439011	0.163589	0.131134	0.266265	1.491047	1.426736	4.642011	1.284265
3018	-2655.767	-3277.467	621.7001	0.464802	0.173199	0.0680418	0.293957	1.100245	1.529698	4.354214	1.224107
3024	-2646.753	-3268.166	621.4132	0.369558	0.137709	0.259012	0.233721	1.314754	1.509037	4.221706	1.608025
3030	-2642.185	-3263.433	621.2475	0.497326	0.136528	0.112678	0.253468	1.829301	1.45333	4.601657	0.6808375
3036	-2652.607	-3271.776	619.1698	0.503867	0.138323	0.11416	0.24365	1.392798	1.396744	4.988043	2.901403
3042	-2638.289	-3260.557	622.2683	0.396015	0.15642	0.172038	0.275527	1.632041	1.513668	4.021088	0.7797081
3048	-2654.359	-3274.507	620.1478	0.542277	0.0805767	0.0974504	0.279696	1.443968	1.479755	4.157333	3.551532
3054	-2649.11	-3269.252	620.1419	0.433486	0.110664	0.108474	0.347377	1.690568	1.587868	4.702208	1.626136
3060	-2637.567	-3259.445	621.8781	0.420384	0.159448	0.126356	0.293813	1.178038	1.657866	4.212287	1.087888
3066	-2629.526	-3250.049	620.5231	0.319426	0.211791	0.0665057	0.402278	1.400558	1.593905	4.916349	1.048151
3072	-2623.878	-3244.83	620.9523	0.264201	0.186799	0.322473	0.226527	1.933111	1.597288	4.428548	1.048151
3078	-2642.278	-3263.922	621.6438	0.336004	0.304759	0.100886	0.258351	1.699153	1.692893	3.860693	1.475398
3084	-2641.072	-3263.603	622.5306	0.438483	0.214743	0.161767	0.185006	1.251365	1.620332	3.627102	1.452516
3090	-2631.021	-3254.673	623.6522	0.251935	0.445805	0.092945	0.209315	1.251365	1.586134	2.921106	1.578452
3096	-2648.302	-3269.59	621.2873	0.450079	0.0907214	0.291827	0.167372	1.299596	1.815174	2.921106	5.176113
3102	-2650.919	-3273.775	622.8562	0.49029	0.178138	0.177233	0.15434	1.42497	1.752202	2.981684	2.049366
3108	-2658.705	-3279.988	621.2829	0.536491	0.100692	0.193934	0.168883	1.467577	1.501573	3.423536	3.731705
3114	-2643.794	-3265.96	622.1665	0.238358	0.213595	0.219491	0.328555	1.467577	1.57614	4.020686	0.953725
3120	-2633.35	-3255.047	621.6969	0.380008	0.254464	0.140391	0.225137	1.655608	1.637823	4.020686	1.20812
3126	-2651.837	-3273.361	621.5249	0.432116	0.27726	0.0577008	0.232924	1.548228	1.61137	4.046644	1.476775
3132	-2649.03	-3271.305	622.2745	0.242817	0.26686	0.170434	0.319889	1.878216	1.650061	3.8353	0.7646421
3138	-2636.967	-3260.152	623.1848	0.3398	0.237023	0.147095	0.276083	1.560001	1.560708	3.619676	0.5850922
3144	-2650.166	-3272.471	622.3051	0.319495	0.180364	0.18769	0.312451	1.771941	1.7757	3.619676	1.05897
3150	-2640.351	-3263.016	622.6649	0.339244	0.254214	0.114499	0.292043	1.307476	1.736142	3.691635	1.010513
3156	-2647.509	-3268.464	620.9553	0.390663	0.265124	0.14706	0.197153	1.651672	1.661829	4.216353	1.634832
3162	-2651.117	-3273.593	622.4759	0.449728	0.191258	0.132009	0.227005	1.612218	1.81875	3.455014	1.267989
3168	-2653.3	-3273.572	620.2721	0.482257	0.0965724	0.166994	0.254177	1.584649	1.615717	3.886655	3.72625
3174	-2667.855	-3287.679	619.8242	0.267365	0.395332	0.141148	0.196155	1.586688	1.441754	5.257652	1.124653
3180	-2691.248	-3312.667	621.4194	0.489344	0.129468	0.251144	0.130043	1.456894	1.514812	4.531099	0.8720388
3186	-2685.198	-3307.478	622.2798	0.403625	0.19754	0.181473	0.217362	1.61758	1.685749	2.890642	2.995019
3192	-2658.778	-3279.767	620.9897	0.486678	0.00974954	0.256231	0.247341	2.154396	1.604215	3.541934	2.760447
3198	-2657.927	-3278.391	620.464	0.463601	0.0267426	0.159453	0.350203	1.351688	1.434164	4.53631	2.166988
3204	-2655.341	-3276.862	621.5215	0.3596	0.185912	0.361364	0.0931233	1.599344	1.641108	4.01908	1.452469
3210	-2647.53	-3270.355	622.825	0.332518	0.178263	0.382346	0.106873	1.145887	1.751601	3.634255	1.086338
3216	-2651.577	-3273.622	622.0444	0.45854	0.146794	0.24729	0.147377	1.555602	1.78577	3.344348	2.12377
3222	-2662.495	-3284.312	621.8173	0.342919	0.32379	0.184936	0.148355	1.41325	1.516195	4.316869	0.8905717
3228	-2652.636	-3274.402	621.7658	0.286716	0.41606	0.0784698	0.218755	1.708302	1.616854	3.365668	2.534252
3234	-2642.264	-3264.664	622.4004	0.382215	0.163993	0.160838	0.292954	1.488968	1.551789	3.799054	1.113647
3240	-2659.516	-3282.674	623.1582	0.326988	0.129502	0.353533	0.189977	1.488968	1.551789	3.072721	1.653522
3246	-2654.73	-3278.257	623.527	0.358311	0.0480012	0.359641	0.234047	1.095587	1.582349	3.498274	0.8384002
3252	-2641.783	-3263.748	621.9653	0.416475	0.104354	0.273256	0.205916	1.65562	1.57984	3.15982	2.895185
3258	-2645.449	-3267.294	621.8453	0.441755	0.110688	0.224163	0.223393	1.445288	1.656742	3.442765	2.490612
3264	-2620.884	-3244.521	623.637	0.35951	0.210677	0.145625	0.284188	1.5728	1.611173	3.003352	1.102052
3270	-2629.642	-3250.746	621.1047	0.407266	0.238663	0.0321316	0.321939	1.802454	1.613969	3.62407	2.760327
3276	-2634.164	-3255.701	621.5375	0.37813	0.146174	0.0583054	0.417391	1.802454	1.5693	3.81409	1.748418
3282	-2636.488	-3258.331	621.8437	0.373296	0.0906518	0.123998	0.412054	1.681136	1.560817	3.465047	2.285119
3288	-2646.805	-3268.525	621.72	0.439928	0.028152	0.432903	0.0990166	1.681136	1.532455	3.764599	1.795863
3294	-2648.936	-3269.102	620.1658	0.631748	0.0551922	0.138107	0.174953	1.396764	1.398554	4.07824	4.021252
3300	-2638.077	-3258.635	620.5578	0.571451	0.141427	0.128868	0.158255	1.269094	1.465217	4.439902	2.339878
3306	-2642.355	-3264.901	622.5463	0.384676	0.07393	0.268286	0.273107	1.966023	1.68997	2.845894	2.264207
3312	-2630.358	-3253.087	622.7285	0.483778	0.120965	0.230615	0.164642	1.233305	1.7604	2.949669	2.545696
3318	-2649.468	-3272.86	623.3918	0.294253	0.329081	0.0839646	0.292702	1.370379	1.654439	2.868596	1.786492
3324	-2642.238	-3265.713	623.4749	0.458786	0.0988034	0.0937501	0.34866	1.466366	1.773596	2.693576	1.786492
3330	-2641.025	-3261.593	620.5675	0.396121	0.112368	0.173339	0.318173	2.071372	1.611686	4.296017	1.598835
3336	-2645.833	-3267.356	621.5231	0.389291	0.110431	0.198138	0.302141	1.498265	1.50276	3.87762	2.035182
3342	-2671.955	-3295.289	623.3342	0.314897	0.321362	0.119339	0.244401	1.247798	1.827932	3.010061	1.498241
3348	-2644.649	-3268.621	623.9714	0.36947	0.265315	0.0617708	0.303444	1.512742	1.827932	2.484703	1.480669
3354	-2656.085	-3278.473	622.3874	0.436196	0.276383	0.0569092	0.230512	1.586503	1.666779	3.291758	1.908833
3360	-2658.956	-3280.18	621.2243	0.521004	0.111288	0.0923782	0.27533	1.716324	1.666779	3.7038	2.392076
3366	-2647.239	-3268.381	621.1421	0.527665	0.11271	0.0807751	0.27885	1.173277	1.454016	4.146124	2.392076
3372	-2658.024	-3280.931	622.907	0.484466	0.0651759	0.308462	0.141896	1.767144	1.673886	3.195196	1.299113
3378	-2654.192	-3276.427	622.2348	0.526782	0.0880401	0.189226	0.195952	2.068773	1.774345	3.214215	1.653529
3384	-2655.845	-3278.22	622.3747	0.531321	0.106372	0.125784	0.236523	1.405685	1.824457	3.302924	1.898823
3390	-2658.391	-3281.282	622.8915	0.420466	0.123256	0.269102	0.187175	1.536653	1.577359	3.244956	1.546436
3396	-2657.323	-3280.189	622.8659	0.511013	0.1498	0.111704	0.227483	1.536653	1.725607	3.221869	1.449492
3402	-2658.39	-3281.319	622.9296	0.366297	0.247776	0.0798442	0.306082	1.282093	1.694202	3.716409	0.7745718
3408	-2637.654	-3259.738	622.0831	0.349955	0.32983	0.107595	0.21262	1.239577	1.711761	3.693884	1.752975
3414	-2628.326	-3250.467	622.1417	0.33832	0.297907	0.173933	0.18984	1.701149	1.663343	3.552714	1.548519
3420	-2632.375	-3255.003	622.628	0.436414	0.111969	0.215934	0.235683	1.608695	1.71942	3.279693	1.548519
3426	-2635.8	-3259.287	623.4868	0.536771	0.0232267	0.210381	0.229621	1.608695	1.553648	2.927781	1.429854
3432	-2636.751	-3260.05	623.2999	0.470996	0.0708	0.169414	0.288791	1.608695	1.727051	3.321737	0.7626599
3438	-2643.783	-3267.272	623.489	0.27715	0.255776	0.0795612	0.387513	1.190491	1.623353	3.314494	1.05494
3444	-2646.768	-3268.764	621.9964	0.37524	0.212413	0.0819223	0.330424	1.544867	1.49685	3.555512	2.103108
3450	-2646.591	-3268.029	621.4376	0.476261	0.0753753	0.129124	0.319239	2.46499	1.628181	3.410945	2.078038
3456	-2656.363	-3279.502	623.1385	0.351382	0.0573776	0.355361	0.235879	1.171295	1.69152	3.123748	1.755289
3462	-2652.618	-3273.935	621.3177	0.516291	0.01763	0.221536	0.244543	1.560908	1.687823	3.440266	3.134545
3468	-2644.454	-3266.975	622.521	0.567029	0.0933249	0.0870134	0.252633	1.377581	1.672448	3.121952	2.361182
3474	-2635.997	-3257.035	621.038	0.387801	0.166545	0.256565	0.18909	1.172399	1.446608	4.363709	2.011771
3480	-2644.27	-3265.901	621.6304	0.552625	0.0173793	0.239245	0.19075	1.241186	1.581534	3.681661	2.587322
3486	-2625.714	-3246.74	621.0255	0.573974	0.0180507	0.070906	0.33707	1.78587	1.516834	4.163114	1.707684
3492	-2645.851	-3267.772	621.9207	0.469811	0.0603455	0.193943	0.2759	1.330171	1.621205	3.045967	3.737436
3498	-2648.296	-3271.299	623.0037	0.534943	0.0326078	0.208854	0.223595	1.445142	1.797059	2.218079	3.694064
3504	-2639.381	-3262.061	622.6794	0.553251	0.0371766	0.154648	0.254924	2.078594	1.820867	2.082647	3.694064
3510	-2648.545	-3271.683	623.1388	0.445842	0.0299591	0.124625	0.399574	2.018283	1.779339	2.750879	1.533806
3516	-2643.554	-3263.917	620.3632	0.495885	0.0812502	0.183101	0.239764	2.003128	1.794711	3.48734	3.895833
3522	-2658.991	-3280.427	621.4357	0.378759	0.111693	0.175736	0.333812	1.349634	1.661057	3.580789	2.887493
3528	-2667.264	-3288.439	621.1746	0.555952	0.159256	0.0750483	0.209744	1.559515	1.477566	4.136141	1.862864
3534	-2674.974	-3295.166	620.1927	0.432893	0.109802	0.134836	0.322469	2.58509	1.49673	4.439289	1.458291
3540	-2665.012	-3286.926	621.9142	0.357976	0.124682	0.151175	0.366167	1.58619	1.554388	3.892252	1.369576
3546	-2667.159	-3289.084	621.925	0.420117	0.190248	0.09103	0.298605	1.168696	1.48159	4.350543	0.9808952
3552	-2660.257	-3280.391	620.1334	0.418143	0.117847	0.166808	0.297202	1.896818	1.60589	4.744309	1.339524
3558	-2646.907	-3269.884	622.9774	0.374697	0.128083	0.197037	0.300182	1.320365	1.563454	3.640097	0.9483812
3564	-2664.726	-3284.517	619.7906	0.570624	0.0744252	0.126368	0.228583	1.51872	1.571677	4.084098	4.194271
3570	-2660.883	-3281.002	620.1191	0.573333	0.0598495	0.137149	0.229668	1.51872	1.518093	4.608265	2.147525
3576	-2660.664	-3278.873	618.2093	0.501866	0.0699535	0.227141	0.20104	1.947225	1.616146	4.820638	3.95888
3582	-2640.225	-3260.301	620.0762	0.373157	0.0520132	0.354712	0.220118	1.820272	1.639326	4.29222	2.485557
3588	-2650.505	-3272.301	621.7962	0.362252	0.368738	0.145112	0.123898	0.4115892	1.679801	3.559095	3.956146
3594	-2629.52	-3251.882	622.3619	0.402939	0.378479	0.148946	0.0696362	0.5300263	1.766128	4.071007	1.431804
3600	-2632.423	-3256.177	623.7545	0.304469	0.252378	0.363816	0.0793369	0.6784108	1.663908	3.5983	0.7875298
3606	-2633.409	-3256.653	623.2444	0.38065	0.15059	0.401845	0.0669148	0.7826942	1.574464	3.607838	1.264587
3612	-2674.351	-3297.531	623.1794	0.373425	0.255231	0.305699	0.0656449	0.7151381	1.606541	3.405068	1.792071
3618	-2654.048	-3277.356	623.3079	0.318098	0.224111	0.268425	0.189367	0.4705566	1.493379	3.692511	1.483701
3624	-2660.621	-3284.41	623.7889	0.375087	0.202002	0.247216	0.175694	0.7418198	1.520371	3.692511	0.6734929
3630	-2660.395	-3284.913	624.5184	0.303726	0.353617	0.216455	0.126202	0.5222546	1.718397	2.703108	1.69799
3636	-2656.727	-3281.464	624.7366	0.376473	0.238638	0.299721	0.0851677	0.3884751	1.718397	2.645744	1.69799
3642	-2627.016	-3250.98	623.9648	0.424687	0.253733	0.231026	0.0905547	0.4865937	1.828686	2.388632	3.134337
3648	-2670.14	-3292.35	622.2103	0.262412	0.325301	0.29619	0.116097	0.5679341	1.550611	3.289657	4.001577
3654	-2643.34	-3267.376	624.0366	0.2193	0.346246	0.266259	0.168194	0.4055835	1.547003	3.289657	1.446189
3660	-2644.559	-3269.196	624.6375	0.212851	0.349106	0.268459	0.169583	0.5047032	1.555893	3.289657	0.7245221
3666	-2655.439	-3279.751	624.3118	0.229078	0.373249	0.216362	0.181311	0.3686729	1.59737	3.461852	0.8326632
3672	-2625.963	-3247.792	621.829	0.132085	0.522862	0.217959	0.127094	0.7843718	1.531904	4.211436	1.731892
3678	-2634.7	-3255.068	620.3683	0.339285	0.451367	0.0996323	0.109716	0.4249742	1.453266	5.402616	1.463627
3684	-2647.194	-3270.852	623.658	0.434032	0.324566	0.178196	0.0632059	0.7775522	1.583596	3.554441	0.9299984
3690	-2632.996	-3254.729	621.7328	0.563271	0.123447	0.231256	0.0820264	0.6699849	1.632985	3.807239	2.910815
3696	-2631.796	-3256.642	624.8457	0.484518	0.225143	0.0918708	0.198468	0.6204738	1.764496	2.544423	1.439683
3702	-2630.275	-3255.914	625.6384	0.169895	0.328816	0.199617	0.301673	0.5589678	1.812292	2.594168	0.5737512
3708	-2643.894	-3267.215	623.3213	0.305997	0.306525	0.280329	0.107149	0.5244128	1.549365	3.490819	1.752727
3714	-2631.451	-3252.764	621.3136	0.31446	0.275443	0.339031	0.0710654	0.7006028	1.480048	4.110736	2.926154
3720	-2635.288	-3256.437	621.149	0.319772	0.349785	0.230041	0.100402	0.7793892	1.464682	3.743637	4.298695
3726	-2634.77	-3257.05	622.2793	0.392884	0.17904	0.376685	0.0513915	0.640751	1.645197	3.743637	2.271813
3732	-2654.893	-3276.536	621.6429	0.452853	0.158078	0.248526	0.140543	1.170255	1.476705	4.062829	1.877047
3738	-2644.186	-3266.533	622.347	0.415421	0.145011	0.193829	0.245739	0.9096256	1.419759	3.911616	1.719389
3744	-2650.171	-3275.468	625.2971	0.317603	0.3401	0.175244	0.167052	0.5034407	1.606948	2.894715	0.6797751
3750	-2640.421	-3264.379	623.958	0.239917	0.375102	0.162521	0.222459	0.5290709	1.54992	3.646625	0.7718651
3756	-2630.523	-3253.867	623.3439	0.268734	0.286979	0.346578	0.0977093	0.5066937	1.852548	3.291481	1.792779
3762	-2631.648	-3255.023	623.3755	0.473571	0.0882835	0.27663	0.161516	0.7205661	1.746232	2.588654	3.323969
3768	-2650.703	-3274.898	624.1949	0.458588	0.145888	0.179613	0.215912	1.568995	1.645318	2.563795	1.240836
3774	-2626.425	-3252.194	625.769	0.453717	0.192095	0.132945	0.221243	1.006311	1.92312	1.687546	1.240836
3780	-2631.579	-3255.053	623.4736	0.473771	0.216923	0.145723	0.163583	0.5791372	1.853282	2.184301	4.464088
3786	-2631.152	-3256.391	625.2389	0.247575	0.372225	0.347439	0.0327609	0.4460504	1.92732	1.688609	2.674896
3792	-2654.404	-3281.369	626.965	0.229275	0.344712	0.326758	0.0992555	0.3375587	1.85712	1.647411	0.8277764
3798	-2635.847	-3260.802	624.9554	0.45361	0.233518	0.260178	0.0526948	0.4561145	1.85712	2.250857	1.966227
3804	-2649.848	-3275.713	625.8655	0.276909	0.263453	0.389419	0.070219	0.3943128	1.803936	2.432298	0.7616204
3810	-2661.413	-3285.4	623.9876	0.230795	0.269037	0.335997	0.16417	0.5181691	1.795877	3.024823	1.608911
3816	-2647.099	-3270.482	623.3835	0.21758	0.305416	0.316758	0.160245	0.5181691	1.499091	3.464569	1.802146
3822	-2660.227	-3286.65	626.4236	0.280075	0.236567	0.376212	0.107145	0.5671231	1.741422	2.288317	0.2133291
3828	-2637.556	-3263.371	625.8148	0.354637	0.265763	0.258011	0.121588	0.5176248	1.677476	2.626036	0.5243904
3834	-2636.83	-3263.543	626.7123	0.357954	0.258897	0.260424	0.122725	0.4221731	1.812665	2.039564	0.5036301
3840	-2632.458	-3257.839	625.3813	0.178206	0.431008	0.320105	0.0706811	0.6131084	1.57348	2.924709	0.4730634
3846	-2629.67	-3254.145	624.4749	0.164368	0.423224	0.294165	0.118242	0.647968	1.709359	3.40465	0.3907764
3852	-2645.935	-3270.574	624.6394	0.181269	0.483305	0.246432	0.0889941	0.6682247	1.646848	3.32754	0.4002028
3858	-2664.616	-3288.164	623.5476	0.15471	0.412494	0.331209	0.101587	1.332966	1.658554	3.35946	0.7594804
3864	-2672.523	-3296.928	624.4046	0.238694	0.246702	0.317892	0.196712	0.8914592	1.55157	3.140588	0.8049921
3870	-2685.2	-3308.807	623.6072	0.472175	0.23692	0.101993	0.188912	1.376143	1.673533	2.427264	2.437052
3876	-2678.806	-3301.427	622.621	0.435555	0.218546	0.197998	0.147902	0.9795675	1.673533	3.466225	1.936991
3882	-2667.234	-3289.779	622.545	0.33162	0.372383	0.15075	0.145247	0.8193425	1.467845	3.884245	1.592028
3888	-2652.344	-3274.142	621.798	0.369821	0.176865	0.291336	0.161978	0.8166166	1.485133	4.375895	1.438927
3894	-2659.292	-3282.002	622.7106	0.307524	0.209411	0.281072	0.201993	0.7372913	1.705139	4.075145	0.8943993
3900	-2638.453	-3261.276	622.8226	0.356631	0.230742	0.251769	0.160859	0.6827446	1.444485	4.099373	1.057203
3906	-2651.149	-3275.166	624.0162	0.236737	0.272859	0.383624	0.10678	0.7023076	1.570023	2.661013	2.412339
3912	-2644.076	-3269.777	625.7015	0.243035	0.2548	0.439092	0.0630729	0.7501418	1.685591	2.661013	0.2465797
3918	-2636.127	-3261.876	625.7488	0.253203	0.26546	0.339752	0.141585	0.5753601	1.644512	2.661013	0.5074768
3924	-2644.406	-3269.325	624.9188	0.305359	0.304479	0.227766	0.162396	0.5549263	1.675766	2.579288	1.47177
3930	-2646.145	-3271.171	625.0269	0.331062	0.23324	0.246937	0.18876	0.8540689	1.756796	2.066521	1.835315
3936	-2625.144	-3251.185	626.0412	0.267542	0.317679	0.358072	0.0567068	0.8871645	1.756796	2.308955	0.2158641
3942	-2647.218	-3273.304	626.0857	0.389265	0.239916	0.2927	0.0781193	0.9189328	1.710896	2.293458	0.268117
3948	-2637.375	-3263.757	626.3819	0.373934	0.230468	0.366634	0.0289635	0.6745852	1.655833	2.30269	0.268117
3954	-2663.307	-3289.807	626.4999	0.348732	0.211111	0.39201	0.0481472	0.4103024	1.613311	2.424252	0.2563182
3960	-2648.012	-3274.735	626.7232	0.342181	0.271348	0.336623	0.0498475	0.4760189	1.705627	2.178558	0.2159275
3966	-2655.091	-3281.821	626.7306	0.283727	0.324117	0.279118	0.113037	0.4953701	1.705627	2.166561	0.2421385
3972	-2658.832	-3285.836	627.0046	0.233241	0.352707	0.357446	0.056606	0.5686077	1.818445	1.85193	0.2106758
3978	-2641.975	-3268.508	626.5339	0.355849	0.270086	0.322926	0.0511393	0.45852	1.818445	2.240924	0.2835278
3984	-2648.442	-3274.552	626.1098	0.320341	0.309378	0.333214	0.0370674	0.3632823	1.567223	2.715449	0.2835278
3990	-2649.21	-3275.198	625.9886	0.314375	0.340062	0.327008	0.0185549	0.40644	1.65911	2.715449	0.248197
3996	-2653.868	-3277.895	624.0272	0.17911	0.292052	0.512903	0.0159353	0.6019386	1.347282	3.922376	0.3428741
4002	-2663.537	-3289.215	625.6783	0.346853	0.228873	0.305933	0.118341	0.559442	1.590231	2.853034	0.2842764
4008	-2675.528	-3301.64	626.1117	0.355903	0.234844	0.307337	0.101916	0.7111435	1.733501	2.397678	0.2852114
4014	-2661.887	-3288.729	626.8429	0.285435	0.188346	0.444482	0.0817371	0.5344799	1.737129	2.03485	0.201253
4020	-2676.399	-3302.643	626.2434	0.228673	0.352641	0.185451	0.233235	0.6111311	2.115036	1.899918	0.6826786
4026	-2677.715	-3302.502	624.7878	0.204527	0.454758	0.132108	0.208607	0.9713156	2.028505	2.127102	1.536075
4032	-2639.833	-3267.502	627.6684	0.286375	0.237349	0.409256	0.06702	0.3007797	1.951399	1.452456	0.2540845
4038	-2645.54	-3273.264	627.7239	0.286375	0.237349	0.409256	0.06702	0.3665083	2.090403	1.264432	0.2288973
4044	-2636.339	-3264.022	627.6828	0.288115	0.317001	0.340271	0.0546134	0.4081146	2.113295	1.253802	0.240698
4050	-2633.363	-3261.068	627.7051	0.256473	0.264413	0.326664	0.152451	0.3580373	2.131169	1.253802	0.2578011
4056	-2641.385	-3268.732	627.3476	0.284489	0.228904	0.362347	0.12426	0.4777188	2.141796	1.381666	0.4078788
4062	-2639.649	-3267.218	627.5695	0.255785	0.306705	0.325788	0.111723	0.3159065	2.112421	1.327544	0.4147223
4068	-2644.917	-3272.424	627.5066	0.317439	0.187236	0.356672	0.138652	0.2922017	2.057803	1.496045	0.2370956
4074	-2645.883	-3273.299	627.4158	0.372254	0.219568	0.285597	0.122582	0.4175333	2.128593	1.435039	0.2028865
4080	-2665.631	-3292.951	627.3208	0.385062	0.218735	0.295423	0.10078	0.3328234	1.967715	1.678712	0.2193033
4086	-2647.411	-3274.699	627.2886	0.297278	0.257525	0.367391	0.0778053	0.4262771	1.901335	1.700478	0.2322905
4092	-2639.525	-3266.958	627.4327	0.22974	0.326736	0.361683	0.0818408	0.4469963	1.936626	1.550186	0.2097063
4098	-2671.76	-3299.334	627.5741	0.171075	0.355785	0.379316	0.0938238	0.2960215	1.904547	1.550186	0.3037534
4104	-2649.15	-3276.211	627.0608	0.313916	0.342147	0.287503	0.0564338	0.4640302	1.767617	1.913976	0.198835
4110	-2633.448	-3260.202	626.7537	0.315117	0.293764	0.33004	0.0610791	0.4640302	1.806558	2.104064	0.2304265
4116	-2645.365	-3272.106	626.7413	0.315149	0.293693	0.330073	0.0610853	0.4648282	1.783784	2.12774	0.2389685
4122	-2645.183	-3271.732	626.5494	0.275459	0.310713	0.349202	0.0646255	0.5231873	1.783784	2.21497	0.2389685
4128	-2631.925	-3258.17	626.2454	0.277769	0.163739	0.508332	0.0501596	0.4420002	1.783784	2.459286	0.2550362
4134	-2653.653	-3280.215	626.5615	0.307693	0.149804	0.465071	0.077432	0.5950087	1.820441	2.098562	0.3736108
4140	-2645.751	-3272.018	626.2677	0.242044	0.132412	0.438241	0.187303	0.9986089	1.746317	2.098562	0.2812654
4146	-2645.524	-3271.454	625.9305	0.57222	0.0688313	0.244946	0.114003	0.9986089	1.746317	2.317826	0.2311128
4152	-2634.972	-3258.931	623.959	0.455031	0.148464	0.185034	0.211471	1.473586	1.742302	2.611188	1.399386
4158	-2620.805	-3244.67	623.8655	0.338965	0.0906097	0.355245	0.21518	1.873888	1.945031	2.718394	0.771262
4164	-2621.051	-3246.219	625.1684	0.297044	0.0965004	0.37834	0.228115	0.8398435	1.689643	2.718394	0.66431
4170	-2633.542	-3256.992	623.4499	0.383915	0.0845749	0.331585	0.199925	1.118417	1.73649	3.1893	1.271679
4176	-2627.547	-3252.186	624.6396	0.372483	0.103724	0.452618	0.0711746	1.069131	1.661262	3.096674	0.3516999
4182	-2620.038	-3241.787	621.7491	0.482292	0.134302	0.234685	0.148721	1.600302	1.627828	4.348449	0.6425844
4188	-2630.191	-3252.061	621.8703	0.389283	0.12113	0.316579	0.173008	1.988382	1.561477	3.870178	1.107197
4194	-2626.651	-3248.954	622.3026	0.293615	0.250422	0.294837	0.161126	1.292084	1.697745	3.870178	1.117361
4200	-2644.944	-3266.003	621.0586	0.268651	0.339939	0.269768	0.121642	1.298272	1.544701	4.093314	2.346743
4206	-2629.732	-3250.508	620.7758	0.409884	0.0543156	0.337576	0.198225	1.553097	1.49136	3.924241	2.980261
4212	-2618.256	-3239.515	621.2594	0.446851	0.0324544	0.239344	0.28135	1.284251	1.495674	3.937559	2.545276
4218	-2629.454	-3248.904	619.4495	0.473828	0.0308716	0.227672	0.267629	1.504233	1.300546	4.67285	3.389085
4224	-2624.662	-3247.642	622.9807	0.49871	0.0324928	0.239627	0.22917	1.427119	1.7597	2.978739	1.879255
4230	-2640.433	-3262.467	622.0344	0.430859	0.0471132	0.288113	0.233915	1.630024	1.589455	3.147938	2.834164
4236	-2665.118	-3285.12	620.0018	0.567594	0.0471239	0.0941916	0.291091	1.843248	1.739874	3.170959	6.404751
4242	-2649.029	-3270.284	621.2554	0.539364	0.0170205	0.124158	0.319458	1.760656	1.568474	3.170959	4.014088
4248	-2645.707	-3267.512	621.8051	0.468202	0.186417	0.0829718	0.262409	1.867829	1.658613	2.886707	3.53387
4254	-2638.285	-3260.64	622.3553	0.313532	0.364519	0.0773427	0.244606	1.927547	1.537099	3.403546	1.536057
4260	-2649.348	-3272.223	622.8749	0.427928	0.24799	0.0673389	0.256743	1.927547	1.487768	3.238022	1.321541
4266	-2635.676	-3257.105	621.429	0.441071	0.210654	0.0572007	0.291074	1.747777	1.392393	3.983842	1.789712
4272	-2648.387	-3270.18	621.7936	0.490727	0.154945	0.194141	0.160188	2.277124	1.800729	3.119038	2.208582
4278	-2640.921	-3264.987	624.0666	0.468391	0.208339	0.107882	0.215389	1.400526	1.771886	2.661995	1.228969
4284	-2647.809	-3270.159	622.3504	0.376455	0.117118	0.132117	0.37431	1.29501	1.750327	3.434228	1.866103
4290	-2621.351	-3244.532	623.1807	0.509098	0.0824248	0.226144	0.182334	1.29501	1.6135	2.727756	2.550655
4296	-2635.577	-3258.312	622.7341	0.318826	0.228402	0.220089	0.232683	1.254852	1.586487	3.163792	2.238158
4302	-2618.182	-3241.525	623.3431	0.381748	0.193872	0.226876	0.197505	1.106061	1.564068	3.219744	1.54203
4308	-2627.119	-3248.798	621.6792	0.461643	0.279662	0.0635526	0.195142	1.48894	1.607039	3.957971	1.54203
4314	-2635.364	-3255.45	620.0854	0.500993	0.237618	0.0434379	0.217952	1.083453	1.542954	4.815537	2.198895
4320	-2648.054	-3270.336	622.2826	0.570413	0.108134	0.127622	0.193831	1.595531	1.445041	4.088477	0.7480597
4326	-2650.976	-3271.918	620.9421	0.49091	0.128146	0.151241	0.229703	1.421771	1.644006	4.083562	2.236895
4332	-2630.646	-3251.467	620.8216	0.263932	0.13569	0.245238	0.35514	1.421771	1.615463	4.222711	2.103764
4338	-2641.032	-3261.901	620.8696	0.455831	0.0912837	0.164981	0.287904	1.865221	1.586853	4.446584	1.165088
4344	-2621.916	-3245.218	623.3014	0.376602	0.158872	0.207901	0.256625	1.359818	1.734034	3.035139	1.477847
4350	-2620.744	-3243.325	622.5811	0.442814	0.186804	0.0686384	0.301743	1.601662	1.539703	3.451885	1.477847
4356	-2628.508	-3251.838	623.3298	0.405523	0.246859	0.0734269	0.274192	1.275534	1.539703	3.260286	1.324691
4362	-2627.787	-3251.151	623.3648	0.450247	0.107301	0.13802	0.304432	1.414538	1.696417	2.71616	2.041532
4368	-2653.597	-3276.8	623.2028	0.526912	0.0767654	0.174186	0.222137	1.429032	1.640438	2.950475	1.805755
4374	-2655.559	-3277.91	622.3512	0.517107	0.195473	0.142944	0.144475	1.734136	1.541517	3.320396	1.897529
4380	-2638.583	-3262.173	623.5901	0.311019	0.236374	0.200237	0.252371	0.7775734	1.596614	3.377393	1.299871
4386	-2651.689	-3275.934	624.2456	0.393244	0.194005	0.212963	0.199789	1.144676	1.587119	2.664742	1.493144
4392	-2643.599	-3267.784	624.1855	0.373656	0.166501	0.217422	0.242421	1.054415	1.618854	2.735986	1.493144
4398	-2641.574	-3265.984	624.4097	0.391213	0.178608	0.126482	0.303697	1.141557	1.618854	2.684215	1.242938
4404	-2636.184	-3261.232	625.0481	0.532282	0.0904739	0.18011	0.197133	1.262894	1.765707	2.193166	1.116914
4410	-2662.529	-3287.643	625.1149	0.300584	0.149557	0.348286	0.201574	1.099181	1.753259	2.108446	1.364777
4416	-2659.317	-3283.15	623.8329	0.358159	0.201202	0.198016	0.242623	1.788069	1.87401	2.294584	1.677083
4422	-2656.968	-3280.306	623.3378	0.437372	0.100437	0.206778	0.255414	0.9910298	1.714474	2.515316	3.162168
4428	-2651.914	-3276.308	624.3941	0.434134	0.129527	0.195211	0.241128	1.313996	1.748623	2.505376	1.257136
4434	-2667.453	-3291.5	624.047	0.347401	0.31566	0.0387322	0.298206	1.42338	1.71443	2.424747	1.733152
4440	-2655.793	-3279.529	623.7357	0.536237	0.087459	0.0725682	0.303736	1.267837	1.902392	1.885891	3.370148
4446	-2641.761	-3265.929	624.1684	0.494126	0.0805908	0.1454	0.279883	1.296178	1.890193	1.969557	2.438492
4452	-2629.133	-3253.242	624.1092	0.348318	0.360158	0.0942298	0.197294	1.185577	1.965271	2.031047	2.431044
4458	-2628.388	-3253.242	624.854	0.496853	0.067144	0.146508	0.289495	1.376601	1.91012	1.838708	1.652708
4464	-2629.885	-3254.518	624.6328	0.486988	0.0728173	0.156447	0.283747	1.662494	1.95234	1.700558	1.816165
4470	-2630.983	-3255.653	624.6698	0.487376	0.0397632	0.117128	0.355732	1.380544	1.739127	2.081749	1.640225
4476	-2644.138	-3268.139	624.0004	0.385155	0.148779	0.0953617	0.370704	1.507902	1.748833	2.433934	1.640225
4482	-2645.158	-3269.012	623.854	0.261403	0.369115	0.0755998	0.293883	1.466931	1.751919	2.415796	1.89999
4488	-2646.079	-3270.095	624.0158	0.261348	0.267299	0.0458085	0.425545	1.15262	1.697705	2.138126	2.78406
4494	-2648.418	-3272.857	624.4388	0.280711	0.287103	0.065941	0.366245	1.817733	1.876363	2.1623	1.192588
4500	-2643.837	-3267.07	623.2323	0.35325	0.28433	0.065304	0.297117	1.817733	1.883733	2.870699	1.262861
4506	-2653.743	-3276.494	622.7509	0.319399	0.309539	0.242952	0.128111	1.359444	1.710032	3.768663	0.776417
4512	-2670.777	-3289.135	618.3578	0.506006	0.144524	0.146512	0.202959	1.77461	1.427686	4.404262	6.062559
4518	-2681.009	-3301.974	620.9656	0.456391	0.131069	0.132872	0.279668	1.77461	1.450564	4.060654	2.117326
4524	-2645.01	-3264.376	619.3665	0.516803	0.052322	0.182137	0.248738	1.620584	1.217137	5.156297	2.125111
4530	-2653.318	-3272.368	619.0505	0.605045	0.0527452	0.213231	0.128978	1.678872	1.491124	4.373394	4.567288
4536	-2658.57	-3279.879	621.3094	0.630281	0.0148696	0.161439	0.193411	2.000986	1.426544	3.515669	2.78608
4542	-2656.526	-3278.088	621.5616	0.41605	0.0929839	0.128055	0.362911	1.583447	1.291	4.023159	1.834278
4548	-2646.934	-3268.017	621.0828	0.543049	0.0957323	0.0488519	0.312367	1.583447	1.383005	3.935554	2.590238
4554	-2647.853	-3270.688	622.8354	0.494148	0.174316	0.0472979	0.284238	1.656856	1.744122	2.650453	2.590238
4560	-2632.914	-3256.758	623.8438	0.511862	0.180565	0.0131457	0.294428	1.473605	1.791548	2.061755	2.62951
4566	-2639.999	-3263.305	623.3063	0.39485	0.273838	0.0141603	0.317152	1.883664	1.792449	2.479764	1.982879
4572	-2646.109	-3269.161	623.0528	0.39485	0.273838	0.0141603	0.317152	2.670144	1.708611	2.498587	1.67047
4578	-2647.822	-3271.567	623.7454	0.398359	0.267385	0.0142862	0.31997	1.647222	1.71327	2.353997	2.021213
4584	-2628.812	-3252.158	623.3461	0.381743	0.243438	0.0160198	0.358799	1.490786	1.683457	2.656235	2.12661
4590	-2634.212	-3257.506	623.2948	0.598595	0.0669885	0.00569249	0.328724	1.490786	1.581394	2.562499	2.568469
4596	-2635.711	-3258.842	623.131	0.627433	0.0940832	0.00475412	0.27373	1.244245	1.658014	2.684429	2.74108
4602	-2631.234	-3253.944	622.71	0.429578	0.169072	0.00267041	0.39868	1.446681	1.658014	3.043655	2.211672
4608	-2633.559	-3256.285	622.7259	0.609108	0.105786	0.011226	0.27388	1.446681	1.480044	3.351541	1.739512
4614	-2630.377	-3252.913	622.536	0.440806	0.108812	0.0831936	0.367188	1.452121	1.708961	3.508179	1.37289
4620	-2625.154	-3247.805	622.6509	0.45765	0.0433233	0.185292	0.313735	1.323413	1.526	3.591342	1.417713
4626	-2631.008	-3252.99	621.9824	0.475057	0.1086	0.325966	0.0903778	1.708236	1.641417	3.324061	2.283672
4632	-2638.215	-3261.792	623.5773	0.48922	0.104321	0.180204	0.226254	1.488517	1.701502	2.699141	1.713551
4638	-2622.454	-3245.42	622.9661	0.49336	0.0868671	0.181729	0.238044	1.488517	1.795018	2.910165	1.930564
4644	-2627.102	-3251.009	623.9065	0.298197	0.198666	0.221603	0.281534	1.760391	1.7064	2.755027	0.991984
4650	-2618.548	-3243.771	625.2239	0.443148	0.11916	0.25387	0.183822	1.575032	1.69859	2.45534	0.2146471
4656	-2625.004	-3249.365	624.3612	0.411814	0.143378	0.305466	0.139341	1.803766	1.69859	2.815422	0.4271066
4662	-2632.238	-3256.617	624.3795	0.421909	0.0629678	0.171514	0.343609	1.455284	1.743963	3.008104	0.2929629
4668	-2638.189	-3263.214	625.025	0.386281	0.0623192	0.211329	0.34007	1.455284	1.765667	2.602024	0.2929629
4674	-2636.231	-3261.794	625.5638	0.380266	0.210392	0.308385	0.100957	1.311179	1.765667	2.347876	0.2787093
4680	-2655.697	-3281.047	625.3503	0.500464	0.260597	0.152559	0.0863812	1.036974	1.657179	2.711552	0.2761051
4686	-2645.372	-3271.205	625.8328	0.573295	0.147504	0.186603	0.0925985	1.400778	1.775808	2.111632	0.2122919
4692	-2644.499	-3270.17	625.6717	0.528221	0.135907	0.171931	0.163941	1.105781	1.737375	2.414697	0.2098595
4698	-2636.241	-3262.372	626.1306	0.625124	0.0721276	0.192166	0.110582	1.030436	1.737375	2.171575	0.2188788
4704	-2606.351	-3232.013	625.6629	0.558839	0.104172	0.17179	0.165199	1.419831	1.807465	2.192912	0.2188788
4710	-2627.798	-3252.572	624.7743	0.536294	0.0755164	0.16486	0.22333	1.40267	1.8552	2.725651	0.2051859
4716	-2650.46	-3275.767	625.307	0.345384	0.163261	0.220956	0.270399	1.480438	1.922808	2.299989	0.3322627
4722	-2647.511	-3273.229	625.7173	0.493239	0.0365795	0.360082	0.110099	1.314972	1.824659	2.209475	0.2790008
4728	-2643.523	-3269.286	625.7626	0.433649	0.0572159	0.338313	0.170821	1.25059	1.835569	2.209475	0.288861
4734	-2645.753	-3271.443	625.6898	0.570407	0.150675	0.222275	0.0566422	1.223058	1.796752	2.291668	0.3111304
4740	-2634.765	-3258.762	623.9975	0.574129	0.0729723	0.304267	0.0486325	1.320181	1.663952	3.358065	0.2653692
4746	-2620.509	-3243.827	623.318	0.368323	0.137978	0.36992	0.123779	1.416	1.487412	3.806214	0.2470045
4752	-2623.002	-3246.569	623.5673	0.341696	0.182128	0.312696	0.163479	1.416	1.527713	3.639016	0.2514728
4758	-2633.614	-3256.896	623.2813	0.55423	0.0870617	0.266569	0.0921394	1.157826	1.557184	3.909309	0.1934467
4764	-2636.732	-3260.185	623.4533	0.471318	0.0740374	0.13593	0.318714	1.9434	1.64292	3.372821	0.1959876
4770	-2641.488	-3265.225	623.7378	0.426861	0.131651	0.201558	0.23993	2.130522	1.690185	3.104635	0.2236132
4776	-2648.801	-3273.388	624.5868	0.412833	0.0581049	0.241539	0.287523	1.682078	1.875733	2.688191	0.2236132
4782	-2652.583	-3276.668	624.0849	0.353	0.194617	0.206532	0.245852	1.562443	1.841478	3.072949	0.2236132
4788	-2662.627	-3285.899	623.2723	0.412733	0.178907	0.186433	0.221927	1.621234	1.483468	3.73052	0.2236132
4794	-2647.669	-3269.375	621.7057	0.511602	0.0864815	0.231093	0.170823	1.274202	1.440814	4.817072	0.2644368
4800	-2641.816	-3265.633	623.8162	0.511602	0.0864815	0.231093	0.170823	1.612039	1.632818	3.326061	0.2073244
4806	-2637.613	-3260.336	622.7236	0.41723	0.161106	0.188465	0.233199	1.600091	1.629838	3.962591	0.1975378
4812	-2646.104	-3271.07	624.9657	0.388328	0.151058	0.248962	0.211652	0.7887876	1.692332	2.075789	2.071595
4818	-2648.576	-3274.507	625.9308	0.292426	0.141893	0.36687	0.19881	0.7887876	1.859787	1.693369	1.368266
4824	-2653.905	-3279.231	625.3257	0.319901	0.177095	0.401339	0.101665	0.8606861	1.888156	1.787519	1.804787
4830	-2644.37	-3269.358	624.9876	0.284478	0.224356	0.307712	0.183454	1.116313	1.809081	1.92207	1.759977
4836	-2640.759	-3264.812	624.0526	0.290863	0.190404	0.363041	0.155692	0.9530835	1.780721	2.164495	2.842496
4842	-2642.355	-3267.251	624.8963	0.353124	0.23476	0.250182	0.161934	1.139899	1.888069	2.035786	1.541666
4848	-2633.748	-3259.343	625.595	0.296983	0.166457	0.309726	0.226835	1.045183	1.870285	1.815622	1.246536
4854	-2640.347	-3264.465	624.1176	0.358345	0.320214	0.0477382	0.273703	2.081285	1.870285	2.012796	1.589675
4860	-2628.937	-3253.935	624.9983	0.217292	0.458774	0.0340379	0.289895	1.719365	1.810505	1.934935	1.117906
4866	-2638.404	-3260.303	621.8991	0.375639	0.179561	0.153704	0.291096	1.707383	1.785033	3.522402	1.751828
4872	-2637.982	-3259.779	621.7974	0.510963	0.133696	0.153045	0.202297	1.400853	1.687464	3.229618	3.164736
4878	-2632.207	-3254.252	622.0448	0.44725	0.1569	0.179608	0.216243	1.400853	1.530163	3.229618	3.011717
4884	-2646.165	-3265.913	619.7485	0.541493	0.146089	0.105645	0.206773	1.610083	1.546463	3.791232	5.310582
4890	-2666.605	-3290.058	623.4533	0.27582	0.30309	0.321081	0.100009	1.585475	1.644958	3.537311	0.3282279
4896	-2658.226	-3280.054	621.8274	0.378736	0.194998	0.264729	0.161536	1.874584	1.539201	4.40008	0.3113187
4902	-2670.695	-3291.55	620.855	0.502364	0.0546005	0.202949	0.240086	1.611058	1.597419	4.481844	1.322231
4908	-2645.158	-3267.216	622.0585	0.401379	0.231457	0.139326	0.227838	1.348403	1.588718	4.200291	0.842274
4914	-2645.868	-3267.15	621.282	0.471152	0.0678036	0.163545	0.2975	1.15028	1.523649	4.398903	1.556893
4920	-2644.148	-3265.047	620.8989	0.49338	0.0349818	0.190126	0.281513	1.660154	1.494281	4.381439	1.545765
4926	-2643.46	-3264.005	620.5452	0.518152	0.0842215	0.194218	0.203408	1.701226	1.532612	4.540096	1.545765
4932	-2635.313	-3256.537	621.2243	0.3267	0.22858	0.247205	0.197515	1.289609	1.487878	4.553607	1.207775
4938	-2638.591	-3258.378	619.787	0.363472	0.0411693	0.27503	0.320329	2.312036	1.415218	4.553607	2.039659
4944	-2637.434	-3260.006	622.5715	0.34203	0.286014	0.143799	0.228157	1.374246	1.671623	3.820446	0.8864602
4950	-2636.77	-3258.16	621.3895	0.367436	0.284071	0.117988	0.230505	1.599627	1.519067	4.557651	0.7346844
4956	-2637.327	-3259.699	622.3719	0.423017	0.178688	0.132923	0.265372	1.475496	1.519067	4.052508	0.7501847
4962	-2646.384	-3267.56	621.1761	0.422973	0.107571	0.130349	0.339107	2.594324	1.590922	4.142898	0.8710947
4968	-2645.891	-3266.876	620.9848	0.351577	0.258209	0.108347	0.281867	1.999779	1.599883	4.142898	1.502051
4974	-2628.034	-3248.662	620.628	0.351577	0.258209	0.108347	0.281867	2.398206	1.550542	4.603559	0.7783666
4980	-2646.486	-3267.203	620.7173	0.450228	0.233755	0.0717626	0.244254	1.247925	1.549497	4.644791	1.567973
4986	-2638.649	-3257.597	618.948	0.356588	0.357443	0.06342	0.222549	1.84409	1.484736	5.164175	2.065357
4992	-2669.109	-3289.494	620.3852	0.378798	0.194839	0.0369612	0.389402	1.749382	1.750583	4.405823	1.716282
4998	-2641.506	-3261.961	620.4548	0.498066	0.192589	0.0460123	0.263332	1.749796	1.418855	4.049808	2.999304
5004	-2653.469	-3273.911	620.4417	0.330616	0.288231	0.108963	0.27219	2.210618	1.612349	4.200354	1.836972
5010	-2644.28	-3265.134	620.8543	0.387924	0.131454	0.0743098	0.406312	1.948771	1.478272	4.011051	2.1654
5016	-2642.391	-3265.173	622.7822	0.300305	0.101763	0.241443	0.356489	1.680621	1.651218	3.086779	1.766462
5022	-2659.961	-3282.639	622.6789	0.352317	0.233373	0.26676	0.14755	1.11112	1.578471	3.400436	1.962835
5028	-2661.505	-3285.502	623.9973	0.506834	0.145661	0.223259	0.124245	1.067993	1.762691	2.474333	2.061245
5034	-2630.864	-3255.666	624.8016	0.479082	0.153858	0.235823	0.131237	1.063546	1.759532	2.128738	1.729823
5040	-2628.312	-3252.912	624.5996	0.452514	0.161705	0.24785	0.13793	0.8420956	1.786058	2.107766	2.306131
5046	-2645.276	-3269.538	624.2619	0.322701	0.256885	0.253282	0.167133	0.8806216	1.784394	2.096635	2.786048
5052	-2635.976	-3257.426	621.4496	0.730072	0.00374458	0.0814102	0.184774	1.777691	1.761541	3.06857	3.572633
5058	-2648.503	-3268.371	619.8685	0.671497	0.0188254	0.0618701	0.247808	1.976714	1.645891	4.189257	2.895887
5064	-2633.871	-3254.502	620.6309	0.412487	0.00568154	0.290851	0.29098	1.98494	1.624717	3.491695	3.718979
5070	-2635.41	-3257.382	621.9725	0.447326	0.0061614	0.21762	0.328892	1.52303	1.643962	3.239915	2.7421
5076	-2642.285	-3265.663	623.3777	0.385133	0.00162834	0.223851	0.389388	1.093825	1.719979	2.254923	3.638519
5082	-2642.891	-3263.546	620.6554	0.640649	0.00203991	0.164277	0.193034	1.572597	1.721082	2.863384	6.677141
5088	-2636.79	-3260.017	623.227	0.640682	0.00198884	0.164285	0.193044	1.81447	1.956822	2.2248	2.506449
5094	-2636.637	-3258.892	622.2545	0.559446	0.00207828	0.335936	0.10254	1.231219	1.717564	2.931229	3.461357
5100	-2659.274	-3281.066	621.7921	0.558161	0.00207351	0.335164	0.104602	1.171046	1.38743	3.757165	2.538259
5106	-2666.356	-3286.482	620.1264	0.489245	0.00229807	0.24848	0.259977	1.694377	1.564018	4.202815	2.931593
5112	-2658.723	-3284.535	625.8118	0.341098	0.119434	0.45842	0.0810475	0.9419193	1.873501	1.707506	1.287838
5118	-2665.862	-3290.157	624.2954	0.402813	0.0986473	0.321328	0.177212	0.9617265	1.751536	1.933837	3.05111
5124	-2651.559	-3275.695	624.1367	0.402813	0.0986473	0.321328	0.177212	0.8614207	1.633215	2.76787	1.704733
5130	-2627.512	-3251.568	624.0562	0.55597	0.173352	0.101455	0.169222	1.147893	1.632544	2.492267	2.014442
5136	-2644.546	-3267.095	622.5491	0.532049	0.0374924	0.327682	0.102777	1.590339	1.632544	2.89654	2.667291
5142	-2639.64	-3262.302	622.6622	0.511652	0.0273609	0.394557	0.06643	1.063423	1.504089	3.226465	2.578543
5148	-2647.183	-3270.003	622.8199	0.626428	0.0334986	0.249118	0.0909547	1.063423	1.504089	3.150855	2.532531
5154	-2644.231	-3268.998	624.767	0.419203	0.140213	0.322747	0.117837	1.558711	1.686841	2.759143	0.2621229
5160	-2648.015	-3272.819	624.8038	0.422466	0.127459	0.325259	0.124816	1.267073	1.628646	2.924816	0.2185625
5166	-2643.193	-3267.924	624.7309	0.395507	0.147513	0.227719	0.229261	1.81383	1.660214	2.664106	0.2136531
5172	-2642.098	-3266.349	624.2511	0.373294	0.168419	0.204766	0.253521	1.202653	1.691531	2.988675	0.7676352
5178	-2643.53	-3267.656	624.1262	0.294853	0.285668	0.279474	0.140005	1.112688	1.89414	2.389792	1.838462
5184	-2650.559	-3272.192	621.633	0.350854	0.159525	0.244991	0.24463	1.257008	1.504727	4.014536	1.857746
5190	-2618.433	-3241.158	622.725	0.242463	0.203374	0.225732	0.328431	1.418043	1.49229	3.255897	1.96503
5196	-2628.082	-3250.02	621.9386	0.294087	0.337794	0.144048	0.224071	1.403349	1.43652	4.328546	0.8388689
5202	-2625.146	-3245.48	620.3348	0.370959	0.10581	0.24059	0.282641	1.642795	1.470533	4.971289	1.053412
5208	-2637.627	-3258.439	620.8125	0.426351	0.157152	0.259327	0.15717	1.672472	1.572612	4.178034	1.992345
5214	-2643.917	-3265.451	621.5338	0.423939	0.10684	0.294423	0.174798	1.463422	1.533788	3.837143	2.115249
5220	-2616.158	-3237.672	621.514	0.432416	0.113189	0.311919	0.142476	1.375962	1.496304	3.782283	2.44304
5226	-2644.602	-3267.933	623.3306	0.508416	0.168286	0.15578	0.167518	0.9000518	1.725428	3.154961	1.742791
5232	-2636.36	-3261.506	625.1465	0.509036	0.103942	0.284613	0.102408	0.6835691	1.656334	2.797267	0.7498975
5238	-2661.888	-3287.268	625.3796	0.434339	0.230274	0.242848	0.0925395	0.5637161	1.626117	2.958808	0.4124999
5244	-2643.273	-3267.512	624.2388	0.420596	0.146672	0.365449	0.0672822	0.8088733	1.799432	2.331439	2.357651
5250	-2650.381	-3276.588	626.2074	0.275595	0.349741	0.291285	0.083379	0.6457719	1.646165	2.41452	0.3505925
5256	-2657.947	-3281.634	623.687	0.228795	0.288415	0.39498	0.0878101	0.5915944	1.710077	3.68145	0.7585749
5262	-2667.549	-3291.744	624.1945	0.50064	0.137455	0.0767583	0.285147	1.339757	1.526104	3.313476	0.2521054
5268	-2663.61	-3288.189	624.5788	0.276301	0.327062	0.286286	0.110351	1.002921	1.587439	3.231824	0.2078051
5274	-2639.04	-3264.38	625.3394	0.243371	0.329411	0.288341	0.138876	0.6047578	1.568261	3.03417	0.2009535
5280	-2665.715	-3291.985	626.2697	0.250063	0.338467	0.285543	0.125927	0.5597565	1.631191	2.466453	0.2584076
5286	-2646.43	-3272.159	625.7286	0.323182	0.355734	0.253604	0.0674794	0.5597565	1.827032	2.680866	0.2488121
5292	-2650.06	-3274.584	624.5242	0.33813	0.225963	0.385131	0.0507764	0.5597565	1.523141	3.571514	0.3060068
5298	-2656.633	-3281.817	625.1841	0.282209	0.23901	0.407367	0.0714146	0.5993468	1.547989	3.144879	0.3060068
5304	-2639.816	-3265.753	625.9375	0.312936	0.23973	0.387554	0.059779	0.5038774	1.714036	2.656085	0.2675501
5310	-2635.036	-3260.311	625.2746	0.24402	0.386111	0.302205	0.0676636	0.5038774	1.641691	3.088402	0.3232471
5316	-2626.265	-3252.539	626.2737	0.278588	0.317048	0.346961	0.0574036	0.5038774	1.606479	2.514225	0.2356748
5322	-2628.802	-3254.79	625.988	0.498904	0.220223	0.241	0.0398728	0.6843933	1.716104	2.506262	0.2323744
5328	-2635.599	-3262.125	626.5267	0.316262	0.247616	0.37421	0.0619119	0.7542243	1.808971	2.049604	0.2946049
5334	-2640.414	-3267.282	626.8686	0.316262	0.247616	0.37421	0.0619119	0.4187375	1.808971	2.049604	0.2132098
5340	-2638.809	-3265.991	627.1829	0.172671	0.315514	0.358238	0.153576	0.4251192	1.935359	1.732283	0.3353433
5346	-2628.15	-3253.959	625.809	0.222174	0.342654	0.335079	0.100092	0.486985	1.935359	2.039213	1.210918
5352	-2629.49	-3255.796	626.3059	0.271746	0.195986	0.409843	0.122425	0.486985	1.781507	2.264659	0.5343864
5358	-2632.557	-3256.678	624.121	0.389553	0.183528	0.312276	0.114643	0.6848251	1.676952	2.791908	1.852922
5364	-2630.657	-3254.193	623.5361	0.445458	0.0663561	0.357091	0.131096	0.7745874	1.69974	3.29248	1.409106
5370	-2652.36	-3274.936	622.5765	0.338369	0.183076	0.286921	0.191634	1.403706	1.402563	3.88166	1.016052
5376	-2653.309	-3274.017	620.7087	0.340766	0.184374	0.229698	0.245163	1.26494	1.302673	4.558939	2.065156
5382	-2658.644	-3279.723	621.0787	0.507397	0.00440516	0.181008	0.30719	1.616439	1.510824	4.251907	1.627696
5388	-2665.607	-3285.314	619.707	0.55904	0.0390972	0.161908	0.239955	1.304862	1.293892	5.093065	2.087276
5394	-2651.992	-3272.434	620.4421	0.438756	0.0867735	0.0735077	0.400962	1.268376	1.452928	5.065612	1.123092
5400	-2657.621	-3278.53	620.9094	0.561029	0.0747954	0.158134	0.206042	1.408672	1.488402	4.792694	0.981678
5406	-2643.011	-3264.942	621.9318	0.49425	0.168164	0.156069	0.181517	1.518106	1.407757	3.92385	1.519847
5412	-2637.436	-3259.577	622.141	0.584151	0.0168594	0.184456	0.214534	1.22059	1.36621	3.863901	1.766001
5418	-2653.871	-3274.04	620.169	0.546683	0.00899012	0.243553	0.200773	1.273665	1.357811	4.77326	2.194249
5424	-2661.817	-3282.707	620.8898	0.54419	0.0126701	0.198746	0.244394	1.286783	1.651794	3.902091	2.979392
5430	-2652.786	-3276.691	623.9042	0.50785	0.146516	0.11756	0.228074	0.8854861	1.698422	2.719261	1.988335
5436	-2618.263	-3241.699	623.4361	0.459346	0.0719462	0.236846	0.231861	1.13381	1.717534	2.99697	1.662215
5442	-2629.418	-3251.131	621.7128	0.487821	0.0729584	0.251528	0.187693	1.513304	1.82688	3.270668	2.79477
5448	-2633.572	-3254.694	621.1224	0.524438	0.0201515	0.253629	0.201782	1.250802	1.59442	3.270668	4.81771
5454	-2630.692	-3252.929	622.2366	0.523601	0.0217159	0.253224	0.201459	1.212248	1.540812	3.170444	3.129855
5460	-2643.959	-3266.078	622.1192	0.523603	0.0224503	0.253225	0.200722	1.771195	1.74191	2.815889	3.168834
5466	-2652.655	-3273.902	621.2475	0.56993	0.0370384	0.156136	0.236895	1.767417	1.580375	3.796002	2.194808
5472	-2653.292	-3275.724	622.4315	0.555957	0.0419096	0.171177	0.230956	1.231359	1.437171	3.769921	1.514653
5478	-2643.417	-3266.904	623.4865	0.487486	0.0590784	0.260437	0.192998	1.231359	1.725647	3.069745	1.345961
5484	-2640.51	-3262.572	622.0621	0.545152	0.129131	0.161931	0.163786	1.255464	1.634221	3.774487	1.684108
5490	-2664.932	-3287.983	623.0512	0.515134	0.228708	0.0701276	0.186031	1.114925	1.547231	3.365425	1.60492
5496	-2643.13	-3266.122	622.9915	0.420615	0.234453	0.193034	0.151897	1.366039	1.507182	3.708871	0.8336186
5502	-2647.14	-3268.915	621.7753	0.425974	0.23744	0.0973173	0.239268	2.080487	1.659439	4.016477	0.7844964
5508	-2636.531	-3257.572	621.041	0.483828	0.0542018	0.385967	0.0760026	1.490422	1.587389	4.016477	2.258582
5514	-2634.264	-3256.268	622.0041	0.409855	0.0718704	0.326956	0.191319	1.384104	1.587389	3.581472	2.099461
5520	-2661.424	-3288.897	627.4726	0.453514	0.158877	0.359043	0.0285663	0.4471375	2.003263	1.47357	0.2171145
5526	-2656.136	-3283.65	627.5141	0.468504	0.156133	0.360543	0.0148197	0.431172	2.112425	1.357242	0.1962885
5532	-2644.642	-3272.352	627.7106	0.469922	0.187909	0.293154	0.0490148	0.4217091	2.100672	1.22956	0.2308034
5538	-2649.958	-3277.592	627.634	0.474412	0.158774	0.232402	0.134413	0.3842054	2.100672	1.30892	0.2055671
5544	-2648.075	-3275.641	627.5664	0.431101	0.153619	0.352362	0.0629186	0.4892378	2.076533	1.30892	0.2109566
5550	-2632.588	-3260.034	627.446	0.449651	0.160229	0.367525	0.0225947	0.4423141	2.076533	1.442228	0.2190905
5556	-2633.576	-3260.91	627.3338	0.352987	0.340761	0.288515	0.0177374	0.4423141	2.047574	1.54334	0.2072627
5562	-2647.211	-3274.27	627.0584	0.259045	0.255969	0.422963	0.0620231	0.6367285	1.947101	1.673105	0.2072627
5568	-2654.373	-3281.692	627.3196	0.441714	0.149504	0.343196	0.0655855	0.4091673	1.953688	1.643718	0.2072627
5574	-2652.924	-3271.894	618.9701	0.408054	0.0468048	0.319029	0.226112	1.665617	1.42142	4.392607	4.848632
5580	-2634	-3255.478	621.4782	0.521955	0.202796	0.142432	0.132817	1.529882	1.658499	3.991029	1.608922
5586	-2649.371	-3269.314	619.9426	0.386877	0.323455	0.211176	0.078492	1.063408	1.33214	5.215107	1.742067
5592	-2637.885	-3257.421	619.536	0.423477	0.244406	0.159566	0.172551	1.530236	1.442796	5.269165	1.46733
5598	-2648.062	-3269.316	621.2539	0.521567	0.20113	0.0647835	0.212519	1.348224	1.469067	4.696238	0.8848484
5604	-2660.227	-3287.43	627.2023	0.353482	0.161858	0.297751	0.18691	0.4247424	1.78277	1.83722	0.2090249
5610	-2639.595	-3260.364	620.7687	0.509065	0.139173	0.080799	0.270963	1.755398	1.581279	3.665626	3.322946
5616	-2639.31	-3261.251	621.9414	0.491875	0.128147	0.130482	0.249497	1.957651	1.69659	3.086512	2.565588
5622	-2662.837	-3283.059	620.2222	0.336862	0.249617	0.185917	0.227604	1.329758	1.785163	3.697064	4.610432
5628	-2649.014	-3271.439	622.4246	0.484228	0.154504	0.0942471	0.267021	1.700174	1.503071	2.8681	3.006741
5634	-2647.035	-3268.541	621.5067	0.434822	0.208547	0.177253	0.179378	1.485031	1.630596	3.500896	2.850079
5640	-2655.243	-3280.214	624.9705	0.407167	0.226172	0.172451	0.194209	1.135539	1.739202	2.33896	1.113877
5646	-2653.21	-3278.707	625.4969	0.430075	0.131889	0.20213	0.235905	1.080038	1.896711	1.724524	1.432341
5652	-2644.735	-3267.122	622.3869	0.297257	0.222458	0.221627	0.258659	1.760408	1.804312	2.838725	2.584514
5658	-2657.641	-3281.701	624.06	0.394324	0.143726	0.26517	0.196779	0.9207344	1.764363	2.748917	1.602448
5664	-2633.922	-3257.06	623.1382	0.443071	0.249008	0.157976	0.149944	1.235405	1.718425	2.779507	2.413072
5670	-2649.895	-3276.731	626.8367	0.249388	0.158631	0.515332	0.0766494	1.025798	1.930537	1.547366	0.1967656
5676	-2668.917	-3295.336	626.4196	0.456491	0.143605	0.270586	0.129319	1.493693	1.930537	1.547366	0.2232423
5682	-2658.981	-3285.57	626.5894	0.297871	0.23958	0.378165	0.0843839	1.306305	2.092432	1.426384	0.2606092
5688	-2643.118	-3270.127	627.0082	0.285748	0.187733	0.362774	0.163745	1.019919	2.038125	1.349184	0.2916845
5694	-2635.943	-3262.695	626.752	0.393915	0.175017	0.275314	0.155755	1.270878	2.060823	1.349184	0.240164
5700	-2641.188	-3267.911	626.7225	0.491849	0.166562	0.150771	0.190819	1.204885	1.933555	1.505857	0.2043641
5706	-2655.597	-3282.399	626.8019	0.511541	0.0842471	0.156807	0.247405	1.111304	1.984563	1.457116	0.1809924
5712	-2649.088	-3269.833	620.7449	0.374813	0.121369	0.333654	0.170164	1.434382	1.550023	3.746169	3.662277
5718	-2659.55	-3281.395	621.8443	0.472926	0.121363	0.283212	0.122499	1.147351	1.694731	3.088245	3.936854
5724	-2666.068	-3288.159	622.091	0.282071	0.0239556	0.595947	0.0980259	1.113355	1.6458	3.701459	1.964462
5730	-2660.16	-3285.41	625.2498	0.48546	0.114753	0.372917	0.0268701	1.28895	1.555185	2.676079	0.1954763
5736	-2647.703	-3273.571	625.8676	0.41859	0.124394	0.362015	0.0950018	1.137069	1.689497	2.308237	0.236009
5742	-2645.259	-3270.981	625.7222	0.322724	0.211599	0.281073	0.184604	1.280757	1.790577	2.247694	0.2233757
5748	-2634.597	-3261.057	626.4606	0.380054	0.249189	0.331005	0.0397515	0.9121462	1.760698	2.018322	0.2867633
5754	-2637.709	-3262.546	624.837	0.302691	0.323582	0.313372	0.060355	1.719096	1.760698	2.585388	0.2867633
5760	-2647.375	-3272.776	625.4007	0.416958	0.186101	0.236002	0.160939	1.097693	1.745201	2.585388	0.2966813
5766	-2653.258	-3279.567	626.3098	0.300077	0.176842	0.393432	0.129649	0.5347072	1.645713	2.44847	0.2483221
5772	-2641.55	-3267.101	625.5514	0.300141	0.17688	0.393516	0.129462	1.440253	1.764631	2.281731	0.2226334
5778	-2639.001	-3264.015	625.0138	0.444339	0.087205	0.337194	0.131262	1.902242	1.750974	2.385989	0.2080435
5784	-2636.265	-3261.896	625.6307	0.374513	0.238306	0.278692	0.108489	1.037529	1.759675	2.468416	0.3019378
5790	-2655.642	-3279.97	624.3276	0.272053	0.184304	0.453739	0.0899043	0.6377379	1.623069	3.54757	0.3903732
5796	-2662.562	-3287.392	624.8298	0.29995	0.203203	0.446632	0.0502139	0.5884975	1.457365	3.412746	0.3108177
5802	-2662.942	-3285.078	622.1365	0.372404	0.254911	0.311913	0.0607719	0.8816523	1.496737	4.496942	0.7852664
5808	-2649.811	-3273.333	623.5222	0.398447	0.170653	0.359525	0.0713752	0.9426923	1.679236	3.402599	1.059085
5814	-2657.477	-3278.373	620.8966	0.337109	0.112244	0.329459	0.221187	1.361153	1.66304	4.550303	1.308578
5820	-2651.159	-3271.462	620.3033	0.500803	0.045652	0.152107	0.301439	1.737386	1.461341	4.209051	2.737569
5826	-2660.038	-3281.543	621.5044	0.477278	0.0229625	0.175391	0.324369	2.152698	1.717525	3.817124	1.29924
5832	-2658.173	-3278.874	620.701	0.558492	0.00408522	0.22759	0.209833	1.814396	1.678717	4.153006	1.907269
5838	-2628.228	-3249.012	620.7843	0.528341	0.00837645	0.266265	0.197017	1.53461	1.643721	4.153006	2.150373
5844	-2643.283	-3261.826	618.5436	0.398932	0.00587888	0.201048	0.394142	1.920285	1.523657	5.233485	2.31845
5850	-2633.327	-3252.868	619.5413	0.427019	0.0110614	0.204875	0.357044	1.562343	1.61939	4.856496	2.141021
5856	-2622.042	-3241.384	619.3422	0.426326	0.0268619	0.190348	0.356464	1.93666	1.577834	4.929107	1.886425
5862	-2643.256	-3263.153	619.8976	0.423077	0.0888704	0.297012	0.191041	1.565556	1.464571	4.890775	1.790662
5868	-2666.771	-3285.808	619.0361	0.34421	0.116065	0.241645	0.29808	2.016532	1.451674	5.357717	1.401316
5874	-2657.376	-3277.273	619.8978	0.433949	0.172797	0.294848	0.0984064	2.004979	1.43313	4.636474	1.966674
5880	-2683.197	-3308.212	625.0157	0.323904	0.284239	0.324487	0.0673702	0.421137	1.502998	3.382872	0.2663334
5886	-2682.631	-3307.592	624.9608	0.422575	0.14418	0.42193	0.0113147	0.4823971	1.368458	3.460553	0.261505
5892	-2663.56	-3286.002	622.442	0.402034	0.164366	0.422276	0.0113239	0.5297611	1.335991	4.504615	0.9898965
5898	-2658.745	-3283.113	624.3677	0.506375	0.198181	0.276876	0.0185676	0.5944735	1.677402	3.559363	0.2642696
5904	-2636.566	-3262.404	625.8381	0.311146	0.280161	0.389609	0.0190845	0.538254	1.764261	2.654195	0.3159653
5910	-2651.794	-3278.045	626.2508	0.401717	0.243325	0.338383	0.0165753	0.6296955	1.677768	2.402898	0.2592618
5916	-2653.431	-3279.624	626.1927	0.258978	0.30108	0.410167	0.0297738	0.5221899	1.652835	2.523733	0.2313586
5922	-2636.281	-3262.548	626.2675	0.29914	0.37116	0.285995	0.0437051	0.3823096	1.73773	2.496545	0.3106927
5928	-2646.104	-3273.028	626.9244	0.325604	0.26532	0.379275	0.0298009	0.4012483	1.871567	1.964253	0.3428106
5934	-2643.52	-3270.115	626.5957	0.30985	0.234058	0.402427	0.0536655	0.6130908	1.773674	2.126354	0.2915865
5940	-2644.643	-3270.639	625.9965	0.261672	0.261343	0.391341	0.0856439	0.4101488	1.792925	2.374332	0.7222625
5946	-2660.533	-3285.739	625.2058	0.275916	0.320996	0.365478	0.0376094	0.4101488	1.746109	3.097345	0.3784257
5952	-2640.655	-3263.449	622.794	0.210284	0.313458	0.407339	0.0689182	0.4864568	1.399983	4.658468	0.3405936
5958	-2642.484	-3264.129	621.6449	0.254748	0.365667	0.265197	0.114388	0.4636312	1.563208	4.836	1.033684
5964	-2638.244	-3262.658	624.4143	0.182479	0.42677	0.362088	0.0286635	0.4608547	1.705584	3.549341	0.4005768
5970	-2629.108	-3252.832	623.7241	0.187087	0.434603	0.354527	0.0237829	0.6551826	1.481664	3.961802	0.4005768
5976	-2628.189	-3251.925	623.7367	0.226412	0.343611	0.401194	0.028782	0.6885913	1.655011	3.807914	0.4528119
5982	-2631.26	-3256.913	625.6533	0.267613	0.257574	0.363962	0.110851	0.6855869	1.494618	2.848852	0.256918
5988	-2662.805	-3285.408	622.6027	0.254471	0.306863	0.284281	0.154385	1.106918	1.504216	4.364782	0.2822674
5994	-2648.392	-3271.038	622.646	0.423333	0.328163	0.178729	0.0697747	1.46856	1.321142	4.257371	0.2336792
6000	-2637.046	-3260.749	623.703	0.255833	0.357238	0.207032	0.179897	1.199814	1.620876	3.12781	1.152806
6006	-2638.638	-3261.745	623.1069	0.27037	0.377537	0.161974	0.19012	0.7778541	1.490422	3.44665	1.857417
6012	-2644.323	-3265.882	621.5588	0.445423	0.312551	0.128415	0.113612	1.840018	1.543392	3.954624	1.427572
6018	-2668.845	-3290.363	621.5182	0.300965	0.44178	0.0894255	0.167829	1.123079	1.412222	4.863545	0.6024043
6024	-2643.167	-3263.99	620.8221	0.254736	0.470996	0.0953395	0.178928	1.47337	1.446365	4.850554	0.9507635
6030	-2629.529	-3252.172	622.6432	0.242397	0.534921	0.00951857	0.213164	1.022045	1.408077	4.182661	0.781289
6036	-2639.488	-3261.303	621.8149	0.513593	0.268047	0.0691035	0.149256	1.01849	1.642593	3.596244	2.769188
6042	-2648.549	-3271.882	623.3332	0.466767	0.131791	0.148363	0.253079	1.834006	1.811336	2.598283	1.729959
6048	-2655.87	-3278.842	622.972	0.417807	0.117968	0.237692	0.226534	1.834006	1.621352	3.210005	1.201845
6054	-2649.217	-3270.058	620.8415	0.486996	0.0392928	0.242549	0.231162	1.636168	1.642746	3.98824	2.359374
6060	-2603.961	-3225.383	621.4219	0.478066	0.0598663	0.10987	0.352198	1.636168	1.53361	3.667041	2.488089
6066	-2632.902	-3253.761	620.8593	0.438792	0.117699	0.135906	0.307604	1.636168	1.585962	4.267618	1.750349
6072	-2629.042	-3251.481	622.4397	0.466539	0.125142	0.0812632	0.327056	1.204479	1.430217	3.61733	1.866934
6078	-2658.867	-3280.922	622.0554	0.476871	0.1336	0.0761324	0.313397	2.67342	1.463583	3.157244	1.866934
6084	-2650.636	-3272.624	621.9876	0.333183	0.16912	0.209008	0.288689	1.240514	1.452618	3.820771	1.923679
6090	-2656.239	-3281.814	625.5749	0.324339	0.319583	0.275476	0.0806025	0.4210653	1.598083	2.991854	0.220883
6096	-2650.066	-3274.573	624.507	0.201501	0.428825	0.319599	0.0500755	0.4210653	1.505326	3.669634	0.20461
6102	-2627.117	-3250.86	623.7431	0.402169	0.205543	0.083363	0.308924	1.302957	1.583438	3.078565	1.136333
6108	-2629.311	-3250.913	621.6028	0.272399	0.268242	0.250118	0.209242	1.463562	1.531331	4.310925	1.05512
6114	-2638.045	-3258.664	620.6187	0.416212	0.115141	0.0507067	0.41794	2.250442	1.666747	3.928867	2.123629
6120	-2645.495	-3267.173	621.6782	0.296033	0.370639	0.0360655	0.297262	1.905217	1.477888	3.970084	1.281541
6126	-2649.777	-3271.503	621.7256	0.209909	0.455112	0.025573	0.309406	1.094026	1.374019	4.501428	1.093254
6132	-2629.316	-3252.766	623.4499	0.319586	0.32956	0.0122218	0.338632	1.439198	1.625911	3.078395	1.273144
6138	-2624.347	-3247.491	623.1439	0.394145	0.24395	0.0941387	0.267767	1.562206	1.706519	2.997488	1.560904
6144	-2632.21	-3255.827	623.6165	0.290102	0.209133	0.256109	0.244657	0.8672551	1.653961	2.974344	1.897172
6150	-2639.549	-3261.801	622.2526	0.35106	0.112486	0.434273	0.102182	1.60216	1.463387	3.739343	1.375101
6156	-2634.131	-3255.011	620.8801	0.47367	0.151772	0.236688	0.13787	1.138786	1.439611	4.433749	2.110259
6162	-2662.876	-3282.956	620.0795	0.351672	0.370241	0.175727	0.10236	2.041799	1.567283	4.433749	1.989642
6168	-2644.954	-3265.781	620.8274	0.495565	0.0371985	0.10708	0.360156	1.590157	1.54303	3.746089	3.280478
6174	-2653.157	-3275.362	622.2044	0.379108	0.135561	0.127429	0.357901	1.60889	1.586826	3.464537	1.844167
6180	-2637.886	-3259.464	621.5778	0.495991	0.0599871	0.116583	0.327439	1.740117	1.627402	3.805372	1.70693
6186	-2644.216	-3264.865	620.6482	0.497067	0.139409	0.0766465	0.286878	1.805596	1.692683	3.805372	2.859226
6192	-2660.561	-3282.117	621.5559	0.41901	0.0412009	0.397083	0.142707	2.063597	1.824471	3.623679	1.573927
6198	-2659.267	-3281.008	621.7408	0.496552	0.0488255	0.196043	0.25858	1.784685	1.891621	3.617825	1.540667
6204	-2667.133	-3287.766	620.633	0.575834	0.00441218	0.189869	0.229884	1.308234	1.431793	4.419659	2.279733
6210	-2651.324	-3272.551	621.2274	0.454682	0.0182465	0.229744	0.297328	1.050756	1.399977	3.999814	2.926903
6216	-2646.829	-3267.784	620.955	0.579749	0.0232655	0.292939	0.104046	1.099387	1.333815	4.406642	2.273826
6222	-2651.618	-3268.761	617.1429	0.458548	0.0643037	0.374926	0.102222	1.203124	1.51928	4.364139	11.77332
6228	-2619.032	-3240.034	621.0026	0.474556	0.111904	0.227789	0.185751	1.213788	1.516788	3.920452	3.07674
6234	-2645.459	-3268.514	623.0555	0.500666	0.0566269	0.161194	0.281513	1.202001	1.710599	2.318083	3.886532
6240	-2635.669	-3259.184	623.5151	0.400304	0.152944	0.259858	0.186894	1.435916	1.646642	2.916171	1.482506
6246	-2647.892	-3269.665	621.773	0.441423	0.168655	0.183829	0.206092	1.056446	1.717209	2.916171	4.832849
6252	-2666.321	-3290.774	624.4527	0.350151	0.0994061	0.300326	0.250117	1.099225	1.534022	2.972774	0.8454735
6258	-2648.047	-3271.7	623.653	0.324164	0.0543136	0.427814	0.193709	0.8522293	1.605072	3.012062	1.85219
6264	-2638.273	-3261.88	623.6067	0.457004	0.0221873	0.412698	0.10811	0.9293108	1.566011	3.069181	1.739557
6270	-2629.292	-3252.851	623.5588	0.263693	0.171943	0.34417	0.220194	0.6170539	1.58866	3.335802	1.620181
6276	-2638.562	-3260.885	622.3226	0.426784	0.129117	0.118653	0.325446	1.403553	1.549586	3.422472	2.064831
6282	-2631.14	-3253.513	622.3723	0.512315	0.0549601	0.155203	0.277522	1.31191	1.612888	3.404617	2.064831
6288	-2667.387	-3287.658	620.2706	0.460436	0.0612292	0.228917	0.249418	1.323873	1.621711	4.205204	3.121101
6294	-2631.623	-3253.614	621.991	0.487916	0.0648836	0.2605	0.1867	1.952399	1.794431	3.166002	2.162411
6300	-2640.193	-3263.112	622.9195	0.321142	0.23947	0.165448	0.273939	1.25768	1.603605	3.166002	1.953424
6306	-2644.987	-3266.164	621.1778	0.491905	0.220105	0.0362018	0.251787	1.33107	1.59359	3.538011	3.61517
6312	-2646.836	-3266.621	619.7849	0.65836	0.0243239	0.100891	0.216425	1.62184	1.630332	4.420848	2.848948
6318	-2680.884	-3301.594	620.7105	0.52654	0.0472354	0.0744622	0.351763	2.012459	1.58623	4.288084	1.528253
6324	-2655.258	-3274.852	619.5941	0.445091	0.102722	0.167725	0.284462	2.808431	1.654858	4.64345	1.384451
6330	-2645.841	-3266.124	620.2833	0.489006	0.0141912	0.184274	0.312529	1.629638	1.522803	4.14856	2.986477
6336	-2647.371	-3267.659	620.2877	0.408042	0.0641475	0.137468	0.390342	1.714053	1.552239	3.943158	3.432973
6342	-2654.726	-3276.764	622.0384	0.455882	0.132047	0.0650895	0.346982	1.714053	1.68367	3.930933	0.9245902
6348	-2650.304	-3272.142	621.8384	0.392056	0.186108	0.0753329	0.346503	1.569474	1.68367	3.647265	1.829176
6354	-2651.212	-3272.355	621.1437	0.293802	0.103379	0.343155	0.259664	1.936138	1.64529	3.900049	1.829176
6360	-2660.157	-3281.291	621.1342	0.282639	0.189096	0.276226	0.252038	1.784612	1.525446	4.18818	1.515648
6366	-2666.722	-3291.366	624.6446	0.203558	0.257108	0.449547	0.0897866	0.454151	1.525446	3.569425	0.2470945
6372	-2662.165	-3285.737	623.5719	0.367468	0.158449	0.464064	0.0100179	0.6046437	1.540588	4.063029	0.3617295
6378	-2667.858	-3292.829	624.9709	0.34444	0.14852	0.49765	0.00939015	0.7030581	1.879101	2.998274	0.3383679
6384	-2657.554	-3282.98	625.4252	0.401417	0.131426	0.363735	0.103422	0.5028253	1.51328	3.089318	0.2559924
6390	-2651.281	-3276.138	624.8571	0.426088	0.0953913	0.38609	0.0924313	0.9572741	1.565727	3.114551	0.2559924
6396	-2658.674	-3282.433	623.7595	0.324711	0.112455	0.425307	0.137527	1.0689	1.469072	3.748761	0.2559924
6402	-2658.616	-3282.746	624.1305	0.33683	0.0793286	0.441181	0.14266	0.7506761	1.50421	3.167347	1.230909
6408	-2672.046	-3296.912	624.8657	0.195664	0.393136	0.256281	0.154918	0.5549036	1.650652	3.248108	0.4273771
6414	-2663.287	-3288.176	624.8889	0.261011	0.18968	0.434014	0.115294	0.5549036	1.650652	2.781478	1.170803
6420	-2646.584	-3272.314	625.7299	0.23346	0.275215	0.388201	0.103124	0.5127738	1.86575	1.988985	1.429065
6426	-2646.332	-3270.079	623.747	0.340417	0.0668465	0.392897	0.19984	1.148339	1.80586	2.472889	2.24335
6432	-2654.274	-3278.512	624.2387	0.299966	0.0274609	0.480283	0.19229	1.148339	1.724439	2.173092	2.329199
6438	-2659.365	-3283.289	623.924	0.509258	0.02587	0.109123	0.355748	1.831028	1.663134	2.407827	1.566045
6444	-2662.727	-3285.848	623.121	0.385227	0.124754	0.220914	0.269105	1.318796	1.663134	3.161128	1.567875
6450	-2656.864	-3281.121	624.2564	0.339774	0.136984	0.235892	0.28735	1.044896	1.717721	2.462623	1.834532
6456	-2660.379	-3285.273	624.8938	0.400159	0.18996	0.183429	0.226452	1.269949	1.717721	2.462623	0.8893472
6462	-2665.515	-3288.236	622.7209	0.435697	0.20683	0.110911	0.246562	1.399275	1.809739	3.343875	1.419519
6468	-2651.238	-3274.153	622.9152	0.38181	0.0207387	0.364863	0.232589	1.121442	1.487459	3.421468	1.718897
6474	-2653.026	-3274.575	621.5489	0.465974	0.0595182	0.283607	0.190901	1.173317	1.478729	4.088324	1.934613
6480	-2649.537	-3271.033	621.4966	0.618943	0.0293434	0.148929	0.202785	1.245439	1.525221	3.574235	3.193379
6486	-2654.353	-3275.665	621.312	0.466436	0.175889	0.204857	0.152819	1.463154	1.562962	4.373876	1.208971
6492	-2655.431	-3276.038	620.6076	0.37785	0.294856	0.165951	0.161343	1.183952	1.427203	5.108592	0.9826836
6498	-2651.95	-3271.095	619.1448	0.412327	0.208293	0.203316	0.176065	1.303247	1.42081	5.512619	1.670865
6504	-2672.875	-3295.829	622.9549	0.226856	0.429086	0.340233	0.00382497	0.45741	1.479641	4.256351	0.8476914
6510	-2679.037	-3301.331	622.2948	0.383167	0.181162	0.430329	0.00534248	0.6871676	1.50474	4.740699	0.3933483
6516	-2631.761	-3256.205	624.4437	0.394332	0.285341	0.297473	0.0228549	1.129648	1.563998	3.217054	0.3933483
6522	-2655.366	-3280.188	624.8221	0.277956	0.243035	0.406376	0.0726331	0.6510829	1.668274	3.219461	0.396915
6528	-2637.515	-3262.095	624.5802	0.292914	0.211472	0.37866	0.116954	0.9506405	1.506423	3.219461	0.4953324
6534	-2668.049	-3290.608	622.5594	0.265863	0.289325	0.343691	0.101121	0.7327751	1.642873	3.826787	1.593954
6540	-2656.78	-3279.759	622.9789	0.322789	0.267697	0.21056	0.198954	1.336637	1.627772	3.613417	0.9144369
6546	-2661.362	-3286.418	625.0553	0.322789	0.267697	0.21056	0.198954	0.5817832	1.663579	3.171493	0.263246
6552	-2660.524	-3286.305	625.7809	0.182975	0.442408	0.330515	0.0441015	0.5696721	1.620405	2.71246	0.4170586
6558	-2657.985	-3284.084	626.0985	0.180392	0.443806	0.33156	0.044241	0.3490694	1.726791	2.611393	0.3448268
6564	-2662.796	-3287.671	624.8754	0.184888	0.321802	0.447966	0.0453436	0.4114834	1.572207	3.072933	0.9153861
6570	-2655.014	-3278.676	623.6618	0.283821	0.259502	0.360931	0.0957463	1.009432	1.508393	3.651359	0.611426
6576	-2653.48	-3275.672	622.1916	0.354077	0.323738	0.202738	0.119447	0.7600492	1.33317	4.081855	1.844631
6582	-2654.811	-3275.556	620.745	0.375339	0.132983	0.318292	0.173387	1.095147	1.539527	5.012467	0.9915246
6588	-2643.45	-3263.356	619.9053	0.268939	0.378925	0.163256	0.188879	1.610726	1.479678	5.012467	1.454971
6594	-2646.878	-3268.28	621.4015	0.456285	0.166436	0.303355	0.0739243	0.7625909	1.368987	4.198499	2.612866
6600	-2644.354	-3266.277	621.9226	0.28772	0.435243	0.191286	0.0857514	1.129368	1.406696	4.441736	0.9347732
6606	-2625.928	-3247.933	622.0052	0.300999	0.427128	0.18772	0.0841528	0.4234349	1.611316	4.441736	1.38689
6612	-2629.772	-3253.292	623.5204	0.173076	0.486897	0.247663	0.0923633	0.5539397	1.657695	3.808922	0.7940339
6618	-2599.626	-3223.811	624.1853	0.1293	0.4887	0.264376	0.117624	0.5661828	1.767319	3.205876	1.035347
6624	-2624.811	-3246.94	622.1292	0.223507	0.506935	0.0969146	0.172643	0.499096	1.532591	4.648408	0.8826523
6630	-2622.098	-3243.81	621.7124	0.132471	0.536203	0.170188	0.161138	0.7988937	1.561856	4.67466	0.9089275
6636	-2642.967	-3265.461	622.4939	0.267555	0.18181	0.415678	0.134956	0.8010174	1.481704	4.303618	0.8659252
6642	-2633.143	-3255.117	621.9745	0.255707	0.329388	0.272249	0.142656	0.7243844	1.515771	4.256448	1.556014
6648	-2636.588	-3257.374	620.7863	0.234054	0.514629	0.101685	0.149632	1.660739	1.539343	4.592641	1.201671
6654	-2652.46	-3272.278	619.8178	0.237764	0.451412	0.0624749	0.248348	2.016781	1.577049	4.252518	2.859859
6660	-2646.953	-3269.745	622.7924	0.367158	0.283913	0.0746993	0.27423	1.630972	1.781759	3.198819	1.423226
6666	-2642.452	-3262.779	620.3262	0.457225	0.108045	0.0930239	0.341706	1.775844	1.763307	3.879445	3.102215
6672	-2643.003	-3262.497	619.4937	0.488484	0.105582	0.142565	0.26337	1.43587	1.763307	3.514305	7.079491
6678	-2633.095	-3253.264	620.1691	0.404413	0.228216	0.118029	0.249343	1.127456	1.661317	3.785673	5.091356
6684	-2628.669	-3247.84	619.1711	0.431805	0.243674	0.126023	0.198498	1.604882	1.528935	4.762882	3.047003
6690	-2630.471	-3250.932	620.4601	0.190291	0.273647	0.225554	0.310508	1.672685	1.510981	4.398662	2.024523
6696	-2637.862	-3260.624	622.7624	0.24896	0.503016	0.130716	0.117308	0.8335287	1.628558	3.141975	2.814939
6702	-2632.327	-3254.807	622.4799	0.423315	0.254571	0.122651	0.199463	1.660292	1.660181	3.267914	1.772522
6708	-2625.929	-3249.32	623.3911	0.463221	0.250837	0.120852	0.165089	1.103036	1.682305	2.787781	2.262117
6714	-2641.402	-3263.472	622.0698	0.264173	0.184851	0.301432	0.249544	1.909755	1.618038	4.044576	0.6199463
6720	-2645.098	-3266.835	621.7374	0.383944	0.105702	0.250512	0.259842	1.371691	1.641558	4.264427	0.973305
6726	-2652.122	-3275.829	623.7075	0.441294	0.167375	0.188863	0.202468	1.151253	1.70904	3.099257	1.154311
6732	-2653.658	-3277.184	623.5255	0.37948	0.108786	0.17333	0.338403	1.140175	1.796552	2.487446	2.559568
6738	-2664.762	-3288.193	623.4302	0.21384	0.248124	0.21412	0.323916	1.829374	1.694674	2.639695	1.67616
6744	-2645.132	-3269.528	624.3952	0.308617	0.376083	0.107595	0.207705	1.601245	1.864284	2.639695	0.6757094
6750	-2641.194	-3264.884	623.6904	0.300282	0.397077	0.115787	0.186855	2.27418	1.693176	2.860172	0.6757094
6756	-2628.587	-3253.051	624.4645	0.513282	0.206929	0.136495	0.143294	1.639122	1.726828	2.73126	0.5689181
6762	-2645.001	-3268.341	623.3407	0.405422	0.137205	0.135269	0.322104	1.666157	1.871782	2.911397	1.218044
6768	-2672.214	-3295.677	623.4624	0.369015	0.237645	0.0475738	0.345766	1.666157	1.762788	2.534471	1.929543
6774	-2651.297	-3273.966	622.6692	0.213451	0.433093	0.0867001	0.266756	1.666157	1.744085	3.112812	1.751887
6780	-2648.354	-3271.175	622.8212	0.132779	0.440462	0.242528	0.184231	1.429083	1.694828	3.594218	0.9548819
6786	-2649.112	-3270.949	621.8368	0.301205	0.315846	0.159983	0.222967	1.953908	1.766071	3.994816	0.7507048
6792	-2638.718	-3259.867	621.1494	0.407828	0.0741511	0.159953	0.358069	2.023139	1.603911	3.757621	2.116811
6798	-2666.05	-3288.774	622.7239	0.486048	0.0907645	0.221011	0.202177	1.102178	1.658452	3.566767	1.468761
6804	-2653.81	-3276.658	622.8477	0.402569	0.246306	0.104381	0.246745	1.239895	1.67972	3.405573	1.468761
6810	-2655.897	-3278.204	622.307	0.430686	0.132536	0.301271	0.135508	1.203168	1.630516	3.920842	1.177133
6816	-2651.667	-3275.496	623.8295	0.382289	0.230014	0.267417	0.12028	1.012614	1.429661	3.718508	0.3994934
6822	-2646.394	-3270.482	624.0881	0.522228	0.0426428	0.108397	0.326733	1.169791	1.506706	2.93063	1.244832
6828	-2633.93	-3256.995	623.0647	0.490877	0.117902	0.101889	0.289331	1.448755	1.581839	3.347431	1.237199
6834	-2648.952	-3269.651	620.6996	0.314187	0.15882	0.13725	0.389743	1.787266	1.696262	4.145646	1.931134
6840	-2637.979	-3258.767	620.7877	0.353488	0.160253	0.170505	0.315754	2.406384	1.692271	4.145646	1.287938
6846	-2635.232	-3256.865	621.6335	0.479815	0.260387	0.0572711	0.202527	1.573301	1.563722	4.308705	0.9026033
6852	-2630.494	-3251.563	621.0683	0.273205	0.351576	0.116398	0.25882	1.885294	1.608801	4.308705	1.173498
6858	-2620.113	-3242.416	622.3031	0.452364	0.19055	0.184962	0.172124	1.986104	1.716937	3.660051	0.8852667
6864	-2631.099	-3255.385	624.2861	0.394492	0.104736	0.365088	0.135685	1.188308	1.716937	2.97877	0.7388887
6870	-2643.26	-3267.604	624.3444	0.395834	0.15744	0.36633	0.0803959	1.261899	1.594355	3.22589	0.2362776
6876	-2630.09	-3255.673	625.5834	0.32259	0.169371	0.416609	0.0914303	1.167503	1.725512	2.444703	0.2829724
6882	-2639.882	-3265.045	625.1629	0.37671	0.156851	0.322619	0.14382	0.8896964	1.720484	2.803468	0.4530456
6888	-2641.687	-3264.769	623.0818	0.480263	0.076457	0.181774	0.261506	1.461727	1.700829	3.10851	1.523969
6894	-2641.563	-3264.319	622.7558	0.387382	0.0539275	0.371711	0.18698	1.485714	1.52554	3.194354	1.939804
6900	-2666.515	-3288.791	622.2758	0.464691	0.0553372	0.270091	0.209881	1.393441	1.505061	3.492979	2.037468
6906	-2665.891	-3289.041	623.15	0.421221	0.0743141	0.314217	0.190247	1.182197	1.607121	3.494567	1.112085
6912	-2647.929	-3271.269	623.3396	0.393973	0.147478	0.355581	0.102968	1.021708	1.438122	3.727716	0.8469752
6918	-2661.15	-3284.673	623.5234	0.370688	0.128816	0.334565	0.165931	0.9676791	1.47561	3.746863	0.6567655
6924	-2653.782	-3276.635	622.8531	0.187338	0.429329	0.349233	0.0340998	0.7950799	1.649878	3.542564	1.746053
6930	-2639.3	-3260.564	621.2643	0.229277	0.302488	0.426582	0.0416523	0.8101146	1.305182	4.631312	1.756354
6936	-2666.725	-3287.427	620.7018	0.370732	0.0585232	0.43665	0.134095	1.262706	1.398645	4.240803	2.766344
6942	-2655.997	-3277.779	621.7821	0.402038	0.0488005	0.364108	0.185054	1.383377	1.440917	3.883165	1.895417
6948	-2646.918	-3268.339	621.4206	0.367097	0.131468	0.332464	0.168971	1.465992	1.553834	4.140961	1.554879
6954	-2658.054	-3279.158	621.1041	0.355376	0.222495	0.250036	0.172092	1.323445	1.553834	4.392042	1.554879
6960	-2648.374	-3272.777	624.403	0.312284	0.223056	0.292134	0.172526	1.303467	1.704068	3.072404	0.3689399
6966	-2649.141	-3275.147	626.006	0.333607	0.260774	0.356657	0.0489609	0.7871572	1.751102	2.375339	0.3633368
6972	-2642.23	-3269.303	627.0724	0.332546	0.180296	0.449532	0.0376266	0.6888147	1.965579	1.551319	0.4185931
6978	-2654.513	-3280.845	626.3323	0.324014	0.293891	0.234969	0.147126	0.8006566	1.826482	2.109431	0.3594681
6984	-2637.395	-3262.622	625.2269	0.218075	0.392356	0.193149	0.196419	0.8006566	1.826482	2.563633	0.7555389
6990	-2636.511	-3260.007	623.4956	0.336897	0.3037	0.178193	0.18121	1.570321	1.708864	3.161506	0.8832889
6996	-2640.344	-3263.532	623.1884	0.415665	0.0603719	0.300385	0.223577	1.851598	1.754601	2.928935	1.317364
7002	-2642.104	-3264.592	622.4882	0.421418	0.0597775	0.297428	0.221376	1.949942	1.74923	2.774434	2.451114
7008	-2638.709	-3262.556	623.8469	0.511802	0.0725984	0.285117	0.130483	1.488016	1.680654	2.803698	1.231786
7014	-2626.139	-3243.978	617.8396	0.652391	0.0450575	0.124456	0.178095	1.807877	1.379184	5.217199	3.960142
7020	-2618.365	-3239.667	621.3018	0.674618	0.0631354	0.128696	0.13355	1.439581	1.498451	3.706342	2.887294
7026	-2643.48	-3266.021	622.5416	0.428458	0.0687655	0.288844	0.213932	1.557061	1.839365	3.212805	1.69632
7032	-2632.323	-3254.353	622.0296	0.406484	0.232212	0.078692	0.282612	1.965474	1.622248	2.918291	2.980816
7038	-2634.825	-3258.284	623.4593	0.349363	0.184269	0.201189	0.265179	2.307029	1.728558	2.388221	1.660223
7044	-2630.618	-3252.001	621.3826	0.465037	0.202868	0.162653	0.169442	1.4596	1.49621	4.096827	1.772072
7050	-2650.429	-3270.765	620.3365	0.44221	0.202343	0.281956	0.0734901	1.554675	1.657538	4.178302	2.699644
7056	-2669.574	-3290.151	620.5769	0.43602	0.258477	0.105898	0.199605	2.512827	1.538665	4.337955	1.237842
7062	-2626.644	-3246.381	619.7369	0.43745	0.219715	0.0938409	0.248994	1.747174	1.540727	4.312556	3.230658
7068	-2645.8	-3265.525	619.7247	0.420464	0.287747	0.052463	0.239326	1.806562	1.410155	4.61696	2.507941
7074	-2648.842	-3269.352	620.5104	0.407663	0.220052	0.0508658	0.321419	1.853936	1.769948	4.007714	2.351616
7080	-2648.978	-3271.035	622.0576	0.495388	0.192648	0.0596316	0.252332	1.853936	1.379327	3.838669	1.268601
7086	-2655.1	-3273.643	618.5432	0.498975	0.136469	0.158882	0.205674	1.64518	1.427365	5.416813	2.294762
7092	-2632.823	-3254.029	621.2058	0.526826	0.112345	0.143676	0.217153	1.980597	1.608176	4.17274	1.20536
7098	-2639.824	-3259.441	619.6176	0.484038	0.203952	0.211795	0.100215	1.732844	1.488439	4.867987	1.996211
7104	-2628.978	-3246.775	617.7972	0.510572	0.112376	0.265829	0.111223	1.408045	1.36171	5.262762	4.610478
7110	-2650.153	-3270.536	620.3826	0.412679	0.282562	0.214861	0.0898982	1.531988	1.501859	5.075313	0.8816365
7116	-2647.243	-3268.027	620.7848	0.329882	0.228936	0.258581	0.182601	2.009496	1.600669	4.446821	1.123803
7122	-2640.538	-3265.448	624.9096	0.403728	0.134841	0.177315	0.284116	1.194288	1.59917	2.917409	0.2997486
7128	-2625.891	-3249.815	623.9239	0.403728	0.134841	0.177315	0.284116	1.336169	1.42068	3.529415	0.2122248
7134	-2634.134	-3259.407	625.2736	0.477993	0.203306	0.262036	0.0566656	1.064049	1.662847	2.735062	0.2146249
7140	-2627.011	-3252.486	625.4749	0.486035	0.10801	0.266444	0.139511	1.064049	1.610394	2.649275	0.2515594
7146	-2630.653	-3256.4	625.7462	0.354022	0.229145	0.315215	0.101618	0.8826441	1.732692	2.516589	0.2296045
7152	-2644.509	-3270.117	625.6086	0.411997	0.21982	0.302387	0.0657961	0.9658664	1.769338	2.493189	0.3734174
7158	-2632.753	-3258.731	625.9786	0.454614	0.0886505	0.399695	0.0570398	0.8712834	1.727215	2.344071	0.3802345
7164	-2630.72	-3257.152	626.4319	0.373067	0.288599	0.296081	0.0422532	0.8668264	1.808121	2.039673	0.2704607
7170	-2640.347	-3267.103	626.7556	0.34519	0.267033	0.273956	0.113822	0.8668264	1.942371	1.727816	0.2344372
7176	-2632.45	-3259.202	626.7521	0.453681	0.163556	0.236093	0.146669	0.7544671	1.875942	1.858895	0.2570844
7182	-2631.813	-3257.372	625.5589	0.382887	0.138034	0.413726	0.0653525	1.270167	1.736836	2.394187	0.2332309
7188	-2643.401	-3268.492	625.0919	0.54008	0.11029	0.301936	0.0476941	1.270167	1.736836	2.67975	0.2119903
7194	-2632.47	-3257.6	625.1298	0.342971	0.197958	0.239504	0.219567	1.474992	1.704582	2.175249	0.9323888
7200	-2633.076	-3256.592	623.516	0.435475	0.251349	0.0343893	0.278787	1.453599	1.535943	3.176989	1.109855
7206	-2648.999	-3271.254	622.2542	0.580252	0.118069	0.133721	0.167958	1.450201	1.522944	3.774681	1.3837
7212	-2648.674	-3272.162	623.4872	0.382545	0.140904	0.218665	0.257885	1.147332	1.587923	3.008958	1.717943
7218	-2652.083	-3275.351	623.268	0.341066	0.138319	0.367125	0.15349	1.102037	1.56993	3.191129	1.687611
7224	-2628.323	-3252.14	623.8171	0.362124	0.188735	0.389791	0.0593502	0.9646538	1.423447	3.79708	0.2166165
7230	-2643.589	-3266.463	622.8736	0.218899	0.21836	0.450976	0.111766	1.196007	1.487204	4.170699	0.2926622
7236	-2641.278	-3264.908	623.6293	0.453747	0.145201	0.278603	0.122449	1.201082	1.469836	3.646161	0.5088479
7242	-2638.152	-3259.625	621.4727	0.528912	0.0945071	0.240284	0.136297	2.148965	1.67135	3.454698	2.170041
7248	-2634.633	-3256.698	622.0652	0.517158	0.0924068	0.293886	0.0965497	1.366854	1.687304	2.934237	3.628373
7254	-2640.59	-3263.214	622.6237	0.500703	0.32001	0.0729991	0.106288	1.437988	1.687304	2.895447	2.672574
7260	-2637.597	-3261.317	623.7197	0.469684	0.153755	0.276859	0.0997029	1.027555	1.656196	2.561412	2.465431
7266	-2629.686	-3253.858	624.1716	0.530106	0.173534	0.183831	0.112529	1.013891	1.898723	2.297709	2.091673
7272	-2640.005	-3264.068	624.0632	0.363389	0.140437	0.248339	0.247835	1.013891	1.719358	2.763339	1.51306
7278	-2654.752	-3279.063	624.3111	0.355154	0.145808	0.186406	0.312632	1.013891	1.513274	2.981709	1.074557
7284	-2635.325	-3258.798	623.4727	0.448565	0.184157	0.235433	0.131844	1.013891	1.54199	3.081697	1.804429
7290	-2643.758	-3268.667	624.9094	0.267598	0.258035	0.329881	0.144485	0.9865747	1.784879	2.260875	1.421005
7296	-2632.643	-3258.598	625.9544	0.515085	0.146483	0.220884	0.117548	1.057162	1.794337	2.228847	0.2107024
7302	-2639.317	-3265.132	625.8147	0.528643	0.150339	0.226698	0.0943208	1.338732	1.794337	2.129101	0.1812439
7308	-2650.805	-3275.762	624.9574	0.454799	0.129339	0.279527	0.136335	1.105354	1.660782	2.909458	0.248851
7314	-2640.254	-3262.529	622.2751	0.455291	0.169405	0.107504	0.2678	1.248562	1.54026	3.670275	1.767947
7320	-2625.666	-3247.681	622.015	0.349306	0.12997	0.295667	0.225057	1.891952	1.776007	3.535489	1.424146
7326	-2625.959	-3248.673	622.7146	0.325845	0.237097	0.227117	0.209941	1.740821	1.605644	3.518518	1.018078
7332	-2656.891	-3278.466	621.5744	0.459627	0.196136	0.15567	0.188568	2.698491	1.578748	3.757318	1.0903
7338	-2640.75	-3262.476	621.7265	0.248682	0.394175	0.163345	0.193798	1.357016	1.546009	4.253826	1.113316
7344	-2642.104	-3264.648	622.5435	0.359475	0.441218	0.0333243	0.165983	1.158802	1.68294	3.794232	1.149432
7350	-2634.844	-3257.541	622.6977	0.335765	0.346113	0.170014	0.148108	1.496663	1.588502	3.789543	0.7932124
7356	-2627.263	-3247.753	620.4896	0.439282	0.188467	0.131332	0.240919	1.496663	1.583699	4.338614	2.233877
7362	-2641.761	-3264.391	622.6304	0.395712	0.190084	0.2925	0.121703	0.8076317	1.587496	3.473936	2.264741
7368	-2627.824	-3252.444	624.62	0.389045	0.0782628	0.435596	0.0970962	0.9914515	1.761758	2.54982	1.255355
7374	-2636.428	-3260.757	624.3296	0.535297	0.0151419	0.299366	0.150195	0.9749186	1.679813	2.425872	1.954908
7380	-2650.803	-3274.707	623.9047	0.226306	0.293142	0.454714	0.0258389	0.6116681	1.504188	3.52669	0.9850635
7386	-2651.05	-3271.386	620.3359	0.48971	0.0686272	0.417915	0.0237478	0.658088	1.322318	4.615243	3.422157
7392	-2654.96	-3274.741	619.7818	0.371179	0.0695932	0.316761	0.242466	0.9464609	1.489725	4.957119	2.547519
7398	-2652.192	-3273.149	620.9571	0.421369	0.0790033	0.359593	0.140035	1.632821	1.47936	4.463582	1.355633
7404	-2633.331	-3256.677	623.3463	0.388906	0.0729168	0.504837	0.0333396	0.6961422	1.495365	3.869612	0.8719951
7410	-2646.097	-3269.717	623.6199	0.319573	0.120351	0.538673	0.021403	0.6850582	1.441162	4.021068	0.4115423
7416	-2660.669	-3284.408	623.7392	0.489395	0.0626094	0.41917	0.0288256	0.6433717	1.41676	4.041831	0.2625635
7422	-2656.571	-3279.925	623.3543	0.411261	0.0526136	0.528846	0.00727912	0.9088283	1.436427	4.00644	0.47832
7428	-2637.813	-3260.798	622.9852	0.32142	0.180913	0.481441	0.0162261	0.7231466	1.404488	4.427079	0.2753549
7434	-2645.658	-3269.77	624.1124	0.307284	0.222947	0.460268	0.00950053	1.09974	1.548167	3.421848	0.4260143
7440	-2648.985	-3275.026	626.0405	0.143831	0.31027	0.534599	0.0113002	0.5400543	1.775031	2.510122	0.3449746
7446	-2632.599	-3256.765	624.1663	0.337071	0.240241	0.413938	0.00874968	0.6274771	1.534314	3.718448	0.3449746
7452	-2651.185	-3272.231	621.0465	0.349349	0.218301	0.429016	0.0033332	0.7815889	1.270285	5.504612	0.3988969
7458	-2643.415	-3262.704	619.2892	0.233591	0.22086	0.521448	0.0241013	0.876041	1.186688	6.480761	0.3361498
7464	-2626.42	-3247.776	621.356	0.349117	0.223375	0.363334	0.0641743	0.6546076	1.354318	5.399729	0.2161785
7470	-2631.151	-3252.69	621.5395	0.356098	0.227841	0.370599	0.0454625	0.6421803	1.490952	5.230263	0.2161785
7476	-2643.455	-3269.232	625.7773	0.324551	0.275127	0.356579	0.0437427	0.5140973	1.549487	2.844032	0.2161785
7482	-2641.218	-3266.803	625.5853	0.215129	0.268168	0.433864	0.0828393	0.4549932	1.577903	2.980155	0.2804168
7488	-2644.02	-3268.923	624.9037	0.186957	0.29824	0.482516	0.0322871	0.5650192	1.617964	3.292598	0.298627
7494	-2633.508	-3259.108	625.6002	0.186223	0.297069	0.480622	0.0360862	0.5127834	1.479681	2.992396	0.298627
7500	-2661.548	-3284.307	622.7593	0.214128	0.21504	0.54471	0.0261218	0.4765658	1.446177	4.593282	0.4763722
7506	-2658.699	-3281.974	623.2752	0.215022	0.215938	0.546983	0.0220572	0.568803	1.377789	4.360587	0.3187764
7512	-2648.115	-3272.449	624.3335	0.217024	0.217948	0.552076	0.0129512	0.6254849	1.475212	3.671867	0.2987792
7518	-2650.155	-3272.799	622.6433	0.328872	0.358338	0.309504	0.00328705	0.5615803	1.52002	4.645627	0.2987792
7524	-2623.624	-3248.39	624.7656	0.226036	0.31199	0.456814	0.00516031	0.4985377	1.488123	3.478699	0.3340102
7530	-2642.326	-3267.888	625.5614	0.300056	0.286134	0.408158	0.00565286	0.5070369	1.622971	2.921899	0.3340102
7536	-2654.382	-3278.314	623.9323	0.34035	0.262661	0.394963	0.00202604	0.8302337	1.718134	3.637849	0.3011993
7542	-2651.337	-3275.995	624.6581	0.398728	0.131535	0.462708	0.00703002	0.5833926	1.448037	3.366707	0.6069118
7548	-2647.709	-3272.328	624.6193	0.433539	0.0995685	0.461372	0.00551997	0.8985612	1.465369	3.342736	0.3029036
7554	-2633.293	-3254.582	621.2884	0.608383	0.0504707	0.229191	0.111956	1.563526	1.795241	3.244948	3.584724
7560	-2647.546	-3269.672	622.1255	0.459726	0.0275142	0.422803	0.0899565	1.060688	1.795241	3.168452	3.139748
7566	-2674.619	-3300.013	625.3936	0.483147	0.167968	0.163885	0.185	0.9206633	1.778265	2.122452	1.204785
7572	-2654.806	-3279.473	624.6671	0.478051	0.252893	0.14605	0.123006	1.198507	1.783441	2.077772	1.802829
7578	-2641.462	-3266.064	624.6018	0.459508	0.0691307	0.188629	0.282732	1.039122	1.811039	2.077772	2.053282
7584	-2664.092	-3285.361	621.2689	0.378505	0.282439	0.259667	0.0793893	1.015869	1.432016	5.1969	0.2121401
7590	-2641.966	-3264.279	622.3123	0.367252	0.274041	0.2424	0.116306	1.358363	1.585439	4.349524	0.221193
7596	-2658.952	-3279.444	620.4917	0.35041	0.221346	0.362433	0.0658115	1.360993	1.394638	5.471755	0.2555873
7602	-2660.291	-3280.396	620.1051	0.314944	0.279093	0.125968	0.279996	2.07298	1.493558	5.06126	0.7685798
7608	-2650.623	-3271.641	621.0174	0.39917	0.167851	0.159655	0.273324	1.331533	1.477377	4.697665	1.126079
7614	-2631.902	-3251.489	619.5873	0.495703	0.0406567	0.124216	0.339424	1.739181	1.48626	4.504459	3.008913
7620	-2641.172	-3260.54	619.3679	0.584289	0.0454084	0.22234	0.147963	1.576283	1.578688	4.504459	3.465462
7626	-2635.356	-3255.977	620.6204	0.521937	0.116608	0.227961	0.133494	1.530008	1.586199	4.887008	0.8994111
7632	-2647.814	-3271.602	623.7887	0.366644	0.177797	0.373231	0.082327	1.144235	1.550605	3.628441	0.3259016
7638	-2634.068	-3259.226	625.1577	0.402821	0.182193	0.352742	0.062244	1.18168	1.708922	2.71342	0.2627706
7644	-2638.01	-3262.55	624.5407	0.380959	0.163656	0.316853	0.138532	1.180982	1.784534	3.039025	0.2825795
7650	-2645.276	-3269.516	624.2398	0.487618	0.094628	0.328118	0.0896356	0.9128723	1.555607	3.509963	0.2362757
7656	-2647.233	-3271.53	624.2972	0.452911	0.111682	0.356768	0.0786386	0.9128723	1.388929	3.573592	0.2362757
7662	-2637.155	-3262.056	624.9018	0.442593	0.0597039	0.381056	0.116648	0.9128723	1.471664	3.1537	0.333551
7668	-2646.06	-3271.053	624.9928	0.497868	0.279774	0.162448	0.0599094	0.9128723	1.522917	3.077782	0.206485
7674	-2636.082	-3260.961	624.8793	0.491251	0.199468	0.250168	0.0591132	0.9973146	1.56456	3.077782	0.260808
7680	-2632.395	-3257.017	624.6228	0.491251	0.199468	0.250168	0.0591132	1.064061	1.487786	3.235363	0.2321244
7686	-2656.918	-3282.002	625.0844	0.388841	0.266936	0.118513	0.22571	0.9524373	1.612604	2.953062	0.2413895
7692	-2640.859	-3266.121	625.2623	0.422272	0.132838	0.262652	0.182239	0.8181348	1.556604	2.953062	0.2026458
7698	-2631.178	-3255.666	624.4881	0.418812	0.131749	0.222374	0.227065	1.3563	1.511949	3.133703	0.295317
7704	-2634.346	-3259.359	625.0123	0.412747	0.123087	0.437752	0.0264129	0.9473635	1.612911	2.994052	0.295317
7710	-2629.901	-3254.553	624.6522	0.374327	0.177631	0.438362	0.0096804	1.220349	1.596248	2.938854	0.5399485
7716	-2614.687	-3240.695	626.0077	0.394898	0.129703	0.462451	0.0129485	0.5925315	1.696259	2.566452	0.2745109
7722	-2634.922	-3259.469	624.5465	0.304431	0.329078	0.356509	0.00998216	0.5839397	1.535492	3.530296	0.3269084
7728	-2634.724	-3259.265	624.5408	0.296075	0.320045	0.346723	0.0371584	0.4874309	1.407063	3.665381	0.3269084
7734	-2662.528	-3286.502	623.9737	0.296075	0.320045	0.346723	0.0371584	0.3763823	1.374688	4.073069	0.3064305
7740	-2663.798	-3286.307	622.5089	0.393025	0.159157	0.391303	0.0565151	1.069121	1.534314	4.423388	0.2360482
7746	-2667.06	-3290.482	623.4221	0.549701	0.183908	0.226727	0.0396633	1.665389	1.683039	3.500727	0.2051447
7752	-2645.366	-3271.594	626.2276	0.240101	0.385503	0.358503	0.0158934	0.3705184	1.722438	2.511834	0.3727932
7758	-2646.016	-3272.193	626.1771	0.386457	0.1729	0.431538	0.00910588	0.4589164	1.72943	2.511834	0.3235607
7764	-2630.46	-3257.129	626.6695	0.348831	0.225164	0.40629	0.0197158	0.4452285	1.713622	2.208158	0.3473071
7770	-2628.537	-3255.005	626.4682	0.360153	0.335108	0.28792	0.0168195	0.4149289	1.779267	2.336799	0.2501032
7776	-2648.519	-3274.25	625.7307	0.441411	0.196671	0.35288	0.00903823	0.4195841	1.542744	2.935455	0.2403033
7782	-2643.172	-3268.769	625.5975	0.412469	0.204968	0.367767	0.0147957	0.4558666	1.591441	2.966329	0.2403033
7788	-2629.361	-3254.871	625.5101	0.32207	0.244226	0.425411	0.00829299	0.4829373	1.564097	3.018465	0.273844
7794	-2627.417	-3251.197	623.7807	0.437641	0.285313	0.265777	0.0112688	0.4350679	1.533252	4.060324	0.3200152
7800	-2628.954	-3254.202	625.2486	0.379009	0.25148	0.359578	0.00993256	0.47783	1.629878	3.105341	0.3750999
7806	-2637.355	-3263.297	625.9419	0.280258	0.307961	0.394704	0.0170773	0.4806723	1.802965	2.578824	0.3727142
7812	-2616.85	-3242.534	625.6839	0.281509	0.309335	0.396465	0.0126914	0.4806723	1.797886	2.774989	0.2507469
7818	-2626.079	-3248.393	622.3136	0.322853	0.207901	0.454691	0.0145553	0.4806723	1.557147	4.753059	0.5220197
7824	-2644.151	-3266.978	622.8267	0.277147	0.351313	0.365944	0.00559531	0.5447615	1.684096	4.296654	0.6253414
7830	-2645.989	-3268.336	622.3467	0.356485	0.312754	0.325779	0.00498119	0.5499743	1.533314	4.816485	0.2602394
7836	-2636.747	-3259.931	623.1838	0.32705	0.28693	0.381451	0.00456988	0.4658999	1.43415	4.448978	0.2327315
7842	-2635.486	-3259.57	624.0842	0.501596	0.186334	0.309769	0.00230128	0.5246432	1.53626	3.838584	0.3079491
7848	-2630.029	-3254.739	624.7101	0.205559	0.495155	0.298359	0.000926981	0.4769098	1.630846	3.452324	0.2161735
7854	-2618.903	-3242.536	623.6336	0.224727	0.541327	0.232933	0.00101342	0.4503529	1.699393	4.048636	0.2161735
7860	-2626.012	-3249.057	623.0451	0.375135	0.313403	0.310606	0.000856177	0.5299957	1.580323	4.230237	0.6421496
7866	-2638.206	-3261.223	623.0171	0.258848	0.45513	0.284393	0.00162839	0.4615767	1.518717	4.308083	0.6609483
7872	-2647.234	-3270.911	623.6763	0.279775	0.440392	0.275184	0.00464957	0.5545656	1.670252	3.966076	0.3443653
7878	-2637.898	-3260.442	622.5445	0.279775	0.440392	0.275184	0.00464957	0.5231891	1.473131	4.515785	0.745079
7884	-2627.404	-3248.126	620.7224	0.223456	0.412535	0.257326	0.106683	0.4901161	1.597833	4.325751	3.469457
7890	-2638.443	-3262.646	624.203	0.207373	0.434712	0.32401	0.033905	0.3903242	1.687494	3.358966	1.006315
7896	-2643.963	-3268.994	625.0309	0.265386	0.366971	0.324253	0.04339	0.3903242	1.787779	3.222194	0.256413
7902	-2651.713	-3275.52	623.8064	0.23879	0.420835	0.26392	0.0764555	0.4624275	1.745935	3.494436	1.048957
7908	-2655.593	-3278.769	623.1756	0.268443	0.409624	0.2012	0.120734	0.4944261	1.667483	3.742526	1.31299
7914	-2667.347	-3289.041	621.6938	0.360595	0.230327	0.249593	0.159485	0.6446171	1.508916	4.669177	1.155486
7920	-2654.375	-3276.603	622.2279	0.375159	0.242384	0.186081	0.196375	0.5437236	1.509301	3.630055	3.023092
7926	-2681.522	-3306.196	624.674	0.335917	0.335027	0.192935	0.136121	0.5533386	1.624896	2.746653	1.501163
7932	-2641.936	-3267.221	625.2854	0.438587	0.285706	0.212109	0.0635987	0.7021244	1.611101	2.989209	0.2676913
7938	-2627.057	-3251.888	624.8314	0.276265	0.359608	0.266974	0.0971526	0.8006452	1.506216	3.251258	0.3110909
7944	-2637.378	-3262.282	624.9038	0.229603	0.323026	0.360102	0.0872694	0.4721689	1.444608	3.443545	0.3189189
7950	-2648.588	-3272.06	623.4723	0.249936	0.306063	0.364252	0.079749	0.6040929	1.762937	3.777292	0.7422593
7956	-2638.951	-3259.77	620.8187	0.249936	0.306063	0.364252	0.079749	0.7431237	1.515674	5.326017	0.7422593
7962	-2633.902	-3256.79	622.8877	0.315147	0.279454	0.332584	0.0728156	0.5837273	1.480848	4.506834	0.1889098
7968	-2657.073	-3279.39	622.3169	0.248978	0.378866	0.314628	0.0575271	0.4548543	1.521357	4.890716	0.2778719
7974	-2651.103	-3275.057	623.9536	0.314895	0.21442	0.397927	0.0727575	0.4539486	1.457486	4.004826	0.2778719
7980	-2628.385	-3251.297	622.912	0.547404	0.180827	0.231096	0.0406732	0.7243296	1.415004	4.452654	0.2000454
7986	-2646.418	-3270.678	624.2602	0.499037	0.200151	0.255792	0.0450198	0.6633674	1.456529	3.705431	0.2814597
7992	-2658.657	-3280.602	621.9445	0.373388	0.233049	0.107836	0.285728	1.865865	1.731444	3.792442	1.09159
7998	-2644.01	-3266.388	622.3789	0.594118	0.0444088	0.158147	0.203326	1.450668	1.731444	3.792442	0.998579
8004	-2648.464	-3271.562	623.0983	0.412038	0.0777173	0.359056	0.151189	1.329126	1.629784	3.090218	1.769602
8010	-2625.877	-3247.367	621.4909	0.417449	0.0787377	0.29907	0.204743	2.119354	1.556836	3.964236	1.236403
8016	-2641.345	-3263.399	622.0537	0.363672	0.147328	0.0912636	0.397737	1.555158	1.537676	4.04578	0.9854308
8022	-2651.701	-3275.78	624.0789	0.584484	0.113123	0.151166	0.151226	1.187353	1.507553	3.466405	0.2060058
8028	-2654.566	-3277.973	623.4069	0.355727	0.0749489	0.379121	0.190203	1.384643	1.501902	3.754106	0.3083781
8034	-2613.897	-3236.55	622.6525	0.510226	0.159656	0.238776	0.0913421	1.447965	1.560183	4.128658	0.2663144
8040	-2655.789	-3281.295	625.5061	0.390426	0.0456633	0.204633	0.359278	1.006393	1.816284	2.028693	1.105713
8046	-2655.012	-3279.447	624.4348	0.437827	0.126407	0.0745526	0.361213	1.455674	1.967722	1.610497	2.483398
8052	-2653.431	-3276.916	623.4855	0.41914	0.131078	0.243795	0.205987	1.454783	2.073653	1.874056	3.243098
8058	-2646.613	-3271.837	625.2242	0.352682	0.196051	0.2446	0.206667	1.050558	1.777954	2.322564	0.9287771
8064	-2638.607	-3263.142	624.5355	0.368412	0.160194	0.255509	0.215885	0.9060834	1.82143	2.252943	1.94748
8070	-2638.019	-3263.123	625.1039	0.441084	0.176183	0.145301	0.237432	1.053401	1.849038	2.252943	1.084295
8076	-2649.438	-3273.017	623.5784	0.338266	0.162499	0.322187	0.177048	1.126678	1.805587	2.46154	2.547941
8082	-2633.834	-3258.891	625.0568	0.291868	0.277374	0.277994	0.152763	0.9900773	1.866578	2.249381	1.186271
8088	-2639.46	-3262.169	622.7085	0.415712	0.140355	0.171599	0.272333	1.68745	2.062685	2.292865	3.165683
8094	-2633.325	-3254.638	621.3135	0.323377	0.144004	0.288408	0.244211	1.68745	1.609418	3.484092	2.969726
8100	-2630.007	-3251.772	621.7653	0.406442	0.176976	0.116455	0.300127	1.765106	1.779855	3.614488	1.670543
8106	-2629.25	-3251.175	621.9248	0.38795	0.341255	0.0970695	0.173725	1.380468	1.596668	4.033082	1.237665
8112	-2631.47	-3254.422	622.9519	0.426493	0.175865	0.148227	0.249415	1.380468	1.432308	3.572105	1.171685
8118	-2621.644	-3242.733	621.0894	0.363339	0.173102	0.126278	0.337282	1.643468	1.607953	3.836907	2.425117
8124	-2633.337	-3252.927	619.59	0.44017	0.183401	0.148087	0.228342	1.69822	1.808872	3.907684	4.450251
8130	-2641.312	-3263.416	622.1048	0.375859	0.0848829	0.31395	0.225308	1.039508	1.644885	3.496499	2.548728
8136	-2650.748	-3273.089	622.3407	0.469564	0.0546772	0.303909	0.17185	1.145765	1.529468	3.679032	1.802079
8142	-2650.507	-3272.787	622.2806	0.374808	0.162819	0.389507	0.072866	0.8184611	1.566319	4.308865	0.9649238
8148	-2656.103	-3279.279	623.1764	0.314513	0.360243	0.250787	0.074457	0.5409633	1.765214	3.779208	1.091203
8154	-2630.356	-3252.999	622.6438	0.188091	0.380496	0.338377	0.0930368	1.072586	1.431684	4.260839	0.5805522
8160	-2627	-3248.95	621.9502	0.249288	0.178933	0.448471	0.123307	1.504604	1.584609	4.231898	0.7649052
8166	-2626.172	-3247.531	621.3584	0.463023	0.152507	0.144712	0.239757	2.191787	1.685743	3.959526	1.193306
8172	-2638.295	-3258.194	619.8993	0.299263	0.169542	0.220294	0.3109	1.920974	1.696703	4.001261	3.395446
8178	-2635.404	-3258.562	623.1577	0.431613	0.142839	0.286021	0.139528	1.250227	1.810704	2.907429	1.944873
8184	-2629.148	-3253.67	624.5218	0.322984	0.201297	0.289397	0.186323	1.116747	1.852036	2.282569	1.605179
8190	-2647.962	-3271.663	623.701	0.674101	0.0675517	0.115719	0.142629	1.972567	1.978508	1.960666	2.193209
8196	-2623.727	-3246.94	623.2132	0.495468	0.0496509	0.350048	0.104833	1.246147	1.772761	2.575395	2.706159
8202	-2630.973	-3254.509	623.536	0.427911	0.364823	0.0804253	0.126841	1.354233	1.504957	3.415432	0.8076531
8208	-2655.107	-3278.879	623.772	0.445833	0.380102	0.0419121	0.132153	1.762784	1.746741	2.58817	1.375282
8214	-2639.776	-3263.509	623.7332	0.345341	0.295505	0.142571	0.216583	1.729596	1.672712	2.58817	1.53492
8220	-2636.262	-3259.478	623.2163	0.362842	0.308026	0.120811	0.208321	1.438037	1.836789	2.600817	2.283894
8226	-2630.208	-3251.859	621.6513	0.452011	0.0277608	0.280368	0.239859	1.971029	1.703799	2.690589	4.220291
8232	-2633.328	-3256.019	622.6904	0.490784	0.0165473	0.347476	0.145192	1.644294	1.703799	2.919314	2.229341
8238	-2637.262	-3257.782	620.5205	0.54438	0.0744786	0.277671	0.10347	1.375945	1.580075	3.481331	5.147312
8244	-2616.059	-3236.438	620.3787	0.52093	0.0845653	0.182696	0.211809	1.655806	1.580075	3.423721	5.147312
8250	-2630.627	-3252.403	621.7753	0.455473	0.157175	0.15974	0.227613	1.215189	1.720047	3.966124	1.569557
8256	-2616.611	-3236.365	619.7538	0.514368	0.140005	0.0618442	0.283783	1.702853	1.57884	4.312179	3.198424
8262	-2631.243	-3254.278	623.0351	0.425013	0.076478	0.264025	0.234484	1.209465	1.715579	3.240211	1.56928
8268	-2629.536	-3253.159	623.623	0.41106	0.267312	0.122227	0.199401	1.41085	1.738382	3.111563	0.9468326
8274	-2637.563	-3261.012	623.4482	0.292656	0.274133	0.206383	0.226828	1.25208	1.619601	2.863874	1.906895
8280	-2645.499	-3267.406	621.907	0.579836	0.102493	0.0870266	0.230644	1.792313	1.854133	2.842503	3.237113
8286	-2633.995	-3255.604	621.6082	0.466138	0.195521	0.131012	0.207329	1.964823	1.725429	3.427028	2.161764
8292	-2642.051	-3265.446	623.3956	0.489347	0.133935	0.137535	0.239183	1.792337	1.853312	2.347016	2.161764
8298	-2613.16	-3238.272	625.1125	0.530231	0.149422	0.0611809	0.259166	1.273861	1.778006	2.126899	1.132493
8304	-2634.998	-3256.811	621.8133	0.319719	0.238015	0.0770536	0.365212	1.487121	1.778006	3.258465	2.781454
8310	-2633.719	-3258.962	625.2438	0.38964	0.220521	0.023438	0.366401	1.362323	1.766152	2.012011	1.105831
8316	-2656.016	-3279.661	623.6453	0.381379	0.296327	0.0329703	0.289324	1.868868	1.730592	2.264014	2.083309
8322	-2646.498	-3268.128	621.6298	0.415096	0.128107	0.229777	0.227021	1.545809	1.484084	4.346092	0.9423207
8328	-2654.403	-3278.389	623.9853	0.357189	0.14079	0.252525	0.249496	1.418095	1.47747	3.421819	0.2287715
8334	-2646.284	-3269.45	623.1663	0.393969	0.210248	0.199086	0.196698	1.381946	1.568832	3.863888	0.2595573
8340	-2643.663	-3267.83	624.1672	0.440545	0.183468	0.124767	0.251221	1.392085	1.645045	3.124026	0.5104038
8346	-2635.32	-3259.277	623.9565	0.344725	0.207057	0.218819	0.229399	1.199496	1.645045	3.253703	0.6721069
8352	-2634.063	-3256.881	622.8181	0.441773	0.255472	0.121658	0.181098	1.726325	1.870868	3.47796	0.73883
8358	-2641.301	-3263.191	621.8893	0.365955	0.212708	0.144009	0.277327	1.627357	1.815853	3.546846	1.755218
8364	-2662.85	-3286.028	623.1784	0.451371	0.088192	0.230618	0.229819	1.332203	1.748111	3.538725	0.7346744
8370	-2678.17	-3300.245	622.0749	0.337629	0.13962	0.399604	0.123148	0.946571	1.55493	4.439448	0.8226254
8376	-2675.435	-3296.44	621.0055	0.365777	0.137562	0.247165	0.249495	1.321931	1.565871	4.19184	2.116896
8382	-2639.147	-3264.31	625.1631	0.317097	0.175803	0.340008	0.167092	1.138502	1.923188	1.947609	1.349384
8388	-2644.166	-3269.24	625.0747	0.339808	0.0553799	0.450348	0.154464	0.694166	1.963778	2.044798	1.767289
8394	-2631.75	-3256.114	624.364	0.457546	0.107681	0.265083	0.16969	0.8287447	1.702032	2.562824	1.793016
8400	-2639.547	-3262.825	623.278	0.36973	0.0661073	0.3438	0.220363	1.453772	1.619975	3.147065	1.327527
8406	-2638.957	-3258.059	619.1021	0.356756	0.19352	0.33863	0.111093	1.616139	1.376897	5.676272	1.126387
8412	-2630.379	-3251.487	621.1075	0.381958	0.25239	0.189416	0.176236	1.448537	1.546053	4.400772	1.413306
8418	-2632.469	-3252.003	619.5334	0.426777	0.256537	0.211643	0.105043	1.623285	1.449303	4.738197	2.636565
8424	-2638.204	-3261.421	623.2174	0.201947	0.357157	0.294653	0.146243	0.5585792	1.613638	3.796347	1.156184
8430	-2648.448	-3273.197	624.7493	0.196034	0.439063	0.316642	0.0482616	0.5842282	1.658043	3.304716	0.4075778
8436	-2641.125	-3266.915	625.7905	0.253029	0.369296	0.337082	0.0405928	0.646782	1.644833	2.627269	0.4430467
8442	-2649.322	-3275.208	625.8856	0.302756	0.367352	0.252263	0.0776288	0.6035223	1.679281	2.353687	0.785038
8448	-2636.737	-3258.448	621.711	0.318092	0.388932	0.188653	0.104323	0.9041889	1.600381	4.471775	1.124969
8454	-2649.717	-3270.913	621.1962	0.290372	0.256967	0.16247	0.290191	1.35369	1.524509	4.529003	1.183411
8460	-2670.011	-3295.679	625.6689	0.385287	0.18245	0.298169	0.134094	0.7558961	1.566016	2.750722	0.250519
8466	-2672.802	-3298.354	625.5519	0.379511	0.15726	0.421689	0.04154	0.8633404	1.569883	2.750722	0.2635335
8472	-2645.792	-3270.64	624.8488	0.324471	0.320602	0.319412	0.0355154	0.8646624	1.491098	3.218298	0.2761313
8478	-2665.572	-3290.87	625.2975	0.492488	0.170308	0.236969	0.100235	0.8578921	1.498363	2.943453	0.307352
8484	-2644.265	-3269.76	625.4945	0.46815	0.242701	0.225259	0.0638898	0.6583419	1.507326	2.943453	0.2005943
8490	-2632.94	-3257.972	625.0319	0.257879	0.38828	0.239201	0.11464	0.4885219	1.498787	3.339133	0.2455679
8496	-2626.472	-3251.653	625.1811	0.244686	0.368416	0.278124	0.108775	0.6447704	1.572486	3.111858	0.2485306
8502	-2641.461	-3266.674	625.2129	0.222407	0.334871	0.343851	0.0988708	0.5664205	1.572486	3.123997	0.3355499
8508	-2637.735	-3262.31	624.5747	0.245481	0.265866	0.379525	0.109128	0.5241557	1.605897	3.520688	0.2811514
8514	-2645.019	-3269.486	624.4669	0.43368	0.159075	0.322907	0.0843372	1.035461	1.518939	3.0173	0.8351134
8520	-2638.545	-3260.601	622.0562	0.443326	0.184131	0.274921	0.0976211	1.006833	1.408696	3.871506	2.073367
8526	-2662.327	-3283.833	621.5055	0.400569	0.241368	0.201422	0.156641	0.7920085	1.534072	4.240714	2.071186
8532	-2664.597	-3289.735	625.1383	0.334293	0.278305	0.252973	0.134429	0.6599092	1.5934	3.113717	0.2743892
8538	-2670.399	-3296.638	626.2391	0.33129	0.275806	0.296925	0.0959797	0.4213182	1.75405	2.493587	0.2473248
8544	-2635.363	-3259.121	623.7586	0.525802	0.0305152	0.228542	0.21514	1.315371	1.631026	2.662853	1.841507
8550	-2657.997	-3280.139	622.1426	0.552147	0.0252754	0.239993	0.182584	1.274727	1.731543	3.197829	2.796562
8556	-2659.245	-3281.977	622.7317	0.480456	0.0279301	0.396484	0.0951305	1.532853	1.73003	2.705963	2.796562
8562	-2625.567	-3248.927	623.3608	0.450679	0.0213172	0.365493	0.162511	1.532853	1.636492	2.705963	2.01163
8568	-2630.261	-3253.771	623.5099	0.443425	0.0125145	0.447706	0.0963541	1.728574	1.716095	2.452661	2.034459
8574	-2639.271	-3264.157	624.8855	0.448574	0.0275584	0.407071	0.116796	0.9135655	1.620322	2.466525	1.351727
8580	-2629.273	-3251.615	622.3424	0.613529	0.0237043	0.22642	0.136347	1.239182	1.798911	2.218485	5.531496
8586	-2637.945	-3261.641	623.6952	0.522104	0.00619277	0.396635	0.0750685	1.108339	1.706867	2.729257	1.937205
8592	-2624.732	-3247.965	623.233	0.500671	0.0281898	0.380352	0.0907873	1.103147	1.640876	2.480335	3.379775
8598	-2641.978	-3266.74	624.763	0.390619	0.1126	0.296748	0.200034	1.125544	1.689612	2.480335	1.15827
8604	-2628.774	-3253.646	624.8719	0.410086	0.0569192	0.336124	0.196871	0.9136269	1.756143	1.927138	2.242671
8610	-2623.262	-3248.785	625.5228	0.355076	0.0413222	0.450248	0.153354	0.9136269	1.899791	1.690352	1.650363
8616	-2624.106	-3249.085	624.9795	0.382288	0.0609968	0.249716	0.306999	1.028811	1.928262	1.841099	1.878727
8622	-2641.683	-3266.122	624.4385	0.325305	0.226327	0.175419	0.272949	1.39413	1.951057	1.772402	2.249308
8628	-2624.236	-3249.072	624.8362	0.451766	0.201185	0.155933	0.191115	1.488435	1.742455	2.243794	1.070561
8634	-2630.627	-3254.009	623.3814	0.503258	0.0861701	0.206341	0.204231	1.571831	1.787583	2.58399	2.002328
8640	-2622.766	-3246.634	623.8685	0.344533	0.0547104	0.46094	0.139817	1.134125	1.758528	2.804799	1.47809
8646	-2625.59	-3249.889	624.2996	0.377308	0.073746	0.270365	0.278581	1.215731	1.791246	2.376867	1.653975
8652	-2627.967	-3251.233	623.266	0.443964	0.0728816	0.182091	0.301063	1.215731	1.538245	3.095649	1.794053
8658	-2634.877	-3259.029	624.1529	0.520953	0.0673182	0.158541	0.253187	1.210001	1.624386	2.66642	1.482316
8664	-2635.647	-3259.633	623.9865	0.352862	0.130337	0.21752	0.299282	0.8396899	1.632731	2.499889	2.535228
8670	-2622.727	-3247.109	624.3822	0.366102	0.166991	0.224305	0.242602	1.157099	1.730721	2.176319	2.100013
8676	-2636.565	-3259.937	623.3717	0.613706	0.109948	0.020072	0.256273	1.784962	1.867324	1.992236	3.019834
8682	-2650.063	-3273.621	623.5581	0.611046	0.0959625	0.0378284	0.255163	1.375574	1.76066	2.167328	3.019143
8688	-2637.572	-3261.896	624.3236	0.454683	0.123169	0.0472302	0.374917	1.475656	1.771721	2.166084	1.764094
8694	-2632.639	-3256.42	623.7807	0.403378	0.132041	0.127584	0.336997	1.175381	1.72339	2.23486	2.846084
8700	-2636.038	-3260.316	624.2773	0.448862	0.0485349	0.150457	0.352146	1.343132	1.821199	1.959348	2.339704
8706	-2615.187	-3240.462	625.2744	0.433911	0.0197313	0.318268	0.228089	0.8996556	1.645427	2.443363	0.9715014
8712	-2633.441	-3257.766	624.3248	0.416773	0.087067	0.314727	0.181433	0.9696641	1.529448	2.881418	1.264454
8718	-2613.901	-3237.796	623.8945	0.260059	0.339937	0.270905	0.129099	0.9584756	1.60992	2.994322	1.457711
8724	-2617.504	-3240.673	623.1684	0.335312	0.148937	0.349296	0.166456	1.24025	1.593612	2.839512	2.400411
8730	-2633.858	-3256.836	622.9776	0.372323	0.178062	0.20457	0.245045	1.130529	1.689961	2.756479	2.921071
8736	-2625.654	-3248.297	622.6439	0.502998	0.0625528	0.240866	0.193583	1.361378	1.695691	2.939302	2.621092
8742	-2628.941	-3251.118	622.1772	0.47571	0.0566184	0.292454	0.175218	1.584716	1.659547	3.124057	2.621092
8748	-2627.351	-3250.197	622.8462	0.575222	0.0565548	0.228885	0.139339	1.356987	1.622936	3.137364	1.968436
8754	-2623.692	-3247	623.3081	0.307572	0.21477	0.294671	0.182987	1.061452	1.53106	3.137364	1.848992
8760	-2608.928	-3231.952	623.0245	0.472162	0.180571	0.214232	0.133035	1.330216	1.454375	3.456382	1.332243
8766	-2627.604	-3250.675	623.0702	0.399515	0.244482	0.169163	0.186839	0.8389847	1.754139	3.292695	1.820744
8772	-2633.632	-3255.944	622.3119	0.265176	0.399672	0.176689	0.158462	1.269232	1.650905	3.371996	2.226628
8778	-2626.896	-3249.737	622.841	0.277586	0.342674	0.229778	0.149961	1.57837	1.758531	3.187382	1.466477
8784	-2627.557	-3251.134	623.5773	0.400751	0.213527	0.278444	0.107278	1.403807	1.550187	3.065933	1.273642
8790	-2636.769	-3261.181	624.412	0.408412	0.191454	0.319581	0.0805531	0.5998772	1.726322	2.672618	1.78218
8796	-2617.629	-3243.022	625.3935	0.267905	0.433435	0.190454	0.108206	0.4806737	1.700853	2.672618	0.8669095
8802	-2624.894	-3250.531	625.6369	0.263128	0.425707	0.204888	0.106276	0.4806737	1.676415	2.450779	1.002581
8808	-2614.41	-3239.111	624.7007	0.287269	0.365512	0.223685	0.123534	0.851618	1.651334	2.90547	0.8410854
8814	-2635.447	-3258.6	623.153	0.435091	0.0565352	0.338789	0.169584	0.8067753	1.675583	2.727631	3.282693
8820	-2633.825	-3256.259	622.4341	0.451567	0.00766898	0.433206	0.107558	0.9694456	1.759678	2.527484	4.872467
8826	-2637.869	-3261.173	623.3032	0.443604	0.0468261	0.425567	0.0840032	1.079595	1.671972	2.57809	2.973375
8832	-2636.912	-3260.772	623.8597	0.388382	0.0174561	0.327708	0.266453	1.152066	1.690574	2.760058	1.634682
8838	-2645.306	-3269.709	624.4022	0.42446	0.00476249	0.329919	0.240859	1.152066	1.777159	2.55315	1.298356
8844	-2654.464	-3279.814	625.3499	0.548224	0.0058427	0.269942	0.175991	1.006202	1.870545	2.040297	1.19407
8850	-2634.069	-3257.944	623.8751	0.538799	0.0147821	0.265302	0.181117	1.07521	1.778081	2.319114	2.557187
8856	-2644.464	-3267.47	623.0062	0.461268	0.00790264	0.324449	0.20638	1.354459	1.703229	2.78985	2.444102
8862	-2644.105	-3268.637	624.5314	0.477835	0.00279205	0.401042	0.118331	1.354459	1.705683	2.35182	1.381094
8868	-2651.193	-3274.899	623.7063	0.522652	0.00305392	0.216193	0.258101	1.120216	1.758784	2.35182	2.700899
8874	-2657.038	-3278.898	621.8603	0.465294	0.147899	0.101171	0.285635	1.575591	1.60302	3.851955	1.465083
8880	-2647.204	-3270.396	623.192	0.542106	0.172315	0.117873	0.167706	1.575591	1.972633	2.541692	2.095689
8886	-2646.988	-3271.332	624.3445	0.519856	0.165243	0.154078	0.160823	1.431565	1.633826	2.558945	1.228284
8892	-2647.653	-3271.765	624.1118	0.414766	0.131838	0.163915	0.289481	1.461215	1.574116	2.608486	1.433847
8898	-2644.148	-3265.857	621.7093	0.372754	0.185127	0.18196	0.26016	1.340423	1.597558	4.12956	1.326076
8904	-2647.336	-3270.056	622.7209	0.334695	0.282627	0.149082	0.233597	1.353462	1.599157	3.523813	1.356828
8910	-2651.763	-3274.417	622.6541	0.482422	0.0840003	0.195367	0.23821	1.222108	1.632426	3.634895	1.316165
8916	-2642.956	-3266.738	623.7817	0.562504	0.0710034	0.165139	0.201353	1.328074	1.698385	2.612923	1.814639
8922	-2637.022	-3258.71	621.6882	0.465775	0.149972	0.0763571	0.307896	1.394744	1.513287	3.356189	3.294286
8928	-2629.945	-3249.85	619.9051	0.434295	0.105814	0.264711	0.19518	1.371665	1.4644	3.381019	7.597089
8934	-2619.522	-3242.753	623.2314	0.380478	0.263533	0.188719	0.16727	1.371665	1.707292	2.812772	2.044856
8940	-2632.621	-3256.331	623.7101	0.301113	0.335683	0.240387	0.122817	1.030517	1.598086	2.929562	1.733838
8946	-2641.237	-3264.994	623.7567	0.312701	0.106821	0.42769	0.152788	0.8666957	1.717569	2.929562	1.733838
8952	-2630.711	-3253.542	622.8307	0.281057	0.279749	0.334799	0.104395	1.020116	1.387869	3.639332	1.60881
8958	-2650.33	-3272.59	622.2608	0.346352	0.34474	0.18026	0.128648	1.355117	1.581324	3.467724	2.059381
8964	-2664.028	-3288.994	624.9667	0.461963	0.201111	0.24043	0.096496	0.910313	1.583868	2.43491	1.361682
8970	-2654.972	-3279.401	624.4291	0.487755	0.20471	0.173847	0.133688	0.8343739	1.583868	2.43491	2.124516
8976	-2630.954	-3255.708	624.7535	0.358604	0.37333	0.0281737	0.239893	0.9752487	1.658481	2.416718	1.476572
8982	-2638.824	-3262.171	623.3468	0.417662	0.185584	0.0752361	0.321518	1.351593	1.667187	2.690896	2.241105
8988	-2639.16	-3261.127	621.9671	0.387864	0.233555	0.227494	0.151087	1.351593	1.745038	3.326912	2.597879
8994	-2648.645	-3270.992	622.3469	0.332058	0.123821	0.414774	0.129348	1.351593	1.742149	3.027607	2.797787
9000	-2643.193	-3264.55	621.3566	0.233962	0.215906	0.292242	0.257889	1.816719	1.442561	3.709675	2.394202
9006	-2633.54	-3256.496	622.9555	0.436691	0.300132	0.0961566	0.167021	1.450566	1.557315	3.007762	2.089525
9012	-2650.874	-3270.589	619.7153	0.506755	0.251142	0.048285	0.193818	1.363987	1.609339	4.418107	3.393041
9018	-2630.576	-3253.809	623.2326	0.358864	0.337752	0.0769957	0.226388	1.074823	1.459619	3.350295	1.570432
9024	-2636.173	-3260.1	623.9269	0.389592	0.30467	0.101523	0.204215	1.028084	1.432744	2.887497	1.759578
9030	-2641.358	-3263.681	622.3233	0.374	0.312452	0.104117	0.209431	1.139907	1.568279	3.226005	2.896835
9036	-2628.46	-3247.54	619.0797	0.491978	0.180867	0.097624	0.22953	1.549913	1.500439	4.434026	4.484173
9042	-2638.293	-3261.829	623.5361	0.380754	0.199444	0.146468	0.273334	1.102688	1.662197	2.615212	2.490761
9048	-2630.191	-3254.692	624.5006	0.43114	0.151667	0.189364	0.227829	1.59014	1.73505	2.615212	0.7444446
9054	-2634.009	-3258.446	624.4368	0.520636	0.213408	0.154879	0.111077	0.9674148	1.567594	2.925723	1.0335
9060	-2650.971	-3274.404	623.4326	0.394218	0.232924	0.175396	0.197462	0.8733874	1.511039	3.3816	1.45183
9066	-2638.284	-3261.246	622.9622	0.440116	0.078616	0.226393	0.254875	0.8239575	1.478647	3.430443	2.035751
9072	-2642.126	-3266.047	623.9211	0.456349	0.126474	0.196244	0.220933	1.196531	1.442703	3.261176	0.8893957
9078	-2654.746	-3277.641	622.8945	0.332153	0.0669015	0.215217	0.385728	1.107801	1.603801	2.996978	2.593524
9084	-2655.19	-3278.866	623.6766	0.39363	0.00730517	0.370827	0.228238	1.645144	1.781125	2.278356	2.186974
9090	-2640.139	-3263.34	623.2009	0.563827	0.0196337	0.229464	0.187076	1.318797	1.713892	2.536047	2.813641
9096	-2629.476	-3253.351	623.8751	0.666681	0.0113313	0.193478	0.12851	1.263243	1.601616	2.536047	2.059116
9102	-2634.038	-3258.255	624.2166	0.380004	0.0788046	0.345069	0.196123	1.403223	1.635504	2.859821	0.8833497
9108	-2634.89	-3256.89	621.9997	0.492037	0.0607547	0.102059	0.34515	1.751538	1.564222	3.564614	1.766834
9114	-2632.027	-3255.189	623.1615	0.441097	0.209085	0.0602302	0.289588	1.337149	1.625551	2.717455	2.528828
9120	-2617.867	-3241.926	624.0587	0.328388	0.2861	0.169921	0.215592	1.304323	1.601201	2.717455	1.421575
9126	-2619.49	-3241.829	622.3392	0.331273	0.263246	0.0317696	0.373711	1.634744	1.559874	3.413316	1.791124
9132	-2649.957	-3271.128	621.1716	0.44155	0.215023	0.0423453	0.301081	1.734503	1.553144	3.830686	2.292818
9138	-2627.881	-3250.765	622.8849	0.546094	0.0573388	0.234685	0.161882	1.570051	1.633421	2.723603	2.612712
9144	-2648.724	-3272.433	623.709	0.444292	0.0411212	0.325659	0.188928	1.418415	1.651613	2.804302	1.483837
9150	-2663.748	-3285.391	621.6426	0.319646	0.0928161	0.278885	0.308653	1.726861	1.567508	3.893217	1.530423
9156	-2659.925	-3282.802	622.8775	0.375329	0.206989	0.25424	0.163443	1.563836	1.620365	3.154147	1.667352
9162	-2654.263	-3275.99	621.7271	0.471224	0.147472	0.176102	0.205202	1.470562	1.664116	3.265628	3.115743
9168	-2623.972	-3247.312	623.34	0.31497	0.19105	0.228141	0.265839	1.194985	1.560332	3.319799	1.262995
9174	-2644.988	-3267.421	622.4324	0.338085	0.131682	0.244884	0.285349	1.733826	1.68913	3.500503	1.262995
9180	-2644.209	-3265.821	621.6123	0.347835	0.161482	0.140759	0.349924	1.733826	1.718502	3.832198	1.507013
9186	-2643.635	-3266.121	622.4857	0.302945	0.162362	0.182862	0.351831	2.24364	1.759145	3.445134	0.843318
9192	-2644.098	-3267.294	623.1956	0.437317	0.139964	0.198894	0.223825	1.409198	1.806836	3.159354	1.234265
9198	-2659.847	-3283.304	623.4571	0.386563	0.196651	0.212368	0.204418	0.8761897	1.865572	2.769783	2.272938
9204	-2669.492	-3293.635	624.1429	0.327182	0.109162	0.401456	0.1622	0.9305017	1.623759	2.879708	1.408088
9210	-2660.46	-3281.068	620.6078	0.354351	0.135469	0.334511	0.175669	1.961036	1.464678	4.574488	1.253278
9216	-2655.497	-3275.807	620.3103	0.427441	0.156541	0.0376778	0.378339	2.259647	1.407172	4.363109	1.855322
9222	-2661.3	-3283.899	622.599	0.367642	0.265082	0.0408193	0.326457	1.745213	1.649105	3.67018	0.8292964
9228	-2640.044	-3261.487	621.4428	0.569259	0.126051	0.0452492	0.259441	1.779964	1.777626	3.592962	2.123512
9234	-2655.375	-3277.355	621.9796	0.367466	0.126171	0.206295	0.300067	1.404814	2.004172	3.323876	2.140437
9240	-2649.032	-3270.422	621.3906	0.367901	0.0357654	0.315469	0.280864	1.841229	1.677106	4.285681	0.8563804
9246	-2641.072	-3264.288	623.2163	0.330637	0.224442	0.30106	0.143861	1.413	1.715091	3.675434	0.4291821
9252	-2647.284	-3273.034	625.7501	0.37189	0.252445	0.334615	0.0410498	0.8819783	1.860185	2.388233	0.3985316
9258	-2648.677	-3274.784	626.1072	0.394794	0.18504	0.398665	0.0215014	0.775834	1.759141	2.336679	0.3030098
9264	-2631.781	-3257.669	625.8885	0.399184	0.119252	0.403098	0.0784653	0.6996519	1.630128	2.336679	0.7578702
9270	-2627.061	-3253.063	626.0029	0.379988	0.161557	0.383714	0.0747407	0.5872888	1.675065	2.573483	0.3235803
9276	-2631.443	-3256.958	625.5147	0.276886	0.225427	0.43501	0.0626778	0.9772703	1.673864	2.573483	0.4315033
9282	-2646.057	-3268.862	622.8053	0.265243	0.257997	0.416718	0.0600423	0.9057817	1.607656	3.421084	1.981364
9288	-2635.256	-3260.506	625.2503	0.34908	0.280183	0.340559	0.0301781	0.3756891	1.719356	2.634585	1.147705
9294	-2631.336	-3255.563	624.2264	0.353539	0.202463	0.385563	0.0584352	0.5646735	1.711983	2.788789	1.841607
9300	-2621.33	-3244.887	623.5573	0.412105	0.299118	0.210274	0.078503	0.7175531	1.587186	3.23422	1.703888
9306	-2631.826	-3254.844	623.0183	0.369726	0.333813	0.201904	0.0945564	1.660562	1.513789	3.449359	0.9899401
9312	-2637.132	-3257.802	620.67	0.404782	0.226852	0.138606	0.22976	1.150584	1.559633	4.581774	1.865613
9318	-2659.801	-3276.802	617.0008	0.524782	0.0641786	0.173425	0.237614	1.649587	1.20168	5.991906	3.453338
9324	-2644.78	-3267.545	622.7658	0.495928	0.10039	0.170321	0.233362	1.361697	1.5177	3.41178	1.611759
9330	-2663.307	-3285.527	622.2192	0.0488613	0.607549	0.168519	0.17507	0.3693268	1.766831	4.079278	1.759788
9336	-2645.835	-3269.994	624.1587	0.0360395	0.622167	0.211751	0.130043	0.451883	1.630671	3.619863	0.6212024
9342	-2619.928	-3243.668	623.7393	0.103402	0.514378	0.274707	0.107514	0.3638909	1.591319	3.927466	0.6212024
9348	-2633.921	-3256.431	622.5095	0.0929475	0.563475	0.246934	0.0966437	0.3483941	1.796418	4.041772	1.473184
9354	-2633.202	-3257.751	624.5483	0.164232	0.521583	0.224726	0.0894586	0.3821068	1.881736	2.780166	1.473184
9360	-2621.443	-3244.74	623.2969	0.223947	0.484316	0.208669	0.0830669	0.5520708	1.792311	3.744087	0.9919757
9366	-2662.134	-3285.35	623.2166	0.179222	0.585945	0.104426	0.130407	0.6578505	1.469006	3.855921	1.091502
9372	-2649.249	-3271.415	622.1656	0.182691	0.592291	0.0778778	0.14714	0.600195	1.457476	4.316737	1.431024
9378	-2647.707	-3271.022	623.3145	0.174959	0.492762	0.222763	0.109516	0.7616718	1.650505	3.590026	1.165214
9384	-2653.541	-3274.145	620.6045	0.237715	0.590591	0.0404354	0.131259	0.7284985	1.656823	4.234421	3.418157
9390	-2651.35	-3273.023	621.6724	0.325682	0.370556	0.123931	0.179831	0.5380544	1.619348	4.522684	1.466017
9396	-2642.821	-3264.707	621.8857	0.328777	0.245751	0.232288	0.193184	1.186721	1.495616	4.222974	1.221335
9402	-2628.713	-3248.873	620.1604	0.244801	0.347361	0.127532	0.280306	2.067453	1.63226	4.647456	1.329585
9408	-2652.888	-3274.174	621.2862	0.199399	0.515872	0.0664762	0.218252	1.195199	1.508504	4.61054	1.107238
9414	-2652.646	-3271.419	618.7732	0.534729	0.0622718	0.197506	0.205493	1.690592	1.532902	4.931569	3.081658
9420	-2630.251	-3252.089	621.8384	0.373037	0.222701	0.184261	0.22	1.386784	1.698844	3.991059	1.294085
9426	-2639.051	-3260.445	621.3938	0.460304	0.141325	0.0373254	0.361045	1.927554	1.5983	3.438025	2.679184
9432	-2639.896	-3261.444	621.5478	0.527976	0.162102	0.0735641	0.236358	1.705161	1.636444	2.844231	4.489303
9438	-2656.15	-3278.093	621.9428	0.394902	0.255673	0.0846297	0.264795	1.745768	1.77641	2.970719	3.009215
9444	-2644.291	-3268.313	624.0219	0.258238	0.299257	0.332319	0.110186	0.6746315	1.649025	3.661053	0.4420912
9450	-2637.416	-3262.303	624.8865	0.314315	0.243994	0.270951	0.17074	1.167542	1.581757	2.963807	0.2505359
9456	-2629.244	-3253.415	624.1713	0.298665	0.180223	0.402975	0.118137	1.320687	1.747276	3.147997	0.4242755
9462	-2616.017	-3237.206	621.1889	0.466516	0.0226736	0.272811	0.237999	1.567606	1.702819	3.974161	1.911416
9468	-2621.693	-3244.637	622.9434	0.430961	0.0971595	0.252019	0.21986	1.582042	1.655517	3.556079	0.8102114
9474	-2626.344	-3249.171	622.8265	0.555927	0.133905	0.118574	0.191595	1.307835	1.760662	3.464032	1.222694
9480	-2629.252	-3252.672	623.4201	0.410758	0.135155	0.286382	0.167705	1.390164	1.753116	2.995526	1.365958
9486	-2630.976	-3254.073	623.0977	0.363089	0.189156	0.253147	0.194608	1.373975	1.548193	3.583707	0.893265
9492	-2640.891	-3264.705	623.814	0.403208	0.0995621	0.281118	0.216111	1.379003	1.585703	3.470118	0.3152227
9498	-2630.142	-3254.149	624.0069	0.275174	0.285412	0.351379	0.0880353	0.7764221	1.386995	3.825109	0.259636
9504	-2622.523	-3247.299	624.776	0.302634	0.216263	0.41792	0.0631838	0.5439572	1.591535	3.296715	0.5085907
9510	-2625.579	-3248.589	623.0094	0.286747	0.257405	0.395981	0.0598669	0.7305466	1.426857	4.281941	0.5342523
9516	-2627.923	-3250.826	622.9029	0.309179	0.252122	0.363183	0.075517	0.4351624	1.367842	4.366924	0.8370789
9522	-2618.825	-3243.258	624.4334	0.324608	0.265379	0.315826	0.0941869	0.9084994	1.636467	2.657898	1.502736
9528	-2641.945	-3266.198	624.2532	0.167905	0.563951	0.1723	0.0958433	1.016746	1.490257	3.281718	0.6606074
9534	-2624.829	-3247.849	623.0199	0.180526	0.360372	0.185252	0.27385	1.165154	1.633549	3.696049	0.8850489
9540	-2605.667	-3225.832	620.1647	0.315814	0.156484	0.324081	0.203621	1.177637	1.318437	4.992398	1.84669
9546	-2624.576	-3244.024	619.4483	0.351584	0.174208	0.314943	0.159265	1.52409	1.56622	4.291348	4.149603
9552	-2621.953	-3243.515	621.562	0.308312	0.142853	0.228089	0.320745	1.459437	1.632876	3.903951	1.799175
9558	-2631.012	-3253.317	622.3044	0.571662	0.0549172	0.199226	0.174195	0.9845409	1.448106	3.903951	1.66013
9564	-2638.98	-3260.21	621.2307	0.47372	0.0746147	0.252288	0.199378	2.046581	1.584102	3.330894	3.121201
9570	-2625.921	-3249.56	623.639	0.46971	0.118494	0.28261	0.129186	0.8741185	1.479763	2.945001	2.156212
9576	-2636.995	-3260.604	623.6088	0.418378	0.0825654	0.319171	0.179886	1.218905	1.530014	2.945001	1.686995
9582	-2642.746	-3264.728	621.9814	0.464491	0.150413	0.263007	0.122088	1.235816	1.572856	3.331236	3.009593
9588	-2621.915	-3245.048	623.1328	0.441953	0.118917	0.322966	0.116164	1.259703	1.767113	2.578286	2.815579
9594	-2625.052	-3248.363	623.3107	0.441953	0.118917	0.322966	0.116164	1.099183	1.695152	3.204444	1.465219
9600	-2645.62	-3269.749	624.1294	0.381998	0.162428	0.273596	0.181978	1.134458	1.803182	2.767838	1.206801
9606	-2656.045	-3281.399	625.3539	0.453963	0.134113	0.326659	0.0852649	0.9557588	1.702079	2.52509	0.6605323
9612	-2648.852	-3273.955	625.1037	0.374767	0.151772	0.33876	0.134701	1.344731	1.676113	2.674423	0.2549307
9618	-2649.863	-3272.453	622.5895	0.360299	0.234934	0.250566	0.154201	0.723829	1.579889	4.354817	0.6727157
9624	-2642.882	-3265.366	622.4847	0.327203	0.23774	0.25356	0.181497	1.313369	1.599491	3.402106	1.936899
9630	-2665.807	-3287.346	621.5395	0.378273	0.136987	0.228362	0.256378	1.265028	1.590232	3.383223	3.553792
9636	-2640.837	-3263.159	622.3222	0.514289	0.165017	0.181685	0.139009	1.229224	1.534575	3.649303	1.783964
9642	-2670.483	-3293.33	622.8474	0.410774	0.126623	0.368996	0.0936069	1.309497	1.453889	3.373409	1.727307
9648	-2654.778	-3274.708	619.9293	0.491132	0.0576213	0.296465	0.154781	1.565247	1.673926	3.950102	4.100405
9654	-2631.726	-3250.374	618.6479	0.560093	0.100119	0.222099	0.117689	1.445226	1.7307	3.950102	7.423392
9660	-2637.403	-3259.69	622.2866	0.503871	0.118272	0.135812	0.242045	1.441536	1.864684	2.830611	3.102748
9666	-2662.961	-3283.908	620.947	0.385637	0.175412	0.236493	0.202457	1.390722	1.30811	4.248369	2.33475
9672	-2676.139	-3299.049	622.9106	0.420516	0.158185	0.200531	0.220768	1.098322	1.365407	3.693984	1.34553
9678	-2662.007	-3282.353	620.3463	0.482355	0.14693	0.0649667	0.305748	1.442882	1.337706	4.734879	1.871116
9684	-2650.266	-3271.654	621.3877	0.498485	0.0938794	0.212282	0.195354	2.121722	1.417222	4.080688	1.27651
9690	-2676.605	-3298.623	622.0184	0.458187	0.070178	0.313288	0.158347	1.291266	1.620703	3.537507	2.255288
9696	-2661.029	-3280.612	619.5832	0.323426	0.19685	0.184707	0.295017	1.503558	1.904076	3.661222	5.612425
9702	-2622.859	-3244.476	621.6169	0.369077	0.161235	0.357448	0.11224	1.33564	1.548469	3.661222	2.579914
9708	-2624.815	-3246.588	621.7733	0.348151	0.152093	0.337181	0.162575	1.514591	1.548469	4.258492	0.9164338
9714	-2617.937	-3238.519	620.5818	0.416105	0.178778	0.21081	0.194307	1.164538	1.507546	4.357797	2.604468
9720	-2643.251	-3263.763	620.5113	0.406844	0.225006	0.178169	0.189982	1.507463	1.571837	4.535779	1.744694
9726	-2647.25	-3268.697	621.4472	0.274908	0.23649	0.288922	0.199679	1.315821	1.667039	3.973283	1.911553
9732	-2647.689	-3269.696	622.0064	0.397621	0.102308	0.325627	0.174444	1.302566	1.620256	3.787222	1.689169
9738	-2634.436	-3258.05	623.6135	0.328693	0.257924	0.269179	0.144204	1.510037	1.709885	2.999918	1.085681
9744	-2625.203	-3247.631	622.4282	0.457797	0.0194622	0.275151	0.24759	1.675878	1.8353	3.420061	1.309594
9750	-2636.681	-3258.359	621.6779	0.447537	0.0226532	0.317204	0.212606	1.510826	1.824351	3.979059	1.237168
9756	-2636.489	-3257.193	620.7038	0.446764	0.0692814	0.300009	0.183946	1.843815	1.572814	4.450034	1.371151
9762	-2649.574	-3271.08	621.5055	0.508566	0.0432079	0.27797	0.170257	1.318527	1.619147	2.961562	4.928398
9768	-2659.564	-3279.999	620.4346	0.487785	0.0246086	0.215304	0.272302	1.331875	1.374894	4.604075	2.14739
9774	-2664.143	-3287.766	623.6225	0.556643	0.0712606	0.245697	0.1264	1.132001	1.571376	2.96945	1.671056
9780	-2637.042	-3259.318	622.2766	0.547043	0.16188	0.0907007	0.200376	1.749151	1.682756	3.739542	0.9910817
9786	-2636.457	-3258.504	622.0465	0.459745	0.137454	0.23266	0.170141	1.202321	1.672244	3.407578	2.588022
9792	-2657.217	-3279.686	622.4686	0.422913	0.0421041	0.292414	0.242569	1.495331	1.528587	3.322463	2.017827
9798	-2647.263	-3269.216	621.9527	0.514612	0.0392454	0.243855	0.202287	1.027852	1.609031	3.239111	3.628466
9804	-2657.015	-3279.665	622.6494	0.483998	0.033913	0.32936	0.152729	0.8795047	1.667925	2.434472	5.142162
9810	-2649.702	-3273.35	623.6481	0.414504	0.157385	0.20809	0.220021	1.225764	1.724086	2.560893	2.195916
9816	-2644.86	-3268.481	623.6215	0.426616	0.154607	0.192328	0.22645	1.337055	1.661109	2.534316	2.237786
9822	-2644.248	-3263.01	618.7625	0.373981	0.160476	0.199629	0.265914	1.283559	1.513414	4.798829	4.250332
9828	-2628.68	-3249.516	620.8353	0.542946	0.0412105	0.257605	0.158238	1.566813	1.559341	4.276508	1.868043
9834	-2652.625	-3272.329	619.7045	0.475205	0.0761494	0.15625	0.292395	1.449017	1.644663	4.858181	2.013595
9840	-2669.009	-3290.149	621.1402	0.468439	0.184636	0.222311	0.124613	1.715011	1.509658	3.537392	3.241039
9846	-2669.539	-3290.146	620.6068	0.44692	0.111183	0.212099	0.229798	1.566829	1.602887	4.185393	2.339968
9852	-2667.739	-3282.728	614.9883	0.38849	0.213367	0.100924	0.297219	2.416658	1.537286	5.563083	8.118561
9858	-2674.059	-3289.538	615.4788	0.418938	0.23009	0.0304594	0.320513	2.205206	1.539312	5.372942	8.118561
9864	-2666.905	-3288.814	621.9093	0.497017	0.159858	0.187705	0.15542	1.510257	1.784493	3.049453	3.162041
9870	-2659.957	-3282.246	622.289	0.312646	0.2576	0.114479	0.315275	1.341618	1.801103	3.214865	2.330954
9876	-2636.405	-3258.781	622.376	0.464495	0.115551	0.110114	0.30984	1.297237	1.546387	3.214865	2.642528
9882	-2627.467	-3251.041	623.574	0.490706	0.0656419	0.116328	0.327324	1.296776	1.63707	2.700568	2.016831
9888	-2642.837	-3266.44	623.6029	0.355355	0.105149	0.191759	0.347737	1.071224	1.740096	2.538825	2.504459
9894	-2647.743	-3271.876	624.1333	0.555937	0.0783013	0.0590392	0.306723	1.071224	1.785478	2.479029	1.838698
9900	-2640.035	-3263.3	623.2643	0.576651	0.158635	0.119611	0.145103	1.049485	1.661116	2.977571	2.104093
9906	-2634.356	-3257.449	623.0937	0.383756	0.0792068	0.23233	0.304707	1.402328	1.757031	2.870296	1.999
9912	-2634.234	-3257.183	622.9491	0.442995	0.300336	0.147061	0.109608	1.004395	1.800898	2.564837	3.535687
9918	-2643.103	-3268.402	625.2993	0.323874	0.177822	0.437792	0.0605125	0.5606149	1.868047	2.153826	1.579255
9924	-2624.514	-3249.016	624.5028	0.330972	0.18172	0.407072	0.0802353	0.6287421	1.70138	2.413166	2.20807
9930	-2638.291	-3264.759	626.4677	0.31803	0.177588	0.444225	0.0601567	0.5469723	1.689555	2.242876	0.4356462
9936	-2664.191	-3289.76	625.5698	0.322784	0.165294	0.450866	0.061056	0.5469723	1.835	2.620925	0.5881193
9942	-2648.867	-3273.667	624.8005	0.314494	0.384465	0.241552	0.059488	0.5182617	1.74855	2.320529	2.091888
9948	-2644.084	-3268.136	624.0521	0.328956	0.202517	0.381318	0.08721	0.6178162	1.708352	2.464957	2.765835
9954	-2651.255	-3275.905	624.6495	0.276218	0.250842	0.396027	0.0769135	0.7680584	1.879169	2.393416	1.63452
9960	-2661.609	-3284.869	623.2595	0.425514	0.0171938	0.360366	0.196927	1.038344	1.641769	2.599099	3.109116
9966	-2663.328	-3287.649	624.3211	0.444849	0.0179751	0.366944	0.170232	1.505641	1.712244	2.304109	1.548076
9972	-2654.119	-3277.488	623.369	0.435976	0.00572327	0.104139	0.454163	1.505641	1.778213	2.304109	2.765835
9978	-2654.945	-3278.6	623.6549	0.642366	0.00858101	0.0605673	0.288486	1.688671	1.778213	2.294005	2.137481
9984	-2639.458	-3265.427	625.9687	0.313917	0.375733	0.233859	0.076491	0.6664888	1.622521	2.522387	0.4345508
9990	-2636.169	-3262.041	625.8715	0.325035	0.297537	0.222255	0.155173	0.8376382	1.647548	2.522387	0.2452626
9996	-2652.412	-3278.41	625.9978	0.576615	0.087684	0.202469	0.133232	0.8376382	1.601638	2.468106	0.288019
10002	-2642.916	-3266.732	623.8162	0.390564	0.0146283	0.402604	0.192204	1.150486	1.584093	2.831181	1.676797
10008	-2647.079	-3269.324	622.2445	0.494294	0.0517944	0.267004	0.186907	1.427759	1.632957	3.454094	1.957135
10014	-2665.32	-3287.127	621.8068	0.53259	0.0132229	0.287691	0.166496	1.427759	1.626002	3.311884	2.976684
10020	-2647.348	-3270.976	623.6276	0.479261	0.0186026	0.212125	0.290011	1.073719	1.626002	2.718224	2.208782
10026	-2638.641	-3260.299	621.6587	0.594372	0.00952063	0.240934	0.155173	1.497192	1.697301	3.39043	2.785153
10032	-2612.449	-3234.008	621.5585	0.560821	0.0331624	0.11782	0.288197	1.540313	1.575373	3.783311	2.062013
10038	-2624.076	-3245.267	621.1915	0.579805	0.0429335	0.148972	0.228289	1.642905	1.599272	3.922634	2.081592
10044	-2635.765	-3258.168	622.4025	0.518623	0.0416716	0.270686	0.169019	1.437808	1.580456	3.465057	1.785827
10050	-2642.863	-3263.976	621.113	0.519055	0.0867053	0.159042	0.235198	1.887578	1.569405	4.063573	1.652773
10056	-2641.296	-3262.668	621.3718	0.32425	0.17124	0.256961	0.247549	1.678031	1.80415	4.063573	1.278083
10062	-2618.797	-3239.991	621.1941	0.474089	0.130912	0.201184	0.193815	1.667726	1.756111	3.219651	3.753406
10068	-2632.251	-3253.157	620.9058	0.504856	0.183906	0.072564	0.238674	1.497268	1.719981	3.652791	3.254377
10074	-2611.421	-3233.254	621.8328	0.539719	0.0305791	0.174547	0.255155	1.577601	1.64619	3.625511	1.924192
10080	-2638.567	-3257.552	618.9852	0.469005	0.050075	0.235894	0.245027	1.637046	1.573704	4.297999	4.90244
10086	-2639.401	-3259.75	620.3483	0.38907	0.0546501	0.353015	0.203265	2.057665	1.702174	4.161926	2.076881
10092	-2627.708	-3246.325	618.6169	0.492483	0.104636	0.23141	0.171472	1.461603	1.538864	4.236843	6.567905
10098	-2631.762	-3250.303	618.5408	0.417969	0.088804	0.216091	0.277136	1.458763	1.657658	4.214021	6.567905
10104	-2627.75	-3247.467	619.7172	0.432715	0.174747	0.105625	0.286914	1.582554	1.500814	4.872312	2.001731
10110	-2672.326	-3291.868	619.5423	0.216719	0.214701	0.244737	0.323843	1.621845	1.267754	5.65797	0.8256516
10116	-2636.431	-3258.274	621.8431	0.167212	0.48103	0.139114	0.212643	1.165278	1.363651	4.357635	1.175763
10122	-2635.547	-3258.319	622.7717	0.150868	0.450709	0.268688	0.129736	1.179214	1.439824	3.644122	1.427253
10128	-2644.515	-3266.349	621.8332	0.421258	0.1391	0.139675	0.299967	1.823607	1.439824	3.923182	1.31261
10134	-2642.856	-3265.412	622.5567	0.471848	0.0357137	0.156449	0.33599	1.407202	1.576382	2.866023	3.085922
10140	-2630.061	-3253.594	623.533	0.346935	0.22246	0.0792453	0.35136	1.563024	1.659883	2.837717	1.469615
10146	-2632.265	-3255.727	623.462	0.309283	0.44836	0.0631673	0.17919	1.372832	1.731483	3.127059	1.124311
10152	-2661.721	-3284.444	622.7234	0.284793	0.384241	0.0862619	0.244704	1.288587	1.626424	3.219701	2.025257
10158	-2665.317	-3286.744	621.4263	0.437685	0.111007	0.0752333	0.376074	1.543927	1.495756	3.899582	2.070783
10164	-2673.226	-3295.91	622.6843	0.441119	0.196922	0.200414	0.161545	1.354518	1.553865	3.707871	1.104165
10170	-2653.454	-3275.422	621.9677	0.370097	0.257199	0.138649	0.234054	1.786321	1.477394	3.314768	2.476275
10176	-2644.997	-3267.796	622.7992	0.491242	0.123981	0.211778	0.172999	1.24539	1.523351	3.459226	1.595234
10182	-2649.496	-3271.428	621.9314	0.52921	0.133563	0.150856	0.18637	1.444536	1.522712	3.737048	1.855029
10188	-2639.408	-3261	621.5918	0.402295	0.123909	0.356505	0.117291	0.5967993	1.643928	4.298377	1.948601
10194	-2632.216	-3253.277	621.0611	0.317308	0.165642	0.46219	0.0548598	0.7888356	1.448517	4.650269	1.817171
10200	-2638.307	-3262.016	623.7091	0.311567	0.260501	0.298538	0.129395	0.4305218	1.437781	3.823824	0.9160137
10206	-2633.308	-3257.244	623.9353	0.317506	0.304027	0.348419	0.0300484	0.5016647	1.432996	3.736667	0.7829191
10212	-2623.673	-3246.744	623.0713	0.264212	0.227427	0.485883	0.0224777	0.4606479	1.535094	3.948376	1.217201
10218	-2619.622	-3242.21	622.5881	0.129615	0.421907	0.406779	0.0416991	0.4166772	1.501792	4.714322	0.4285416
10224	-2625.399	-3247.03	621.6316	0.288211	0.232209	0.348346	0.131234	0.6102025	1.581406	4.569935	1.374958
10230	-2653.296	-3278.362	625.0664	0.304026	0.186639	0.409372	0.0999635	0.6102025	1.600461	3.156825	0.3614475
10236	-2651.383	-3276.17	624.7867	0.327039	0.180467	0.395835	0.0966581	0.6989611	1.508111	3.34641	0.2826775
10242	-2648.249	-3273.032	624.7833	0.471831	0.0439214	0.4061	0.0781483	1.144693	1.496647	3.087221	0.2259829
10248	-2647.381	-3273.264	625.8833	0.525453	0.137019	0.250499	0.0870296	1.076004	1.662777	2.353764	0.2459394
10254	-2641.449	-3266.893	625.4448	0.345538	0.221877	0.382414	0.0501704	1.09477	1.703738	2.564259	0.3566361
10260	-2629.94	-3254.745	624.8052	0.303258	0.320901	0.303279	0.0725617	1.545678	1.621391	2.75593	0.3566361
10266	-2634.488	-3259.246	624.7581	0.278946	0.245235	0.420366	0.0554523	1.315027	1.569652	2.965524	0.2575014
10272	-2629.124	-3254.397	625.2735	0.224278	0.332383	0.408628	0.0347112	0.9080571	1.569652	2.889596	0.22394
10278	-2635.964	-3260.904	624.9402	0.219074	0.324671	0.399147	0.0571081	0.8428564	1.557493	3.132782	0.301859
10284	-2634.32	-3257.947	623.627	0.253099	0.401501	0.313589	0.0318112	0.6685817	1.440925	4.00269	0.458416
10290	-2646.573	-3270.028	623.4546	0.264858	0.239866	0.301589	0.193687	1.234455	1.451724	3.826111	0.3347358
10296	-2651.587	-3275.395	623.8086	0.395361	0.107319	0.411775	0.0855446	1.070651	1.556181	3.651985	0.3347358
10302	-2651.705	-3276.962	625.2563	0.401401	0.131589	0.277825	0.189186	1.297137	1.58092	2.647621	0.3347358
10308	-2669.632	-3294.741	625.1089	0.303334	0.250916	0.268696	0.177054	0.9694428	1.572099	2.934864	0.3347358
10314	-2649.16	-3273.895	624.7357	0.308725	0.138267	0.405665	0.147343	0.9091428	1.742193	2.46078	1.398269
10320	-2649.782	-3272.057	622.2745	0.460826	0.104105	0.305438	0.129631	1.499152	1.576441	3.598521	1.601412
10326	-2635.598	-3257.499	621.9012	0.413538	0.129323	0.242633	0.214506	2.122202	1.814472	3.765854	0.9051291
10332	-2647.96	-3269.442	621.4821	0.613009	0.0919896	0.0679962	0.227005	1.587991	1.64507	4.321508	0.9369677
10338	-2639.037	-3260.445	621.4085	0.503533	0.247433	0.0204163	0.228617	1.228495	1.386491	4.666635	0.9740497
10344	-2645.736	-3268.793	623.0575	0.326805	0.199633	0.174339	0.299223	1.569092	1.525362	3.556178	0.8359142
10350	-2627.037	-3249.827	622.79	0.442925	0.0921352	0.132356	0.332585	1.612431	1.542733	3.144072	1.843384
10356	-2623.177	-3245.557	622.3798	0.442925	0.0921352	0.132356	0.332585	1.597211	1.902157	3.181803	1.843384
10362	-2630.974	-3251.519	620.5451	0.567992	0.0818157	0.0925594	0.257633	1.667342	1.731293	3.435082	4.373829
10368	-2627.427	-3246.877	619.45	0.337656	0.322692	0.121307	0.218345	1.745059	1.593011	4.199953	4.047034
10374	-2631.68	-3253.794	622.1137	0.389293	0.192208	0.149468	0.269031	1.236693	1.437281	3.126563	3.627323
10380	-2625.134	-3247.918	622.7843	0.327479	0.161688	0.198895	0.311938	1.122144	1.571117	3.000867	2.785508
10386	-2635.541	-3258.078	622.5362	0.513534	0.0691231	0.162494	0.254849	1.379	1.45468	3.549425	1.661573
10392	-2644.353	-3267.271	622.9175	0.339121	0.138447	0.203411	0.319021	1.071106	1.395376	3.549425	1.620975
10398	-2629.667	-3254.312	624.6446	0.214683	0.471847	0.12877	0.184701	1.071106	1.677899	2.494584	1.33038
10404	-2640.78	-3263.994	623.2138	0.33419	0.34164	0.093236	0.230934	1.459901	1.64637	2.959644	1.731706
10410	-2628.455	-3250.825	622.3699	0.350143	0.266819	0.194937	0.188101	0.6606096	1.651594	3.590125	2.486829
10416	-2632.703	-3254.927	622.2244	0.371428	0.328807	0.206787	0.0929781	0.6606096	1.380891	4.046705	1.956641
10422	-2628.364	-3254.05	625.6857	0.282808	0.282736	0.334088	0.100368	0.5787877	1.609034	2.800668	0.3582103
10428	-2631.09	-3256.039	624.9489	0.253507	0.357049	0.299474	0.089969	1.16551	1.641908	2.889492	0.2741234
10434	-2634.321	-3258.557	624.2353	0.208463	0.318076	0.390557	0.0829043	1.004871	1.702214	3.31634	0.4217513
10440	-2656.766	-3282.53	625.7634	0.264318	0.4033	0.143287	0.189096	0.6541506	1.917074	2.156724	0.9176483
10446	-2635.986	-3262.57	626.584	0.347288	0.349187	0.243211	0.0603133	0.5354196	1.796831	2.156724	0.3364243
10452	-2646.609	-3272.829	626.2201	0.364296	0.366288	0.255122	0.0142945	0.5071335	1.722944	2.473827	0.2542365
10458	-2630.573	-3256.722	626.1489	0.406318	0.230661	0.339731	0.0232906	0.5825496	1.716247	2.473827	0.2417124
10464	-2632.929	-3258.845	625.9158	0.462081	0.143843	0.386356	0.00772046	0.4872976	1.694857	2.68128	0.3138916
10470	-2636.807	-3261.559	624.7515	0.429835	0.208555	0.350417	0.0111937	0.5439339	1.428866	3.479785	0.3708741
10476	-2642.436	-3266.197	623.7612	0.374494	0.199796	0.415239	0.0104713	0.4426072	1.381482	4.029674	0.566764
10482	-2659.701	-3282.481	622.7797	0.322501	0.273771	0.254865	0.148863	0.6366093	1.502023	3.97011	1.333095
10488	-2657.294	-3280.094	622.7995	0.306378	0.225106	0.346115	0.122401	0.4317843	1.339694	4.580785	0.6043814
10494	-2645.856	-3268.12	622.2642	0.526333	0.00515373	0.368555	0.0999586	1.306443	1.617887	2.83359	3.802649
10500	-2660.194	-3283.349	623.1551	0.506149	0.00537334	0.38426	0.104218	1.249477	1.762901	2.663282	2.586061
10506	-2669.124	-3292.328	623.2039	0.402392	0.0230297	0.43557	0.139008	1.453671	1.736183	2.574945	2.490291
10512	-2640.407	-3263.215	622.8081	0.464217	0.0275251	0.402332	0.105926	1.084431	1.442863	3.66259	1.449933
10518	-2627.656	-3251.528	623.8718	0.376237	0.0393207	0.498592	0.0858503	1.161038	1.537815	3.029992	1.275138
10524	-2643.892	-3267.708	623.8159	0.332577	0.0420729	0.53349	0.0918593	1.340654	1.754091	2.732756	1.457843
10530	-2633.809	-3258.237	624.428	0.42542	0.0274162	0.398135	0.149029	1.037126	1.721776	2.550855	1.460664
10536	-2640.861	-3263.98	623.119	0.417869	0.130481	0.328635	0.123014	1.224662	1.641856	2.90382	2.269586
10542	-2634.756	-3259.159	624.4022	0.279641	0.256259	0.328973	0.135127	0.7457889	1.60056	3.115288	0.9483864
10548	-2636.477	-3258.333	621.8563	0.47597	0.111022	0.283557	0.12945	1.351349	1.537867	3.727296	2.065381
10554	-2633.217	-3256.633	623.4165	0.380853	0.192181	0.258956	0.168011	0.8962791	1.537867	3.269782	1.634567
10560	-2634.617	-3259.451	624.8348	0.26841	0.25632	0.456422	0.0188484	0.6871559	1.495239	3.269782	0.4390136
10566	-2663.268	-3287.589	624.3204	0.575776	0.162553	0.251293	0.0103774	0.4815514	1.495239	3.758546	0.2351239
10572	-2640.433	-3264.671	624.2375	0.229788	0.295128	0.456243	0.018841	0.633194	1.376397	3.758546	0.3611192
10578	-2642.126	-3265.894	623.7678	0.256728	0.298188	0.424035	0.0210499	0.7121254	1.454294	3.758546	0.6774045
10584	-2652.877	-3278.057	625.1804	0.202363	0.271707	0.506749	0.0191806	0.4503566	1.538053	3.217216	0.3724618
10590	-2637.185	-3261.512	624.3269	0.490417	0.0862	0.377442	0.0459413	0.9519472	1.477796	3.473619	0.3075504
10596	-2637.249	-3262.34	625.0917	0.527903	0.076097	0.312081	0.083919	0.8153502	1.539337	3.077456	0.2568767
10602	-2658.187	-3283.644	625.457	0.296325	0.292264	0.382961	0.0284498	0.5331522	1.470411	3.077456	0.2428867
10608	-2652.445	-3276.912	624.4666	0.294574	0.274984	0.402427	0.0280153	0.5331522	1.377372	3.710752	0.2808492
10614	-2656.23	-3278.811	622.5806	0.337445	0.142512	0.460994	0.0590499	0.5961604	1.376452	4.510305	0.7402042
10620	-2641.592	-3263.835	622.2426	0.322285	0.143643	0.464655	0.0694169	0.621141	1.297165	4.687699	0.8113179
10626	-2662.198	-3283.574	621.3761	0.384381	0.0390401	0.48628	0.0902987	1.001051	1.534277	3.561947	3.872336
10632	-2657.8	-3282.26	624.4602	0.269581	0.408646	0.0177608	0.304012	1.408385	1.980567	1.804368	2.096428
10638	-2637.051	-3262.012	624.9615	0.438512	0.211977	0.191811	0.1577	0.9627198	1.91424	1.871413	1.94883
10644	-2650.491	-3274.656	624.1649	0.409508	0.141355	0.30913	0.140006	0.8238807	1.626573	3.290909	0.78666
10650	-2642.358	-3265.456	623.0977	0.269882	0.370433	0.180987	0.178698	1.561307	1.685101	3.249389	1.166309
10656	-2628.85	-3251.734	622.8837	0.261771	0.41842	0.164194	0.155615	0.7979318	1.6763	3.336655	2.128082
10662	-2641.4	-3263.717	622.3175	0.296674	0.241887	0.420726	0.0407134	0.7979318	1.451674	3.705611	2.351176
10668	-2656.381	-3281.175	624.7947	0.244435	0.11598	0.553615	0.0859699	0.8083101	1.397305	3.142303	0.6605884
10674	-2665.024	-3288.137	623.1133	0.390829	0.185442	0.288388	0.135341	0.5386624	1.632518	2.995371	3.148473
10680	-2664.419	-3288.272	623.853	0.299505	0.394951	0.201827	0.103717	0.4869429	1.7942	2.676119	2.620901
10686	-2662.67	-3286.083	623.4136	0.292426	0.415743	0.197056	0.0947752	0.8703885	1.759708	2.755772	2.534976
10692	-2636.99	-3262.721	625.7313	0.323708	0.214597	0.356782	0.104914	0.5770303	1.630675	2.755772	0.3694877
10698	-2645.143	-3271.074	625.931	0.224517	0.394209	0.313501	0.067773	0.4178438	1.621003	2.511434	0.7342532
10704	-2638.695	-3264.102	625.4064	0.389691	0.265763	0.263891	0.0806545	0.6022776	1.82058	2.259938	1.276021
10710	-2648.306	-3273.912	625.6056	0.35097	0.239355	0.337035	0.0726402	0.6022776	1.816466	2.398408	0.8554631
10716	-2648.547	-3274.797	626.2506	0.246006	0.229182	0.465733	0.0590792	0.5908083	1.707183	2.398408	0.316507
10722	-2614.354	-3241.05	626.696	0.262621	0.318112	0.372087	0.0471797	0.3918783	1.707183	2.243567	0.2960655
10728	-2630.432	-3256.756	626.3238	0.313754	0.386752	0.216784	0.0827099	0.3951948	1.789653	2.426177	0.2960655
10734	-2645.881	-3272.29	626.4098	0.380335	0.275145	0.244258	0.100262	0.4722946	1.789653	2.327507	0.2960655
10740	-2646.656	-3272.354	625.6985	0.307692	0.257712	0.30812	0.126476	0.3713635	1.605126	2.929627	0.3182822
10746	-2640.408	-3265.896	625.4878	0.30791	0.285307	0.307413	0.0993699	0.4103714	1.712271	2.972818	0.3182822
10752	-2652.948	-3278.499	625.5514	0.258773	0.239776	0.362591	0.13886	1.094988	1.662296	2.535392	0.3272909
10758	-2639.283	-3265.199	625.9164	0.4036	0.242563	0.279653	0.0741832	0.9536889	1.694283	2.389102	0.2349706
10764	-2650.858	-3276.359	625.5006	0.443241	0.0984124	0.307121	0.151226	1.106256	1.819603	2.477059	0.2654484
10770	-2650.068	-3276.786	626.7181	0.376694	0.151225	0.294149	0.177932	0.4956841	1.744424	2.148905	0.2654484
10776	-2646.079	-3272.153	626.0741	0.341839	0.229761	0.266932	0.161468	0.9758391	1.859168	2.168491	0.2654484
10782	-2657.489	-3283.473	625.9845	0.394464	0.116798	0.378035	0.110703	1.128132	1.783508	2.168491	0.3108502
10788	-2661.462	-3287.931	626.4688	0.232811	0.273648	0.353588	0.139952	0.5542562	1.897151	2.168491	0.2920915
10794	-2662.228	-3288.587	626.3588	0.462973	0.153444	0.305107	0.0784763	0.9692294	1.834875	1.997965	0.2201634
10800	-2632.825	-3259.238	626.4133	0.462973	0.153444	0.305107	0.0784763	0.9202794	1.834875	1.997965	0.269147
10806	-2647.06	-3272.476	625.4163	0.411457	0.1287	0.390099	0.0697442	1.238625	1.673776	2.502163	0.3844541
10812	-2637.743	-3263.343	625.6001	0.403639	0.111819	0.434224	0.0503185	1.114554	1.671421	2.502163	0.2350925
10818	-2636.255	-3261.342	625.0865	0.40028	0.110888	0.430611	0.0582208	0.8582651	1.612904	3.007975	0.2768168
10824	-2625.584	-3251.045	625.4611	0.273631	0.291162	0.356041	0.0791667	0.9069095	1.628726	2.723029	0.3404127
10830	-2643.265	-3268.639	625.3737	0.279981	0.334695	0.294321	0.0910033	0.9439322	1.664046	2.628104	0.5305931
10836	-2643.99	-3267.379	623.3887	0.294228	0.202056	0.309299	0.194417	0.876546	1.446411	3.711375	0.9621021
10842	-2633.433	-3254.87	621.4369	0.295828	0.300273	0.235669	0.168229	1.157568	1.445116	4.260171	1.753406
10848	-2620.074	-3243.201	623.1267	0.447242	0.115483	0.356291	0.0809843	0.9817337	1.649962	4.056868	0.2365677
10854	-2623.855	-3247.364	623.5087	0.448865	0.115902	0.357584	0.0776496	1.082943	1.691974	3.488649	0.7786684
10860	-2627.163	-3249.8	622.6367	0.425541	0.161841	0.339004	0.0736148	0.8801617	1.581705	4.161842	0.7939425
10866	-2623.337	-3245.349	622.0123	0.336078	0.162402	0.399753	0.101767	0.8801617	1.430261	4.180367	1.578254
10872	-2626.856	-3249.227	622.3712	0.336078	0.162402	0.399753	0.101767	0.6926979	1.367149	4.622739	0.6612548
10878	-2636.08	-3258.662	622.5817	0.336078	0.162402	0.399753	0.101767	0.776418	1.404275	4.622739	0.2730327
10884	-2650.222	-3272.734	622.5115	0.409897	0.0669438	0.407241	0.115918	0.7067705	1.464785	4.622739	0.4089959
10890	-2656.97	-3277.554	620.5841	0.481431	0.0660518	0.360997	0.0915199	1.394369	1.417874	4.854317	1.291759
10896	-2626.459	-3249.435	622.9761	0.417286	0.26405	0.239338	0.079326	1.702702	1.532242	3.784081	0.4169121
10902	-2622.138	-3242.485	620.347	0.397019	0.162368	0.226307	0.214306	1.702702	1.480912	4.264434	2.531912
10908	-2620.485	-3242.877	622.3918	0.242655	0.414865	0.0642985	0.278181	1.363274	1.532389	3.547552	1.765178
10914	-2637.025	-3259.783	622.7584	0.312928	0.26619	0.0829192	0.337963	1.516774	1.714213	3.292542	1.468129
10920	-2622.413	-3246.15	623.7369	0.320042	0.205649	0.185931	0.288377	1.346621	1.543857	3.366728	0.6656261
10926	-2625.328	-3248.767	623.439	0.455048	0.146321	0.152574	0.246057	1.484151	1.595047	3.354741	0.8034339
10932	-2639.599	-3260.389	620.7901	0.565007	0.0968712	0.0326071	0.305515	1.558452	1.570253	3.861381	3.000023
10938	-2649.131	-3271.378	622.2474	0.558555	0.136915	0.0998308	0.204699	1.175721	1.510203	3.241475	3.018745
10944	-2644.827	-3265.599	620.7724	0.502209	0.0178213	0.0779004	0.402069	1.351815	1.482666	3.882847	3.432526
10950	-2635.371	-3253.876	618.5048	0.653952	0.0172987	0.0931705	0.235579	1.584973	1.472055	4.733703	4.570059
10956	-2644.699	-3264.556	619.8566	0.461416	0.0415647	0.14086	0.35616	1.676985	1.543183	4.422041	2.79711
10962	-2621.983	-3243.242	621.2592	0.55415	0.174309	0.0459213	0.22562	1.66086	1.721395	3.840052	1.999914
10968	-2632.164	-3253.52	621.3566	0.476309	0.149823	0.0394707	0.334397	1.66086	1.682342	3.806505	1.999914
10974	-2631.319	-3251.382	620.0632	0.424893	0.203421	0.0733861	0.2983	1.587923	1.59009	4.616506	2.025604
10980	-2615.373	-3235.866	620.4936	0.406166	0.206698	0.0712618	0.315875	1.406817	1.622548	4.616506	1.635824
10986	-2644.005	-3266.262	622.2566	0.444825	0.0163859	0.117891	0.420898	1.577451	1.597311	3.465718	1.795538
10992	-2624.197	-3245.731	621.5333	0.604828	0.0206944	0.160297	0.214181	1.317245	1.567232	3.909985	2.074879
10998	-2619.797	-3241.85	622.0528	0.525308	0.0047738	0.143395	0.326524	1.574193	1.728962	3.344318	2.168959
11004	-2630.793	-3251.903	621.1096	0.450944	0.00409801	0.310848	0.23411	1.297695	1.602447	4.089513	2.201941
11010	-2636.029	-3257.933	621.9039	0.599757	0.00563643	0.162541	0.232066	1.459475	1.71614	3.112528	3.182902
11016	-2639.182	-3262.659	623.4777	0.391011	0.200316	0.263125	0.145547	1.729076	1.717092	2.60842	1.750964
11022	-2647.638	-3268.964	621.3262	0.549804	0.0368619	0.216153	0.197181	1.654532	1.74108	3.735615	2.135145
11028	-2655.179	-3276.518	621.3397	0.433451	0.0290609	0.408819	0.12867	1.366626	1.369472	4.385326	1.463887
11034	-2655.724	-3275.946	620.2222	0.502681	0.0167279	0.33137	0.149221	1.216963	1.343939	4.817711	2.102744
11040	-2665.306	-3287.274	621.9682	0.507131	0.016876	0.352023	0.123969	1.216963	1.434524	3.777807	2.102744
11046	-2666.802	-3290.378	623.5761	0.544111	0.00530222	0.210526	0.240061	1.041699	1.441406	3.109569	1.70824
11052	-2671.831	-3294.894	623.0623	0.282586	0.18435	0.0452042	0.48786	2.51486	1.621379	2.649252	1.593694
11058	-2656.658	-3280.642	623.9838	0.380217	0.131033	0.253971	0.234779	2.540894	1.829948	2.21731	1.084273
11064	-2637.048	-3259.736	622.6884	0.506791	0.00279838	0.299794	0.190616	1.235729	1.677601	2.973624	2.670128
11070	-2638.28	-3260.58	622.3002	0.564601	0.0401007	0.107607	0.287692	2.356942	1.58369	2.869513	2.308923
11076	-2636.732	-3257.507	620.7755	0.58349	0.0313954	0.159877	0.225238	2.356942	1.63568	2.964133	4.680635
11082	-2626.514	-3250.58	624.0658	0.536862	0.0363321	0.293086	0.133721	1.45367	1.632723	2.554916	1.526564
11088	-2655.411	-3278.821	623.4096	0.56936	0.0101252	0.25611	0.164405	1.488045	1.617709	2.921519	1.576103
11094	-2638.918	-3262.189	623.2713	0.588645	0.00676781	0.183334	0.221253	1.021236	1.62779	2.492029	3.445977
11100	-2624.629	-3246.18	621.5505	0.549707	0.00826666	0.223937	0.21809	1.021236	1.449835	3.783608	2.981706
11106	-2638.288	-3262.118	623.83	0.566626	0.0368507	0.241227	0.155296	1.095643	1.531669	2.864259	1.722264
11112	-2654.9	-3277.375	622.4748	0.361586	0.119207	0.224881	0.294327	1.203144	1.582685	3.035466	3.053223
11118	-2652.062	-3276.133	624.0712	0.242751	0.316728	0.1908	0.249721	1.195573	1.751302	2.587577	1.594908
11124	-2644.105	-3268.963	624.8574	0.400369	0.207901	0.210899	0.18083	0.9933183	1.740863	2.112444	1.801758
11130	-2662.808	-3286.537	623.7295	0.5224	0.0037775	0.262351	0.211472	1.240718	1.857808	2.339194	2.372755
11136	-2634.291	-3258.468	624.1766	0.487912	0.00431661	0.336418	0.171353	1.240718	1.924207	1.938595	2.52098
11142	-2647.418	-3272.261	624.843	0.390261	0.022113	0.380884	0.206742	1.240718	1.924207	1.938595	1.621448
11148	-2668.975	-3294.019	625.0441	0.510997	0.0904238	0.278318	0.120261	1.14287	1.753902	2.102689	1.405938
11154	-2651.891	-3273.59	621.6993	0.526969	0.187464	0.0206293	0.264938	1.859758	1.530751	3.223657	2.967179
11160	-2655.681	-3275.694	620.0129	0.436319	0.155216	0.191742	0.216723	1.153977	1.455947	3.946252	5.22458
11166	-2663.585	-3285.383	621.7979	0.424999	0.151189	0.232425	0.191388	1.12448	1.366515	4.459788	1.072478
11172	-2638.69	-3259.379	620.6893	0.33752	0.236814	0.273672	0.151994	1.336223	1.383635	4.815971	1.346694
11178	-2632.184	-3255.137	622.9524	0.438353	0.0911343	0.194622	0.27589	1.088267	1.643701	2.998678	2.470129
11184	-2635.363	-3259.208	623.8444	0.428594	0.105831	0.261513	0.204061	1.088267	1.600736	3.104669	1.178623
11190	-2640.305	-3263.356	623.0514	0.338606	0.0994695	0.390548	0.171377	1.361944	1.530577	3.304279	1.475808
11196	-2618.76	-3242.608	623.8477	0.498868	0.033001	0.256785	0.211346	1.038131	1.593233	2.850879	1.721353
11202	-2624.21	-3247.729	623.5195	0.448089	0.0465374	0.273278	0.232096	0.9323613	1.578156	2.644688	2.837156
11208	-2634.785	-3257.202	622.4171	0.507347	0.0993164	0.167433	0.225903	1.047729	1.839167	2.262984	5.530543
11214	-2661.684	-3285.314	623.6298	0.483084	0.165253	0.149694	0.201969	1.302115	1.836119	2.029541	3.240456
11220	-2657.236	-3281.969	624.7328	0.30515	0.28228	0.20283	0.20974	1.104878	1.836119	2.210438	1.520857
11226	-2643.827	-3268.188	624.3607	0.371843	0.125418	0.247159	0.25558	1.020809	1.804458	2.126077	2.321437
11232	-2638.256	-3263.42	625.1638	0.529649	0.0892105	0.192745	0.188396	1.014748	1.762415	2.126077	1.3626
11238	-2640.324	-3263.581	623.2574	0.496147	0.105768	0.185277	0.212808	1.279924	1.605279	3.094327	1.650806
11244	-2636.984	-3260.679	623.6943	0.471875	0.149515	0.176213	0.202397	1.279924	1.806165	2.344783	2.434062
11250	-2629.507	-3254.576	625.069	0.514548	0.0471373	0.192148	0.246166	1.140766	1.748938	2.274329	1.101481
11256	-2629.668	-3254.24	624.5714	0.402402	0.10575	0.323503	0.168346	1.039371	1.839123	2.166929	1.876212
11262	-2641.4	-3265.264	623.8638	0.461383	0.0511044	0.32065	0.166862	1.003882	1.766166	2.611114	2.025964
11268	-2641.679	-3265.735	624.0554	0.538454	0.059641	0.263122	0.138783	0.7662858	1.794215	2.611114	2.059328
11274	-2630.959	-3254.825	623.8658	0.566294	0.0944097	0.193337	0.145959	1.182478	1.72881	2.636567	1.792283
11280	-2641.455	-3263.902	622.4472	0.452234	0.33426	0.0813945	0.132112	1.417108	1.564806	3.132889	2.551399
11286	-2642.846	-3263.656	620.81	0.484073	0.357793	0.0602978	0.0978358	1.882643	1.573511	4.143991	1.853937
11292	-2643.772	-3262.794	619.022	0.640459	0.0681088	0.0674197	0.224013	1.542497	1.503469	4.080102	6.123856
11298	-2616.983	-3237.292	620.3088	0.408914	0.251463	0.159973	0.179651	1.937806	1.494709	4.19872	2.464445
11304	-2637.644	-3260.603	622.9586	0.440885	0.137599	0.219796	0.20172	1.319184	1.599549	3.281754	1.593855
11310	-2663.024	-3283.95	620.9261	0.397016	0.147747	0.195829	0.259408	1.510038	1.631986	3.419466	4.119343
11316	-2667.279	-3288.123	620.8434	0.448059	0.166743	0.0924381	0.292759	1.365988	1.536954	4.423688	1.777457
11322	-2660.246	-3281.06	620.8142	0.510761	0.154151	0.0605723	0.274516	1.365988	1.318741	4.432273	2.080729
11328	-2644.935	-3266.447	621.5116	0.504357	0.170797	0.177366	0.14748	1.365988	1.521506	4.032082	1.825193
11334	-2644.911	-3267.426	622.5151	0.458092	0.139134	0.144485	0.258289	1.174242	1.5667	3.819334	1.240781
11340	-2655.579	-3276.291	620.7121	0.380711	0.284552	0.120079	0.214658	1.312152	1.565565	4.78584	1.20689
11346	-2647.995	-3270.711	622.7157	0.528985	0.0277925	0.205155	0.238068	1.341987	1.671163	3.866548	0.7003944
11352	-2636.7	-3259.535	622.835	0.516818	0.0271532	0.246322	0.209707	1.761011	1.699895	3.497944	0.8263411
11358	-2627.44	-3250.376	622.9359	0.321652	0.275048	0.185264	0.218035	1.09344	1.597953	3.765472	0.9521207
11364	-2624.419	-3249.169	624.7497	0.255905	0.298127	0.207845	0.238123	1.182598	2.011766	2.15267	1.319352
11370	-2641.837	-3266.522	624.6858	0.236702	0.404378	0.138665	0.220254	1.54158	1.814524	2.36132	0.919432
11376	-2622.934	-3247.432	624.4979	0.345739	0.16667	0.121368	0.366223	1.986613	1.814524	2.036727	1.260811
11382	-2633.554	-3256.304	622.7502	0.338491	0.345526	0.0913209	0.224662	2.062711	1.866337	3.068525	1.245063
11388	-2662.414	-3285.299	622.8854	0.45361	0.105341	0.146003	0.295046	2.062711	1.76768	3.260389	0.8789415
11394	-2678.085	-3301.648	623.563	0.37444	0.377174	0.049315	0.199071	1.598097	1.938879	2.898	1.000665
11400	-2664.533	-3288.273	623.7403	0.273529	0.24636	0.310344	0.169767	1.296314	1.664455	3.090067	1.042562
11406	-2649.373	-3271.834	622.4606	0.300738	0.293733	0.316305	0.0892251	1.902259	1.579334	3.490717	1.226035
11412	-2633.11	-3257.189	624.0794	0.424351	0.0432728	0.415243	0.117134	1.288901	1.65674	3.077644	0.7464404
11418	-2645.11	-3268.247	623.1374	0.410013	0.0760808	0.390305	0.123601	0.9242247	1.626173	3.559136	1.256406
11424	-2627.859	-3249.074	621.2156	0.383275	0.170562	0.304092	0.142071	1.138846	1.523192	3.551903	3.978469
11430	-2627.911	-3246.979	619.0685	0.435407	0.160798	0.286683	0.117112	1.142497	1.402223	4.036735	7.527131
11436	-2639.683	-3262.878	623.1949	0.389306	0.165655	0.2692	0.175839	1.462557	1.976268	2.898128	1.479141
11442	-2628.134	-3248.311	620.1778	0.337347	0.121095	0.37222	0.169338	1.506546	1.649592	4.00557	3.573972
11448	-2634.469	-3256.298	621.8294	0.443901	0.0784212	0.368014	0.109663	1.903982	1.647531	3.416931	2.052909
11454	-2635.198	-3256.636	621.438	0.583254	0.0522497	0.148765	0.215731	1.109584	1.429545	4.163595	2.052909
11460	-2651.957	-3274.665	622.7072	0.423849	0.0667312	0.34927	0.160149	1.117115	1.46115	3.422449	2.023538
11466	-2642.875	-3264.999	622.1234	0.428	0.0662504	0.346754	0.158996	1.351237	1.525407	3.646282	1.913345
11472	-2643.307	-3264.224	620.9167	0.405445	0.123507	0.213231	0.257817	1.955757	1.712766	3.84816	2.140613
11478	-2647.582	-3270.415	622.8334	0.447075	0.0756963	0.19294	0.284289	1.350299	1.94436	2.426442	3.291834
11484	-2645.881	-3269.397	623.5154	0.417238	0.152672	0.180063	0.250027	1.166225	1.788218	2.636332	2.19997
11490	-2646.003	-3267.625	621.6213	0.552614	0.0116431	0.232003	0.20374	1.782641	1.52161	3.968634	1.405035
11496	-2642.25	-3263.932	621.6822	0.548807	0.0043978	0.244459	0.202336	1.453416	1.491521	3.968634	1.69155
11502	-2638.195	-3261.237	623.0421	0.458605	0.150091	0.12305	0.268254	1.407223	1.86816	2.535007	2.697283
11508	-2643.837	-3266.468	622.6315	0.428565	0.10001	0.220742	0.250683	1.407223	1.84495	3.216839	1.730465
11514	-2641.687	-3263.985	622.298	0.513227	0.112278	0.158836	0.215658	1.454823	1.6774	3.458282	1.791102
11520	-2633.507	-3255.171	621.664	0.419534	0.102936	0.189164	0.288366	1.665288	1.823718	3.458282	2.202079
11526	-2647.478	-3270.129	622.6505	0.315541	0.325298	0.142274	0.216887	0.9384519	1.579119	3.457569	2.099177
11532	-2624.053	-3245.809	621.7567	0.36729	0.192708	0.187546	0.252456	1.159201	1.48771	3.923617	2.047543
11538	-2626.767	-3246.697	619.9306	0.454338	0.107039	0.100649	0.337974	1.751729	1.597651	3.923617	4.034905
11544	-2668.685	-3286.933	618.2482	0.471341	0.0971773	0.104415	0.327066	1.484946	1.564842	4.294167	7.202842
11550	-2642.464	-3260.709	618.2449	0.485755	0.100149	0.0592358	0.35486	2.050157	1.448663	3.718634	9.404478
11556	-2657.76	-3278.798	621.0384	0.500534	0.103196	0.061038	0.335232	1.14925	1.725354	3.542599	3.940834
11562	-2660.189	-3281.098	620.9086	0.400478	0.166127	0.165176	0.26822	1.161431	1.454067	4.137433	2.790508
11568	-2676.473	-3296.809	620.3351	0.352352	0.146163	0.265496	0.235988	1.258569	1.642784	3.791436	4.461617
11574	-2667.767	-3290.701	622.9341	0.454282	0.172171	0.0905098	0.283038	2.305758	1.603133	3.003262	1.260123
11580	-2677.366	-3298.646	621.2801	0.506792	0.133358	0.220159	0.139691	1.471927	1.456524	3.927822	2.348793
11586	-2647.491	-3271.085	623.5944	0.391687	0.130686	0.217246	0.260381	1.155507	1.600105	3.102362	1.384616
11592	-2659.062	-3282.536	623.4735	0.421648	0.124249	0.206546	0.247557	1.155507	1.635037	2.852342	1.998086
11598	-2645.545	-3268.986	623.4408	0.401923	0.167233	0.194868	0.235976	1.605984	1.853156	2.504713	1.967468
11604	-2643.395	-3266.576	623.1806	0.468978	0.011643	0.227378	0.292001	1.41365	1.819438	2.418001	2.842755
11610	-2634.852	-3258.169	623.3177	0.426555	0.0413674	0.20681	0.325267	1.011611	1.747213	2.815334	2.33827
11616	-2648.424	-3273.284	624.8596	0.254012	0.404522	0.211585	0.129881	0.6037936	1.567687	2.808523	1.188546
11622	-2669.45	-3294.603	625.1521	0.298744	0.200562	0.353259	0.147434	1.056557	1.680436	2.808523	0.2496291
11628	-2654.074	-3279.655	625.581	0.316307	0.212353	0.374027	0.0973134	0.9502008	1.592175	2.659016	0.2967998
11634	-2666.974	-3291.958	624.9838	0.282369	0.189569	0.449272	0.07879	0.9346432	1.59707	3.028042	0.2967998
11640	-2664.701	-3287.589	622.8878	0.317557	0.19887	0.380348	0.103224	1.033136	1.423505	3.891386	1.014689
11646	-2658.812	-3281.672	622.8598	0.267015	0.273714	0.317199	0.142072	1.632986	1.457558	3.891386	0.4828767
11652	-2643.835	-3267.673	623.838	0.423963	0.122447	0.312154	0.141436	1.632986	1.695271	3.094618	0.6273939
11658	-2643.926	-3269.326	625.4007	0.464438	0.0275709	0.342641	0.16535	1.164978	1.731637	2.369858	0.6273939
11664	-2640.183	-3265.262	625.0791	0.489545	0.0963733	0.391902	0.0221791	0.9972946	1.517472	2.908434	0.4577489
11670	-2640.565	-3266.021	625.4558	0.241023	0.304671	0.449043	0.00526276	0.5626451	1.558974	2.930147	0.4560246
11676	-2626.43	-3252.278	625.8478	0.322463	0.282769	0.393446	0.00132144	1.012459	1.861703	2.186447	0.4893737
11682	-2641.762	-3268.36	626.5988	0.337743	0.23151	0.42833	0.00241707	0.6134803	1.96374	2.001717	0.229001
11688	-2637.177	-3264.375	627.1981	0.442187	0.295377	0.259194	0.00324295	0.4820434	1.871868	1.747377	0.229001
11694	-2636.025	-3262.802	626.7769	0.136559	0.48315	0.378124	0.00216701	0.4820434	1.839444	2.037216	0.3363664
11700	-2619.055	-3246.308	627.2526	0.336001	0.346882	0.315778	0.00133821	0.2990835	1.876251	1.807756	0.2502536
11706	-2642.795	-3269.627	626.8318	0.56678	0.150638	0.282173	0.000409713	0.6860233	1.932122	1.807756	0.2995187
11712	-2634.795	-3261.256	626.4608	0.466494	0.219186	0.312675	0.00164503	0.4866511	1.820409	2.260194	0.1998608
11718	-2640.835	-3267.476	626.6417	0.360061	0.358899	0.245232	0.0358079	0.4866511	1.838008	2.141856	0.227647
11724	-2655.084	-3281.907	626.8234	0.178665	0.339237	0.463824	0.0182733	0.4596285	1.879986	2.011697	0.227647
11730	-2656.366	-3282.676	626.3096	0.23671	0.289763	0.42783	0.0456964	0.3953859	1.812304	2.408581	0.3337741
11736	-2647.342	-3272.621	625.2788	0.272169	0.191813	0.480028	0.0559903	0.8572712	1.682172	2.851231	0.2745984
11742	-2651.166	-3275.916	624.7499	0.281727	0.16343	0.496886	0.0579566	1.013933	1.521115	3.171074	0.2546618
11748	-2646.83	-3271.281	624.451	0.294888	0.171065	0.323438	0.210609	1.257571	1.581608	3.171074	0.2798821
11754	-2629.441	-3253.954	624.5123	0.382813	0.274181	0.259733	0.0832739	1.257571	1.533186	3.160333	0.2141617
11760	-2634.958	-3259.746	624.7884	0.409968	0.213686	0.279656	0.0966905	0.9212192	1.5849	3.160333	0.2141617
11766	-2622.745	-3248.24	625.4957	0.239812	0.2766	0.407266	0.0763225	0.9411427	1.563193	2.732383	0.3058975
11772	-2634.995	-3257.299	622.3041	0.402685	0.15902	0.310137	0.128158	1.701642	1.630984	4.1653	0.2463366
11778	-2640	-3264.37	624.3702	0.389458	0.0846273	0.388913	0.137002	1.491242	1.787457	2.971303	0.2805148
11784	-2637.799	-3261.59	623.791	0.396851	0.117401	0.319679	0.166069	1.491242	1.599878	3.417362	0.315949
11790	-2634.887	-3259.968	625.0815	0.332599	0.254844	0.267921	0.144636	1.101009	1.554555	2.885419	0.1922511
11796	-2624.666	-3249.185	624.5194	0.280085	0.293216	0.308262	0.118437	1.134517	1.497066	3.251832	0.2561576
11802	-2649.271	-3273.634	624.3629	0.260633	0.327723	0.34454	0.0671029	1.134517	1.646691	3.230876	0.3541982
11808	-2643.83	-3269.168	625.3383	0.237011	0.320445	0.274527	0.168017	1.316516	1.703048	2.517237	0.3142489
11814	-2671.319	-3295.114	623.7947	0.437713	0.27441	0.172532	0.115344	1.367945	1.886301	2.846765	1.107322
11820	-2667.207	-3289.954	622.7472	0.350779	0.286808	0.180328	0.182085	1.323657	1.800655	3.38231	1.402964
11826	-2644.923	-3268.46	623.5369	0.571376	0.122552	0.202316	0.103755	1.453582	1.912964	2.590954	1.756774
11832	-2622.467	-3246.248	623.781	0.448229	0.231204	0.154702	0.165866	1.453582	1.711429	2.564517	1.756774
11838	-2615.348	-3237.361	622.0134	0.444991	0.0431831	0.230601	0.281225	1.453582	1.532128	3.525308	2.211761
11844	-2619.448	-3241.847	622.3994	0.503248	0.0803312	0.207224	0.209197	1.552197	1.438052	3.775493	1.220179
11850	-2651.79	-3271.077	619.2865	0.323019	0.106521	0.425877	0.144584	0.9241581	1.415554	4.796636	4.099863
11856	-2658.108	-3278.36	620.2517	0.308063	0.0378888	0.452659	0.20139	0.9241581	1.377571	4.325195	3.924195
11862	-2651.557	-3272.308	620.7513	0.537191	0.0253423	0.302765	0.134702	1.021613	1.56693	3.801346	4.189034
11868	-2646.367	-3269.018	622.6511	0.465923	0.0826697	0.257892	0.193516	1.144702	1.469944	3.366782	2.181576
11874	-2670.075	-3292.537	622.4618	0.465923	0.0826697	0.257892	0.193516	1.425613	1.397006	3.653816	1.555064
11880	-2637.736	-3260.562	622.8259	0.501397	0.13964	0.110181	0.248782	1.411364	1.646779	3.653816	0.911879
11886	-2658.254	-3280.351	622.0968	0.362233	0.202465	0.218869	0.216433	0.8075965	1.312263	4.285011	1.489675
11892	-2664.908	-3287.6	622.6919	0.240115	0.118934	0.431816	0.209136	1.040382	1.483328	4.083793	0.8115351
11898	-2643.754	-3265.956	622.2011	0.47818	0.0479943	0.265123	0.208703	1.225752	1.511521	3.831818	1.577874
11904	-2646.402	-3268.064	621.6617	0.356797	0.177629	0.139243	0.326331	1.528059	1.460348	4.067821	1.470235
11910	-2654.216	-3276.762	622.5458	0.337388	0.192259	0.127589	0.342763	1.528059	1.481731	3.778352	1.039099
11916	-2640.633	-3263.803	623.1702	0.218257	0.426518	0.133491	0.221734	1.329669	1.540481	3.228597	1.509001
11922	-2653.719	-3276.971	623.2523	0.473097	0.0119239	0.315452	0.199527	0.9431431	1.566703	3.534322	1.221994
11928	-2666.831	-3290.877	624.0453	0.486373	0.0351096	0.385348	0.0931691	1.027478	1.801023	2.23714	2.529644
11934	-2668.451	-3292.701	624.25	0.447932	0.026344	0.354892	0.170832	0.8905838	1.662907	2.551437	1.930847
11940	-2666.087	-3290.227	624.1402	0.48761	0.0655107	0.376949	0.0699301	0.9856518	1.676079	2.551437	1.930847
11946	-2658.366	-3282.909	624.5435	0.431775	0.0306507	0.459154	0.0784205	1.95362	1.767611	2.551437	0.4924239
11952	-2641.201	-3266.656	625.4547	0.480715	0.171117	0.262326	0.0858425	0.8700688	1.691117	2.713881	0.1886939
11958	-2634.046	-3258.162	624.1167	0.423038	0.126287	0.204198	0.246477	1.564689	1.545476	3.231807	0.2498319
11964	-2630.439	-3254.968	624.5295	0.358656	0.16826	0.29002	0.183064	1.545965	1.558475	2.987535	0.2498319
11970	-2643.476	-3268.04	624.5642	0.526477	0.150048	0.248425	0.0750508	1.16193	1.606902	3.144697	0.2498319
11976	-2636.805	-3262.184	625.3791	0.601083	0.126407	0.209284	0.0632261	1.371718	1.722177	2.458431	0.2329152
11982	-2637.405	-3263.323	625.918	0.591375	0.1146	0.225002	0.0690221	1.022517	1.630737	2.385201	0.2405119
11988	-2674.353	-3300.128	625.7753	0.423357	0.0433786	0.361676	0.171588	1.183076	1.791697	2.266619	0.303406
11994	-2665.546	-3286.217	620.6719	0.593931	0.000537809	0.237547	0.167985	1.629563	1.566729	3.382227	4.718827
12000	-2660.119	-3281.014	620.8951	0.501326	0.000604599	0.355331	0.142738	0.953956	1.523047	3.334977	5.975957
12006	-2670.429	-3291.119	620.6905	0.526206	0.000771317	0.290925	0.182099	1.509809	1.658996	3.649039	3.753264
12012	-2646.169	-3267.839	621.67	0.572465	0.00123192	0.3165	0.109802	1.243644	1.773539	3.40915	2.960702
12018	-2631.019	-3253.236	622.2174	0.485659	0.00148205	0.380763	0.132097	1.652237	1.773539	3.373328	1.743379
12024	-2660.34	-3280.231	619.8911	0.454121	0.00261304	0.383131	0.160135	1.650429	1.773539	3.767371	4.487749
12030	-2638.213	-3259.994	621.7816	0.44464	0.00391937	0.355227	0.196214	1.786368	1.494963	3.767371	1.655189
12036	-2640.353	-3261.986	621.6327	0.490045	0.00346192	0.454615	0.0518789	1.091176	1.295407	4.792397	0.7544599
12042	-2670.286	-3294.637	624.3508	0.269109	0.479745	0.0809501	0.170196	0.9054884	1.525717	3.165425	0.8274198
12048	-2660.493	-3283.722	623.2286	0.248789	0.325735	0.308144	0.117332	0.8671338	1.387907	3.598005	1.409569
12054	-2663.11	-3285.299	622.1892	0.417266	0.27705	0.172417	0.133267	1.320642	1.634121	3.989025	1.059419
12060	-2643.162	-3264.099	620.9365	0.220205	0.460641	0.0975763	0.221578	1.57571	1.316015	4.486414	1.57504
12066	-2667.395	-3289.197	621.8025	0.353208	0.277937	0.119214	0.249641	1.214183	1.499836	3.953216	1.835562
12072	-2652.561	-3275.466	622.9052	0.249622	0.432728	0.0169069	0.300743	2.011277	1.543412	3.127721	1.361956
12078	-2640.767	-3262.326	621.5591	0.194926	0.419935	0.188444	0.196695	2.011277	1.623025	3.794088	1.506212
12084	-2643.814	-3267.394	623.5801	0.143492	0.446764	0.200483	0.209261	0.8201806	1.760376	3.665415	0.6102848
12090	-2643.433	-3266.14	622.7066	0.258493	0.350201	0.30876	0.0825458	1.072838	1.544269	4.111486	0.6635196
12096	-2646.377	-3271.299	624.9217	0.252524	0.411119	0.301629	0.0347281	0.5687678	1.588514	3.265879	0.3823726
12102	-2632.987	-3258.739	625.752	0.271223	0.441563	0.151331	0.135883	0.7565395	1.826845	2.410809	0.5320903
12108	-2642.783	-3268.56	625.7769	0.249045	0.405455	0.297629	0.0478709	1.19341	1.783342	2.272338	0.2400822
12114	-2653.433	-3278.977	625.5438	0.315039	0.341595	0.271068	0.0722976	1.301393	1.689011	2.41657	0.2400822
12120	-2652.942	-3277.838	624.896	0.252937	0.273798	0.397498	0.0757673	1.301393	1.615738	2.861682	0.2400822
12126	-2642.465	-3267.941	625.4765	0.307599	0.307322	0.272949	0.112131	1.00298	1.615738	2.680759	0.2321321
12132	-2661.361	-3286.229	624.8682	0.137608	0.47956	0.21725	0.165583	0.2388551	1.586548	2.8401	1.40386
12138	-2659.91	-3284.199	624.2892	0.145248	0.506185	0.173791	0.174776	0.4617212	1.586548	3.114604	1.392156
12144	-2646.557	-3270.751	624.1936	0.394262	0.192174	0.236426	0.177139	1.578752	1.617808	3.134566	0.230354
12150	-2657.94	-3280.466	622.5262	0.420479	0.262609	0.266111	0.0508008	1.955931	1.617808	3.890422	0.3937162
12156	-2658.359	-3283.458	625.0988	0.229734	0.320612	0.317687	0.131966	1.443455	1.631399	2.647422	0.2853315
12162	-2655.437	-3280.874	625.4361	0.352381	0.206697	0.354217	0.086706	1.162533	1.639121	2.59456	0.2767977
12168	-2643.577	-3269.319	625.742	0.313	0.183597	0.415817	0.0875854	0.885534	1.682414	2.543982	0.2119498
12174	-2624.625	-3250.426	625.8011	0.372411	0.16772	0.379858	0.0800111	0.8447561	1.612385	2.583487	0.2553334
12180	-2636.307	-3261.039	624.7324	0.372411	0.16772	0.379858	0.0800111	0.9348052	1.487949	3.244608	0.2866606
12186	-2644.413	-3268.217	623.804	0.363952	0.124483	0.37123	0.140335	1.261764	1.613248	3.244608	0.8061661
12192	-2657.347	-3281.76	624.4138	0.407489	0.128518	0.383263	0.0807298	1.058698	1.61959	3.244608	0.3894265
12198	-2650.67	-3275.466	624.7966	0.286625	0.255698	0.385374	0.0723024	0.8820567	1.515453	3.225214	0.2368763
12204	-2639.675	-3263.323	623.6472	0.378288	0.178492	0.347795	0.0954248	0.8821242	1.348377	3.954304	0.1655955
12210	-2628.215	-3253.415	625.1998	0.54437	0.112986	0.241069	0.101575	0.898334	1.58504	2.932631	0.2339688
12216	-2648.091	-3272.456	624.3647	0.455227	0.0944844	0.365347	0.0849414	1.376901	1.702702	3.019103	0.442341
12222	-2649.743	-3273.808	624.0652	0.35199	0.0785832	0.282493	0.286934	1.376901	1.833554	2.927853	0.7533328
12228	-2651.176	-3273.228	622.0523	0.302692	0.269939	0.353204	0.0741649	1.155463	1.573182	4.180893	1.074863
12234	-2635.633	-3259.076	623.4433	0.449173	0.183217	0.0789273	0.288683	1.315874	1.550725	3.327108	1.035146
12240	-2636.293	-3258.776	622.483	0.268652	0.438101	0.0760833	0.217164	1.026021	1.645012	4.103976	0.8364723
12246	-2644.213	-3266.145	621.9321	0.25758	0.355974	0.174361	0.212084	1.265774	1.629384	4.111904	1.159247
12252	-2619.347	-3241.026	621.6786	0.309312	0.427468	0.10156	0.16166	1.668478	1.639732	4.050436	1.159247
12258	-2621.219	-3241.679	620.4605	0.304122	0.296284	0.0998553	0.299739	1.026479	1.650394	4.178308	3.315339
12264	-2622.917	-3244.621	621.7042	0.288097	0.406519	0.0423547	0.263029	1.264419	1.504109	4.303964	1.176024
12270	-2645.404	-3266.483	621.0781	0.391853	0.326466	0.0390672	0.242613	1.621143	1.621184	4.648901	0.7618098
12276	-2658.474	-3280.967	622.4927	0.36128	0.164949	0.244915	0.228857	1.370724	1.660101	3.626557	1.329257
12282	-2651.177	-3271.72	620.5427	0.271856	0.354952	0.184294	0.188899	1.870399	1.655234	4.334081	1.678595
12288	-2642.457	-3264.856	622.3997	0.428051	0.22304	0.104828	0.244082	2.134029	1.81144	3.392661	1.04212
12294	-2648.873	-3270.774	621.9008	0.345914	0.180241	0.269903	0.203942	1.656165	1.870274	3.606499	1.523155
12300	-2639.353	-3261.191	621.8385	0.491097	0.165541	0.156053	0.187309	1.547313	1.563999	3.606499	2.104454
12306	-2641.036	-3262.28	621.2434	0.475313	0.0769316	0.115844	0.331911	1.287473	1.618328	3.399078	3.97662
12312	-2629.485	-3253.523	624.0373	0.47643	0.241289	0.0709561	0.211325	1.015734	1.645269	3.055306	1.092156
12318	-2632.942	-3253.692	620.7502	0.319939	0.1863	0.342447	0.151313	1.656519	1.497153	4.379101	1.730326
12324	-2640.605	-3259.838	619.2326	0.572451	0.00632448	0.220418	0.200807	1.443315	1.398397	5.380913	1.730326
12330	-2640.108	-3260.09	619.9822	0.570674	0.00822286	0.219734	0.201369	1.443315	1.468818	4.573577	2.604649
12336	-2620.388	-3242.724	622.3364	0.482805	0.0373828	0.243279	0.236533	1.327455	1.558375	3.740389	1.441596
12342	-2634.316	-3256.464	622.1475	0.4143	0.192114	0.199665	0.19392	1.327455	1.57544	3.948312	1.231891
12348	-2635.886	-3257.843	621.957	0.419167	0.153334	0.2313	0.196199	1.852322	1.623868	3.985525	0.86212
12354	-2653.525	-3274.316	620.7907	0.444191	0.136607	0.172622	0.24658	1.241788	1.491343	3.836671	3.719312
12360	-2666.235	-3283.672	617.4367	0.502981	0.103165	0.114638	0.279217	1.43093	1.39631	5.253207	5.353568
12366	-2658.246	-3276.037	617.7907	0.406093	0.145052	0.0562695	0.392586	2.180328	1.602617	4.776806	4.666857
12372	-2635.963	-3255.768	619.8056	0.38325	0.364337	0.0624212	0.189992	1.270124	1.391912	5.098688	1.85632
12378	-2660.945	-3281.093	620.1477	0.355624	0.236651	0.284319	0.123407	1.879657	1.585879	5.102331	0.7090813
12384	-2643.816	-3266.326	622.5092	0.466436	0.0417857	0.3673	0.124478	0.9984941	1.57533	3.268621	2.69428
12390	-2656.956	-3279.46	622.5043	0.487406	0.0087139	0.373806	0.130074	1.644577	1.655422	3.221907	1.862715
12396	-2638.435	-3260.921	622.4854	0.562248	0.0102245	0.274904	0.152623	1.549455	1.523499	3.194016	2.236907
12402	-2642.955	-3267.101	624.1464	0.496086	0.00827437	0.274197	0.221442	1.005762	1.586004	2.532568	2.05586
12408	-2644.73	-3268.796	624.0656	0.506397	0.070558	0.378464	0.0445802	1.005762	1.677418	2.626193	1.843577
12414	-2635.277	-3259.828	624.5512	0.447957	0.144003	0.278884	0.129157	1.168546	1.677418	2.626193	1.104402
12420	-2640.37	-3264.265	623.8944	0.41445	0.164587	0.318748	0.102215	1.168546	1.619223	2.718942	1.742536
12426	-2645.02	-3268.67	623.6501	0.347455	0.248657	0.143893	0.259996	1.207909	1.539276	2.925072	1.678246
12432	-2634.556	-3258.134	623.5781	0.370026	0.316785	0.0334596	0.279729	1.684291	1.80759	2.247171	2.312204
12438	-2654.91	-3278.696	623.7859	0.297718	0.29826	0.0269212	0.3771	1.715083	1.601285	2.563728	1.617696
12444	-2656.019	-3280.073	624.0545	0.28494	0.132847	0.367938	0.214275	1.416727	1.774482	2.403254	1.699177
12450	-2645.402	-3270.789	625.3872	0.278053	0.164853	0.359045	0.198049	1.238677	1.653308	2.440472	0.5416178
12456	-2645.073	-3268.185	623.1116	0.245878	0.337125	0.126679	0.290319	1.146089	1.5224	3.498335	1.271899
12462	-2631.253	-3252.66	621.4071	0.521196	0.080916	0.177042	0.220846	1.382685	1.453906	3.572076	3.262101
12468	-2633.702	-3254.11	620.4077	0.485111	0.0350959	0.0800078	0.399786	2.00796	1.532346	3.743848	3.464931
12474	-2640.051	-3260.613	620.5623	0.477861	0.0345714	0.093756	0.393811	1.419069	1.519614	4.23367	2.593987
12480	-2659.871	-3280.972	621.1014	0.637663	0.0461325	0.158373	0.157831	1.477073	1.578591	3.652677	3.190544
12486	-2635.907	-3258.136	622.2294	0.474595	0.0912699	0.269034	0.165101	1.305811	1.56211	3.652677	1.769784
12492	-2648.782	-3270.068	621.2858	0.474421	0.142106	0.172863	0.21061	1.115547	1.63814	4.114795	2.084997
12498	-2641.313	-3263.056	621.7429	0.35989	0.218186	0.224907	0.197017	1.908954	1.57315	4.054714	0.9595353
12504	-2650.498	-3274.478	623.9801	0.314515	0.15903	0.162996	0.363458	1.335915	1.830273	2.528838	1.567437
12510	-2658.325	-3283.137	624.8118	0.357343	0.289462	0.244053	0.109142	1.031029	1.664806	2.512593	1.175923
12516	-2655.036	-3279.061	624.0245	0.333016	0.04552	0.545111	0.0763533	0.9758764	1.78561	2.637577	1.773241
12522	-2646.97	-3266.044	619.0742	0.471064	0.0865797	0.388008	0.054348	1.306847	1.616799	4.29726	5.267715
12528	-2651.981	-3276.138	624.157	0.468999	0.0862002	0.386307	0.0584931	1.45101	1.730557	2.702471	1.062629
12534	-2637.001	-3260.675	623.6746	0.471323	0.0637321	0.349561	0.115384	1.422545	1.713463	3.276299	0.6453679
12540	-2646.268	-3269.92	623.6514	0.442487	0.146438	0.302752	0.108324	1.040395	1.741848	3.654944	0.3285257
12546	-2646.731	-3270.584	623.8526	0.398314	0.213514	0.330516	0.0576562	1.780037	1.711524	3.181666	0.2858139
12552	-2661.446	-3282.46	621.014	0.365551	0.195952	0.264546	0.173952	2.089151	1.574442	4.349037	1.0331
12558	-2633.621	-3256.823	623.2019	0.377419	0.236676	0.106742	0.279162	1.370907	1.703019	2.746005	2.2435
12564	-2641.157	-3264.242	623.0844	0.31009	0.380349	0.0843067	0.225254	0.9958333	1.619199	3.124065	2.145534
12570	-2620.258	-3241.532	621.2738	0.274966	0.285979	0.0810108	0.358044	1.272382	1.451821	4.204083	1.941935
12576	-2638.836	-3258.365	619.5291	0.362128	0.259489	0.0735067	0.304877	1.98082	1.443834	4.857209	1.941935
12582	-2623.232	-3243.277	620.045	0.350275	0.274697	0.0801301	0.294898	1.778326	1.422984	4.787928	1.671669
12588	-2630.195	-3251.488	621.2925	0.408185	0.243593	0.0800661	0.268156	2.068508	1.558022	3.88035	1.671669
12594	-2629.116	-3252.664	623.5484	0.359094	0.223395	0.0734274	0.344084	1.43893	1.600892	2.981488	1.370546
12600	-2622.641	-3246.385	623.7436	0.36634	0.2557	0.221289	0.156671	1.353583	1.816289	3.089173	0.8399913
12606	-2640.319	-3264.651	624.3326	0.400087	0.236131	0.229191	0.13459	1.629477	1.715762	2.968962	0.2436782
12612	-2638.161	-3261.727	623.565	0.349179	0.131753	0.360963	0.158106	1.328851	1.536786	3.678174	0.278092
12618	-2635.419	-3258.426	623.0072	0.371786	0.28151	0.251191	0.0955129	2.234172	1.635693	3.52423	0.2284056
12624	-2637.853	-3262.293	624.4403	0.36968	0.279915	0.249768	0.100637	1.483678	1.564097	3.06683	0.2817201
12630	-2627.253	-3250.216	622.9631	0.260443	0.36978	0.220813	0.148964	1.279265	1.373118	4.145141	0.2565991
12636	-2632.917	-3256.247	623.33	0.300283	0.409502	0.190118	0.100098	0.5806498	1.291442	4.38257	0.2617115
12642	-2646.911	-3272.058	625.1472	0.27112	0.348744	0.367041	0.0130946	0.4975893	1.404442	3.32064	0.2344748
12648	-2658.267	-3282.939	624.6722	0.299281	0.205822	0.452536	0.0423612	0.4361493	1.602747	3.514273	0.2880252
12654	-2665.341	-3286.788	621.4463	0.472198	0.277386	0.108838	0.141578	1.76317	1.681955	3.735637	1.934662
12660	-2657.935	-3279.679	621.7442	0.384618	0.323413	0.126898	0.16507	0.7505555	1.492659	4.602815	1.12648
12666	-2648.257	-3269.099	620.8421	0.368572	0.39273	0.192288	0.046409	0.6219066	1.416021	5.013611	1.544254
12672	-2644.033	-3265.609	621.5763	0.408509	0.21339	0.252094	0.126006	0.5009118	1.423586	4.681029	1.520531
12678	-2662.149	-3284.894	622.7451	0.28785	0.326736	0.228308	0.157107	0.5002439	1.371237	4.136376	1.349711
12684	-2653.605	-3276.781	623.1754	0.269926	0.395524	0.186061	0.148489	0.6166488	1.456963	3.772484	1.349328
12690	-2636.229	-3258.557	622.3281	0.269926	0.395524	0.186061	0.148489	0.5627899	1.725548	3.470681	2.919782
12696	-2645.349	-3269.817	624.4682	0.246413	0.427262	0.243916	0.0824094	0.5627899	1.706821	2.984098	1.193462
12702	-2649.924	-3273.698	623.7742	0.18642	0.49042	0.170092	0.153067	0.5890428	1.806016	3.353605	1.135949
12708	-2652.637	-3277.401	624.764	0.129104	0.422556	0.316454	0.131886	0.5890428	1.97835	2.580793	1.264786
12714	-2639.873	-3262.874	623.0011	0.351563	0.256207	0.233232	0.158998	0.5336955	1.635123	3.306921	2.49022
12720	-2648.742	-3272.915	624.173	0.395997	0.179326	0.252526	0.172151	0.6731862	1.618482	3.166658	1.153103
12726	-2657.328	-3279.924	622.5955	0.350559	0.273492	0.22355	0.152398	0.5920449	1.858843	3.260859	2.799652
12732	-2639.16	-3261.884	622.7241	0.530872	0.144667	0.109834	0.214627	1.226932	1.881223	3.252983	1.698658
12738	-2645.471	-3268.492	623.0202	0.48797	0.142714	0.157586	0.21173	0.9270579	1.658121	2.929927	2.767573
12744	-2653.66	-3280.273	626.613	0.235855	0.312975	0.392533	0.0586371	0.6689948	1.807532	2.058616	0.2629596
12750	-2660.913	-3281.972	621.0587	0.294213	0.227972	0.3943	0.0835144	1.27179	1.353583	3.931116	3.13568
12756	-2626.331	-3249.702	623.3709	0.251029	0.282606	0.321498	0.144866	1.193493	1.607197	3.542381	0.8017017
12762	-2650.496	-3273.743	623.2473	0.346745	0.294911	0.247032	0.111312	1.337517	1.762446	3.209174	1.20531
12768	-2634.076	-3256.202	622.1258	0.295295	0.288272	0.288364	0.128068	0.6829736	1.448903	4.479768	1.077681
12774	-2650.941	-3273.074	622.1328	0.347762	0.252807	0.29804	0.101391	1.197371	1.499481	4.479768	0.5177817
12780	-2633.42	-3255.169	621.7484	0.470535	0.139719	0.25256	0.137186	1.249418	1.69124	4.479768	0.6559291
12786	-2655.276	-3277.802	622.5265	0.518148	0.144081	0.278117	0.0596541	0.9216252	1.497777	4.501723	0.1896202
12792	-2648.445	-3272.685	624.2404	0.535262	0.135604	0.263649	0.0654848	1.219911	1.625377	3.285851	0.3019555
12798	-2645.7	-3269.234	623.5341	0.403397	0.146983	0.328403	0.121217	1.562865	1.729048	3.370667	0.4938095
12804	-2653.158	-3276.524	623.3662	0.24295	0.337585	0.271733	0.147732	1.197646	1.717382	3.752403	0.3079521
12810	-2647.593	-3269.633	622.0406	0.349188	0.200072	0.192532	0.258207	2.242049	1.813063	3.543061	1.065191
12816	-2657.016	-3278.887	621.8714	0.350749	0.288682	0.110218	0.25035	2.196866	1.772328	3.288906	1.834956
12822	-2634.177	-3255.444	621.2665	0.329234	0.270975	0.0777757	0.322015	1.826953	1.722001	3.916516	1.650887
12828	-2630.772	-3252.04	621.2678	0.333234	0.274267	0.064353	0.328146	1.541568	1.633312	4.379719	1.100135
12834	-2625.37	-3244.54	619.1704	0.431266	0.151502	0.0684082	0.348824	1.722303	1.562476	4.808005	2.704556
12840	-2632.226	-3256.379	624.1524	0.379837	0.133435	0.175192	0.311536	0.9118309	1.569605	3.169438	0.9650043
12846	-2633.552	-3254.136	620.5838	0.508625	0.0475799	0.159739	0.284056	1.831601	1.40974	4.357836	1.921794
12852	-2643.439	-3264.586	621.1472	0.371593	0.0116742	0.242254	0.374479	1.313235	1.530618	4.041635	2.350353
12858	-2624.6	-3245.934	621.3342	0.543487	0.0109941	0.24027	0.205249	1.329724	1.551281	4.435246	1.208266
12864	-2649.747	-3273.93	624.1831	0.451892	0.0144254	0.22335	0.310332	1.182162	1.65848	2.535559	1.688435
12870	-2639.065	-3263.417	624.3519	0.437877	0.11373	0.196037	0.252357	1.190595	1.604255	3.065769	0.6439782
12876	-2655.777	-3278.636	622.8583	0.392786	0.204996	0.175849	0.22637	1.444666	1.592656	3.320694	1.510248
12882	-2648.232	-3268.514	620.2818	0.420068	0.149775	0.188064	0.242093	1.326514	1.434028	4.819666	1.769886
12888	-2639.536	-3259.074	619.5382	0.433796	0.133117	0.189345	0.243742	1.326514	1.366643	4.524207	3.891425
12894	-2660.527	-3281.485	620.9574	0.411066	0.20965	0.0996705	0.279614	1.185104	1.366643	4.381364	2.171479
12900	-2636.425	-3261.278	624.8522	0.482852	0.117646	0.234991	0.164512	1.07922	1.618017	2.713888	0.809634
12906	-2656.197	-3279.514	623.3171	0.234403	0.302206	0.254475	0.208916	0.8310171	1.919666	2.888448	2.184689
12912	-2635.295	-3260.743	625.4478	0.375246	0.256736	0.283009	0.0850092	1.384413	1.680193	2.431136	0.2178905
12918	-2642.445	-3267.149	624.7039	0.420715	0.196431	0.316235	0.0666193	0.8185505	1.537238	3.294208	0.3206838
12924	-2650.002	-3276.022	626.0195	0.43275	0.20205	0.296675	0.068525	0.8263939	1.615849	2.434918	0.3436552
12930	-2643.49	-3268.909	625.4183	0.474365	0.22148	0.22904	0.0751147	1.14778	1.721412	2.561223	0.2880203
12936	-2658.445	-3284.017	625.572	0.523349	0.0410243	0.252691	0.182936	1.123425	1.671192	2.495137	0.186326
12942	-2631.86	-3257.327	625.4668	0.483684	0.123501	0.245332	0.147482	1.060951	1.70805	2.575619	0.186326
12948	-2639.165	-3262.944	623.7793	0.511633	0.0835738	0.231409	0.173385	1.127559	1.518346	3.671644	0.2904027
12954	-2654.437	-3277.11	622.6739	0.517187	0.0736253	0.233921	0.175267	1.109409	1.469508	3.671644	1.528019
12960	-2666.194	-3288.361	622.1668	0.407296	0.211571	0.351797	0.0293359	0.5413317	1.564719	4.869605	0.3811291
12966	-2645.646	-3269.666	624.0202	0.474905	0.207893	0.292787	0.0244151	0.5368639	1.509921	3.888891	0.2831484
12972	-2657.734	-3281.579	623.8456	0.36475	0.223743	0.406898	0.00460825	0.3964462	1.433139	4.107922	0.2201549
12978	-2654.167	-3277.418	623.2514	0.319525	0.244309	0.432615	0.00355112	0.4483786	1.500589	4.359142	0.3565384
12984	-2636.13	-3259.796	623.666	0.371345	0.300962	0.302641	0.0250523	0.4161911	1.500589	4.099116	0.444194
12990	-2640.794	-3263.889	623.0954	0.282958	0.267084	0.381756	0.0682014	0.4758487	1.523248	4.386151	0.4290962
12996	-2633.824	-3258.571	624.7473	0.289982	0.273713	0.366411	0.0698942	0.6749088	1.555701	3.28002	0.4631648
13002	-2625.892	-3250.701	624.8093	0.399036	0.237999	0.318601	0.0443642	0.4366402	1.536313	3.464003	0.321296
13008	-2634.96	-3260.009	625.0492	0.413806	0.23931	0.320356	0.0265281	0.45343	1.543527	3.316683	0.2974883
13014	-2641.465	-3267.447	625.9825	0.35134	0.329508	0.266608	0.0525441	0.3911099	1.602355	2.761732	0.2480052
13020	-2637.369	-3263.042	625.6726	0.313401	0.228625	0.442495	0.0154795	0.4559555	1.602355	2.911553	0.2848008
13026	-2656.713	-3281.511	624.7986	0.443229	0.297516	0.239111	0.0201438	0.5274315	1.352525	3.536524	0.2281546
13032	-2665.637	-3288.93	623.2928	0.479884	0.11623	0.388941	0.014945	0.9669374	1.344377	4.074759	0.4519276
13038	-2670.933	-3294.77	623.8366	0.40855	0.126216	0.438043	0.0271918	0.8735752	1.406468	3.782201	0.4519276
13044	-2654.823	-3277.655	622.8317	0.469729	0.114939	0.398906	0.0164254	1.325751	1.464527	4.141974	0.2763212
13050	-2651.52	-3275.462	623.942	0.388611	0.109436	0.488364	0.0135889	1.325751	1.339838	3.575652	0.2763212
13056	-2658.253	-3281.383	623.1295	0.367858	0.21407	0.375264	0.0428082	1.133689	1.383775	4.120004	0.2808213
13062	-2661.185	-3283.757	622.5718	0.256295	0.234593	0.41124	0.0978727	1.570189	1.466996	4.164535	0.2884324
13068	-2650.913	-3273.849	622.9364	0.411617	0.146674	0.356794	0.0849149	1.206134	1.478004	4.133664	0.2977948
13074	-2656.876	-3282.224	625.3477	0.411617	0.146674	0.356794	0.0849149	1.124547	1.539757	2.728283	0.2977948
13080	-2654.722	-3278.02	623.2971	0.25442	0.294969	0.3496	0.101011	0.6125701	1.723569	4.137425	0.2620182
13086	-2634.315	-3259.489	625.1743	0.25563	0.29449	0.349033	0.100847	0.5818349	1.655927	3.097046	0.3071727
13092	-2635.517	-3261.01	625.4931	0.25563	0.29449	0.349033	0.100847	0.5311756	1.724172	2.739318	0.5987262
13098	-2640.305	-3265.509	625.2034	0.194582	0.317345	0.376121	0.111952	0.5919309	1.74716	2.585433	1.036365
13104	-2649.092	-3271.872	622.7807	0.185675	0.302818	0.358903	0.152605	0.8295813	1.856243	3.099981	2.547078
13110	-2660.833	-3281.93	621.097	0.289952	0.472884	0.108573	0.12859	0.8295813	1.507434	4.927314	1.094045
13116	-2664.156	-3285.737	621.5813	0.39827	0.259969	0.0865269	0.255234	1.280446	1.569206	4.344689	1.145639
13122	-2655.537	-3279.43	623.8926	0.389148	0.130442	0.382723	0.0976873	0.5499775	1.412721	4.006391	0.210998
13128	-2654.468	-3278.773	624.3043	0.426927	0.195875	0.236295	0.140903	0.910708	1.616621	3.437881	0.2684208
13134	-2660.295	-3281.83	621.5346	0.37342	0.185683	0.247834	0.193063	1.612254	1.528675	3.945916	1.709313
13140	-2652.663	-3275.954	623.2913	0.522613	0.106896	0.300626	0.0698649	1.135711	1.476956	3.9754	0.2645224
13146	-2648.93	-3271.498	622.5675	0.439122	0.167425	0.338005	0.055448	1.040112	1.277827	4.530029	0.3483978
13152	-2650.8	-3270.128	619.3275	0.495332	0.0119997	0.268848	0.22382	2.117667	1.529484	3.838544	5.214991
13158	-2651.217	-3268.838	617.6205	0.482212	0.0111502	0.255554	0.251084	2.117667	1.483786	4.645805	6.036543
13164	-2668.63	-3285.716	617.0855	0.420455	0.0953467	0.271205	0.212993	2.13489	1.504075	5.044881	5.494064
13170	-2651.477	-3272.03	620.5526	0.43918	0.108651	0.209455	0.242714	1.336155	1.473229	4.238173	2.785496
13176	-2630.81	-3248.552	617.7419	0.397029	0.145149	0.25564	0.202182	1.56421	1.440506	5.166335	4.64469
13182	-2630.058	-3247.98	617.9219	0.430658	0.0727419	0.277293	0.219308	1.26017	1.343378	6.130642	1.936409
13188	-2631.914	-3254.192	622.2778	0.492315	0.0300287	0.198882	0.278774	1.51366	1.591792	3.587284	1.587263
13194	-2630.134	-3248.01	617.8755	0.413087	0.205286	0.121792	0.259834	1.127377	1.415231	6.031944	2.323017
13200	-2632.469	-3252.815	620.346	0.374821	0.360079	0.11051	0.15459	0.6331664	1.272355	5.651741	0.9744946
13206	-2643.477	-3263.819	620.3424	0.323125	0.319183	0.282725	0.0749666	0.815474	1.604729	4.825276	2.109087
13212	-2643.933	-3265.201	621.2677	0.323125	0.319183	0.282725	0.0749666	0.4736826	1.534167	4.65755	1.846291
13218	-2654.127	-3277.026	622.899	0.332032	0.157964	0.290517	0.219487	0.5732922	1.54008	4.357303	0.5632087
13224	-2661.037	-3283.342	622.3057	0.183167	0.424109	0.313311	0.0794133	0.4429242	1.373636	4.856331	0.5632087
13230	-2658.394	-3281.577	623.1828	0.154129	0.469718	0.312412	0.0637406	0.3922392	1.588331	4.24453	0.6030352
13236	-2641.73	-3265.613	623.8838	0.226867	0.393377	0.320485	0.0592713	0.5195914	1.607805	3.91562	0.3074327
13242	-2627.612	-3250.744	623.1316	0.473688	0.121666	0.274172	0.130474	0.6271547	1.682685	3.935483	0.8580364
13248	-2631.463	-3253.202	621.7386	0.411475	0.126389	0.284815	0.177321	1.313957	1.556744	3.737954	2.223137
13254	-2646.405	-3268.515	622.1106	0.485698	0.0906492	0.0836704	0.339983	1.490601	1.471466	3.384691	2.460112
13260	-2641.679	-3262.307	620.6283	0.485698	0.0906492	0.0836704	0.339983	1.490601	1.59551	4.167933	2.460112
13266	-2660.153	-3281.913	621.7593	0.504669	0.122659	0.0869386	0.285733	1.490601	1.65856	3.618951	2.12062
13272	-2662.024	-3289.468	627.444	0.325776	0.23487	0.323656	0.115697	0.2919911	2.058437	1.535751	0.2972051
13278	-2672.812	-3299.982	627.1701	0.321455	0.223613	0.319363	0.135569	0.3723962	1.962879	1.772724	0.2363069
13284	-2645.609	-3268.457	622.848	0.464367	0.099674	0.163117	0.272842	1.334782	1.741151	3.117737	1.881008
13290	-2639.322	-3261.081	621.7586	0.495206	0.106294	0.17395	0.22455	0.6548876	1.474715	4.215324	2.06567
13296	-2660.162	-3282.816	622.6535	0.346787	0.19346	0.394736	0.0650163	1.098336	1.468821	3.77194	1.366272
13302	-2659.654	-3282.271	622.6174	0.613275	0.0197047	0.301269	0.0657519	1.341519	1.642835	3.094673	2.377775
13308	-2660.839	-3280.059	619.2199	0.246963	0.0707044	0.432743	0.24959	1.890623	1.568121	4.62275	2.934765
13314	-2650.49	-3270.852	620.3623	0.199351	0.410348	0.286096	0.104205	0.6014444	1.585411	4.274193	4.144775
13320	-2653.882	-3273.725	619.8429	0.408505	0.123617	0.391443	0.0764351	1.706822	1.540089	4.824192	1.767368
13326	-2660.554	-3282.155	621.6012	0.354515	0.145964	0.339708	0.159813	1.284933	1.59745	4.358985	1.065672
13332	-2664.754	-3284.304	619.5504	0.345655	0.147968	0.344371	0.162007	2.112865	1.528722	4.771152	1.877074
13338	-2663.968	-3284.21	620.2412	0.52638	0.103271	0.29612	0.0742291	1.449818	1.477663	4.584068	2.176806
13344	-2656.032	-3275.2	619.1682	0.395022	0.291585	0.257688	0.0557052	0.5239213	1.418769	6.024886	1.467766
13350	-2656.245	-3277.679	621.4341	0.269951	0.199264	0.474258	0.0565272	0.7039733	1.41502	4.941356	0.9553837
13356	-2647.954	-3270.697	622.743	0.355452	0.185933	0.44253	0.0160843	0.589026	1.510743	4.275819	0.8608811
13362	-2664.316	-3287.14	622.824	0.399987	0.167201	0.416192	0.0166207	1.168372	1.379101	4.185519	0.4950652
13368	-2667.575	-3290.263	622.6879	0.304472	0.192785	0.479875	0.0228671	0.5493127	1.464331	4.185519	1.164136
13374	-2656.28	-3278.833	622.5533	0.261765	0.299128	0.412565	0.026542	0.4611588	1.839757	3.739626	1.89414
13380	-2634.48	-3255.637	621.1572	0.165033	0.540459	0.179107	0.115401	0.5577012	1.645113	4.050267	3.351489
13386	-2659.775	-3276.788	617.013	0.490026	0.256319	0.168841	0.0848148	0.6511834	1.645641	4.050267	17.24433
13392	-2634.773	-3254.617	619.8436	0.122502	0.57273	0.277155	0.0276129	0.4826947	1.636146	4.715067	3.760159
13398	-2650.77	-3270.16	619.3903	0.300366	0.27516	0.400387	0.0240871	0.7337236	1.75347	3.780683	8.11743
13404	-2645.781	-3265.067	619.2856	0.627532	0.0881054	0.224894	0.059469	1.406269	1.7632	3.763303	6.52405
13410	-2667.475	-3284.292	616.8171	0.502705	0.199576	0.245031	0.0526883	0.9164258	1.704874	4.191059	15.16026
13416	-2642.612	-3263.507	620.8948	0.439835	0.174617	0.214386	0.171162	1.262122	1.623274	4.213902	2.213165
13422	-2631.702	-3252.84	621.1377	0.52584	0.165279	0.0323597	0.276521	1.36963	1.733833	3.550114	3.330916
13428	-2636.864	-3255.831	618.9665	0.42982	0.156479	0.204676	0.209025	1.806273	1.749229	4.113175	4.97533
13434	-2641.59	-3262.701	621.1107	0.448519	0.208154	0.213581	0.129746	1.116137	1.808935	3.135543	5.170358
13440	-2648.114	-3272.347	624.2324	0.410328	0.192518	0.3017	0.0954537	0.4083289	1.456775	3.815254	0.4223964
13446	-2655.326	-3280.432	625.106	0.270078	0.243563	0.436525	0.0498348	0.4763124	1.626804	3.224873	0.2785421
13452	-2665.104	-3289.249	624.1445	0.279571	0.223456	0.39688	0.100093	0.3898206	1.403161	3.889232	0.4532375
13458	-2667.841	-3291.93	624.0894	0.349614	0.300916	0.214681	0.134789	0.4544617	1.57762	2.87535	2.159623
13464	-2657.438	-3282.023	624.5849	0.2401	0.283143	0.266889	0.209867	0.5751082	1.751643	2.604001	1.706256
13470	-2666.837	-3291.149	624.3122	0.265414	0.537494	0.103989	0.0931036	0.3525658	1.645372	3.293658	1.079726
13476	-2688.47	-3312.134	623.664	0.262738	0.378272	0.160513	0.198477	1.151541	1.647572	3.082843	1.295485
13482	-2648.52	-3269.657	621.1373	0.483509	0.113785	0.116704	0.286002	1.39569	1.669812	4.004433	2.154112
13488	-2654.446	-3275.288	620.8421	0.423228	0.0946835	0.305587	0.176502	1.009553	1.347323	5.104757	1.004592
13494	-2658.2	-3282.135	623.9351	0.306138	0.247165	0.241265	0.205433	0.9273321	1.657751	2.873968	1.62533
13500	-2661.599	-3284.607	623.0085	0.226793	0.448956	0.172062	0.152189	0.5871222	1.576346	3.23256	2.67707
13506	-2667.168	-3290.572	623.4039	0.231981	0.460316	0.176416	0.131287	0.7770487	1.767218	2.911178	2.30428
13512	-2640.731	-3265.236	624.5052	0.371086	0.13836	0.282201	0.208353	1.245098	1.857706	2.38649	1.292254
13518	-2648.773	-3271.811	623.038	0.320679	0.2685	0.236333	0.174488	0.9013208	1.490515	3.552251	1.561339
13524	-2629.127	-3252.764	623.6373	0.390553	0.0705644	0.325855	0.213027	1.226935	1.62377	2.944493	1.532779
13530	-2624.665	-3248.479	623.8145	0.465669	0.0689909	0.350077	0.115263	0.9908597	1.801334	2.574809	2.14256
13536	-2648.296	-3272.328	624.0322	0.365063	0.096212	0.409253	0.129473	1.301221	1.654903	2.485622	1.842843
13542	-2636.257	-3259.828	623.5704	0.27642	0.233902	0.309782	0.179896	1.431336	1.598287	3.409861	0.6306177
13548	-2658.889	-3281.914	623.0249	0.378232	0.205012	0.3228	0.0939571	1.066249	1.487919	3.617121	1.26585
13554	-2662.736	-3284.78	622.044	0.395625	0.170895	0.335202	0.0982778	1.503857	1.594094	3.39435	2.336972
13560	-2659.482	-3282.181	622.6997	0.27037	0.177009	0.525649	0.0269722	0.7268305	1.599314	4.476811	0.2677871
13566	-2662.866	-3287.966	625.1001	0.486634	0.18435	0.305977	0.0230386	0.5650552	1.824144	3.059152	0.2677871
13572	-2657.24	-3279.74	622.4993	0.405908	0.116741	0.311684	0.165668	2.261937	1.823874	2.972807	1.595217
13578	-2646.77	-3269.928	623.1586	0.361311	0.206814	0.27744	0.154436	1.358324	1.921681	2.40607	2.823402
13584	-2639.143	-3261.321	622.1783	0.276401	0.187314	0.251281	0.285005	1.331958	1.925022	3.020156	2.823402
13590	-2650.835	-3272.996	622.1607	0.566941	0.116631	0.108861	0.207567	2.043403	1.862947	3.442166	1.218148
13596	-2668.236	-3291.012	622.7758	0.36318	0.250279	0.119451	0.267091	1.348792	1.681932	3.044253	2.206519
13602	-2614.802	-3234.59	619.7875	0.4389	0.302461	0.0141855	0.244454	2.066062	1.40849	4.919224	1.454229
13608	-2629.129	-3250.079	620.9497	0.429304	0.288977	0.0481632	0.233556	1.706349	1.40867	4.53411	1.238196
13614	-2638.67	-3259.047	620.3771	0.337562	0.372266	0.0343022	0.25587	2.392697	1.640134	4.360368	1.39089
13620	-2638.651	-3259.62	620.9691	0.440728	0.179908	0.0447856	0.334579	2.126272	1.570856	4.346523	1.059287
13626	-2646.335	-3269.734	623.3988	0.500091	0.20414	0.0478784	0.24789	1.541234	1.772173	2.56797	2.069229
13632	-2640.687	-3264.009	623.3217	0.676482	0.114679	0.0364615	0.172378	1.843426	1.625989	2.642513	1.878854
13638	-2650.981	-3272.787	621.8062	0.334727	0.48757	0.0311833	0.14652	1.260379	1.463797	3.233896	3.775696
13644	-2628.222	-3244.732	616.5107	0.422129	0.362683	0.0405626	0.174626	1.779419	1.620079	4.904711	8.292289
13650	-2629.516	-3247.106	617.5899	0.402105	0.349452	0.0801869	0.168256	1.435464	1.519872	3.858804	12.76826
13656	-2652.779	-3275.118	622.3396	0.401211	0.078891	0.300527	0.21937	1.428698	1.530064	3.785406	1.281992
13662	-2663.45	-3286.237	622.7875	0.394084	0.0952533	0.295189	0.215473	1.428698	1.711534	3.307327	1.497045
13668	-2643.415	-3266.962	623.5467	0.366529	0.126666	0.375623	0.131182	0.7831023	1.591933	3.521907	1.08331
13674	-2649.364	-3273.139	623.7743	0.307904	0.275599	0.315543	0.100954	0.7773419	1.640175	3.424236	0.9798033
13680	-2657.552	-3282.117	624.5655	0.278246	0.24496	0.335005	0.141789	1.143812	1.468222	3.194125	0.3921964
13686	-2636.513	-3261.841	625.3275	0.356035	0.174412	0.315231	0.154322	1.143812	1.65982	2.645127	0.3309731
13692	-2647.286	-3271.654	624.3687	0.335613	0.186213	0.409178	0.0689963	2.05201	1.65169	2.763724	0.1837008
13698	-2640.214	-3263.647	623.4329	0.33931	0.177247	0.413686	0.0697565	2.05201	1.705472	3.312878	0.2630895
13704	-2640.666	-3264.932	624.2665	0.439124	0.255407	0.213489	0.0919801	1.79078	1.680139	2.951399	0.2577271
13710	-2645.436	-3269.449	624.0126	0.500222	0.136812	0.230854	0.132112	1.361084	1.831201	3.227907	0.2733086
13716	-2635.857	-3260.704	624.8463	0.372987	0.218754	0.239975	0.168284	1.017683	1.618593	3.053243	0.2578205
13722	-2639.823	-3263.461	623.6386	0.372482	0.102369	0.357578	0.16757	1.608998	1.715167	3.362887	0.3630025
13728	-2626.667	-3249.496	622.8294	0.378635	0.195949	0.304662	0.120753	1.441158	1.592402	3.159425	1.884103
13734	-2618.849	-3240.456	621.6075	0.36526	0.263738	0.172242	0.19876	1.569372	1.676629	3.773998	1.853018
13740	-2621.296	-3243.821	622.5254	0.295453	0.18211	0.297287	0.225149	1.320833	1.556482	3.781633	1.165482
13746	-2595.973	-3218.087	622.1145	0.256376	0.201221	0.328484	0.213919	1.220602	1.461546	3.711054	2.020235
13752	-2618.195	-3241.315	623.1208	0.245218	0.346439	0.240077	0.168265	0.9827546	1.661732	3.823858	0.720593
13758	-2619.998	-3244.345	624.3464	0.311034	0.308849	0.150198	0.22992	1.279374	1.622277	2.959892	0.720593
13764	-2625.024	-3247.532	622.5079	0.424105	0.252546	0.13566	0.187689	1.279374	1.651516	3.777779	1.131164
13770	-2639.625	-3262.383	622.757	0.370774	0.205113	0.356396	0.0677175	1.017061	1.536402	4.129023	0.6462317
13776	-2653.304	-3275.521	622.2174	0.267092	0.239005	0.415287	0.078616	1.164515	1.567561	4.325218	0.6639819
13782	-2652.041	-3274.793	622.7522	0.381508	0.324459	0.179986	0.114047	1.205487	1.542225	3.744451	1.122422
13788	-2636.07	-3258.843	622.7724	0.305245	0.2596	0.0492921	0.385863	1.71628	1.801988	3.321344	1.122422
13794	-2646.104	-3268.782	622.6782	0.270672	0.272518	0.051745	0.405065	1.771825	1.927403	3.321344	1.044752
13800	-2636.825	-3259.404	622.5785	0.505172	0.150413	0.0361107	0.308304	1.771825	1.911533	3.321344	1.163807
13806	-2637.178	-3259.884	622.7053	0.464353	0.138259	0.0257278	0.37166	1.476014	1.741424	3.612002	0.9524763
13812	-2627.306	-3249.711	622.4046	0.432505	0.238344	0.0230763	0.306075	1.616931	1.693434	3.612002	1.185788
13818	-2642.937	-3265.086	622.149	0.439908	0.316019	0.0305968	0.213476	2.773017	1.709442	3.127766	1.439583
13824	-2647.825	-3268.396	620.571	0.451076	0.0732336	0.23821	0.237481	2.259187	1.455808	4.100816	2.057503
13830	-2631.062	-3253.631	622.5689	0.439142	0.110428	0.236291	0.214139	1.708653	1.693951	3.349456	1.414497
13836	-2627.385	-3249.533	622.1475	0.524865	0.122075	0.265391	0.0876688	1.451624	1.59074	4.389083	0.2084762
13842	-2617.078	-3241.868	624.7902	0.300457	0.196525	0.393462	0.109555	1.002324	1.360124	3.242391	0.3014223
13848	-2604.313	-3228.604	624.2911	0.24455	0.300573	0.365707	0.0891697	0.4665344	1.633532	3.704391	0.2644998
13854	-2636.124	-3260.88	624.7557	0.0633021	0.605963	0.320565	0.0101694	0.2773358	1.625564	3.514781	0.221693
13860	-2642.208	-3267.833	625.6247	0.0525753	0.50328	0.435699	0.00844618	0.3597507	1.532909	3.03456	0.2491422
13866	-2613.915	-3237.519	623.6041	0.131809	0.404152	0.453515	0.0105232	0.4593834	1.760142	3.860945	0.6215803
13872	-2633.04	-3259.386	626.3456	0.266905	0.326562	0.399444	0.00708894	0.5880818	1.730646	2.309756	0.1781026
13878	-2630.797	-3256.537	625.7398	0.398043	0.10392	0.427371	0.0706657	1.003135	1.87341	2.309756	0.3955811
13884	-2627.382	-3253.626	626.2443	0.351574	0.159631	0.426379	0.0624159	1.003135	1.874939	2.023652	0.2163716
13890	-2619.81	-3246.757	626.9471	0.4229	0.145959	0.376087	0.0550539	0.7992601	1.906612	1.665713	0.2263687
13896	-2638.183	-3264.931	626.7485	0.330066	0.146157	0.480808	0.0429682	0.8040836	1.904078	1.665713	0.5289042
13902	-2657.095	-3282.325	625.2302	0.272217	0.210147	0.479369	0.0382671	0.5311078	1.545475	3.166218	0.2834423
13908	-2658.031	-3282.903	624.8719	0.369511	0.147477	0.470502	0.0125095	1.244553	1.728246	2.831724	0.3065044
13914	-2635.9	-3261.816	625.9154	0.516724	0.0606589	0.315129	0.107488	1.025584	1.618949	2.391517	0.2334401
13920	-2631.364	-3256.503	625.1388	0.509973	0.0683507	0.279747	0.141929	1.359686	1.763082	2.582505	0.2074277
13926	-2637.331	-3263.365	626.0342	0.555745	0.0331882	0.272708	0.138358	0.9314489	1.770416	2.280497	0.2386394
13932	-2628.541	-3254.517	625.9754	0.382136	0.185187	0.350147	0.0825304	0.9076733	1.737185	2.355264	0.2530086
13938	-2630.346	-3256.46	626.1149	0.549559	0.137119	0.194634	0.118689	0.9269628	1.714311	2.267561	0.2376759
13944	-2629.543	-3255.351	625.8074	0.372966	0.179894	0.330154	0.116986	1.133599	1.777311	2.288794	0.2174357
13950	-2637.197	-3262.658	625.4611	0.417733	0.192472	0.264827	0.124968	1.097609	1.764581	2.53724	0.2174357
13956	-2633.881	-3259.594	625.7131	0.552825	0.131935	0.240759	0.0744811	0.8780443	1.691554	2.53724	0.3631737
13962	-2638.637	-3264.328	625.6912	0.500171	0.111416	0.273307	0.115106	1.147015	1.732556	2.379495	0.207873
13968	-2655.391	-3281.02	625.6284	0.411169	0.123822	0.410785	0.0542237	1.212733	1.736757	2.379495	0.2956123
13974	-2658.834	-3284.699	625.8648	0.397105	0.119587	0.350811	0.132497	1.148768	1.736757	2.272144	0.2721628
13980	-2646.649	-3271.15	624.5011	0.316702	0.116017	0.411764	0.155517	1.125257	1.857221	2.19089	1.78886
13986	-2639.848	-3265.592	625.7443	0.240559	0.128945	0.457648	0.172847	1.172321	1.761042	2.179334	0.5482127
13992	-2652.456	-3279.101	626.6447	0.123818	0.39391	0.421232	0.0610409	0.272887	1.850311	2.233477	0.2324269
13998	-2639.43	-3265.765	626.3354	0.113706	0.443409	0.38683	0.0560557	0.415389	1.688883	2.47603	0.2324269
14004	-2657.603	-3283.948	626.3445	0.299978	0.277734	0.346786	0.0755025	0.8244732	1.751278	2.158044	0.2966029
14010	-2645.083	-3271.254	626.1714	0.434189	0.27163	0.200057	0.0941237	1.178144	1.810716	2.000346	0.2966029
14016	-2634.92	-3260.357	625.4377	0.392018	0.190817	0.338533	0.0786317	1.146072	1.683355	2.5718	0.2966029
14022	-2635.306	-3261.232	625.9262	0.3544	0.271683	0.353249	0.0206678	0.9667291	1.863001	2.248819	0.3354838
14028	-2628.266	-3255.087	626.8212	0.18527	0.371323	0.42917	0.0142363	0.4862572	1.914043	1.946211	0.3563067
14034	-2654.749	-3281.802	627.0528	0.201926	0.404706	0.377213	0.0161554	0.3750008	1.870583	1.911192	0.2897936
14040	-2644.952	-3272.102	627.1497	0.261035	0.307031	0.418139	0.0137948	0.3715418	1.870583	1.848106	0.2849082
14046	-2628.778	-3254.81	626.0324	0.290601	0.268919	0.42655	0.0139302	0.8380537	1.870583	2.215665	0.4249828
14052	-2640.739	-3267.874	627.1348	0.255464	0.286963	0.445327	0.0122459	0.7563145	2.058778	1.444286	0.2958476
14058	-2621.978	-3248.883	626.9054	0.259416	0.217323	0.500893	0.0223678	0.8828436	2.059439	1.51724	0.2958476
14064	-2631.092	-3257.131	626.0393	0.523144	0.108679	0.332069	0.0361082	0.8862824	1.748825	2.311157	0.2041443
14070	-2640.123	-3266.633	626.5109	0.365605	0.319307	0.271208	0.0438801	0.9713836	1.794588	1.915253	0.2044004
14076	-2621.49	-3247.615	626.1252	0.278088	0.242873	0.445662	0.0333763	0.4902583	1.83988	2.43746	0.368322
14082	-2636.047	-3260.554	624.5077	0.270141	0.215457	0.436744	0.0776587	1.062927	1.65304	3.206137	0.2741974
14088	-2634.611	-3260.597	625.9864	0.39576	0.315647	0.198514	0.0900789	0.7758196	1.79324	2.397857	0.274323
14094	-2615.475	-3241.9	626.4255	0.465979	0.110952	0.300831	0.122237	0.8222034	1.780836	2.087675	0.2952034
14100	-2620.104	-3246.139	626.0356	0.512974	0.116875	0.316892	0.0532593	1.03996	1.771778	2.185669	0.3455121
14106	-2616.335	-3242.555	626.2198	0.280311	0.253417	0.279063	0.187208	0.8525091	1.813913	2.185669	0.2574826
14112	-2611.654	-3237.255	625.6009	0.400114	0.185664	0.277066	0.137157	0.9045216	1.531659	2.702865	0.1927146
14118	-2624.005	-3249.5	625.4948	0.403803	0.150259	0.279621	0.166318	1.186766	1.67484	2.507576	0.1927146
14124	-2645.276	-3270.654	625.3778	0.386732	0.108929	0.408293	0.0960458	1.186766	1.752435	2.544254	0.2867436
14130	-2629.19	-3254.713	625.5236	0.359125	0.282047	0.290494	0.068335	0.6760189	1.681224	2.800007	0.3413777
14136	-2640.123	-3265.508	625.385	0.443549	0.122837	0.403836	0.0297781	0.4822079	1.607007	3.069586	0.2486838
14142	-2648.566	-3273.713	625.1475	0.319207	0.265793	0.372808	0.0421915	0.5866873	1.62167	3.137752	0.2715322
14148	-2635.619	-3261.472	625.8531	0.36246	0.21466	0.385145	0.0377346	0.5649318	1.730816	2.658911	0.2715322
14154	-2651.177	-3276.503	625.3268	0.384121	0.128229	0.447288	0.0403628	0.5301822	1.666702	3.038754	0.2715322
14160	-2652.765	-3277.876	625.111	0.460004	0.10567	0.348128	0.0861976	0.5912592	1.522627	3.215314	0.2715322
14166	-2649.838	-3275.09	625.2524	0.463488	0.099845	0.326313	0.110353	0.7746834	1.664435	2.924034	0.2085061
14172	-2652.599	-3276.983	624.3836	0.31873	0.273117	0.305006	0.103147	0.8053337	1.500621	3.521624	0.2791996
14178	-2644.918	-3268.385	623.4665	0.353792	0.303161	0.260523	0.0825253	1.68801	1.597877	3.521624	0.2677629
14184	-2649.385	-3272.834	623.4487	0.484603	0.148169	0.275801	0.0914264	1.68801	1.555263	3.557589	0.2556333
14190	-2644.734	-3267.789	623.0555	0.305918	0.19921	0.362285	0.132587	1.328541	1.543629	3.732648	0.7310758
14196	-2636.106	-3259.215	623.1091	0.262592	0.312621	0.310977	0.113809	1.36943	1.719589	3.482661	0.8881953
14202	-2629.528	-3252.671	623.1429	0.185497	0.338338	0.336559	0.139605	0.7423833	1.658726	3.482661	1.575593
14208	-2638.095	-3261.114	623.0192	0.26054	0.257838	0.23368	0.247942	1.206062	1.65227	3.259321	1.629013
14214	-2635.695	-3257.581	621.8866	0.356746	0.208051	0.130346	0.304857	1.018015	1.496177	3.349501	3.631074
14220	-2648.875	-3275.48	626.6046	0.385484	0.28444	0.308783	0.0212932	0.4394888	1.810745	2.215078	0.2471183
14226	-2649.582	-3275.881	626.2993	0.35213	0.179103	0.433792	0.0349746	0.9218925	1.812946	2.087854	0.2471183
14232	-2658.276	-3284.205	625.9292	0.322272	0.12053	0.42334	0.133858	0.9379736	1.843642	2.289643	0.3013752
14238	-2665.805	-3291.509	625.7048	0.323827	0.226057	0.302747	0.147369	1.016236	1.843642	2.3882	0.2313835
14244	-2671.258	-3288.921	617.6632	0.360908	0.326074	0.0343538	0.278663	1.575814	1.542924	5.048335	5.050264
14250	-2642.969	-3265.352	622.3829	0.285162	0.298196	0.201374	0.215268	1.221161	1.643433	3.624381	1.637466
14256	-2641.043	-3263.084	622.0409	0.25245	0.378704	0.178273	0.190573	1.471722	1.544205	3.457158	2.298792
14262	-2622.299	-3244.459	622.16	0.303927	0.296849	0.192955	0.206269	0.4911731	1.460821	3.457158	3.868734
14268	-2636.302	-3258.893	622.5901	0.431429	0.162858	0.263122	0.142591	1.156756	1.537874	3.824704	1.199322
14274	-2639.128	-3261.478	622.3495	0.384938	0.318079	0.190335	0.106648	1.059914	1.74501	3.769569	1.444554
14280	-2650.711	-3269.612	618.9009	0.448033	0.167382	0.201755	0.18283	1.698824	1.506144	4.896402	3.00682
14286	-2645.335	-3265.812	620.4769	0.416239	0.0371179	0.295062	0.251581	1.68862	1.416437	4.274502	2.424632
14292	-2649.335	-3265.16	615.825	0.582751	0.0265304	0.210898	0.17982	1.42637	1.494768	5.620729	7.689785
14298	-2661.309	-3279.908	618.5996	0.534225	0.0772956	0.150789	0.237691	1.42637	1.555092	4.485812	5.497766
14304	-2652.555	-3272.644	620.0894	0.497225	0.141201	0.140345	0.221229	1.17372	1.502017	3.800215	5.497766
14310	-2639.985	-3262.153	622.1675	0.559574	0.158907	0.03255	0.24897	1.196265	1.675222	3.218717	2.909105
14316	-2637.604	-3259.496	621.8923	0.505291	0.0374515	0.282926	0.174331	1.076271	1.554181	3.299427	3.563766
14322	-2653.89	-3276.837	622.9473	0.401292	0.235563	0.224695	0.13845	1.001392	1.570969	3.409904	1.746367
14328	-2639.671	-3263.995	624.324	0.308923	0.199856	0.373757	0.117464	1.054689	1.655177	2.889442	1.031838
14334	-2667.904	-3288.545	620.6404	0.391218	0.199128	0.292618	0.117036	1.031104	1.586212	3.903026	3.997047
14340	-2654.052	-3276.976	622.924	0.361531	0.268452	0.125129	0.244888	1.031104	1.649898	3.189066	2.12502
14346	-2645.523	-3268.14	622.6168	0.299824	0.239733	0.169487	0.290955	2.834609	1.769289	2.438519	2.147575
14352	-2648.505	-3271.612	623.1076	0.496284	0.232522	0.0424902	0.228703	1.609944	1.707869	3.013346	1.523816
14358	-2633.006	-3255.092	622.0861	0.461196	0.214302	0.123373	0.20113	0.846287	1.609403	3.00316	4.530114
14364	-2632.963	-3256.858	623.8955	0.451995	0.0466016	0.384366	0.117038	1.033179	1.681158	2.715619	1.835565
14370	-2637.497	-3260.145	622.6487	0.404976	0.151438	0.273877	0.169708	1.59257	1.557935	3.361846	1.565826
14376	-2649.14	-3271.558	622.4184	0.291458	0.117616	0.386485	0.20444	1.570308	1.670059	3.80969	0.8892528
14382	-2643.761	-3267.894	624.1324	0.287378	0.19073	0.359279	0.162613	1.322795	1.751335	2.983531	0.7261668
14388	-2642.72	-3268.03	625.3108	0.391144	0.309776	0.138233	0.160847	1.599037	1.969268	1.668469	1.130993
14394	-2634.725	-3260.407	625.6818	0.476403	0.00350208	0.402339	0.117757	1.042361	2.056682	1.539197	1.375057
14400	-2661.144	-3282.546	621.4024	0.268158	0.272705	0.0941535	0.364984	1.832373	1.63171	4.130365	1.172185
14406	-2660.819	-3284.158	623.3388	0.289954	0.276546	0.105993	0.327507	1.096792	1.457162	3.369472	1.388508
14412	-2645.522	-3270.401	624.8787	0.465581	0.021611	0.435433	0.0773751	0.8514598	2.003825	1.982106	1.874969
14418	-2611.514	-3235.887	624.3736	0.556979	0.013179	0.238107	0.191736	1.001986	1.825875	2.064685	2.435361
14424	-2616.907	-3240.544	623.637	0.432456	0.0570172	0.267488	0.243039	1.127457	1.710617	2.515952	2.470687
14430	-2634.423	-3258.037	623.6137	0.408745	0.108719	0.252822	0.229713	1.037085	1.481516	3.102336	1.633866
14436	-2667.391	-3289.436	622.045	0.363603	0.0901936	0.34186	0.204343	1.700019	1.683065	3.102336	2.698436
14442	-2660.163	-3281.378	621.2149	0.338665	0.267076	0.104193	0.290066	1.752277	1.530204	4.361887	1.113827
14448	-2654.976	-3276.959	621.9826	0.386009	0.164616	0.118759	0.330616	2.153265	1.710208	3.712522	0.996643
14454	-2657.869	-3280.031	622.1626	0.325286	0.337247	0.0281433	0.309324	1.70542	1.873308	3.712522	0.996643
14460	-2636.649	-3259.101	622.4515	0.339662	0.285234	0.0521091	0.322995	1.263678	1.59466	3.890876	1.060244
14466	-2658.457	-3280.968	622.511	0.417808	0.270448	0.0360303	0.275714	1.77619	1.649598	3.448014	1.281228
14472	-2641.108	-3263.678	622.5704	0.495438	0.140347	0.0568486	0.307366	1.694639	1.781337	3.374571	1.281228
14478	-2656.567	-3279.149	622.5827	0.426066	0.340243	0.0364757	0.197215	1.985806	1.654609	3.10219	1.680646
14484	-2653.296	-3275.612	622.3165	0.405384	0.274591	0.0499511	0.270074	1.50286	1.727703	3.92031	0.8018156
14490	-2666.794	-3288.604	621.8095	0.363709	0.226909	0.0448159	0.364566	1.895121	1.596844	4.101951	0.8018156
14496	-2659.956	-3282.031	622.0754	0.26546	0.21305	0.236897	0.284594	1.579865	1.689322	3.566966	1.688091
14502	-2647.968	-3268.282	620.3135	0.31926	0.256228	0.082241	0.342272	1.726578	1.546299	4.796715	1.252434
14508	-2648.858	-3270.842	621.9837	0.335895	0.269579	0.034421	0.360106	1.726578	1.592246	3.825536	1.252434
14514	-2630.299	-3252.178	621.8786	0.39898	0.357323	0.0249617	0.218736	1.701997	1.369554	4.280026	0.7995916
14520	-2636.189	-3257.078	620.8886	0.26691	0.424116	0.0493506	0.259624	2.059761	1.484486	4.61741	0.7982606
14526	-2640.611	-3262.444	621.8332	0.421316	0.174138	0.0778997	0.326647	1.836431	1.488659	3.802617	1.4825
14532	-2632.984	-3252.805	619.8204	0.546403	0.17029	0.0926014	0.190706	1.369592	1.533538	4.38256	3.44488
14538	-2627.249	-3248.483	621.2333	0.530652	0.1609	0.0832535	0.225194	1.172669	1.456903	4.476216	1.506499
14544	-2618.574	-3239.767	621.1934	0.425333	0.273363	0.0667302	0.234573	1.448782	1.541276	4.506615	1.122142
14550	-2644.735	-3265.809	621.0734	0.562915	0.0532928	0.0862902	0.297502	1.401756	1.413237	4.447024	1.558977
14556	-2643.151	-3262.835	619.684	0.378062	0.0357922	0.386339	0.199807	1.401756	1.565017	3.871604	5.51898
14562	-2631.604	-3251.906	620.3021	0.484708	0.06478	0.22476	0.225752	1.349853	1.517781	4.116925	3.482457
14568	-2642.998	-3263.152	620.1549	0.51748	0.0390906	0.144147	0.299283	1.374516	1.446903	4.516875	2.621891
14574	-2644.093	-3261.463	617.3702	0.437907	0.137342	0.185408	0.239343	1.742123	1.379866	4.812498	6.984569
14580	-2652.068	-3270.882	618.8142	0.444971	0.0760195	0.174736	0.304274	1.370471	1.587347	3.804232	8.362877
14586	-2631.483	-3250.454	618.9702	0.545432	0.0583135	0.0232852	0.37297	1.391679	1.556284	4.070331	6.522911
14592	-2642.944	-3264.593	621.6485	0.441569	0.186274	0.0702087	0.301948	1.514007	1.65895	4.070331	1.27191
14598	-2636.964	-3258.836	621.8715	0.38708	0.280595	0.0186587	0.313666	1.496805	1.671449	4.070331	1.040996
14604	-2645.789	-3268.835	623.0454	0.381669	0.26959	0.0473775	0.301364	1.716803	1.703621	3.358953	0.8831861
14610	-2645.832	-3266.662	620.8294	0.528669	0.0457851	0.0987619	0.326784	2.631802	1.550439	3.253013	3.406136
14616	-2646.322	-3267.808	621.4864	0.458331	0.0216867	0.300128	0.219854	1.233414	1.468134	4.343624	1.407429
14622	-2643.15	-3264.229	621.0784	0.545863	0.00379818	0.188497	0.261842	1.671968	1.465677	4.12201	1.913397
14628	-2655.182	-3278.67	623.4878	0.545842	0.00391559	0.248325	0.201918	1.284695	1.622012	3.081256	1.383354
14634	-2662.412	-3286.876	624.4635	0.458334	0.0332852	0.237657	0.270724	1.185977	1.758891	2.554815	1.214268
14640	-2663.184	-3287.015	623.8311	0.57982	0.0209838	0.228526	0.170671	1.185977	1.799853	2.332226	2.400152
14646	-2663.938	-3288.003	624.0643	0.492082	0.017127	0.147483	0.343309	1.143617	1.65505	2.554019	1.850287
14652	-2668.049	-3291.536	623.4869	0.322614	0.0735617	0.262204	0.34162	1.045469	1.655465	2.852496	2.096148
14658	-2642.527	-3266.443	623.9155	0.40335	0.0657691	0.36228	0.1686	0.913169	1.585698	2.852496	1.799718
14664	-2638.706	-3263.141	624.4344	0.375448	0.0578751	0.337219	0.229457	0.9709121	1.568901	2.779717	1.283029
14670	-2646.437	-3269.492	623.0549	0.329365	0.062997	0.261052	0.346585	1.77393	1.721297	3.273852	0.9530654
14676	-2644.269	-3266.823	622.5543	0.440219	0.0917585	0.1157	0.352323	1.387562	1.639937	3.684186	1.16163
14682	-2650.755	-3273.923	623.1689	0.418372	0.240562	0.0847944	0.256271	1.194329	1.612942	3.445634	1.16163
14688	-2657.606	-3279.833	622.2262	0.312887	0.204012	0.222121	0.26098	2.362132	1.722143	3.469678	1.012063
14694	-2638.142	-3261.462	623.3202	0.354944	0.183945	0.160156	0.300955	1.321191	1.691561	3.304328	1.051493
14700	-2627.866	-3250.076	622.2106	0.45369	0.155787	0.135639	0.254885	1.435905	1.588129	3.794793	1.334832
14706	-2615.089	-3238.152	623.0628	0.304488	0.173558	0.29859	0.223364	1.260503	1.558149	3.523978	1.124868
14712	-2631.092	-3253.645	622.553	0.397058	0.0466487	0.389367	0.166926	1.028246	1.674843	3.88005	1.124868
14718	-2632.645	-3254.906	622.2612	0.517037	0.086383	0.190121	0.206459	1.790979	1.632073	3.88005	0.7854431
14724	-2639.633	-3260.504	620.871	0.427739	0.168749	0.278643	0.124869	1.38893	1.443106	4.583481	1.490342
14730	-2641.887	-3263.333	621.4461	0.422484	0.1271	0.275727	0.174689	1.38893	1.61881	3.690599	2.582599
14736	-2641.505	-3263.291	621.7857	0.437422	0.123813	0.268595	0.17017	1.845054	1.725746	4.169195	0.6272206
14742	-2657.055	-3278.197	621.1421	0.509774	0.0723348	0.342222	0.0756693	1.427598	1.502279	4.465202	1.316692
14748	-2662.204	-3283.456	621.252	0.458576	0.06507	0.120111	0.356243	1.420617	1.356117	4.165446	2.01042
14754	-2636.153	-3257.409	621.2556	0.345382	0.0533554	0.309154	0.292108	1.969252	1.532771	4.070718	1.440123
14760	-2649	-3270.517	621.5162	0.513457	0.06822	0.215091	0.203232	1.541827	1.579852	4.322714	1.004401
14766	-2643.69	-3264.595	620.9054	0.516095	0.0634338	0.216196	0.204275	1.691042	1.527905	4.622489	1.010255
14772	-2647.974	-3267.437	619.4627	0.461789	0.055585	0.303626	0.179	1.675313	1.411589	5.496926	1.006532
14778	-2659.917	-3281.348	621.4307	0.442447	0.0703993	0.320344	0.16681	1.068866	1.333993	4.155123	2.271233
14784	-2618.156	-3240.639	622.4826	0.51477	0.0653845	0.169357	0.250488	1.061956	1.542546	3.613513	1.852249
14790	-2631.904	-3254.642	622.7377	0.384197	0.288406	0.126399	0.200999	1.172083	1.348518	3.72083	1.426645
14796	-2656.952	-3278.814	621.8617	0.341614	0.242271	0.102204	0.313911	1.196948	1.500502	4.106633	1.458046
14802	-2637.235	-3258.248	621.0131	0.533311	0.126053	0.0835648	0.257071	1.643378	1.38109	4.059423	2.300789
14808	-2638.366	-3258.4	620.0341	0.535991	0.181326	0.0839847	0.198698	2.371656	1.555994	4.560293	1.489436
14814	-2627.052	-3248.902	621.8495	0.354332	0.2329	0.157556	0.255212	1.673131	1.532772	3.790246	1.590279
14820	-2637.319	-3258.065	620.7462	0.407368	0.265404	0.124905	0.202323	1.833047	1.528768	4.198522	1.920171
14826	-2630.868	-3250.442	619.5744	0.618045	0.0291897	0.18412	0.168645	1.601555	1.62707	4.083113	4.38708
14832	-2646.049	-3266.773	620.7234	0.48204	0.0479051	0.236041	0.234014	1.672449	1.770601	3.475434	3.786443
14838	-2643.296	-3265.153	621.8571	0.48204	0.0479051	0.236041	0.234014	1.655484	1.650122	3.475434	2.145404
14844	-2646.679	-3267.464	620.7853	0.504757	0.0363703	0.179206	0.279667	1.275282	1.5579	3.971987	3.126069
14850	-2662.749	-3284.644	621.8952	0.430171	0.0249203	0.298594	0.246314	1.227538	1.661899	3.520197	2.504847
14856	-2629.382	-3252.122	622.7402	0.415419	0.148128	0.182036	0.254416	1.815239	1.625213	3.154448	1.579083
14862	-2670.668	-3294.961	624.2925	0.542918	0.123321	0.139205	0.194555	0.9175914	1.513404	2.789334	1.549614
14868	-2659.062	-3281.749	622.6878	0.351097	0.0868348	0.396138	0.16593	1.142346	1.547111	3.24519	2.31586
14874	-2653.306	-3277.426	624.1195	0.399115	0.167466	0.292872	0.140547	1.201661	1.639955	2.572278	1.694034
14880	-2641.184	-3266.49	625.3061	0.399115	0.167466	0.292872	0.140547	1.144142	1.666805	2.406596	0.7419338
14886	-2637.022	-3260.642	623.6201	0.359736	0.148578	0.416614	0.0750719	0.6711263	1.605517	3.043735	2.076459
14892	-2630.483	-3254.924	624.4408	0.320061	0.274047	0.345102	0.0607901	0.6151842	1.563105	3.56408	0.3022365
14898	-2633.403	-3257.156	623.7537	0.413367	0.203362	0.325869	0.0574022	0.8562017	1.666501	3.718402	0.3974303
14904	-2618.165	-3242.157	623.9919	0.315747	0.190725	0.358406	0.135122	1.289125	1.633927	3.252159	0.5723476
14910	-2633.558	-3258.431	624.8732	0.413712	0.177498	0.275541	0.133249	1.019401	1.605342	3.031865	0.3191276
14916	-2627.242	-3250.457	623.2144	0.372769	0.131705	0.334005	0.161522	1.304111	1.429758	3.955702	0.2686288
14922	-2630.628	-3254.096	623.4671	0.350394	0.179733	0.249449	0.220424	1.105971	1.610335	3.590782	0.7079872
14928	-2630.634	-3252.168	621.5339	0.355375	0.185847	0.235221	0.223557	1.533444	1.526481	4.210888	1.253828
14934	-2629.131	-3252.432	623.3006	0.495237	0.159823	0.152687	0.192252	1.290344	1.513499	3.302684	1.291794
14940	-2635.083	-3258.462	623.3793	0.509391	0.123864	0.173778	0.192967	1.042091	1.545403	3.315511	1.40726
14946	-2640.716	-3264.418	623.7013	0.496207	0.156423	0.162487	0.184883	1.228203	1.486825	3.315511	0.9419681
14952	-2630	-3251.511	621.5114	0.421129	0.234308	0.125566	0.218997	1.380223	1.465028	4.629233	0.7294323
14958	-2625.787	-3248.504	622.7166	0.421494	0.144123	0.125675	0.308708	1.733869	1.623392	3.455603	1.113413
14964	-2641.826	-3265.163	623.3365	0.394389	0.2374	0.120288	0.247923	1.356206	1.579113	3.30663	1.113413
14970	-2669.748	-3289.688	619.9395	0.448255	0.223336	0.0466233	0.281785	2.461418	1.477431	4.563769	1.614299
14976	-2668.083	-3288.692	620.6092	0.32168	0.369947	0.0915536	0.216819	1.567648	1.295035	4.695701	1.55385
14982	-2642.034	-3261.687	619.6539	0.327643	0.404264	0.0311606	0.236932	1.557094	1.362965	5.411692	1.119329
14988	-2666.486	-3286.639	620.1536	0.474847	0.0922108	0.0895618	0.34338	1.549082	1.275898	5.085061	1.316733
14994	-2657.549	-3277.735	620.1859	0.343682	0.159192	0.128622	0.368504	1.885246	1.631837	4.389697	2.024215
15000	-2644.321	-3267.507	623.1854	0.35122	0.162684	0.305809	0.180288	0.931656	1.443571	3.259579	2.024215
15006	-2639.553	-3263.436	623.8839	0.289361	0.204318	0.357787	0.148534	1.337178	1.607736	2.918209	1.210936
15012	-2655.915	-3280.806	624.8914	0.499381	0.0600313	0.386834	0.0537538	0.9692849	1.482372	3.136626	0.2527977
15018	-2661.774	-3285.952	624.1776	0.418942	0.225304	0.324524	0.0312293	0.9234257	1.673188	3.472157	0.2527977
15024	-2645.922	-3269.073	623.1512	0.328178	0.248957	0.113915	0.30895	1.131178	1.559177	3.139571	1.922902
15030	-2633.333	-3256.918	623.5853	0.420985	0.277715	0.0313332	0.269967	1.399042	1.580499	3.183305	1.031926
15036	-2638.046	-3259.346	621.3007	0.288194	0.321924	0.0353275	0.354554	1.51642	1.416039	4.17349	1.744755
15042	-2639.753	-3261.185	621.4321	0.261432	0.407217	0.0446874	0.286664	1.363197	1.57302	3.818171	2.375775
15048	-2641.231	-3261.05	619.8192	0.376756	0.377666	0.0159007	0.229677	1.614003	1.612225	3.871352	4.667979
15054	-2646.579	-3268.129	621.5495	0.490292	0.120464	0.0903536	0.29889	1.614003	1.570427	3.41727	2.9332
15060	-2628.039	-3249.835	621.7964	0.365599	0.315573	0.0959526	0.222875	1.467197	1.644824	3.222182	3.161156
15066	-2624.766	-3247.638	622.8724	0.386779	0.240534	0.296457	0.0762294	0.9097867	1.541198	2.8602	3.444864
15072	-2629.867	-3253.503	623.6356	0.421165	0.231043	0.260414	0.0873783	1.170802	1.462944	3.009422	1.660865
15078	-2631.135	-3254.186	623.0511	0.321934	0.173267	0.422823	0.0819756	0.6792841	1.446207	4.072392	0.8795121
15084	-2667.952	-3291.792	623.8405	0.427288	0.156574	0.382086	0.0340516	0.7188687	1.414187	3.920113	0.3430039
15090	-2654.279	-3276.738	622.4588	0.409116	0.143636	0.365837	0.0814112	0.7188687	1.329369	4.751009	0.3382274
15096	-2655.656	-3280.29	624.6342	0.292474	0.20638	0.462401	0.0387453	0.6041918	1.561023	3.392353	0.4541932
15102	-2658.12	-3283.689	625.5691	0.276942	0.314798	0.369414	0.0388457	0.3377885	1.592406	3.028011	0.3217978
15108	-2656.351	-3280.91	624.5591	0.243789	0.356373	0.373435	0.0264022	0.3115097	1.611978	3.510616	0.5386117
15114	-2636.164	-3262.567	626.403	0.327576	0.300374	0.347482	0.0245672	0.4755532	1.740329	2.348845	0.3338065
15120	-2629.502	-3256.14	626.6381	0.374833	0.18087	0.39761	0.0466875	0.4755532	1.683747	2.214765	0.3777427
15126	-2644.495	-3270.822	626.327	0.261917	0.227321	0.452084	0.0586778	0.4911344	1.683747	2.350827	0.4717894
15132	-2626.702	-3253.204	626.5022	0.257042	0.3311	0.385025	0.0268337	0.4911344	1.655751	2.291773	0.4126343
15138	-2625.359	-3251.768	626.4085	0.212411	0.339472	0.413588	0.0345288	0.4911344	1.796382	2.291773	0.3533231
15144	-2654.812	-3281.456	626.6446	0.195724	0.346665	0.422351	0.0352603	0.4327147	1.794094	2.203977	0.2478498
15150	-2632.094	-3257.269	625.1748	0.233142	0.326157	0.423332	0.0173687	0.4327147	1.715623	3.157452	0.2643532
15156	-2633.253	-3257.687	624.4332	0.28711	0.213748	0.480227	0.0189156	0.5910453	1.499881	3.607211	0.3418177
15162	-2648.404	-3274.356	625.9517	0.202587	0.351049	0.424126	0.0222386	0.5082704	1.745048	2.605274	0.3418177
15168	-2636.449	-3260.46	624.011	0.266334	0.322985	0.39022	0.0204607	0.5842281	1.536439	3.834126	0.3418177
15174	-2644.752	-3269.389	624.6376	0.363469	0.194845	0.416982	0.024704	0.4709592	1.453129	3.605968	0.261467
15180	-2622.213	-3246.88	624.6671	0.282036	0.293742	0.400494	0.0237272	0.4098238	1.452374	3.605709	0.3327692
15186	-2653.275	-3278.841	625.566	0.29953	0.242179	0.425336	0.0329548	0.5319974	1.58103	2.939729	0.2101407
15192	-2655.216	-3280.69	625.474	0.274139	0.347633	0.344578	0.0336506	0.5891935	1.54892	2.98503	0.2368727
15198	-2658.072	-3283.427	625.3552	0.27994	0.319213	0.373804	0.0270433	0.5666982	1.497842	3.085133	0.331051
15204	-2664.273	-3288.073	623.8005	0.161982	0.419414	0.396097	0.0225067	0.4167857	1.497842	4.026619	0.4386899
15210	-2628.286	-3253.729	625.4425	0.399563	0.251297	0.32949	0.01965	0.5910743	1.593646	2.973155	0.2215039
15216	-2637.909	-3263.453	625.5435	0.399563	0.251297	0.32949	0.01965	0.4222987	1.642044	2.973155	0.1948646
15222	-2636.055	-3262.495	626.4405	0.280948	0.30094	0.39458	0.0235318	0.2898782	1.640416	2.489633	0.2912879
15228	-2637.506	-3264.036	626.5297	0.293881	0.331847	0.360553	0.0137193	0.3249522	1.591128	2.454282	0.2912879
15234	-2628.768	-3253.861	625.0928	0.296239	0.327784	0.363446	0.0125305	0.3249522	1.695693	3.262846	0.2912879
15240	-2638.834	-3263.217	624.383	0.287936	0.331651	0.367734	0.0126783	0.4483359	1.497456	3.711983	0.3636248
15246	-2621.188	-3246.202	625.0142	0.329838	0.285964	0.350874	0.0333242	0.5580443	1.506887	3.30306	0.2408853
15252	-2642.71	-3268.177	625.4669	0.25282	0.317928	0.403709	0.0255429	0.6489136	1.580792	2.927679	0.2940268
15258	-2627.844	-3252.723	624.8798	0.227062	0.367671	0.393693	0.0115736	0.6489136	1.605967	3.215205	0.4134465
15264	-2643.113	-3267.967	624.8539	0.194638	0.34988	0.384882	0.0706005	0.3784073	1.424919	3.541817	0.2824359
15270	-2640.049	-3265.19	625.1411	0.25404	0.312521	0.370377	0.063062	0.3975117	1.572549	3.171538	0.5137073
15276	-2648.53	-3272.648	624.1173	0.203617	0.358807	0.350979	0.0865969	0.6264985	1.559747	3.417578	0.8896256
15282	-2643.211	-3266.026	622.8149	0.359075	0.198977	0.320874	0.121074	0.6155436	1.510356	3.367788	2.677479
15288	-2648.121	-3270.468	622.3478	0.318465	0.207389	0.434832	0.039313	0.6155436	1.705729	3.173058	3.718026
15294	-2660.052	-3282.466	622.4141	0.350307	0.210409	0.415484	0.0238002	0.6155436	1.547906	2.848656	5.052197
15300	-2656.306	-3277.818	621.5123	0.337627	0.217039	0.400444	0.0448899	0.392883	1.542941	3.334889	5.807946
15306	-2621.106	-3244.075	622.9684	0.20758	0.461218	0.260911	0.070291	0.5196474	1.580028	3.287661	2.696936
15312	-2644.088	-3265.708	621.62	0.319714	0.405193	0.216709	0.0583828	0.5235741	1.619732	3.287661	5.24787
15318	-2638.721	-3259.218	620.4969	0.28769	0.418594	0.223876	0.0698396	0.5841273	1.651354	3.167743	8.78968
15324	-2624.252	-3247.942	623.6899	0.389415	0.23416	0.28104	0.0953841	0.9175552	1.788077	2.148642	3.563748
15330	-2630.325	-3254.211	623.8866	0.464442	0.0773007	0.313683	0.144574	1.066294	1.705571	2.707517	1.791387
15336	-2664.815	-3289.751	624.936	0.375548	0.1845	0.359982	0.0799702	1.083622	1.723125	2.853587	0.3936555
15342	-2651.141	-3276.736	625.5953	0.364296	0.210799	0.302865	0.12204	1.032001	1.78463	2.470876	0.3253944
15348	-2652.261	-3277.472	625.2111	0.356444	0.303769	0.227669	0.112118	1.418224	1.807094	2.470876	0.3253944
15354	-2656.209	-3279.634	623.4251	0.433109	0.242035	0.208053	0.116803	0.9721912	1.532087	3.956621	0.2856606
15360	-2668.872	-3291.709	622.8373	0.241333	0.423134	0.189827	0.145705	1.393302	1.694197	3.739885	0.7281269
15366	-2659.792	-3283.311	623.5195	0.203747	0.340346	0.325488	0.130419	1.202297	1.545084	3.739885	0.3663362
15372	-2640.788	-3264.255	623.4668	0.134852	0.453261	0.360198	0.0516886	0.5851512	1.510701	4.162926	0.3317099
15378	-2652.018	-3276.956	624.9377	0.197315	0.341645	0.400197	0.0608427	0.4646144	1.579935	3.360321	0.2608357
15384	-2646.694	-3271.162	624.4682	0.178376	0.308853	0.457768	0.0550028	0.4473909	1.54773	3.654563	0.3060209
15390	-2638.142	-3262.101	623.9593	0.364437	0.199447	0.389336	0.0467805	0.7613746	1.601607	3.730152	0.3060209
15396	-2670.616	-3294.733	624.1168	0.221536	0.286611	0.482747	0.00910545	0.9353541	1.599001	3.541773	0.2775
15402	-2648.196	-3273.542	625.3461	0.407263	0.0836167	0.502584	0.00653652	1.043594	1.700962	2.685146	0.253455
15408	-2662.3	-3287.252	624.9521	0.344507	0.205759	0.425139	0.0245953	0.6344684	1.541664	3.260769	0.3175094
15414	-2647.413	-3271.521	624.1076	0.457232	0.163022	0.0561782	0.323568	1.917182	2.11148	1.662128	2.10274
15420	-2655.686	-3280.015	624.3285	0.560979	0.263766	0.0199016	0.155354	1.426928	1.9419	1.797959	2.325488
15426	-2643.366	-3267.655	624.2889	0.605934	0.0408694	0.0876295	0.265567	1.489793	1.827958	2.043926	1.9598
15432	-2657.275	-3281.168	623.8928	0.521648	0.0820861	0.20846	0.187806	1.415863	1.859596	2.002003	2.666391
15438	-2656.505	-3280.854	624.3494	0.518498	0.0876291	0.207201	0.186672	1.050381	1.841635	2.258549	1.963229
15444	-2661.615	-3285.785	624.1697	0.624682	0.0435042	0.222458	0.109356	1.452318	1.792069	2.388268	1.53095
15450	-2645.308	-3268.955	623.6477	0.455115	0.193432	0.0695335	0.281919	1.554743	1.646928	2.83129	1.374375
15456	-2637.207	-3259.126	621.9191	0.288171	0.284103	0.24922	0.178506	1.220501	1.581252	4.23423	1.043918
15462	-2623.396	-3245.735	622.3383	0.302581	0.29831	0.211675	0.187433	1.192097	1.585246	3.994749	1.068626
15468	-2612.463	-3236.295	623.8313	0.420958	0.0237943	0.294487	0.26076	1.054016	1.703485	2.885713	1.520791
15474	-2625.155	-3249.288	624.1328	0.519301	0.029353	0.288501	0.162845	1.278066	1.66815	2.540778	1.618744
15480	-2646.696	-3269.715	623.0188	0.53179	0.0345077	0.292139	0.141562	1.036206	1.581876	3.48584	1.451905
15486	-2639.382	-3262.176	622.7939	0.433464	0.264737	0.186411	0.115388	1.115819	1.480084	3.48584	1.74869
15492	-2645.831	-3268.692	622.861	0.33564	0.298371	0.187647	0.178342	0.9397586	1.371264	3.852216	1.265537
15498	-2633.414	-3257.064	623.6495	0.400482	0.143964	0.223899	0.231656	1.68874	1.421721	3.516708	0.2728823
15504	-2634.89	-3258.984	624.0937	0.439275	0.117543	0.366106	0.0770758	1.252325	1.473683	3.443079	0.3028857
15510	-2620.479	-3244.24	623.7614	0.439275	0.117543	0.366106	0.0770758	1.252325	1.516457	3.611779	0.3028857
15516	-2634.318	-3259.423	625.1047	0.452626	0.139048	0.203578	0.204748	0.914645	1.631548	2.949839	0.223318
15522	-2631.058	-3255.458	624.3995	0.502444	0.127341	0.182707	0.187509	1.204266	1.475968	3.290961	0.2158912
15528	-2635.782	-3260.538	624.7559	0.463069	0.101684	0.179102	0.256145	1.206535	1.6684	2.651537	0.8337715
15534	-2655.249	-3278.612	623.3638	0.507045	0.11134	0.101145	0.28047	1.371725	1.570389	2.888778	1.885306
15540	-2642.501	-3264.531	622.0293	0.4439	0.0986616	0.208907	0.248532	1.371725	1.608256	3.526547	2.181373
15546	-2639.891	-3263.578	623.6864	0.545404	0.0617508	0.208871	0.183974	1.371725	1.628983	2.976734	1.262326
15552	-2644.016	-3266.981	622.9644	0.462184	0.0432669	0.365644	0.128905	1.411798	1.566889	3.709175	0.7631332
15558	-2649.564	-3273.745	624.1808	0.469872	0.0590957	0.339983	0.13105	1.411798	1.607036	3.105199	0.5482495
15564	-2641.217	-3265.03	623.8136	0.421579	0.167368	0.30504	0.106013	1.068651	1.489868	3.692489	0.3234228
15570	-2617.899	-3242.368	624.4692	0.452671	0.116904	0.327537	0.102889	1.104247	1.527147	3.278689	0.2795798
15576	-2654.176	-3279.75	625.5742	0.477331	0.0668902	0.365548	0.0902309	1.05881	1.615152	2.572556	0.3273908
15582	-2631.853	-3256.585	624.7315	0.479256	0.06716	0.311605	0.141979	1.142635	1.547817	3.087407	0.2872584
15588	-2632.155	-3255.736	623.5811	0.407482	0.0338262	0.312233	0.246459	1.191415	1.566841	2.857802	1.889793
15594	-2643.39	-3266.14	622.7502	0.462386	0.118543	0.0789507	0.34012	1.308881	1.751119	3.256438	1.726222
15600	-2658.669	-3282.042	623.3734	0.447814	0.0719823	0.0653408	0.414863	1.078489	1.483509	3.256438	1.559811
15606	-2659.645	-3282.317	622.6716	0.54084	0.0719509	0.306466	0.0807431	1.126604	1.55447	3.398298	1.989366
15612	-2645.899	-3269.61	623.7108	0.547827	0.0760806	0.156074	0.220018	1.125701	1.603652	2.748429	1.989366
15618	-2652.366	-3275.94	623.5736	0.51854	0.182526	0.147731	0.151203	1.125701	1.67634	2.787787	1.989366
15624	-2635.013	-3258.484	623.4709	0.470056	0.111065	0.196106	0.222774	0.9317592	1.642424	2.787787	2.451654
15630	-2635.777	-3259.261	623.4837	0.461149	0.103475	0.227827	0.207549	1.14092	1.621494	2.894915	1.928105
15636	-2639.193	-3262.234	623.0418	0.421271	0.205423	0.147945	0.225361	1.289043	1.562766	3.124794	1.899694
15642	-2629.247	-3252.028	622.781	0.352221	0.131958	0.327666	0.188156	1.289043	1.501353	3.315549	1.899694
15648	-2651.046	-3273.827	622.781	0.334155	0.0458466	0.388887	0.231111	1.289043	1.501353	3.315549	1.899694
15654	-2643.978	-3266.099	622.1209	0.497689	0.0673664	0.095352	0.339592	1.446094	1.491255	3.56148	2.043747
15660	-2633.882	-3255.647	621.7654	0.419891	0.126545	0.167056	0.286508	2.179624	1.479967	3.629545	1.622105
15666	-2645.684	-3267.943	622.2585	0.487559	0.0537201	0.184961	0.27376	1.733192	1.748515	3.695213	1.033147
15672	-2672.765	-3295.736	622.9711	0.446729	0.0268854	0.368152	0.158233	1.657328	1.85624	2.993249	1.503192
15678	-2658.588	-3281.333	622.7457	0.609052	0.103477	0.0790998	0.208371	1.657328	1.843555	2.89644	1.999216
15684	-2655.367	-3276.989	621.6214	0.469461	0.0570821	0.166049	0.307408	1.272281	1.843555	2.891128	4.525668
15690	-2648.424	-3268.645	620.2215	0.370598	0.302702	0.0499963	0.276704	1.560762	1.52154	4.894287	1.338578
15696	-2661.783	-3280.402	618.6193	0.279953	0.250538	0.071851	0.397658	1.692188	1.306798	6.014703	0.9953622
15702	-2644.496	-3265.586	621.0902	0.382562	0.252139	0.223467	0.141833	1.35698	1.478523	4.279899	1.87191
15708	-2652.714	-3273.113	620.3992	0.518684	0.0466925	0.242324	0.1923	1.431778	1.338416	4.579399	2.184326
15714	-2638.745	-3260.456	621.7111	0.498073	0.102801	0.181535	0.217591	1.303131	1.533135	4.329176	1.055973
15720	-2646.673	-3269.796	623.1232	0.515667	0.184338	0.0820323	0.217962	1.11549	1.634449	3.579473	1.028059
15726	-2634.626	-3257.237	622.611	0.513307	0.130681	0.108395	0.247617	1.145163	1.753119	3.506537	1.562113
15732	-2640.592	-3261.847	621.2559	0.438176	0.24114	0.0537432	0.266941	1.388276	1.561325	4.082341	1.964802
15738	-2643.942	-3265.202	621.26	0.503659	0.115163	0.0743433	0.306835	1.509616	1.741153	3.518273	2.989966
15744	-2647.331	-3268.682	621.351	0.450994	0.207687	0.0665695	0.27475	1.509616	1.686028	3.617164	2.658245
15750	-2659.473	-3282.533	623.0605	0.336233	0.305328	0.0533128	0.305126	1.792066	1.814205	3.36452	0.6965794
15756	-2642.561	-3265.495	622.9333	0.325835	0.27865	0.0516641	0.34385	1.134022	1.60416	3.048838	2.367652
15762	-2662.078	-3287.091	625.0122	0.370553	0.210501	0.0556146	0.363331	1.021467	1.639231	2.404092	1.183795
15768	-2635.011	-3259.442	624.4305	0.334529	0.308974	0.050208	0.306289	1.217721	1.807458	2.534442	1.200712
15774	-2636.241	-3258.136	621.8948	0.317328	0.293087	0.0990458	0.29054	1.357274	1.631976	3.892779	1.529545
15780	-2659.336	-3281.101	621.7643	0.466971	0.228853	0.0859169	0.218259	1.854274	1.793667	3.246781	2.400437
15786	-2658.91	-3279.998	621.0876	0.542382	0.0370392	0.118796	0.301783	1.699503	1.612573	3.725417	2.644081
15792	-2647.883	-3269.572	621.6888	0.505203	0.0151507	0.19855	0.281096	1.420835	1.435382	3.669382	2.505494
15798	-2654.373	-3278.031	623.6584	0.438131	0.0467443	0.302047	0.213077	1.250438	1.506403	3.130671	1.266458
15804	-2648.723	-3271.776	623.0525	0.275293	0.0632665	0.408809	0.252631	0.9305527	1.460562	3.121841	2.521513
15810	-2658.583	-3282.531	623.9484	0.496357	0.0363601	0.248071	0.219212	1.162835	1.567635	3.006955	1.200484
15816	-2658.234	-3281.926	623.6914	0.455303	0.16893	0.1647	0.211067	1.550872	1.49972	3.243384	0.7791709
15822	-2657.484	-3277.929	620.4449	0.295825	0.332716	0.0790456	0.292413	1.450621	1.53673	4.794494	1.377765
15828	-2643.778	-3264.915	621.1373	0.272201	0.306146	0.152591	0.269062	1.720008	1.347349	4.290812	1.569353
15834	-2642.903	-3262.443	619.5401	0.526053	0.0775168	0.155637	0.240793	1.720008	1.608528	4.167186	3.991628
15840	-2638.704	-3257.866	619.1622	0.593865	0.0742733	0.101144	0.230718	1.452379	1.250346	5.523571	1.670669
15846	-2629.885	-3249.772	619.8866	0.609437	0.0762209	0.0843099	0.230032	1.794322	1.273009	4.953144	1.670669
15852	-2633.714	-3254.778	621.0635	0.536981	0.0888896	0.113979	0.26015	1.261448	1.386965	3.971557	2.968135
15858	-2634.378	-3255.645	621.2671	0.507783	0.0903382	0.25261	0.149269	1.485315	1.533382	4.197705	1.623042
15864	-2622.67	-3244.671	622.0006	0.462689	0.0782155	0.111403	0.347692	1.971653	1.702029	3.450287	1.62669
15870	-2653.093	-3274.351	621.2581	0.566833	0.110734	0.138416	0.184017	1.971653	1.773612	3.168397	3.320392
15876	-2645.836	-3268.747	622.9113	0.533001	0.034023	0.259942	0.173034	1.681738	1.687519	2.905797	1.939578
15882	-2637.762	-3260.913	623.1506	0.486028	0.0538548	0.276236	0.183881	1.42445	1.661728	3.072503	1.598697
15888	-2644.993	-3268.972	623.9787	0.42228	0.190158	0.128878	0.258684	1.623357	1.627808	2.784745	1.062041
15894	-2655.229	-3279.136	623.9072	0.446408	0.182216	0.123495	0.24788	1.062841	1.629277	2.881438	1.516956
15900	-2641.783	-3264.613	622.8304	0.467242	0.123445	0.149865	0.259449	1.143204	1.539322	3.337419	1.915807
15906	-2625.211	-3245.772	620.5613	0.439179	0.143679	0.167191	0.249952	1.831689	1.586149	4.489116	1.44931
15912	-2621.488	-3242.559	621.0709	0.419663	0.0530841	0.252538	0.274716	1.277341	1.550169	3.898882	2.872178
15918	-2638.457	-3262.408	623.9512	0.416762	0.0909783	0.349002	0.143258	1.277341	1.774645	2.704492	1.398916
15924	-2649.128	-3272.684	623.5563	0.572448	0.12471	0.0433664	0.259476	1.277341	1.638868	3.047412	1.358864
15930	-2652.138	-3272.934	620.796	0.529142	0.180307	0.0507052	0.239846	1.750347	1.459531	3.833456	2.991747
15936	-2645.348	-3267.735	622.3868	0.431823	0.223254	0.0189693	0.325954	1.492399	1.596054	3.547583	1.555762
15942	-2664.081	-3286.048	621.9668	0.420235	0.217263	0.0452964	0.317206	1.492399	1.618142	3.410554	2.388465
15948	-2657.29	-3278.416	621.125	0.393203	0.0644771	0.329549	0.21277	1.415983	1.522061	4.289531	1.686086
15954	-2649.451	-3272.307	622.8553	0.456017	0.0747772	0.128626	0.34058	1.382637	1.698826	2.951775	2.244956
15960	-2653.923	-3277.105	623.1824	0.458699	0.121952	0.20333	0.216019	1.208072	1.668075	3.378987	1.195456
15966	-2652.496	-3274.609	622.1126	0.398982	0.299388	0.0517496	0.249881	1.384904	1.638823	3.686539	1.658992
15972	-2649.571	-3272.698	623.1269	0.702692	0.10178	0.166649	0.0288791	1.288313	1.513002	3.956903	0.2010845
15978	-2637.461	-3259.445	621.9842	0.459142	0.155135	0.341705	0.0440182	1.444109	1.569563	4.494483	0.3118312
15984	-2656.887	-3277.919	621.0314	0.450156	0.194702	0.102629	0.252513	1.556714	1.744068	3.771238	2.588671
15990	-2659.288	-3279.39	620.102	0.313712	0.276153	0.0712971	0.338839	1.62318	1.605307	4.605111	1.941806
15996	-2633.87	-3256.07	622.2003	0.293516	0.340168	0.0673819	0.298933	1.290837	1.603565	3.885101	1.299823
16002	-2643.485	-3265.1	621.6148	0.41235	0.216047	0.0749337	0.296669	1.568023	1.569391	4.328419	0.8857398
16008	-2633.212	-3256.595	623.3833	0.421083	0.199444	0.0765207	0.302953	1.305405	1.743002	3.408524	0.7797419
16014	-2651.417	-3274.86	623.4425	0.385916	0.179162	0.15727	0.277651	1.285459	1.591126	3.31904	1.037157
16020	-2644.461	-3267.685	623.2237	0.410881	0.190752	0.102754	0.295613	1.223857	1.779625	3.370433	1.037157
16026	-2642.438	-3264.73	622.2919	0.459965	0.0893848	0.125413	0.325237	1.223857	1.685674	3.561437	1.829037
16032	-2680.419	-3306.156	625.7373	0.489002	0.0995905	0.242735	0.168672	1.116468	1.722044	2.367105	0.1918539
16038	-2668.637	-3294.572	625.935	0.368266	0.195612	0.368584	0.0675376	0.8733705	1.791193	2.367105	0.2758024
16044	-2629.911	-3251.681	621.7703	0.300094	0.241072	0.15409	0.304744	1.328966	1.706424	3.863257	1.681424
16050	-2644.877	-3266.375	621.498	0.345852	0.283305	0.0330819	0.337761	1.520902	1.660266	4.222218	1.14034
16056	-2638.557	-3258.182	619.6246	0.335282	0.268844	0.0684357	0.327438	1.862241	1.558128	4.959619	1.564884
16062	-2637.593	-3259.004	621.4111	0.381804	0.350259	0.0397461	0.228191	1.223473	1.804968	3.971838	1.893298
16068	-2640.557	-3262.816	622.2594	0.36135	0.385066	0.0376169	0.215967	1.756756	1.561284	3.938478	0.7834918
16074	-2648.468	-3271.015	622.5463	0.395338	0.308548	0.0598329	0.23628	1.304262	1.682362	3.789048	1.017149
16080	-2652.593	-3274.918	622.3258	0.515928	0.0419682	0.22291	0.219193	1.786526	1.72568	3.132296	2.052532
16086	-2653.996	-3275.776	621.7801	0.564551	0.0341196	0.181223	0.220106	1.413848	1.80075	3.132296	3.263207
16092	-2638.125	-3260.602	622.477	0.428222	0.193264	0.170921	0.207594	1.413848	1.756407	3.223721	2.02091
16098	-2629.21	-3252.487	623.2766	0.471041	0.167501	0.164882	0.196575	1.173089	1.865723	3.19592	1.250634
16104	-2637.613	-3261.008	623.3943	0.357595	0.29467	0.198504	0.149232	1.173089	1.788023	3.19592	1.207801
16110	-2644.114	-3267.883	623.7692	0.247146	0.352446	0.237424	0.162984	1.096473	1.823941	3.19592	0.8670288
16116	-2644.043	-3268.37	624.3268	0.362523	0.330158	0.0641626	0.243156	1.043688	1.84669	2.835163	0.9382772
16122	-2629.172	-3252.326	623.1542	0.312633	0.422342	0.0553325	0.209693	1.127999	1.698258	3.573933	0.9312154
16128	-2640.364	-3261.705	621.3409	0.437335	0.275039	0.0477754	0.239851	1.790839	1.626425	4.128327	1.282412
16134	-2635.459	-3259.079	623.6204	0.317325	0.40557	0.0346652	0.24244	1.382251	1.825761	2.984469	1.100959
16140	-2642.724	-3267.451	624.7275	0.442579	0.218955	0.226267	0.1122	1.371159	1.584195	2.940161	0.2911052
16146	-2638.93	-3263.662	624.732	0.370761	0.183425	0.259151	0.186663	1.053939	1.563043	3.117885	0.3284374
16152	-2655.177	-3280.107	624.9308	0.417746	0.20667	0.300874	0.0747104	1.118313	1.628559	2.916544	0.1846693
16158	-2640.032	-3265.612	625.5795	0.414043	0.135117	0.196705	0.254135	1.250249	1.689341	2.399715	0.1814479
16164	-2640.444	-3265.954	625.5098	0.57762	0.0543896	0.29969	0.0683006	0.9362627	1.7224	2.634756	0.225353
16170	-2639.378	-3264.646	625.2684	0.476026	0.120106	0.347581	0.0562877	1.18467	1.71962	2.634756	0.225353
16176	-2650.366	-3274.026	623.6599	0.391125	0.190758	0.376147	0.0419696	1.515431	1.689609	3.403953	0.380769
16182	-2668.376	-3291.418	623.0416	0.423983	0.0969003	0.398215	0.0809011	1.546583	1.596629	3.836257	0.2343467
16188	-2649.592	-3273.118	623.5258	0.34038	0.199369	0.440322	0.0199301	1.215662	1.38775	3.848066	0.2343467
16194	-2649.85	-3274.564	624.714	0.362494	0.258683	0.24049	0.138333	1.392451	1.652337	2.89945	0.2357076
16200	-2636.812	-3261.255	624.4423	0.281312	0.223589	0.314306	0.180792	0.7786624	1.533118	3.483413	0.2868878
16206	-2654.31	-3279.15	624.8404	0.264203	0.425252	0.29519	0.0153546	0.5663598	1.825164	3.209337	0.2868878
16212	-2637.249	-3263.172	625.9225	0.315357	0.209293	0.388494	0.0868558	0.4570765	1.584497	2.76753	0.2133727
16218	-2637.259	-3262.04	624.781	0.562398	0.121135	0.25532	0.0611469	0.8965591	1.586926	3.178265	0.2133727
16224	-2627.234	-3250.153	622.919	0.465086	0.177933	0.24804	0.108941	0.6428236	1.593842	4.392577	0.3288687
16230	-2635.254	-3258.261	623.0071	0.366409	0.201537	0.360806	0.0712479	0.6209297	1.683133	3.855939	1.126933
16236	-2627.607	-3250.385	622.7779	0.346393	0.190528	0.341096	0.121984	0.5497414	1.564096	4.093696	1.13416
16242	-2628.764	-3252.406	623.6423	0.325913	0.29305	0.32093	0.0601076	0.5186265	1.469675	3.83749	0.844356
16248	-2638.111	-3263.59	625.4787	0.280653	0.312726	0.342478	0.0641435	0.4414899	1.607649	2.990872	0.3975272
16254	-2646.685	-3270.783	624.0975	0.340782	0.214231	0.336098	0.108889	0.4671079	1.678686	3.561501	0.7148822
16260	-2654.96	-3278.665	623.7054	0.309588	0.35086	0.298757	0.0407945	0.6042731	1.56926	3.840443	0.6010564
16266	-2636.465	-3262.924	626.459	0.487017	0.175441	0.219424	0.118118	0.5929792	1.758551	2.241773	0.2750274
16272	-2643.71	-3269.745	626.0352	0.288829	0.119104	0.43166	0.160406	1.053641	1.780227	2.194659	0.2653007
16278	-2652.163	-3277.049	624.886	0.528499	0.0846121	0.286732	0.100157	1.278012	1.912942	1.743392	1.893326
16284	-2635.635	-3261.474	625.839	0.387666	0.0728894	0.210325	0.32912	1.129548	2.082659	1.350392	1.351
16290	-2642.472	-3268.165	625.6931	0.458343	0.0644763	0.186049	0.291132	1.36859	2.082659	1.350392	1.267369
16296	-2628.823	-3252.943	624.1198	0.579027	0.023833	0.195307	0.201833	1.719762	1.938444	1.806533	2.25738
16302	-2653.65	-3279.597	625.9461	0.363212	0.01495	0.314678	0.307159	1.174921	2.046222	1.420307	1.132681
16308	-2646.564	-3271.797	625.2326	0.409856	0.0334129	0.228821	0.327909	1.248205	2.037149	1.387846	1.945156
16314	-2653.895	-3277.902	624.0069	0.494286	0.00530275	0.267266	0.233145	1.942717	2.128458	1.387846	2.739626
16320	-2669.217	-3294.176	624.9598	0.506275	0.0765146	0.234156	0.183055	1.32245	1.720887	2.747644	0.2531699
16326	-2651.627	-3276.992	625.3652	0.474855	0.135395	0.327649	0.0621007	1.094515	1.720887	2.59066	0.1650683
16332	-2642.589	-3268.458	625.8695	0.427718	0.145506	0.329176	0.0975994	0.9427177	1.694679	2.421715	0.2176966
16338	-2641.642	-3266.395	624.7528	0.530216	0.119446	0.270219	0.0801189	0.9934059	1.73176	3.051562	0.2176966
16344	-2650.205	-3276.885	626.6805	0.428218	0.0869323	0.379805	0.105045	0.937367	1.88667	1.754918	0.1970981
16350	-2625.242	-3252.044	626.8027	0.540403	0.145558	0.236869	0.0771705	1.065412	1.934498	1.540951	0.1970981
16356	-2633.315	-3259.737	626.4218	0.481936	0.0620152	0.245066	0.210983	1.051285	1.872536	1.864636	0.1970981
16362	-2631.793	-3258.135	626.3426	0.404121	0.131962	0.205497	0.258421	1.533223	1.880306	1.613543	0.2169385
16368	-2641.964	-3267.922	625.9581	0.405339	0.0895943	0.245867	0.2592	1.858414	2.079401	1.557404	0.2239845
16374	-2635.073	-3261.548	626.475	0.436526	0.0399244	0.254864	0.268685	1.622327	2.00973	1.365224	0.2429925
16380	-2631.627	-3258.265	626.6374	0.31826	0.176702	0.346746	0.158291	1.176392	2.065544	1.500817	0.2318617
16386	-2613.378	-3240.025	626.6473	0.399649	0.202237	0.250048	0.148066	0.9471172	1.899684	1.773877	0.224567
16392	-2625.263	-3251.593	626.3302	0.492566	0.0729702	0.308184	0.126279	1.185688	1.832301	1.863304	0.1929746
16398	-2639.597	-3266.121	626.5238	0.382148	0.144035	0.299278	0.174539	1.017491	1.889368	1.812027	0.2084533
16404	-2646.736	-3272.713	625.9768	0.368018	0.0988238	0.384011	0.149146	0.9001428	1.899736	2.177369	0.4483919
16410	-2637.43	-3262.2	624.7699	0.412884	0.0913712	0.357064	0.13868	1.412522	1.758843	2.790985	0.2484182
16416	-2664.354	-3289.233	624.8792	0.330153	0.310739	0.248216	0.110893	1.286943	1.753762	2.790985	0.2948894
16422	-2654.34	-3279.809	625.4697	0.362879	0.183302	0.296743	0.157076	1.05037	1.765933	2.516833	0.3984623
16428	-2658.09	-3283.596	625.5065	0.360453	0.219348	0.294759	0.12544	1.004915	1.751193	2.56728	0.3156231
16434	-2657.51	-3283.68	626.1694	0.394813	0.141734	0.286638	0.176816	0.7966067	1.723262	2.314009	0.2535855
16440	-2651.357	-3277.641	626.2839	0.389358	0.109685	0.293777	0.20718	0.9356433	1.806165	2.090555	0.2799894
16446	-2658.359	-3284.736	626.3775	0.512109	0.167926	0.28186	0.0381049	0.9356433	1.806165	2.028782	0.2799894
16452	-2668.972	-3295.696	626.7246	0.277214	0.257333	0.388867	0.0765856	0.793835	1.830541	1.877682	0.2799894
16458	-2657.225	-3283.585	626.3605	0.323814	0.164871	0.421856	0.0894595	0.9265587	1.820682	2.033681	0.2932624
16464	-2641.686	-3267.773	626.0871	0.402636	0.226709	0.308858	0.0617969	0.9265587	1.797761	2.020329	0.6484423
16470	-2624.757	-3250.962	626.205	0.334096	0.188117	0.263257	0.21453	0.9265587	1.882977	1.949679	0.5555585
16476	-2633.881	-3259.488	625.6068	0.395569	0.22273	0.154739	0.226962	0.9179658	1.898774	1.790461	1.382383
16482	-2641.245	-3266.719	625.4747	0.310038	0.354393	0.148855	0.186713	0.9150078	1.898774	2.00104	1.192179
16488	-2639.569	-3263.56	623.9916	0.395495	0.21335	0.152978	0.238177	1.213228	1.865722	2.148199	2.450109
16494	-2638.019	-3263.289	625.2701	0.396569	0.301741	0.121425	0.180264	1.115374	1.866139	2.148199	1.001408
16500	-2642.232	-3266.829	624.5962	0.401816	0.292503	0.123032	0.182649	1.348394	1.850947	2.662102	0.6717009
16506	-2645.446	-3268.316	622.8704	0.35598	0.417784	0.108997	0.117239	1.536851	1.725049	3.28831	1.318992
16512	-2635.928	-3260.277	624.3488	0.298566	0.376463	0.156566	0.168405	1.503148	1.681988	2.847068	0.6500978
16518	-2636.034	-3258.73	622.6964	0.35913	0.264524	0.181318	0.195028	1.503148	1.75666	3.168233	1.757246
16524	-2630.14	-3252.893	622.753	0.340852	0.20332	0.239972	0.215856	1.274525	1.55758	3.283454	1.951316
16530	-2646.136	-3267.012	620.8767	0.401264	0.0554094	0.311871	0.231456	2.38929	1.533812	3.887851	1.922891
16536	-2628.963	-3251.703	622.7405	0.253261	0.293082	0.128913	0.324743	1.375342	1.541815	3.457827	1.505928
16542	-2641.444	-3264.872	623.428	0.485518	0.102491	0.1271	0.284891	0.986672	1.605482	2.955136	2.092713
16548	-2634.895	-3257.581	622.6857	0.444037	0.15325	0.171311	0.231402	1.223476	1.62989	3.06592	2.528515
16554	-2617.481	-3240.262	622.781	0.404291	0.164206	0.183559	0.247945	1.315188	1.62989	3.06592	2.264481
16560	-2627.591	-3249.608	622.017	0.461474	0.197014	0.0440281	0.297484	1.245365	1.636951	3.618395	2.09998
16566	-2636.591	-3257.258	620.667	0.488378	0.160867	0.0359269	0.314828	1.497744	1.578964	3.971469	2.957115
16572	-2627.237	-3248.28	621.0437	0.525868	0.121772	0.218643	0.133717	1.689638	1.302452	3.945623	2.611833
16578	-2624.601	-3246.751	622.1498	0.408545	0.128756	0.348028	0.114671	1.496459	1.584332	3.818456	1.302637
16584	-2630.015	-3251.531	621.516	0.414213	0.113856	0.38459	0.0873405	1.404859	1.667711	3.355503	3.311767
16590	-2634.756	-3258.526	623.7696	0.448274	0.123218	0.0604118	0.368096	1.149339	1.62101	2.842094	1.667949
16596	-2626.8	-3248.486	621.6851	0.532127	0.0700972	0.0560791	0.341697	1.46783	1.692238	3.296606	3.054128
16602	-2650.43	-3267.167	616.7374	0.486078	0.154697	0.0326025	0.326622	1.52312	1.5557	4.814593	9.004157
16608	-2628.88	-3249.459	620.5791	0.34029	0.277997	0.0346434	0.347069	1.52312	1.544691	3.891156	3.371779
16614	-2619.632	-3242.615	622.9839	0.378882	0.263382	0.0553478	0.302387	1.746451	1.567931	3.238029	1.27004
16620	-2624.981	-3248.049	623.0677	0.361281	0.251147	0.0992329	0.28834	1.343874	1.656128	3.6162	0.7904608
16626	-2644.082	-3264.818	620.7361	0.38188	0.164252	0.0820566	0.371812	1.355441	1.464238	4.777915	1.262839
16632	-2638.053	-3259.19	621.137	0.331266	0.303402	0.0953272	0.270005	1.709564	1.556921	4.484414	0.9804076
16638	-2637.284	-3259.176	621.892	0.319798	0.292898	0.126646	0.260658	1.3136	1.487236	3.954788	1.623091
16644	-2609.013	-3232.064	623.051	0.407754	0.0361074	0.211383	0.344756	1.160065	1.474347	3.408164	1.553691
16650	-2626.197	-3250.132	623.9347	0.342622	0.272514	0.151466	0.233398	1.545207	1.588656	2.600191	1.553691
16656	-2631.598	-3254.908	623.3106	0.329119	0.261774	0.0785523	0.330555	1.352589	1.653503	2.947515	1.745749
16662	-2626.633	-3250.4	623.7669	0.362431	0.128914	0.166099	0.342556	1.233539	1.474038	2.766486	1.912487
16668	-2623.681	-3247.609	623.928	0.566882	0.0505237	0.141752	0.240842	1.136946	1.66557	2.474106	2.198718
16674	-2629.624	-3253.027	623.4031	0.57673	0.00596993	0.172274	0.245026	0.982666	1.685118	2.805682	2.369583
16680	-2624.924	-3248.972	624.0481	0.512512	0.0215808	0.0690264	0.396881	1.739548	1.640118	2.402799	1.542016
16686	-2624.265	-3247.214	622.9488	0.403139	0.15245	0.0963208	0.34809	1.739548	1.782004	2.995148	1.53398
16692	-2625.742	-3247.826	622.0837	0.402754	0.148102	0.244707	0.204437	1.35067	1.810071	3.682626	1.53398
16698	-2625.603	-3247.65	622.0468	0.372724	0.211621	0.226461	0.189194	1.882497	1.858504	3.682626	1.038655
16704	-2630.266	-3253.567	623.3011	0.339575	0.1928	0.233352	0.234274	1.525525	1.88955	3.032367	1.153224
16710	-2615.652	-3238.287	622.6357	0.414399	0.193273	0.15748	0.234848	1.525525	1.752047	2.952097	2.303359
16716	-2637.221	-3259.349	622.1275	0.510687	0.21291	0.0962522	0.180151	1.586078	1.598954	3.826045	1.214342
16722	-2674.136	-3297.22	623.0841	0.466145	0.0796245	0.0199936	0.434237	1.976043	1.528391	2.79155	1.866079
16728	-2642.914	-3265.878	622.9638	0.372995	0.263542	0.0159983	0.347464	2.067805	1.571619	3.141993	1.196107
16734	-2643.2	-3265.191	621.9903	0.332023	0.294204	0.225917	0.147855	1.298785	1.499019	4.324743	0.8262095
16740	-2628.642	-3249.742	621.0996	0.438091	0.174506	0.207951	0.179452	1.583187	1.443272	4.506515	1.202404
16746	-2634.672	-3253.283	618.611	0.465007	0.088297	0.172935	0.273761	1.46485	1.332104	5.913665	1.374997
16752	-2637.685	-3257.42	619.7341	0.402414	0.276983	0.111415	0.209188	1.347158	1.405607	4.98075	2.12154
16758	-2649.004	-3271.834	622.8302	0.453636	0.312239	0.125597	0.108528	1.347158	1.4665	3.699859	1.065176
16764	-2636.002	-3257.251	621.2491	0.286261	0.28283	0.170873	0.260036	1.326008	1.4665	4.299116	1.680242
16770	-2648.539	-3268.173	619.6336	0.313922	0.265926	0.0894771	0.330675	1.724997	1.390674	4.768777	2.366594
16776	-2646.961	-3267.961	621.0001	0.367199	0.121286	0.361777	0.149738	1.619572	1.667494	4.056474	1.959071
16782	-2671.14	-3297.05	625.9109	0.335573	0.221109	0.222797	0.220521	1.068809	1.80067	2.250202	0.2265994
16788	-2657.613	-3283.738	626.1255	0.45236	0.106876	0.365003	0.0757618	1.048323	1.8668	2.082193	0.269842
16794	-2645.14	-3267.895	622.7549	0.406801	0.0702969	0.442657	0.0802448	0.8899453	1.344823	3.900371	1.375042
16800	-2639.37	-3262.24	622.8703	0.558862	0.078425	0.252473	0.11024	1.448823	1.394438	3.905356	0.6621591
16806	-2640.419	-3262.017	621.5977	0.367037	0.174854	0.111493	0.346617	1.728139	1.569835	4.043021	1.282147
16812	-2648.687	-3275.264	626.5777	0.199133	0.396613	0.301734	0.102519	0.6032004	1.79488	2.000859	0.5339168
16818	-2646.414	-3273.115	626.7009	0.17393	0.346416	0.340924	0.138731	0.4751157	1.813514	2.089242	0.3784976
16824	-2635.672	-3259.568	623.8952	0.229298	0.522892	0.166361	0.0814488	0.6339625	1.66799	3.631509	0.6409163
16830	-2612.532	-3233.76	621.2283	0.170759	0.538268	0.155596	0.135377	0.6810977	1.470566	4.892192	1.225037
16836	-2643.612	-3264.095	620.4835	0.324209	0.368048	0.073875	0.233868	1.510267	1.601241	4.990023	0.8544921
16842	-2643.147	-3262.882	619.7352	0.408228	0.288384	0.120141	0.183247	1.663575	1.511376	4.990023	1.61307
16848	-2636.829	-3258.716	621.8868	0.281389	0.252241	0.188259	0.278111	1.675227	1.528395	3.897733	1.336165
16854	-2627.271	-3249.888	622.6176	0.56091	0.159559	0.119087	0.160444	1.084215	1.378453	3.690278	1.695322
16860	-2642.016	-3262.45	620.4338	0.479074	0.153934	0.159832	0.207161	1.34919	1.368068	4.581931	2.191133
16866	-2641.542	-3261.746	620.204	0.397315	0.127663	0.297728	0.177294	1.406184	1.369011	4.581931	2.447328
16872	-2632.595	-3253.163	620.5681	0.42139	0.127226	0.245874	0.20551	1.371912	1.516362	4.604353	1.739089
16878	-2664.417	-3286.089	621.6711	0.343055	0.180634	0.309005	0.167306	1.620813	1.440817	4.346496	0.8817794
16884	-2653.347	-3275.492	622.1451	0.350027	0.263088	0.294223	0.0926618	0.785626	1.48998	4.814658	0.2607443
16890	-2655.908	-3278.87	622.9623	0.324567	0.243951	0.37792	0.053562	0.7595438	1.604137	4.001835	0.8501523
16896	-2640.958	-3264.709	623.751	0.400433	0.0996497	0.376625	0.123292	0.7999153	1.553845	3.747781	0.5277636
16902	-2632.183	-3254.741	622.5583	0.507821	0.0180642	0.315755	0.158359	1.845414	1.491541	3.714177	0.8704529
16908	-2622.253	-3241.682	619.4297	0.406603	0.0279958	0.319976	0.245425	1.601945	1.500939	4.835427	2.477976
16914	-2615.339	-3235.172	619.8334	0.484835	0.034802	0.187718	0.292645	1.601945	1.700252	4.589062	2.241554
16920	-2636.851	-3258.126	621.2755	0.462999	0.117803	0.139733	0.279465	1.61002	1.543866	4.34146	1.195813
16926	-2659.65	-3279.195	619.5445	0.441109	0.183301	0.168627	0.206963	1.466809	1.405259	5.471976	1.156016
16932	-2655.481	-3275.828	620.3472	0.518389	0.0411555	0.19775	0.242706	1.391876	1.393018	4.224213	3.220213
16938	-2620.539	-3241.844	621.3058	0.524295	0.0416244	0.200003	0.234078	1.651802	1.395549	3.979369	2.058613
16944	-2627.331	-3251.057	623.7257	0.442587	0.0397603	0.320055	0.197598	1.090019	1.53284	3.051452	1.480552
16950	-2635.53	-3257.688	622.1584	0.422639	0.0666541	0.417977	0.0927296	1.547933	1.70755	3.924764	0.9293594
16956	-2634.377	-3256.581	622.204	0.308313	0.260388	0.328509	0.10279	1.682185	1.462378	4.239055	0.4835501
16962	-2637.065	-3257.767	620.7015	0.413417	0.333516	0.121408	0.131658	1.461133	1.528763	4.777887	1.131993
16968	-2652.478	-3275.586	623.1082	0.300705	0.287315	0.33521	0.0767696	0.9596907	1.475262	4.000318	0.6398915
16974	-2652.654	-3276.128	623.4745	0.373774	0.114139	0.416663	0.0954239	1.822265	1.710121	3.252145	0.560812
16980	-2635.75	-3257.387	621.6369	0.465173	0.10227	0.316847	0.115711	1.742255	1.663767	3.861202	1.475682
16986	-2636.678	-3259.21	622.5317	0.41764	0.06662	0.28447	0.23127	2.048406	1.619417	3.616136	0.7872995
16992	-2633.286	-3255.268	621.9823	0.340854	0.0770604	0.393336	0.188749	0.8376087	1.766194	3.863662	1.943602
16998	-2637.361	-3258.595	621.2346	0.482623	0.0908735	0.203922	0.222582	1.786798	1.517228	4.256761	1.274207
17004	-2644.702	-3267.138	622.4365	0.519706	0.188517	0.0301908	0.261586	1.573039	1.395245	3.66606	1.41508
17010	-2636.151	-3258.71	622.5584	0.459492	0.187087	0.0365694	0.316852	1.573039	1.549683	3.775373	0.9259952
17016	-2640.673	-3259.58	618.9071	0.410785	0.196146	0.106337	0.286732	1.628462	1.48502	5.025927	2.745941
17022	-2643.491	-3265.459	621.9688	0.503419	0.14239	0.130316	0.223874	1.418212	1.446379	3.588599	2.286318
17028	-2641.846	-3264.019	622.173	0.280837	0.256862	0.129131	0.333171	1.457062	1.521588	4.239849	0.6395677
17034	-2644.752	-3269.587	624.835	0.373262	0.101234	0.124175	0.401328	1.804203	1.860886	2.28521	0.6408729
17040	-2624.266	-3246.197	621.9311	0.54121	0.0609428	0.180047	0.2178	1.965657	1.672954	3.110348	2.547142
17046	-2619.456	-3241.859	622.403	0.405337	0.141285	0.16262	0.290758	1.934987	1.539481	3.284358	1.712701
17052	-2615.328	-3239.275	623.9471	0.419728	0.137866	0.158685	0.283722	1.52354	1.597219	2.831356	1.133883
17058	-2639.782	-3263.741	623.9594	0.489148	0.160668	0.18493	0.165253	1.18393	1.621077	2.831356	1.426883
17064	-2641.915	-3264.556	622.6409	0.438385	0.17438	0.239132	0.148103	1.519774	1.521297	3.389926	1.635516
17070	-2648.807	-3270.405	621.5981	0.479304	0.150004	0.243292	0.127401	1.242146	1.315921	3.751675	2.864848
17076	-2666.777	-3288.327	621.5493	0.427185	0.136465	0.151998	0.284352	1.646823	1.525373	4.070086	1.405895
17082	-2658.807	-3280.271	621.4635	0.482465	0.0746487	0.154275	0.288612	1.372706	1.498205	4.122319	1.708831
17088	-2664.675	-3284.966	620.2907	0.374069	0.114469	0.119614	0.391848	1.578061	1.206854	5.031465	1.321095
17094	-2657.523	-3278.325	620.8024	0.331108	0.269268	0.0806498	0.318974	2.280834	1.52673	4.414098	1.039749
17100	-2650.261	-3269.442	619.1804	0.437659	0.0666443	0.115927	0.37977	2.767015	1.44149	5.149439	1.109674
17106	-2645.126	-3265.247	620.1211	0.315463	0.376078	0.0347229	0.273736	1.417058	1.331813	5.394796	0.836704
17112	-2636.476	-3257.107	620.6315	0.287027	0.362618	0.0447241	0.30563	1.581345	1.468691	4.712146	1.28571
17118	-2639.651	-3262	622.3491	0.207913	0.324343	0.0597094	0.408035	1.53167	1.544283	3.800907	1.133214
17124	-2628.957	-3251.446	622.4896	0.514418	0.15345	0.0938458	0.238287	1.658557	1.725076	3.553393	1.133214
17130	-2640.974	-3263.209	622.2357	0.301743	0.343847	0.0399327	0.314477	1.97643	1.657788	3.704424	0.9411188
17136	-2660.11	-3280.554	620.4436	0.442528	0.276543	0.0585643	0.222365	1.371235	1.476659	4.887774	1.338104
17142	-2637.435	-3260.142	622.7076	0.409302	0.252739	0.0779848	0.259974	1.371235	1.605589	3.651262	1.112192
17148	-2634.424	-3258.008	623.5843	0.335367	0.305339	0.0732734	0.28602	1.319513	1.481028	3.227339	1.131922
17154	-2641.902	-3265.689	623.7861	0.376976	0.182484	0.103638	0.336901	1.759766	1.637527	2.791132	1.124737
17160	-2635.919	-3257.784	621.8653	0.539487	0.102244	0.1119	0.246369	1.05283	1.601454	3.35904	3.383705
17166	-2633.314	-3256.147	622.8333	0.460017	0.0777424	0.187508	0.274733	1.952085	1.635615	2.963879	1.711221
17172	-2650.113	-3272.292	622.179	0.488433	0.206317	0.0858458	0.219404	1.580031	1.503975	3.698701	1.514187
17178	-2633.566	-3254.91	621.344	0.452034	0.190942	0.0615717	0.295452	1.290026	1.370011	4.616346	1.088765
17184	-2629.102	-3248.152	619.05	0.454857	0.18589	0.0619562	0.297297	1.794046	1.592501	4.021733	5.556577
17190	-2643.062	-3263.846	620.7842	0.443461	0.181233	0.0588579	0.316448	1.608074	1.590297	3.936693	2.696814
17196	-2644.543	-3266.489	621.9457	0.340902	0.186057	0.149185	0.323856	1.608074	1.550672	4.011835	1.096645
17202	-2621.118	-3241.716	620.5981	0.503322	0.145122	0.0346315	0.316925	1.760984	1.633902	3.97703	2.614164
17208	-2646.382	-3268.418	622.0362	0.405352	0.15417	0.124143	0.316335	1.54699	1.68427	3.983206	0.9729262
17214	-2656.749	-3277.408	620.6586	0.339573	0.21989	0.175535	0.265002	1.775135	1.739004	4.440229	1.316543
17220	-2638.545	-3261.931	623.3859	0.289462	0.224526	0.320694	0.165318	1.462261	1.963934	3.022944	1.061661
17226	-2643.666	-3266.717	623.0505	0.221764	0.291703	0.25577	0.230763	1.142983	1.911842	3.022944	1.835311
17232	-2640.6	-3263.682	623.0823	0.267666	0.26177	0.183504	0.28706	1.749389	1.850292	3.241945	0.8721931
17238	-2652.332	-3277.576	625.2432	0.381185	0.345229	0.0886516	0.184934	1.067453	1.803301	2.34884	0.8295878
17244	-2634.338	-3257.709	623.3709	0.530747	0.0767076	0.104819	0.287727	1.561063	1.757975	2.793379	1.63271
17250	-2619.218	-3241.788	622.5697	0.566944	0.0126233	0.200238	0.220195	1.941819	1.774436	3.263718	1.282244
17256	-2628.944	-3250.108	621.1636	0.396961	0.00701902	0.441844	0.154176	1.957178	1.760484	3.992147	1.45278
17262	-2635.919	-3255.067	619.1481	0.390829	0.10664	0.287134	0.215398	2.170739	1.602953	4.89404	1.96279
17268	-2627.195	-3247.348	620.153	0.423015	0.112744	0.231105	0.233136	1.391778	1.469608	4.008188	4.160813
17274	-2644.804	-3266.688	621.8837	0.457897	0.0166659	0.231817	0.29362	1.093529	1.475082	3.577931	2.859812
17280	-2634.79	-3257.038	622.2481	0.503464	0.0112774	0.255076	0.230183	1.512019	1.632872	3.022422	2.920412
17286	-2635.39	-3257.829	622.4388	0.488284	0.0215692	0.266904	0.223243	1.273283	1.584708	3.094521	2.837992
17292	-2632.845	-3254.296	621.4514	0.314781	0.15421	0.405966	0.125043	1.267374	1.699815	3.32554	3.693473
17298	-2649.713	-3272.096	622.3824	0.571256	0.0477458	0.257784	0.123214	1.523149	1.787825	3.178802	2.07995
17304	-2633.937	-3254.996	621.0588	0.361651	0.193836	0.247362	0.197151	1.468868	1.668224	3.178802	4.703484
17310	-2655.189	-3277.398	622.209	0.474386	0.0941757	0.315246	0.116193	1.008936	1.522716	3.009474	4.085474
17316	-2661.544	-3281.523	619.9788	0.575762	0.0250454	0.214734	0.184458	1.258294	1.538331	3.616703	6.303324
17322	-2673.661	-3292.573	618.9114	0.65782	0.0257977	0.195411	0.120971	1.777711	1.521258	3.957595	6.429669
17328	-2652.931	-3272.016	619.085	0.522889	0.0359705	0.272467	0.168674	1.777711	1.577675	4.143787	5.025849
17334	-2651.626	-3270.527	618.9003	0.608632	0.0556823	0.201867	0.133819	1.558315	1.706461	3.798334	7.239416
17340	-2655.11	-3273.198	618.0882	0.36808	0.237468	0.0904539	0.303999	1.942187	1.528125	4.3822	6.268953
17346	-2655.317	-3276.266	620.9494	0.35337	0.270674	0.0441478	0.331808	1.234857	1.71192	3.478034	4.207833
17352	-2650.528	-3269.683	619.1545	0.516975	0.209936	0.0157379	0.257351	1.32208	1.855573	3.613185	7.61625
17358	-2651.357	-3270.288	618.9303	0.553658	0.153876	0.0168546	0.275612	1.577784	1.662475	3.66666	7.932472
17364	-2661.12	-3281.961	620.8411	0.465493	0.336059	0.0370609	0.161386	1.730399	1.662475	3.66666	3.08791
17370	-2640.903	-3261.768	620.865	0.562506	0.0480573	0.0518983	0.337539	2.092798	1.596594	3.890295	2.129843
17376	-2656.136	-3278.236	622.1002	0.511351	0.203646	0.0183232	0.26668	1.529114	1.744138	2.822772	3.535781
17382	-2649.409	-3271.364	621.955	0.453437	0.203695	0.0761252	0.266743	1.699197	1.554016	3.145998	2.934046
17388	-2682.138	-3305.404	623.2656	0.530523	0.0928818	0.0343049	0.34229	1.611927	1.720429	2.385006	2.677218
17394	-2689.381	-3313.791	624.4103	0.556117	0.0916301	0.144896	0.207357	1.542351	1.754344	2.273579	1.415392
17400	-2674.767	-3295.741	620.9745	0.600562	0.239545	0.0308331	0.129059	1.324814	1.68545	2.911404	6.275848
17406	-2657.392	-3279.828	622.4363	0.395497	0.333393	0.0341492	0.236961	1.417326	1.541705	3.310169	2.165193
17412	-2640.097	-3263.108	623.011	0.519154	0.234837	0.12237	0.123639	1.697722	1.835218	2.829716	1.766968
17418	-2621.558	-3245.528	623.9698	0.319452	0.215186	0.307655	0.157708	1.22461	1.764558	2.859907	1.165898
17424	-2641.247	-3264.377	623.1301	0.364374	0.255541	0.180512	0.199573	1.566243	1.834606	3.113283	1.212037
17430	-2634.041	-3255.867	621.8258	0.313908	0.446716	0.0300967	0.209279	1.981684	1.720021	3.876184	0.9862002
17436	-2643.353	-3265.186	621.8337	0.325357	0.319421	0.0504786	0.304743	2.136417	1.563362	3.77108	1.209305
17442	-2669.317	-3288.03	618.7126	0.694816	0.00913807	0.0702977	0.225748	2.427342	1.642632	4.322926	3.983289
17448	-2656.595	-3276.638	620.0435	0.590911	0.00399783	0.304663	0.100428	2.02904	1.573919	3.713382	4.160235
17454	-2643.609	-3263.582	619.9729	0.482133	0.0796088	0.17891	0.259349	1.437892	1.622835	3.12649	8.055176
17460	-2651.976	-3270.386	618.41	0.547203	0.0863307	0.0174769	0.34899	1.951039	1.65508	4.561483	4.411665
17466	-2640.261	-3261.927	621.6656	0.551929	0.153232	0.0410137	0.253826	1.615498	1.715501	4.018254	1.198732
17472	-2624.625	-3246.759	622.134	0.459862	0.130071	0.138791	0.271276	1.322318	1.641122	4.036817	1.022056
17478	-2645.949	-3267.273	621.3241	0.360533	0.374284	0.0525019	0.212681	2.339136	1.761476	3.597131	1.748507
17484	-2630.828	-3251.511	620.6828	0.350869	0.36425	0.0510944	0.233787	2.621817	1.65582	3.521714	2.7137
17490	-2654.316	-3277.742	623.4263	0.381309	0.247686	0.0642705	0.306734	1.41685	1.757741	2.44472	2.485694
17496	-2638.168	-3259.675	621.5069	0.469302	0.0746987	0.0784829	0.377517	1.727868	1.656166	2.94273	4.153465
17502	-2627.255	-3249.441	622.1857	0.46006	0.0623273	0.0654847	0.412128	2.08918	1.614804	3.073427	2.215854
17508	-2638.477	-3260.405	621.9285	0.420958	0.0562684	0.150709	0.372064	2.174999	1.856702	2.698087	3.105497
17514	-2636.406	-3259.467	623.0614	0.39551	0.0445373	0.297664	0.262288	1.600963	1.588376	2.801318	2.194528
17520	-2636.175	-3258.878	622.7028	0.422945	0.0476267	0.36858	0.160848	1.600963	1.700182	2.803319	2.549626
17526	-2645.26	-3267.999	622.7385	0.51777	0.0583047	0.150072	0.273853	1.607113	1.717043	3.238052	1.506076
17532	-2630.202	-3253.568	623.366	0.305049	0.303515	0.138571	0.252865	1.344257	1.56774	3.40442	0.938379
17538	-2637.444	-3259.771	622.3267	0.390709	0.0612228	0.359715	0.188353	1.552429	1.446526	4.032668	0.8325294
17544	-2637.43	-3258.967	621.5366	0.369724	0.100341	0.212865	0.31707	1.293839	1.553965	4.399983	1.09359
17550	-2650.95	-3272.125	621.1752	0.401716	0.109024	0.231284	0.257977	1.504253	1.398183	4.352461	1.548674
17556	-2636.099	-3257.981	621.8816	0.487237	0.214642	0.0961121	0.202008	1.558383	1.507549	4.066719	1.15149
17562	-2648.257	-3269.786	621.5294	0.543273	0.121882	0.109604	0.225241	1.50946	1.427087	4.336724	1.150089
17568	-2658.737	-3281.781	623.0438	0.376428	0.212359	0.163274	0.247939	1.482075	1.756388	3.505607	0.7823692
17574	-2630.664	-3254.156	623.4916	0.385141	0.197549	0.167053	0.250258	1.482075	1.763566	3.207857	0.831777
17580	-2632.781	-3256.319	623.5379	0.305394	0.267946	0.0885899	0.33807	1.417647	1.73596	3.306083	0.709545
17586	-2651.115	-3273.493	622.3781	0.300575	0.16329	0.203399	0.332735	1.293751	1.603435	3.735171	1.388546
17592	-2641.524	-3262.6	621.0762	0.582226	0.158333	0.0511377	0.208303	1.625279	1.809941	3.735171	2.42948
17598	-2663.606	-3286.551	622.9448	0.544201	0.11248	0.0259599	0.317359	1.440699	1.680287	2.667509	2.762996
17604	-2681.796	-3306.146	624.3492	0.427925	0.124899	0.309982	0.137194	0.7409831	1.625618	3.084185	1.033405
17610	-2664.111	-3284.87	620.7595	0.325568	0.241858	0.238413	0.194161	0.7409831	1.577677	5.118874	1.109865
17616	-2643.115	-3263.521	620.4053	0.262449	0.388842	0.192191	0.156518	0.5495084	1.653624	4.97745	1.967763
17622	-2644.411	-3266.846	622.4355	0.253502	0.375586	0.185639	0.185273	1.117812	1.716334	3.406084	2.08266
17628	-2635.745	-3257.665	621.9206	0.511374	0.233551	0.139867	0.115208	1.708269	1.810633	3.052564	2.815285
17634	-2614.248	-3236.584	622.3359	0.505205	0.230734	0.125449	0.138611	1.748795	1.738628	3.404234	1.485929
17640	-2625.359	-3247.423	622.0643	0.32648	0.392211	0.174074	0.107234	1.538005	1.864263	3.593483	1.481407
17646	-2640.763	-3261.387	620.6243	0.358363	0.335455	0.101061	0.205122	1.570767	1.604989	4.314522	1.991975
17652	-2637.289	-3259.111	621.8216	0.517779	0.172717	0.146185	0.163319	1.264954	1.678203	2.920406	4.362287
17658	-2657.988	-3279.513	621.525	0.512507	0.218872	0.101471	0.167151	1.530183	1.593761	3.782365	2.096592
17664	-2658.91	-3278.999	620.0894	0.293161	0.23367	0.108331	0.364837	2.014722	1.5168	4.861293	1.160829
17670	-2649.275	-3270.285	621.01	0.324862	0.203644	0.202835	0.268659	1.845554	1.452477	3.886458	2.404597
17676	-2650.004	-3271.955	621.9507	0.455537	0.0935439	0.171472	0.279447	1.407422	1.561277	3.886458	1.507426
17682	-2652.996	-3275.158	622.1616	0.530486	0.263405	0.000484523	0.205625	1.363575	1.604593	3.829151	1.37606
17688	-2655.002	-3275.999	620.9972	0.41736	0.17487	0.00208044	0.40569	1.845223	1.469534	4.397625	1.263202
17694	-2695.372	-3315.825	620.4532	0.530742	0.172397	0.00151458	0.295347	1.894382	1.57949	4.12282	2.37249
17700	-2644.575	-3266.747	622.1723	0.557233	0.099932	0.120092	0.222743	1.516859	1.560527	3.119817	2.889054
17706	-2641.652	-3264.332	622.6808	0.332023	0.162186	0.299971	0.20582	1.267112	1.615254	4.083977	0.4879032
17712	-2625.684	-3249.398	623.7138	0.485415	0.0719706	0.33	0.112615	1.267112	1.680825	2.441619	2.38174
17718	-2622.157	-3244.566	622.4098	0.341136	0.111724	0.27994	0.2672	1.338871	1.717372	3.624936	1.39275
17724	-2625.428	-3247.357	621.9287	0.365187	0.27151	0.0772646	0.286039	1.785815	1.605437	3.686347	1.516265
17730	-2626.97	-3246.635	619.6643	0.38516	0.297671	0.0814905	0.235678	1.372815	1.591854	5.08319	1.700605
17736	-2618.633	-3242.163	623.5302	0.430471	0.163408	0.152811	0.25331	1.530293	1.617681	3.137776	1.011987
17742	-2618.554	-3242.526	623.9713	0.399488	0.248296	0.117137	0.235078	1.810656	1.749678	2.927132	0.5776979
17748	-2631.19	-3254.525	623.3345	0.492083	0.229846	0.167489	0.110582	1.743746	1.749678	3.34906	0.5592821
17754	-2623.275	-3248.328	625.053	0.524416	0.14492	0.105603	0.225061	1.111545	1.513759	2.931761	0.215725
17760	-2623.129	-3248.143	625.0138	0.421684	0.127937	0.337045	0.113333	1.107657	1.51276	2.950171	0.3216315
17766	-2656.609	-3281.004	624.3951	0.324937	0.175345	0.342469	0.15725	0.9162595	1.601055	3.378566	0.3216315
17772	-2651.195	-3274.373	623.1775	0.316591	0.146427	0.152776	0.384206	1.716998	1.823547	2.315738	2.689055
17778	-2657.957	-3280.539	622.5815	0.345541	0.0812991	0.363663	0.209498	1.664588	1.79831	3.047793	1.9354
17784	-2626.829	-3249.223	622.3948	0.331023	0.253045	0.180688	0.235244	1.390354	1.634017	3.087923	2.678458
17790	-2642.8	-3264.062	621.2623	0.429726	0.0851889	0.191151	0.293934	1.575008	1.661745	3.582885	2.84277
17796	-2636.927	-3259.917	622.9903	0.239222	0.364188	0.129659	0.266931	1.575008	1.683349	2.874506	2.026635
17802	-2642.428	-3265.389	622.961	0.415113	0.333696	0.0630519	0.188139	1.461426	1.586813	3.25762	1.505011
17808	-2667.192	-3290.735	623.5435	0.413761	0.217516	0.0628466	0.305876	1.60194	1.807857	2.426446	2.062039
17814	-2635.694	-3257.173	621.4793	0.334622	0.353929	0.195565	0.115885	0.4981714	1.611066	4.887441	1.025295
17820	-2641.182	-3262.998	621.8165	0.354553	0.290345	0.254058	0.101044	0.7872115	1.4206	4.576746	1.13433
17826	-2658.539	-3281.946	623.4064	0.163668	0.499558	0.215521	0.121253	0.4757192	1.506708	3.785536	1.177306
17832	-2648.104	-3272.061	623.9572	0.165928	0.468872	0.202282	0.162918	0.5958033	1.680366	3.098558	1.540611
17838	-2642.862	-3268.463	625.6013	0.234875	0.430114	0.185561	0.149451	0.6079663	1.559128	2.767972	0.5313902
17844	-2639.473	-3260.641	621.1676	0.522643	0.0617053	0.217531	0.198121	1.130448	1.652809	4.183511	2.041955
17850	-2627.375	-3249.931	622.5561	0.410605	0.0753745	0.27201	0.24201	1.130448	1.620658	3.401942	2.041955
17856	-2618.405	-3239.246	620.8407	0.39087	0.0717518	0.258936	0.278442	1.344027	1.587406	3.268057	5.300567
17862	-2628.195	-3249.806	621.6108	0.392518	0.113289	0.197862	0.29633	1.284051	1.584856	4.077481	1.618086
17868	-2623.549	-3246.074	622.5241	0.387643	0.0178992	0.254399	0.340059	1.577986	1.645555	3.911601	0.6367808
17874	-2637.947	-3259.119	621.1725	0.560709	0.0258905	0.0628878	0.350513	2.966576	1.645555	3.258745	2.341411
17880	-2607.592	-3230.521	622.9282	0.420262	0.0702286	0.186289	0.323221	1.342999	1.642047	2.9789	2.208844
17886	-2636.171	-3258.957	622.7858	0.518445	0.074194	0.135955	0.271406	1.645635	1.639168	3.4967	1.028438
17892	-2669.472	-3292.118	622.646	0.420461	0.206952	0.166217	0.20637	1.701298	1.539716	2.962216	2.35895
17898	-2646.124	-3269.628	623.5034	0.443764	0.115019	0.223409	0.217808	1.43247	1.670664	2.642325	2.030057
17904	-2670.067	-3294.373	624.3059	0.587589	0.0440017	0.186543	0.181866	0.8289865	1.596209	2.958184	1.231387
17910	-2661.257	-3285.952	624.6955	0.520078	0.11709	0.142649	0.220183	1.011921	1.628127	2.998817	0.5658257
17916	-2644.553	-3268.746	624.1936	0.310326	0.441378	0.0813538	0.166943	1.262111	1.752319	2.338916	1.855273
17922	-2646.271	-3271.394	625.1233	0.256548	0.358675	0.0672555	0.317522	1.251568	1.85302	2.35852	0.7147176
17928	-2646.618	-3271.698	625.0793	0.401205	0.301116	0.0146099	0.283069	1.420537	1.767421	2.432052	0.5822922
17934	-2624.696	-3249.153	624.4562	0.278564	0.457745	0.0274738	0.236217	1.285659	1.706877	2.565007	1.161328
17940	-2634.045	-3258.832	624.7871	0.253537	0.422161	0.0279965	0.296306	1.196203	1.866719	2.079394	1.554392
17946	-2651.253	-3275.427	624.174	0.301225	0.384506	0.0443922	0.269877	1.013317	1.591129	2.53289	2.001192
17952	-2652.528	-3276.974	624.4455	0.322993	0.33807	0.0478767	0.29106	0.9890019	1.558805	2.953468	0.9657879
17958	-2651.682	-3274.618	622.9365	0.358125	0.265099	0.0454864	0.331289	1.516911	1.698063	3.508527	0.9080673
17964	-2643.99	-3265.069	621.0785	0.412146	0.194145	0.0463713	0.347338	1.784016	1.519897	4.550082	0.9005704
17970	-2648.457	-3267.498	619.0412	0.497293	0.0841549	0.148136	0.270416	1.450861	1.445925	4.889878	3.248212
17976	-2642.965	-3264.662	621.6975	0.494589	0.0417438	0.194722	0.268945	1.524432	1.622638	4.015127	1.354247
17982	-2629.738	-3251.005	621.2669	0.392884	0.0669885	0.249783	0.290345	1.913728	1.691459	4.183739	1.087697
17988	-2634.669	-3256.839	622.1696	0.446333	0.06142	0.283764	0.208483	1.277621	1.636608	3.919011	1.246312
17994	-2646.021	-3268.193	622.1729	0.427645	0.0365171	0.259029	0.276809	1.573816	1.719352	3.481989	1.716863
18000	-2651.348	-3270.82	619.4725	0.480597	0.0527903	0.156881	0.309731	1.421584	1.5647	5.092889	1.900144
18006	-2651.122	-3271.518	620.3959	0.412377	0.187246	0.134612	0.265765	1.317964	1.362217	4.487222	2.541476
18012	-2655.257	-3277.851	622.5935	0.453737	0.0813359	0.156315	0.308612	1.448945	1.628835	3.613329	1.203742
18018	-2639.55	-3260.062	620.5116	0.682385	0.0118397	0.0882933	0.217482	1.924175	1.64543	3.374147	4.41526
18024	-2637.373	-3257.915	620.5418	0.30372	0.309877	0.22647	0.159933	0.7693645	1.451768	5.315628	1.066683
18030	-2624.098	-3248.236	624.138	0.324395	0.33097	0.243301	0.101334	0.6632593	1.483615	3.232706	1.225943
18036	-2646.475	-3270.24	623.765	0.341873	0.248176	0.308472	0.10148	0.5571043	1.594017	3.232706	1.651467
18042	-2620.916	-3245.653	624.7377	0.420962	0.264947	0.267244	0.0468464	0.5212704	1.582439	2.676026	1.651467
18048	-2621.717	-3244.345	622.628	0.363005	0.228469	0.283051	0.125474	0.7660133	1.418293	4.543339	0.4191861
18054	-2629.475	-3252.994	623.519	0.435197	0.123063	0.252065	0.189675	1.201999	1.642545	3.122218	1.335079
18060	-2651.251	-3270.313	619.0615	0.287564	0.361589	0.193567	0.157281	0.4514352	1.364272	6.260275	1.245512
18066	-2669.611	-3290.342	620.7313	0.209527	0.418556	0.224063	0.147854	0.4514352	1.41581	5.235399	1.41028
18072	-2632.786	-3255.711	622.9258	0.225906	0.398252	0.245293	0.130549	0.5925433	1.515224	4.04044	1.082463
18078	-2633.785	-3258.172	624.387	0.237655	0.295527	0.304669	0.162149	0.3951047	1.590909	2.620763	2.385355
18084	-2633.083	-3253.224	620.1404	0.479291	0.0198013	0.294609	0.206299	1.098037	1.278393	4.558665	3.224046
18090	-2637.372	-3258.319	620.9467	0.507536	0.0395598	0.244044	0.208861	1.328232	1.380675	4.422025	1.892177
18096	-2637.923	-3259.117	621.1941	0.549227	0.0134217	0.309331	0.12802	1.168357	1.496607	4.300815	1.892177
18102	-2623.4	-3246.603	623.2029	0.538617	0.0024703	0.325683	0.133229	1.289591	1.647043	2.981279	1.892177
18108	-2606.646	-3230.354	623.7084	0.466429	0.00213922	0.332361	0.199071	1.292602	1.689593	2.882868	1.422531
18114	-2597.961	-3220.963	623.0021	0.493473	0.000488022	0.277084	0.228955	1.395188	1.602027	3.167224	1.689431
18120	-2620.899	-3242.012	621.1131	0.403575	0.000942438	0.424935	0.170547	1.292949	1.587668	3.11943	5.359742
18126	-2655.019	-3277.469	622.4498	0.504475	0.00129273	0.375342	0.11889	1.112806	1.584684	3.073408	3.131259
18132	-2625.585	-3247.878	622.2935	0.533893	0.00143424	0.197199	0.267473	1.335272	1.524347	3.289082	2.557002
18138	-2625.011	-3247.953	622.9415	0.544795	0.00156573	0.313037	0.140602	0.9944387	1.625322	2.776023	3.265258
18144	-2618.572	-3242.125	623.5526	0.480132	0.00099819	0.273441	0.245429	1.212499	1.49343	2.860063	1.992326
18150	-2628.969	-3250.63	621.6609	0.511778	0.00207004	0.256199	0.229953	1.493097	1.638014	3.219234	3.380674
18156	-2624.436	-3246.594	622.1586	0.592876	0.00278747	0.245459	0.158877	1.443858	1.706039	2.843701	3.571003
18162	-2632.662	-3255.202	622.54	0.433674	0.00203896	0.448072	0.116215	1.238426	1.741029	3.095482	2.485085
18168	-2650.99	-3271.983	620.9925	0.491355	0.0010366	0.26609	0.241518	1.601096	1.555116	3.654467	3.23161
18174	-2630.174	-3250.17	619.9959	0.491355	0.0010366	0.26609	0.241518	1.601096	1.515948	4.270439	3.161435
18180	-2623.484	-3241.962	618.478	0.515934	0.00121913	0.198802	0.284045	1.714579	1.466899	4.666757	4.667551
18186	-2616.648	-3237.882	621.2344	0.555969	0.00123604	0.255959	0.186836	1.617872	1.40013	4.267194	1.540833
18192	-2619.597	-3239.612	620.0143	0.50569	0.000682904	0.243546	0.250081	1.617872	1.595695	4.45308	2.462556
18198	-2623.207	-3243.437	620.2305	0.382008	0.00146478	0.344397	0.27213	1.860258	1.441317	4.45308	2.095814
18204	-2641.635	-3263.499	621.8644	0.454986	0.00102477	0.22602	0.317969	1.465071	1.641112	3.591486	2.095814
18210	-2639.413	-3261.143	621.7296	0.482643	0.000812467	0.296311	0.220234	1.465071	1.703468	3.825111	1.668018
18216	-2626.673	-3247.461	620.7883	0.599897	0.000426523	0.125939	0.273738	1.684526	1.566784	3.553013	3.77861
18222	-2624.703	-3246.208	621.5054	0.693991	0.000359293	0.0817905	0.223859	1.972211	1.588836	3.477459	2.371763
18228	-2642.299	-3264.538	622.2391	0.558964	0.000620181	0.278374	0.162041	1.168126	1.5193	3.7501	1.761146
18234	-2640.743	-3262.974	622.2306	0.630456	0.00111309	0.14194	0.226491	1.168126	1.568704	3.863967	1.474846
18240	-2630.18	-3252.26	622.0799	0.603268	0.00197592	0.232623	0.162133	1.469094	1.657484	3.74287	1.472728
18246	-2649.079	-3272.094	623.0148	0.604096	0.00259037	0.232942	0.160372	1.406373	1.896011	3.005978	1.63311
18252	-2650.937	-3273.267	622.3304	0.487501	0.00421708	0.187983	0.320299	1.225268	1.815739	3.223861	2.383015
18258	-2643.012	-3264.825	621.8132	0.470148	0.0132541	0.2077	0.308897	1.553794	1.782755	3.04427	3.28288
18264	-2664.064	-3284.404	620.3395	0.501039	0.152802	0.113443	0.232717	1.199002	1.551465	4.072328	3.756518
18270	-2652.263	-3272.738	620.4744	0.521903	0.0669269	0.168519	0.242651	1.504823	1.640946	4.182773	2.56558
18276	-2642.19	-3263.257	621.0678	0.507306	0.102363	0.0724243	0.317906	1.652588	1.723312	3.912174	2.095108
18282	-2641.151	-3264.265	623.1137	0.426247	0.153334	0.0957114	0.324707	1.673369	1.620028	3.059386	1.468602
18288	-2629.13	-3251.532	622.4024	0.437382	0.173286	0.0886343	0.300698	1.405187	1.723115	2.8715	3.086386
18294	-2658.221	-3282.128	623.9072	0.445557	0.14961	0.0691663	0.335667	1.56336	1.754879	2.358167	1.838376
18300	-2665.804	-3287.689	621.8851	0.394702	0.239225	0.274067	0.0920055	1.838491	1.5993	4.345987	0.3229906
18306	-2661.871	-3284.213	622.3421	0.361443	0.272712	0.312431	0.0534142	0.8562748	1.562814	4.298563	0.8872791
18312	-2648.137	-3271.053	622.9159	0.361662	0.313281	0.300779	0.0242775	1.499404	1.530607	3.921056	0.4097376
18318	-2659.903	-3284.522	624.6185	0.339015	0.336478	0.27563	0.0488772	1.103826	1.633861	3.088505	0.3891417
18324	-2664.695	-3286.48	621.7849	0.28422	0.228622	0.268046	0.219113	1.623048	1.733794	3.731652	1.598115
18330	-2646.523	-3269.077	622.5538	0.337244	0.321879	0.18538	0.155498	1.461203	1.574786	3.457565	1.598115
18336	-2643.1	-3263.906	620.8062	0.409476	0.10932	0.259341	0.221863	1.451818	1.318135	4.334745	2.226637
18342	-2644.996	-3266.815	621.819	0.430818	0.0459225	0.117872	0.405388	1.451818	1.336248	4.155958	1.332717
18348	-2654.991	-3275.409	620.4185	0.387828	0.0167067	0.235136	0.360329	1.142018	1.334425	4.913277	1.72908
18354	-2645.822	-3265.428	619.6057	0.46821	0.00187316	0.18937	0.340547	1.648317	1.531733	4.913277	1.938489
18360	-2640.778	-3260.191	619.4132	0.475401	0.107985	0.070836	0.345777	1.90387	1.520385	4.913277	1.938489
18366	-2648.869	-3270.579	621.7097	0.330935	0.354965	0.0637567	0.250343	1.395557	1.516333	4.37659	0.9076204
18372	-2650.702	-3274.614	623.912	0.329686	0.409097	0.0559774	0.20524	1.472097	1.796122	2.952199	0.816433
18378	-2634.955	-3257.292	622.3371	0.342712	0.15968	0.2849	0.212708	1.533332	1.853048	3.559217	1.25973
18384	-2664.835	-3285.487	620.6524	0.277965	0.17484	0.226205	0.320991	1.145523	1.423156	4.71029	1.776104
18390	-2664.584	-3284.882	620.2979	0.265283	0.32783	0.197889	0.208997	1.597897	1.591134	5.091148	0.7960955
18396	-2663.71	-3285.62	621.91	0.30646	0.169947	0.280299	0.243294	1.205315	1.424742	4.0071	1.687738
18402	-2648.405	-3269.741	621.3361	0.366336	0.188292	0.210314	0.235058	1.58431	1.67191	4.122168	1.436864
18408	-2656.075	-3278.123	622.0475	0.261408	0.500656	0.0293597	0.208576	1.484618	1.697657	4.122168	0.7649768
18414	-2644.383	-3264.878	620.4943	0.221336	0.423907	0.024859	0.329898	2.002557	1.518478	4.795696	0.8793076
18420	-2648.606	-3269.421	620.8153	0.39333	0.29917	0.0947285	0.212771	2.002557	1.541255	4.516861	1.031475
18426	-2644.18	-3267.32	623.1402	0.451137	0.159531	0.10313	0.286202	1.430515	1.579326	3.530739	0.8615212
18432	-2662.497	-3285.132	622.635	0.521235	0.150255	0.13964	0.18887	1.430515	1.621013	3.799087	0.8615212
18438	-2670.563	-3293.674	623.1109	0.476415	0.137335	0.172694	0.213556	1.685384	1.644599	3.565994	0.5640968
18444	-2650.428	-3271.622	621.194	0.283432	0.372409	0.243327	0.100832	1.613325	1.66138	4.407586	1.034688
18450	-2641.37	-3262.931	621.5605	0.424057	0.0243541	0.400728	0.15086	1.49332	1.619839	3.550127	2.636716
18456	-2653.485	-3273.957	620.4724	0.373202	0.0295475	0.462646	0.134605	1.49332	1.542887	4.165833	2.783927
18462	-2650.94	-3271.997	621.0579	0.431267	0.060551	0.273499	0.234682	1.941886	1.639566	4.165833	1.377609
18468	-2663.413	-3285.458	622.0447	0.447225	0.050059	0.28362	0.219096	1.324587	1.788839	3.268356	2.60156
18474	-2645.964	-3268.249	622.2849	0.557865	0.0789712	0.291833	0.0713309	1.324587	1.64495	3.408255	2.115951
18480	-2640.316	-3259.846	619.5298	0.495961	0.118345	0.224375	0.161319	1.626648	1.662057	4.187683	3.986231
18486	-2633.721	-3253.825	620.1039	0.481689	0.143716	0.217918	0.156677	1.661065	1.58438	4.04589	3.460776
18492	-2637.092	-3258.681	621.5898	0.462984	0.0331345	0.176522	0.32736	1.123516	1.491694	4.188393	1.703669
18498	-2645.619	-3265.564	619.9448	0.536354	0.128404	0.211825	0.123417	1.446804	1.587876	3.939586	4.499356
18504	-2649.703	-3270.903	621.2004	0.363319	0.182328	0.295125	0.159228	1.496358	1.580647	3.856156	2.435786
18510	-2627.737	-3249.095	621.3576	0.394277	0.153735	0.236187	0.215802	1.077771	1.617421	3.622391	3.412716
18516	-2630.843	-3253.885	623.0417	0.431564	0.142022	0.258523	0.167891	1.144629	1.544166	3.448306	1.421576
18522	-2622.989	-3245.446	622.4564	0.496701	0.127664	0.182403	0.193232	1.948256	1.654676	3.165361	1.740422
18528	-2628.032	-3249.632	621.5996	0.474961	0.15971	0.123591	0.241738	1.609109	1.414741	3.728608	2.279289
18534	-2644.413	-3265.881	621.4676	0.415905	0.105593	0.121474	0.357028	2.273715	1.771695	3.70355	1.402805
18540	-2649.768	-3273.933	624.1652	0.378001	0.185805	0.343373	0.0928206	1.39563	1.61094	2.770171	1.113582
18546	-2643.365	-3268.529	625.1641	0.427994	0.0907335	0.388786	0.0924871	0.6203987	1.543313	3.151692	0.2829257
18552	-2652.79	-3276.107	623.317	0.382642	0.0748055	0.496323	0.046229	0.9101486	1.50279	3.973581	0.5056439
18558	-2632.89	-3254.315	621.4249	0.36353	0.0641274	0.372869	0.199474	1.917271	1.566895	4.382506	0.7093993
18564	-2656.008	-3276.727	620.7195	0.351137	0.0902413	0.343993	0.214629	1.733888	1.402302	4.521725	1.501624
18570	-2635.955	-3256.201	620.2459	0.41056	0.111036	0.402207	0.0761977	1.382382	1.658042	3.785112	4.402436
18576	-2632.001	-3253.41	621.4095	0.491489	0.0717389	0.345554	0.0912178	1.179921	1.490975	3.770055	2.930593
18582	-2625.316	-3244.286	618.9696	0.502536	0.0516364	0.313886	0.131942	1.179921	1.541184	4.276649	6.109866
18588	-2633.778	-3256.545	622.7664	0.44471	0.107604	0.372898	0.0747878	1.107669	1.420854	3.791878	1.247381
18594	-2644.305	-3266.673	622.3671	0.550875	0.133293	0.188992	0.126841	1.107669	1.381899	3.693502	1.973737
18600	-2654.151	-3273.716	619.565	0.511873	0.1055	0.252131	0.130496	1.206659	1.574746	3.971433	5.803792
18606	-2645.95	-3266.809	620.859	0.350689	0.170421	0.407283	0.071607	1.206659	1.574746	3.686925	3.994003
18612	-2632.613	-3256.602	623.9885	0.327858	0.185161	0.395773	0.0912076	1.687663	1.740596	3.095979	0.3771722
18618	-2642.851	-3266.254	623.4034	0.385453	0.227774	0.274575	0.112198	1.111634	1.715131	3.486588	0.8338549
18624	-2648.486	-3271.29	622.8048	0.191171	0.299782	0.361378	0.147668	0.7391802	1.717533	2.692664	4.105444
18630	-2638.578	-3257.228	618.6504	0.388102	0.195921	0.162279	0.253698	1.074856	1.632498	3.388135	12.6471
18636	-2652.188	-3273.345	621.1573	0.334534	0.192586	0.223618	0.249262	1.384018	1.551598	4.092618	2.090985
18642	-2666.407	-3289.264	622.8571	0.391573	0.0344323	0.261746	0.312248	1.5935	1.552783	2.96319	2.164642
18648	-2646.039	-3269.305	623.2661	0.434895	0.17062	0.112413	0.282072	1.541696	1.687089	2.636304	2.216994
18654	-2650.18	-3274.047	623.867	0.416215	0.306479	0.0073492	0.269956	1.171088	1.848402	2.33931	2.282162
18660	-2661.662	-3285.371	623.7086	0.339785	0.251595	0.149382	0.259238	0.941345	1.783459	2.718009	2.062602
18666	-2650.692	-3275.366	624.6739	0.433117	0.175847	0.194239	0.196797	1.092582	1.783459	2.261216	1.573419
18672	-2655.867	-3278.127	622.2598	0.409624	0.196805	0.200827	0.192745	1.405445	1.629958	3.233662	2.495003
18678	-2644.214	-3269.392	625.1778	0.465231	0.178268	0.181911	0.17459	1.405445	1.63198	2.621817	0.2376479
18684	-2644.163	-3269.954	625.7905	0.303488	0.375873	0.220103	0.100536	0.9426503	1.62572	2.519108	0.2582482
18690	-2638.809	-3263.777	624.968	0.419424	0.162576	0.304185	0.113815	0.900853	1.619152	3.050861	0.2545293
18696	-2652.227	-3276.536	624.309	0.361805	0.363359	0.176658	0.0981791	0.7433099	1.551531	2.991237	1.314338
18702	-2661.709	-3286.705	624.9962	0.503441	0.0642227	0.335696	0.0966403	0.7284825	1.590748	2.55755	1.314338
18708	-2652.822	-3277.179	624.3576	0.545522	0.204968	0.141514	0.107996	0.6892389	1.767783	2.440676	2.167608
18714	-2658.849	-3283.712	624.8626	0.445056	0.207743	0.263739	0.0834624	1.391887	1.767783	2.405911	0.8512616
18720	-2640.093	-3265.532	625.4389	0.278219	0.246352	0.390381	0.085048	1.186397	1.781803	2.405911	0.4651049
18726	-2643.711	-3269.621	625.9095	0.213723	0.275875	0.437165	0.0732372	0.9870657	1.747692	2.337542	0.2304353
18732	-2660.715	-3284.755	624.0404	0.431408	0.185899	0.174936	0.207756	1.643209	1.872565	3.039387	0.2190826
18738	-2677.219	-3302.04	624.8203	0.441553	0.146651	0.199154	0.212641	1.289221	1.722428	2.845898	0.2190826
18744	-2682.284	-3307.433	625.1492	0.428276	0.151033	0.166389	0.254302	1.318154	2.046703	2.420027	0.2026112
18750	-2650.371	-3277.361	626.9899	0.340029	0.160398	0.454421	0.0451523	0.4371071	1.807624	1.959609	0.2931621
18756	-2654.89	-3281.69	626.8002	0.269547	0.218345	0.366361	0.145747	0.5906244	1.844004	1.959609	0.2931621
18762	-2654.616	-3280.987	626.371	0.376907	0.118675	0.326039	0.178379	1.011665	1.799952	1.962325	0.3504837
18768	-2655.255	-3281.668	626.4129	0.232691	0.312244	0.377768	0.0772972	0.8013373	1.799952	2.103135	0.2654052
18774	-2653.628	-3279.449	625.8211	0.441229	0.0848791	0.431898	0.0419936	0.8695836	1.707802	2.494888	0.2369614
18780	-2674.147	-3296.352	622.2043	0.282042	0.333481	0.291367	0.093109	0.6968681	1.405944	4.881015	0.2495907
18786	-2654.416	-3275.306	620.8897	0.380759	0.172257	0.393348	0.0536361	0.6848864	1.188771	5.708552	0.1761331
18792	-2649.49	-3274.414	624.9237	0.399271	0.194722	0.370077	0.0359313	0.8625505	1.540722	3.140529	0.2099204
18798	-2630.088	-3252.845	622.7571	0.364799	0.17791	0.419998	0.0372924	1.05646	1.406403	4.363285	0.256869
18804	-2637.135	-3261.691	624.5557	0.521277	0.185758	0.254502	0.0384627	0.9476715	1.600292	3.278246	0.2417514
18810	-2646.635	-3270.379	623.7445	0.507859	0.172896	0.247951	0.071294	0.9476715	1.448707	3.838524	0.2417514
18816	-2638.41	-3262.308	623.8982	0.440521	0.255786	0.241851	0.061841	1.427937	1.451535	3.484411	0.2417514
18822	-2638.595	-3264.185	625.5904	0.601903	0.166074	0.157026	0.0749967	0.9818445	1.593738	2.638318	0.2417514
18828	-2638.467	-3264.34	625.8728	0.36859	0.195156	0.369508	0.0667458	1.067748	1.667357	2.361274	0.2319311
18834	-2642.013	-3265.816	623.8027	0.479718	0.192617	0.150007	0.177658	1.816248	1.793733	2.877184	0.7697855
18840	-2637.377	-3260.697	623.3201	0.382758	0.262963	0.158703	0.195576	1.857211	1.811315	2.638306	1.644599
18846	-2663.55	-3288.486	624.9356	0.431956	0.253748	0.220915	0.0933818	1.64893	1.771034	2.549948	0.3012723
18852	-2649.113	-3274.753	625.6403	0.315762	0.249498	0.243912	0.190828	1.162077	1.762365	2.386334	0.2146919
18858	-2646.656	-3272.121	625.4646	0.455244	0.130999	0.313562	0.100195	1.100161	1.778674	2.490691	0.3806799
18864	-2657.338	-3280.495	623.157	0.45579	0.136779	0.307116	0.100315	1.198821	1.64225	3.776183	0.5838409
18870	-2650.796	-3271.892	621.0958	0.415923	0.0885282	0.373538	0.12201	1.198821	1.509093	4.721087	1.095975
18876	-2642.337	-3263.113	620.776	0.456997	0.0719316	0.25577	0.215301	1.549481	1.398559	4.90995	0.8743884
18882	-2665.59	-3285.498	619.9078	0.406774	0.0617795	0.278974	0.252472	1.868167	1.511945	5.059533	1.10037
18888	-2659.771	-3281.427	621.6554	0.418092	0.108009	0.214403	0.259497	1.535088	1.585315	4.190449	1.10037
18894	-2651.919	-3273.799	621.8808	0.395988	0.227721	0.110044	0.266247	1.515484	1.634352	4.054765	1.080743
18900	-2668.351	-3290.214	621.8623	0.427433	0.118695	0.236487	0.217385	2.380826	1.295528	3.960324	0.9412431
18906	-2667.951	-3289.817	621.8659	0.413978	0.0915888	0.326692	0.167741	1.382603	1.528377	4.356544	0.7907995
18912	-2655.535	-3275.369	619.8344	0.335686	0.0173633	0.427467	0.219484	1.446432	1.546036	5.118589	1.402492
18918	-2647.843	-3267.97	620.1267	0.381471	0.0961763	0.243265	0.279088	1.264602	1.411731	5.118589	1.40896
18924	-2672.618	-3292.633	620.0147	0.374508	0.112673	0.238825	0.273994	1.568447	1.595496	4.929517	1.40896
18930	-2668.851	-3288.037	619.1856	0.399599	0.0655881	0.358441	0.176371	1.454516	1.603788	4.35729	4.503581
18936	-2651.856	-3272.862	621.0062	0.491493	0.120274	0.176008	0.212225	1.454516	1.709097	4.577248	1.008727
18942	-2653.902	-3274.24	620.3375	0.367434	0.069373	0.481948	0.0812446	1.23939	1.490118	5.049256	1.253794
18948	-2643.262	-3265.699	622.4371	0.305841	0.0224098	0.407268	0.264482	1.675251	1.644998	3.475132	1.407138
18954	-2637.356	-3261.992	624.6361	0.400923	0.0242045	0.28921	0.285663	1.041286	1.617659	2.661872	1.146383
18960	-2649.357	-3272.631	623.2743	0.346047	0.0407457	0.394208	0.218999	1.199417	1.699903	2.993782	1.813882
18966	-2646.748	-3272.419	625.6714	0.384408	0.0277492	0.395696	0.192148	0.8793702	1.855261	1.897672	1.231658
18972	-2654.917	-3277.163	622.2468	0.481412	0.0427074	0.415079	0.0608017	1.056908	1.468147	3.493646	2.582983
18978	-2645.715	-3267.03	621.3147	0.488392	0.0998889	0.341368	0.0703513	0.9654072	1.557817	3.556975	4.035267
18984	-2647.962	-3269.599	621.6368	0.385829	0.113407	0.420892	0.0798721	1.354483	1.536872	3.374353	3.352675
18990	-2641.229	-3263.754	622.5252	0.306085	0.220836	0.346667	0.126412	0.859263	1.661003	3.979522	1.166099
18996	-2643.192	-3264.641	621.4491	0.358437	0.085164	0.40596	0.150439	0.8236885	1.326932	4.139527	2.665714
19002	-2660.194	-3285.826	625.6322	0.339916	0.17998	0.279623	0.200481	1.110003	1.755665	2.423452	0.3085148
19008	-2658.138	-3283.916	625.7787	0.351989	0.239267	0.347958	0.0607862	0.6485743	1.718172	2.650026	0.3097425
19014	-2660.05	-3285.665	625.615	0.442189	0.226668	0.25478	0.0763632	0.9014597	1.718172	2.597013	0.249392
19020	-2636.091	-3260.393	624.3016	0.20624	0.327893	0.355401	0.110465	0.465481	1.703619	3.486402	0.6217602
19026	-2643.613	-3267.404	623.7904	0.257079	0.288477	0.312678	0.141766	0.4632238	1.703619	3.890971	0.4371853
19032	-2651.288	-3274.64	623.352	0.397861	0.219966	0.289874	0.0922985	0.7255264	1.665598	3.297639	1.717416
19038	-2630.695	-3254.208	623.5129	0.43502	0.197266	0.266796	0.100919	0.6921612	1.524377	3.409754	1.507753
19044	-2628.302	-3253.478	625.1756	0.354255	0.210553	0.396113	0.0390785	1.297082	1.559658	2.726211	0.2277398
19050	-2631.508	-3254.24	622.7311	0.27743	0.337637	0.243353	0.141581	0.4585952	1.450336	4.396968	0.8507963
19056	-2637.11	-3260.964	623.8535	0.177903	0.267412	0.466645	0.0880406	0.9520326	1.5209	3.624153	0.5151805
19062	-2638.051	-3261.658	623.607	0.255471	0.271092	0.386178	0.0872595	0.7086105	1.730583	2.89224	2.214997
19068	-2636.698	-3261.845	625.1476	0.298298	0.323165	0.300662	0.0778749	0.6257717	1.730583	2.788239	0.7504646
19074	-2632.772	-3258.402	625.63	0.148084	0.443702	0.301294	0.106921	0.6257717	1.779629	2.369168	0.8883191
19080	-2607.429	-3233.404	625.975	0.150407	0.424767	0.313554	0.111272	0.4828248	1.778844	2.369168	0.6999119
19086	-2640.71	-3266.108	625.3985	0.0964949	0.427236	0.315377	0.160892	0.4828248	1.766748	2.369168	1.289802
19092	-2645.294	-3270.827	625.5332	0.254971	0.335128	0.267023	0.142878	0.4964389	1.792512	2.817157	0.3920153
19098	-2630.398	-3255.358	624.9598	0.26975	0.380266	0.227528	0.122457	0.4964389	1.693177	3.232284	0.3664235
19104	-2640.612	-3266.412	625.7997	0.253946	0.398243	0.214198	0.133612	0.5297445	1.644077	2.734017	0.3728181
19110	-2640.576	-3266.039	625.4634	0.2919	0.308308	0.246211	0.153581	0.598915	1.681049	2.899746	0.2997913
19116	-2655.843	-3280.893	625.0498	0.303996	0.240787	0.295271	0.159946	0.6029286	1.559281	3.075073	0.5775836
19122	-2637.498	-3262.503	625.0049	0.265306	0.402636	0.213733	0.118325	0.8585192	1.585207	3.075073	0.2463229
19128	-2648.034	-3273.524	625.4904	0.078167	0.566821	0.251683	0.10333	0.5113922	1.610621	2.981362	0.2952411
19134	-2643.246	-3267.637	624.3906	0.351952	0.269768	0.125405	0.252876	1.025055	1.768974	2.624987	1.328718
19140	-2654.348	-3278.454	624.1054	0.379332	0.209805	0.13209	0.278774	1.963383	1.7849	2.753157	0.5768162
19146	-2647.328	-3269.757	622.4297	0.292934	0.278435	0.157254	0.271377	1.484781	1.685277	3.857615	0.8536919
19152	-2649.687	-3271.568	621.881	0.331903	0.299273	0.145722	0.223101	1.450722	1.614986	4.227767	0.8536919
19158	-2635.152	-3257.957	622.805	0.454122	0.205649	0.0822714	0.257957	1.450722	1.640371	3.664462	0.8868246
19164	-2636.432	-3259.68	623.2479	0.431796	0.195539	0.200635	0.172029	1.450722	1.674974	2.929266	1.726358
19170	-2633.917	-3258.266	624.3489	0.450831	0.184038	0.188084	0.177047	0.99806	1.785009	2.333701	1.95216
19176	-2639.451	-3262.824	623.3726	0.478788	0.174668	0.178509	0.168034	2.227868	1.697259	3.09299	0.6370523
19182	-2645.788	-3269.955	624.1676	0.438487	0.221995	0.0780904	0.261428	1.625986	1.620577	2.713249	0.9947236
19188	-2635.874	-3259.424	623.5496	0.38534	0.165465	0.219454	0.229741	1.625986	1.731946	2.764055	1.446194
19194	-2631.767	-3256.989	625.2223	0.319893	0.328553	0.171751	0.179803	1.17652	1.838692	2.060795	1.154639
19200	-2628.368	-3252.576	624.2074	0.421373	0.195406	0.146379	0.236842	1.630045	1.766227	2.499533	1.154639
19206	-2658.66	-3282.317	623.6564	0.299674	0.229344	0.126712	0.34427	1.268783	1.69851	2.678618	1.908251
19212	-2657.47	-3280.613	623.1424	0.5584	0.144134	0.0205482	0.276918	1.268783	1.694183	2.678618	2.645584
19218	-2641.157	-3265.353	624.1954	0.402473	0.195027	0.0278036	0.374696	1.778473	1.694183	2.392399	1.297507
19224	-2635.77	-3258.908	623.1381	0.461336	0.22355	0.0228797	0.292234	1.585725	1.50073	2.906552	1.990308
19230	-2643.173	-3263.696	620.523	0.401925	0.194761	0.147948	0.255366	1.443504	1.415469	4.231641	2.790695
19236	-2657.763	-3280.514	622.7511	0.484425	0.0600564	0.178316	0.277202	1.443504	1.650001	3.177894	1.868054
19242	-2654.734	-3278.013	623.2794	0.497927	0.12733	0.106127	0.268616	1.186076	1.751252	2.587519	2.69388
19248	-2643.251	-3264.726	621.4748	0.546089	0.11642	0.0918895	0.245601	1.489089	1.586937	3.259184	3.700432
19254	-2629.82	-3253.01	623.1893	0.439805	0.211983	0.112286	0.235926	1.703533	1.664971	2.975411	1.462708
19260	-2666.915	-3289.301	622.3865	0.596843	0.0111543	0.215485	0.176518	1.542904	1.640193	3.02422	2.640719
19266	-2646.632	-3267.986	621.3542	0.530716	0.0623064	0.222773	0.184204	1.079671	1.640193	3.234995	4.696891
19272	-2651.305	-3270.309	619.004	0.506123	0.17401	0.181515	0.138352	1.608845	1.577872	4.856862	2.957544
19278	-2630.998	-3253.73	622.7326	0.426527	0.2081	0.163049	0.202324	1.44707	1.504132	3.382258	1.63741
19284	-2630.17	-3251.741	621.5709	0.519483	0.049447	0.192366	0.238704	1.543187	1.525102	4.100263	1.420186
19290	-2669.132	-3292.602	623.4702	0.574897	0.0754466	0.212887	0.13677	0.8223561	1.447199	3.504863	1.304749
19296	-2655.32	-3278.809	623.4888	0.47014	0.0836164	0.336675	0.109569	1.19169	1.600083	2.808969	2.074246
19302	-2642.734	-3266.305	623.5718	0.414972	0.069438	0.375566	0.140024	1.080734	1.689193	3.336499	0.9741691
19308	-2634.886	-3258.438	623.5521	0.454788	0.134461	0.139604	0.271147	1.086649	1.64396	2.779682	2.131424
19314	-2628.67	-3251.895	623.225	0.33398	0.304371	0.168802	0.192847	0.9432985	1.605342	3.522101	1.2322
19320	-2646.166	-3269.912	623.746	0.320032	0.233247	0.197891	0.248831	1.276723	1.600468	3.394122	0.619613
19326	-2659.173	-3280.393	621.2197	0.370258	0.269853	0.072005	0.287883	1.436457	1.562447	4.686772	0.7689713
19332	-2642.919	-3264.968	622.0482	0.40205	0.228615	0.202673	0.166662	1.8228	1.834264	3.458497	1.533015
19338	-2642.002	-3265.168	623.1663	0.442475	0.173859	0.188953	0.194713	1.481856	1.924745	3.085245	1.204602
19344	-2662.444	-3285.968	623.5244	0.400689	0.311849	0.0917389	0.195724	1.017401	1.838783	3.186055	1.194328
19350	-2652.789	-3273.729	620.9401	0.361331	0.279224	0.248386	0.111058	1.257178	1.523662	3.570172	4.246391
19356	-2636.98	-3259.881	622.9017	0.215125	0.289812	0.350631	0.144432	1.531558	1.606053	3.26646	1.464049
19362	-2640.181	-3262.947	622.766	0.289455	0.139098	0.427357	0.14409	0.9913516	1.716089	2.45959	4.428539
19368	-2619.845	-3244.933	625.0886	0.263511	0.221414	0.363319	0.151757	1.016991	1.685881	2.539957	0.8468175
19374	-2631.62	-3254.31	622.6901	0.235554	0.274709	0.322545	0.167192	1.016991	1.508444	3.446064	2.060867
19380	-2650.672	-3276.399	625.7272	0.487855	0.138633	0.245998	0.127513	0.9430214	1.572965	2.557422	0.1706898
19386	-2641.916	-3268.223	626.3065	0.33215	0.213464	0.348316	0.106071	0.6908697	1.635834	2.348712	0.2181206
19392	-2632.203	-3256.583	624.3802	0.351724	0.24406	0.291894	0.112322	0.7813263	1.67109	3.407331	0.3749253
19398	-2635.947	-3258.82	622.8733	0.31579	0.219126	0.360711	0.104373	1.490086	1.43854	3.725877	0.8801017
19404	-2646.166	-3270.6	624.4333	0.352035	0.211414	0.273889	0.162663	0.8228002	1.386496	3.419366	0.5533983
19410	-2619.402	-3244.206	624.8047	0.464322	0.147079	0.338662	0.0499363	0.7492062	1.66618	3.161324	0.412879
19416	-2643.023	-3267.599	624.5765	0.526558	0.137542	0.230183	0.105717	0.7492062	1.564978	2.508973	1.914058
19422	-2628.829	-3253.451	624.6222	0.335479	0.232571	0.352063	0.0798867	0.5256118	1.702556	2.569574	1.854808
19428	-2640.27	-3264.924	624.6537	0.347273	0.302486	0.258755	0.0914864	0.4388454	1.630255	2.781316	1.584625
19434	-2621.775	-3247.183	625.4082	0.202986	0.290091	0.419185	0.0877375	0.461413	1.630255	3.050644	0.2839512
19440	-2624.024	-3248.336	624.3115	0.200134	0.461878	0.248058	0.0899296	0.5402946	1.46617	3.572533	0.6267084
19446	-2636.144	-3259.721	623.5771	0.15593	0.359861	0.376017	0.108192	0.4693218	1.728749	3.572533	1.157979
19452	-2644.628	-3269.637	625.0094	0.169871	0.389558	0.344597	0.0959742	0.5948666	1.668506	2.878369	0.8308779
19458	-2654.193	-3281.071	626.8783	0.181843	0.417012	0.368882	0.0322625	0.4435482	1.887459	1.913677	0.428159
19464	-2651.82	-3277.16	625.3399	0.175855	0.387309	0.352927	0.0839093	0.7682367	1.747569	2.827722	0.2920876
19470	-2648.901	-3274.734	625.8325	0.394637	0.0944162	0.419577	0.0913699	0.6195193	1.719533	2.636852	0.3031893
19476	-2649.655	-3274.212	624.5567	0.397122	0.113446	0.422219	0.0672125	1.26818	1.647971	3.06198	0.2842229
19482	-2636.883	-3262.267	625.3838	0.354029	0.195718	0.376402	0.0738511	0.5330945	1.459631	3.119392	0.2063767
19488	-2652.831	-3277.996	625.1644	0.279268	0.307596	0.368647	0.0444888	0.4991839	1.636687	3.119392	0.4148829
19494	-2658.605	-3281.847	623.2423	0.218263	0.242022	0.329223	0.210492	0.5028357	1.394689	3.957939	1.124207
19500	-2635.139	-3257.119	621.9801	0.242105	0.363778	0.163162	0.230955	0.7310398	1.358508	4.445237	1.339663
19506	-2634.809	-3258.399	623.5908	0.286967	0.42465	0.0680956	0.220287	1.19595	1.45039	3.371315	1.023938
19512	-2656.648	-3278.165	621.5172	0.260565	0.457132	0.06666	0.215643	1.540212	1.525234	4.336936	1.034398
19518	-2655.366	-3278.289	622.9223	0.421673	0.297217	0.0582885	0.222821	1.394953	1.579733	3.578956	1.025138
19524	-2652.023	-3275.081	623.0584	0.349442	0.242367	0.226491	0.181701	1.386922	1.533999	3.530526	1.025138
19530	-2640.586	-3263.501	622.9148	0.403434	0.125304	0.261486	0.209775	1.358653	1.70294	3.530526	1.025138
19536	-2658.551	-3280.51	621.9586	0.473021	0.146917	0.206162	0.173899	1.399045	1.685412	4.02024	1.114954
19542	-2638.351	-3262.462	624.1109	0.358728	0.264199	0.178029	0.199044	1.239235	1.49631	3.28011	0.5889837
19548	-2655.103	-3279.512	624.4082	0.336213	0.247617	0.166856	0.249315	1.029139	1.435129	3.28011	0.5563663
19554	-2632.142	-3256.315	624.1729	0.46778	0.106657	0.232702	0.19286	1.134675	1.39405	3.514918	0.2660504
19560	-2632.289	-3256.678	624.3886	0.509974	0.137133	0.316857	0.0360357	1.052308	1.479085	3.378652	0.2072541
19566	-2626.966	-3251.237	624.2711	0.536871	0.101867	0.291844	0.069418	1.159572	1.492525	3.378652	0.2072541
19572	-2624.292	-3248.343	624.0507	0.290219	0.298028	0.341637	0.0701154	0.6163326	1.453414	3.858881	0.2409695
19578	-2629.075	-3253.015	623.9395	0.239065	0.448407	0.262256	0.0502718	0.6208993	1.285498	4.007863	0.3078917
19584	-2634.442	-3257.476	623.034	0.269966	0.318021	0.296155	0.115858	0.7667485	1.478477	4.216598	0.5351017
19590	-2629.576	-3253.732	624.1556	0.330309	0.291734	0.271675	0.106281	1.329549	1.535567	3.329416	0.2104017
19596	-2620.816	-3245.74	624.9242	0.480365	0.13247	0.232601	0.154564	1.329549	1.679261	2.787397	0.2221155
19602	-2631.249	-3256.992	625.7427	0.298346	0.215568	0.292031	0.194055	1.105116	1.7099	2.18438	0.6527664
19608	-2642.077	-3267.861	625.7837	0.557826	0.106275	0.327106	0.00879348	1.096741	1.751803	2.343691	0.2201007
19614	-2633.26	-3258.177	624.9173	0.682985	0.0528214	0.196689	0.0675037	1.048808	1.543838	3.026704	0.2019436
19620	-2647.876	-3272.8	624.9244	0.342141	0.223785	0.378623	0.0554519	1.097389	1.56332	2.950653	0.390333
19626	-2631.488	-3255.748	624.2607	0.326852	0.228985	0.387422	0.0567406	0.7047862	1.578287	3.581959	0.3667499
19632	-2633.855	-3258.933	625.0774	0.37193	0.122651	0.440853	0.064566	1.055826	1.625956	2.886596	0.2661305
19638	-2645.805	-3271.328	625.5236	0.422598	0.139359	0.398143	0.0398996	0.5737487	1.628689	2.886596	0.3664923
19644	-2632.039	-3256.668	624.6282	0.413206	0.136262	0.389295	0.0612367	0.895347	1.490099	3.325102	0.302075
19650	-2621.206	-3244.976	623.7698	0.353027	0.190422	0.394217	0.062334	0.9068424	1.462796	3.79342	0.4037985
19656	-2659.266	-3281.28	622.0143	0.294622	0.130679	0.525971	0.0487278	0.973151	1.481525	3.80304	2.242377
19662	-2640.146	-3262.179	622.0329	0.447146	0.0926674	0.404151	0.0560358	1.297034	1.652961	3.843708	1.507548
19668	-2646.786	-3270.562	623.7762	0.373398	0.156807	0.383926	0.0858698	1.398	1.538006	3.477341	0.3961308
19674	-2642.889	-3267.686	624.7974	0.324153	0.323252	0.268333	0.0842628	1.487811	1.679569	2.766706	0.1926549
19680	-2633.781	-3257.629	623.848	0.39015	0.23471	0.313957	0.0611825	1.289586	1.540482	3.488393	0.4017796
19686	-2646.753	-3271.3	624.5468	0.203069	0.489496	0.28265	0.0247844	0.4617513	1.576003	3.488393	0.5082907
19692	-2635.367	-3259.256	623.8891	0.303265	0.230512	0.42921	0.0370132	1.116573	1.410673	3.488393	0.6544172
19698	-2624.383	-3247.433	623.0503	0.382513	0.18197	0.388832	0.0466854	1.181951	1.555543	4.038335	0.2946332
19704	-2633.113	-3257.527	624.4136	0.545211	0.232006	0.165239	0.0575444	1.376988	1.596501	3.122189	0.2482346
19710	-2645.994	-3269.889	623.8941	0.489966	0.228132	0.209536	0.0723659	1.492993	1.609447	3.361171	0.2427983
19716	-2641.388	-3262.978	621.59	0.357482	0.134032	0.415165	0.0933204	1.216832	1.501476	4.628065	0.7641545
19722	-2647.994	-3268.613	620.6192	0.349064	0.245656	0.289955	0.115324	1.306579	1.375361	4.517295	2.137095
19728	-2628.451	-3248.46	620.0087	0.326685	0.241562	0.271366	0.160388	1.32083	1.505276	5.066448	1.485356
19734	-2642.49	-3263.899	621.4092	0.409649	0.187257	0.157147	0.245947	1.288083	1.537457	3.794672	2.627572
19740	-2637.812	-3258.955	621.143	0.449908	0.0703208	0.397575	0.082197	1.316537	1.427431	4.216754	2.065013
19746	-2629.536	-3254.143	624.6071	0.518098	0.134624	0.252623	0.0946552	1.365336	1.659606	2.973092	0.2289723
19752	-2630.849	-3254.86	624.0118	0.36745	0.294986	0.168947	0.168617	0.9372078	1.5799	3.095389	1.199301
19758	-2653.037	-3276.514	623.4771	0.296757	0.407113	0.0858616	0.210268	1.27036	1.608442	3.095389	1.398814
19764	-2670.428	-3291.598	621.1699	0.537128	0.240253	0.043046	0.179573	2.076547	1.634954	4.086835	1.300775
19770	-2641.57	-3264.662	623.0912	0.552995	0.197596	0.0645317	0.184878	1.450407	1.448002	3.612926	0.8822947
19776	-2629.186	-3252.043	622.8568	0.329704	0.333903	0.0293393	0.307053	1.203305	1.400627	4.035535	0.6647344
19782	-2627.79	-3249.106	621.3164	0.318707	0.319377	0.1792	0.182716	1.341251	1.59136	4.273912	1.488498
19788	-2614.102	-3235.451	621.349	0.465439	0.232191	0.102691	0.199679	0.9661096	1.304128	4.525751	1.687073
19794	-2630.504	-3251.237	620.7325	0.481018	0.0249141	0.14949	0.344578	1.64679	1.42241	4.04176	2.702428
19800	-2638.909	-3260.336	621.4271	0.497259	0.0118312	0.389175	0.101735	1.321812	1.359212	4.026431	2.222184
19806	-2648.421	-3268.932	620.511	0.438689	0.0113056	0.371885	0.178121	1.56864	1.504167	4.026431	3.08136
19812	-2628.524	-3247.732	619.2073	0.568457	0.0148897	0.182063	0.23459	1.510273	1.504218	4.570657	3.790879
19818	-2630.261	-3251.616	621.355	0.371886	0.279086	0.158103	0.190924	1.083634	1.482781	3.581089	3.790879
19824	-2631.669	-3253.825	622.1568	0.466366	0.192651	0.154459	0.186524	0.9206708	1.532159	3.222516	3.644935
19830	-2638.721	-3260.782	622.0613	0.393936	0.167004	0.342934	0.0961262	0.625244	1.46623	3.579321	3.391571
19836	-2614.221	-3237.521	623.3004	0.375648	0.161782	0.361296	0.101273	0.8228575	1.538274	3.156611	2.127975
19842	-2634.838	-3258.532	623.6936	0.366836	0.176555	0.35282	0.103788	0.8328366	1.570834	3.027918	1.835955
19848	-2642.872	-3266.517	623.6449	0.353125	0.342345	0.113028	0.191501	0.9261595	1.554075	3.188935	1.47152
19854	-2640.802	-3261.658	620.8559	0.450066	0.254094	0.0838913	0.211949	1.683584	1.619682	4.244182	1.715579
19860	-2637.522	-3257.53	620.0079	0.522962	0.0374545	0.241456	0.198127	1.858651	1.326247	4.746473	1.852381
19866	-2634.259	-3256.699	622.4398	0.488067	0.0904389	0.23152	0.189973	1.101373	1.569274	3.326901	2.502504
19872	-2617.487	-3238.852	621.3652	0.377187	0.139949	0.243338	0.239526	1.644931	1.655365	4.079415	1.45054
19878	-2636.915	-3259.461	622.5459	0.372082	0.141096	0.245333	0.241489	1.525534	1.577513	3.378898	1.699637
19884	-2629.164	-3252.288	623.1243	0.188114	0.323714	0.191085	0.297087	0.656581	1.555059	2.777319	3.697322
19890	-2634.551	-3255.972	621.4202	0.130137	0.532145	0.132193	0.205525	0.8956641	1.559707	3.909258	2.864518
19896	-2639.274	-3262.13	622.8563	0.320416	0.345756	0.20029	0.133538	0.9525358	1.577905	3.642127	1.430932
19902	-2664.03	-3288.256	624.2269	0.328689	0.208023	0.298414	0.164873	0.7433598	1.689713	3.064589	1.123959
19908	-2653.148	-3274.798	621.6502	0.188454	0.466263	0.228285	0.116998	0.4091265	1.703966	4.019964	2.753358
19914	-2626.639	-3249.09	622.4514	0.228467	0.296508	0.266704	0.20832	0.3943446	1.553182	3.001362	4.871083
19920	-2611.101	-3235.086	623.9851	0.216158	0.357853	0.228892	0.197097	0.5726858	1.533381	3.339994	1.243666
19926	-2619.944	-3242.457	622.513	0.231225	0.350975	0.224492	0.193309	0.9936652	1.599712	3.128754	3.039903
19932	-2631.872	-3254.749	622.8771	0.21192	0.374396	0.239473	0.174212	1.016728	1.696499	2.923861	2.80672
19938	-2634.606	-3257.444	622.8384	0.267414	0.0873345	0.302181	0.343071	1.384085	1.506146	3.389114	1.561286
19944	-2638.725	-3259.971	621.2466	0.231821	0.34288	0.261962	0.163338	0.6301126	1.330022	4.823499	1.561286
19950	-2635.646	-3258.506	622.8604	0.258945	0.359411	0.240575	0.141069	0.7931741	1.612657	3.754211	1.354309
19956	-2640.034	-3262.464	622.4307	0.232367	0.448391	0.231893	0.0873494	0.5521939	1.65396	4.307916	1.00896
19962	-2624.418	-3247.231	622.813	0.25219	0.414414	0.214321	0.119075	0.8952299	1.542617	3.252116	2.482228
19968	-2654.183	-3277.276	623.0931	0.324425	0.209179	0.336486	0.129909	1.448474	1.531759	3.410964	1.145839
19974	-2649.863	-3272.215	622.3516	0.413079	0.260711	0.122239	0.203971	1.624172	1.707476	3.430899	1.569835
19980	-2630.21	-3253.756	623.5458	0.505822	0.198595	0.170466	0.125117	1.086583	1.517065	3.282283	1.268693
19986	-2639.112	-3262.457	623.3454	0.285212	0.287252	0.246565	0.180972	1.389541	1.60718	3.180326	1.268693
19992	-2630.408	-3253.753	623.3443	0.314763	0.275376	0.236371	0.17349	1.203114	1.689657	3.053561	1.612901
19998	-2636.546	-3256.656	620.1092	0.524426	0.0880711	0.227711	0.159792	1.579015	1.666271	3.152668	7.000732
20004	-2646.809	-3267.134	620.3254	0.447679	0.116476	0.242495	0.19335	1.226688	1.360649	4.619845	2.422104
20010	-2662.076	-3282.49	620.4135	0.336737	0.208236	0.253167	0.20186	1.20782	1.374297	4.743821	1.993877
20016	-2659.807	-3279.889	620.0826	0.341659	0.313787	0.19164	0.152913	1.145573	1.487116	4.80077	2.234003
20022	-2639.662	-3261.955	622.2931	0.391273	0.266189	0.19242	0.150117	1.439396	1.580658	3.580467	1.674127
20028	-2644.563	-3268.092	623.5284	0.280857	0.411519	0.140781	0.166843	0.9421581	1.526879	3.374229	1.263416
20034	-2659.726	-3283.057	623.3307	0.267298	0.346791	0.311227	0.0746836	0.5823808	1.735098	3.617046	1.209604
20040	-2647.719	-3269.778	622.0592	0.191832	0.586559	0.168013	0.0535952	0.5769538	1.429521	4.863511	0.6054106
20046	-2647.675	-3273.12	625.4444	0.228217	0.433789	0.255592	0.0824024	0.800367	1.685948	2.669419	0.519342
20052	-2669.609	-3291.901	622.2916	0.352597	0.28496	0.307925	0.0545188	0.4165071	1.386678	4.673564	0.8988003
20058	-2653.125	-3276.129	623.0043	0.256646	0.299947	0.33447	0.108937	0.5905488	1.383432	4.163906	0.9209257
20064	-2656.602	-3280.399	623.798	0.268483	0.250863	0.366693	0.113961	0.5831227	1.598729	3.220698	1.598029
20070	-2643.004	-3265.601	622.5963	0.283925	0.372588	0.247159	0.0963277	0.3663804	1.511246	3.828077	2.181478
20076	-2665.872	-3290.711	624.8392	0.367492	0.181704	0.324379	0.126424	0.4824786	1.737283	2.881332	1.038599
20082	-2649.509	-3272.681	623.1724	0.433557	0.109417	0.380897	0.0761287	0.6893432	1.522561	3.518062	1.698746
20088	-2620.155	-3245.11	624.9543	0.456113	0.0823529	0.381445	0.0800894	0.7135107	1.508131	3.226832	0.1937623
20094	-2643.851	-3269.875	626.024	0.358891	0.227827	0.326508	0.0867736	0.7878431	1.712216	2.354952	0.4267898
20100	-2628.895	-3255.345	626.4508	0.358891	0.227827	0.326508	0.0867736	0.539001	1.614733	2.375829	0.2634731
20106	-2633.415	-3259.165	625.7503	0.368582	0.299458	0.212074	0.119886	0.5969011	1.548496	2.813727	0.2634731
20112	-2641.731	-3266.533	624.8023	0.394849	0.287	0.203252	0.114899	0.7242537	1.473979	3.028557	0.845662
20118	-2631.36	-3254.248	622.8872	0.385318	0.333698	0.198345	0.0826385	0.5701234	1.404224	3.761359	1.835668
20124	-2635.812	-3258.56	622.7474	0.333044	0.244552	0.288486	0.133918	0.5701234	1.584971	4.002028	1.292944
20130	-2647.47	-3270.975	623.5043	0.222976	0.310585	0.318561	0.147879	0.616602	1.524868	3.572494	1.292944
20136	-2660.813	-3285.137	624.3239	0.439289	0.140882	0.332509	0.0873202	0.8562463	1.563406	3.101947	0.9703089
20142	-2654.146	-3278.531	624.3847	0.179992	0.463012	0.238067	0.118928	0.5525538	1.43099	3.513925	0.6739406
20148	-2642.978	-3267.631	624.6535	0.187342	0.427966	0.339375	0.0453164	0.4303872	1.486432	3.288387	0.8452837
20154	-2650.701	-3276.83	626.1295	0.332018	0.190797	0.389809	0.0873753	0.5080483	1.584855	2.615622	0.2507281
20160	-2659.296	-3285.41	626.1142	0.232239	0.415567	0.287705	0.0644887	0.4344544	1.584855	2.659784	0.3073897
20166	-2653.173	-3279.308	626.1355	0.339916	0.254012	0.331718	0.0743542	0.4105703	1.5759	2.659784	0.3242516
20172	-2675.579	-3300.147	624.5689	0.359868	0.167548	0.294024	0.17856	0.6401809	1.565571	2.98888	1.142348
20178	-2676.938	-3300.72	623.7817	0.188548	0.373369	0.150366	0.287716	0.6708651	1.598402	2.98888	1.992359
20184	-2649.321	-3273.225	623.9037	0.137926	0.376818	0.167734	0.317522	0.9114926	1.489321	2.97955	1.674864
20190	-2633.942	-3256.878	622.9364	0.311261	0.293218	0.245342	0.150178	0.6959493	1.611419	4.084442	0.7936842
20196	-2656.541	-3280.27	623.7285	0.33008	0.310947	0.199715	0.159258	0.8892191	1.436731	3.456849	1.057217
20202	-2634.829	-3260.091	625.2618	0.456117	0.116162	0.316809	0.110912	0.7861517	1.568581	2.888545	0.4744431
20208	-2629.403	-3254.566	625.1631	0.512805	0.130599	0.266133	0.0904633	1.009303	1.568581	2.888545	0.204277
20214	-2647.469	-3272.763	625.2937	0.43653	0.111173	0.395016	0.0572813	1.00737	1.685682	2.636648	0.5114295
20220	-2645.554	-3270.28	624.7257	0.32493	0.19678	0.421917	0.0563731	0.4982346	1.601309	3.338952	0.5234766
20226	-2644.283	-3270.252	625.9694	0.330854	0.204459	0.399361	0.0653259	0.5020346	1.682671	2.657755	0.2519797
20232	-2660.859	-3284.739	623.8802	0.625695	0.0530737	0.14409	0.177141	1.056918	1.398669	3.709126	0.1884207
20238	-2648.984	-3272.722	623.7372	0.490412	0.12338	0.177814	0.208394	1.152038	1.472528	3.709126	0.2188647
20244	-2645.691	-3270.098	624.4072	0.52882	0.10467	0.239423	0.127086	1.152038	1.546348	3.277812	0.2326551
20250	-2644.334	-3268.076	623.7421	0.462464	0.217183	0.237541	0.082812	1.004999	1.542677	3.752121	0.2367516
20256	-2657.137	-3281.345	624.208	0.365125	0.215819	0.23605	0.183006	0.9639143	1.449116	3.559783	0.2723597
20262	-2637.407	-3260.778	623.3707	0.604663	0.0150693	0.200928	0.17934	1.30781	1.557695	3.362257	1.048533
20268	-2638.47	-3262.504	624.0336	0.517757	0.0232451	0.30994	0.149058	1.114419	1.523844	3.205456	0.8691003
20274	-2634.553	-3258.283	623.7297	0.459689	0.0480976	0.426114	0.0660994	1.114419	1.521519	3.205456	1.177477
20280	-2630.827	-3253.549	622.7219	0.435039	0.0455184	0.403264	0.116178	1.109387	1.422	4.013562	0.8952961
20286	-2648.273	-3269.192	620.9191	0.346222	0.039079	0.557158	0.0575412	1.334359	1.413187	4.473604	1.762487
20292	-2649.819	-3269.308	619.4888	0.299946	0.0949317	0.482688	0.122435	1.117685	1.530315	5.285288	1.837436
20298	-2646.097	-3268.399	622.3016	0.313356	0.32694	0.157358	0.202346	1.394184	1.604135	3.559855	1.727375
20304	-2648.722	-3271.921	623.1985	0.30942	0.278015	0.290278	0.122287	1.889702	1.616916	3.379167	0.6567683
20310	-2634.249	-3255.979	621.7305	0.428732	0.116252	0.271417	0.183599	1.62853	1.617284	4.012922	1.232602
20316	-2635.895	-3257.226	621.3304	0.58076	0.0338138	0.10454	0.280886	1.977626	1.607604	3.97871	1.445984
20322	-2643.144	-3263.322	620.1781	0.565048	0.0577068	0.102321	0.274924	1.761311	1.484638	4.326896	2.543235
20328	-2650.047	-3270.029	619.9824	0.467441	0.118771	0.208799	0.204988	2.129499	1.507668	5.041088	0.867691
20334	-2653.492	-3275.507	622.0148	0.532224	0.0432738	0.194056	0.230447	1.413958	1.472355	4.211387	0.9217224
20340	-2637.883	-3260.275	622.3927	0.423216	0.036758	0.344278	0.195748	1.950773	1.502918	3.637972	1.07357
20346	-2639.77	-3260.227	620.4573	0.500823	0.0717309	0.342043	0.0854035	1.26313	1.420862	4.24227	3.128661
20352	-2648.884	-3271.237	622.3526	0.355925	0.0925523	0.441328	0.110194	1.34742	1.618504	4.057611	0.773199
20358	-2672.613	-3294.824	622.2108	0.527796	0.137244	0.171555	0.163404	1.34742	1.630877	3.95108	1.083636
20364	-2667.39	-3287.092	619.7016	0.457382	0.0438257	0.261544	0.237248	1.463231	1.540901	3.559085	6.82998
20370	-2667.003	-3289.826	622.8231	0.368245	0.00878302	0.405245	0.217727	0.9430395	1.750443	2.772113	3.356699
20376	-2686.677	-3310.97	624.2933	0.538177	0.0135842	0.23605	0.212189	1.021606	1.798352	2.253207	2.147113
20382	-2662.828	-3285.751	622.9231	0.581647	0.0145347	0.174491	0.229328	1.487851	1.729616	3.233749	1.404876
20388	-2672.711	-3293.487	620.7757	0.323033	0.0241685	0.325579	0.327219	1.494792	1.629269	4.128148	2.2924
20394	-2665.815	-3288.309	622.4936	0.465391	0.118428	0.171103	0.245079	1.499331	1.545037	3.814751	0.9891805
20400	-2652.709	-3274.991	622.2815	0.468067	0.113359	0.172086	0.246488	1.120935	1.532212	4.345455	0.6424974
20406	-2659.593	-3284.821	625.2275	0.274015	0.0727547	0.508932	0.144299	1.120935	1.593692	2.755297	0.3444735
20412	-2650.81	-3276.298	625.4881	0.445818	0.21018	0.260976	0.0830266	0.881739	1.658232	2.716991	0.2091612
20418	-2638.509	-3263.491	624.9825	0.299587	0.227889	0.369478	0.103046	0.8032829	1.658232	3.006885	0.4484459
20424	-2643.135	-3268.58	625.4449	0.345893	0.24028	0.191009	0.222818	0.7574249	1.67083	2.82195	0.2629311
20430	-2631.831	-3256.171	624.3407	0.242326	0.246842	0.313427	0.197405	0.5201567	1.630535	2.954426	1.523261
20436	-2643.475	-3269.638	626.163	0.238317	0.359746	0.308242	0.0936957	0.5037081	1.724029	2.38124	0.5352294
20442	-2653.944	-3279.759	625.815	0.238317	0.359746	0.308242	0.0936957	0.8957818	1.747414	2.333582	0.5253553
20448	-2658.476	-3284.612	626.136	0.235383	0.376924	0.284753	0.10294	0.8608161	1.723359	2.289847	0.2260538
20454	-2660.262	-3285.327	625.0648	0.252079	0.24225	0.460404	0.0452674	0.925869	1.607561	2.976515	0.3045647
20460	-2658.874	-3284.419	625.5448	0.37864	0.247466	0.340423	0.0334708	0.9995039	1.772269	2.5437	0.2742385
20466	-2663.938	-3289.782	625.8436	0.388672	0.128468	0.349443	0.133417	1.204834	1.778723	2.221212	0.2902805
20472	-2663.095	-3287.296	624.2011	0.242041	0.447157	0.240049	0.0707517	1.200219	1.766855	3.238204	0.2947912
20478	-2664.091	-3290.03	625.939	0.243485	0.404233	0.280568	0.0717136	0.6836581	1.687577	2.552015	0.2895024
20484	-2671.992	-3298.503	626.5112	0.388141	0.264846	0.326738	0.0202751	0.4772884	1.740117	2.292918	0.2895024
20490	-2657.713	-3283.324	625.6102	0.302727	0.221628	0.434638	0.0410065	0.9860517	1.745482	2.525235	0.2895024
20496	-2645.809	-3271.506	625.6976	0.532239	0.147584	0.28943	0.0307468	0.9860517	1.643828	2.525235	0.1971968
20502	-2648.793	-3274.433	625.6402	0.391868	0.155676	0.423499	0.0289572	1.046593	1.729106	2.470128	0.1971968
20508	-2661.676	-3286.827	625.1513	0.435788	0.222959	0.276267	0.0649864	1.792135	1.754078	2.359384	0.2620101
20514	-2657.293	-3281.064	623.7713	0.408339	0.131557	0.300659	0.159444	1.256725	1.704958	2.591495	1.948753
20520	-2666.053	-3286.554	620.5011	0.381438	0.158371	0.366295	0.0938962	1.622587	1.755978	4.000325	2.687502
20526	-2661.134	-3283.468	622.334	0.227149	0.233244	0.443947	0.0956605	0.7709153	1.555099	4.117224	1.32515
20532	-2642.506	-3264.747	622.2404	0.324468	0.333175	0.205711	0.136645	0.7354674	1.604678	4.31353	1.045873
20538	-2652.497	-3273.862	621.3644	0.374112	0.187785	0.228106	0.209996	1.133548	1.543505	4.535091	1.190765
20544	-2644.512	-3266.621	622.1093	0.314207	0.247223	0.211211	0.227358	0.7881578	1.397461	4.47984	1.033758
20550	-2653.74	-3275.208	621.4676	0.407392	0.0373977	0.273249	0.281961	1.11087	1.506947	4.38179	1.440281
20556	-2658.875	-3280.291	621.4159	0.365105	0.00492509	0.377276	0.252694	1.454877	1.630828	3.522483	2.981083
20562	-2657.478	-3278.313	620.8358	0.459896	0.00500425	0.278344	0.256756	1.845796	1.585081	4.054332	2.049479
20568	-2646.025	-3264.739	618.7132	0.592965	0.00308087	0.189681	0.214273	1.453891	1.493781	5.478076	2.037922
20574	-2655.368	-3274.539	619.171	0.46403	0.00237159	0.250557	0.283042	1.926153	1.493781	4.525012	3.400397
20580	-2666.882	-3293.377	626.4948	0.239196	0.388292	0.34725	0.0252615	0.3322365	1.731416	2.118335	0.7409451
20586	-2668.712	-3294.223	625.5106	0.250667	0.355556	0.313056	0.0807212	0.2916886	1.731416	2.188126	1.6966
20592	-2652.093	-3271.301	619.2075	0.489877	0.00555356	0.181908	0.322662	1.617752	1.813287	3.11178	9.577824
20598	-2646.532	-3268.449	621.9172	0.513804	0.00581873	0.190593	0.289784	1.488781	1.730304	3.171244	2.926803
20604	-2660.539	-3280.539	620.0001	0.558969	0.0879624	0.132772	0.220297	1.801278	1.664673	3.688712	4.51814
20610	-2663.21	-3284.232	621.022	0.634283	0.0344279	0.259156	0.072133	1.309565	1.650267	3.733885	3.219131
20616	-2656.619	-3276.146	619.527	0.402522	0.0115468	0.427504	0.158427	2.160103	1.526884	4.79259	1.816373
20622	-2635.963	-3256.463	620.4997	0.482762	0.159393	0.261577	0.0962683	1.319185	1.582766	4.282819	2.597408
20628	-2660.574	-3281.075	620.501	0.377339	0.346203	0.119211	0.157247	1.460701	1.809275	4.028991	2.742012
20634	-2641.38	-3264.244	622.8637	0.409867	0.11539	0.309886	0.164858	1.216598	1.720763	3.870538	0.6162422
20640	-2648.406	-3269.232	620.8262	0.461165	0.162932	0.143121	0.232782	1.380765	1.51224	4.550572	1.538761
20646	-2649.446	-3269.93	620.4844	0.397027	0.109083	0.314223	0.179667	1.128229	1.452266	4.825975	1.712047
20652	-2662.861	-3287.887	625.0263	0.455543	0.102016	0.354429	0.0880117	1.110197	1.828474	1.917857	1.703148
20658	-2639.766	-3265.072	625.3057	0.569815	0.0806049	0.280041	0.0695396	1.021433	1.850079	1.917857	1.449613
20664	-2649.175	-3273.583	624.4076	0.617765	0.0348963	0.300272	0.0470669	1.014409	1.845546	1.92951	2.642254
20670	-2649.26	-3273.311	624.0508	0.529204	0.0220492	0.257226	0.191522	1.261202	2.03923	1.518502	3.501373
20676	-2633.93	-3258.185	624.2555	0.555173	0.0544567	0.256262	0.134108	1.017196	1.878271	1.699397	3.394836
20682	-2635.969	-3260.421	624.4521	0.44063	0.0320242	0.457983	0.0693631	0.7187935	1.781955	2.108047	2.72923
20688	-2637.138	-3262.174	625.0355	0.375013	0.119856	0.446096	0.0590339	0.8581674	1.781955	1.784374	2.352038
20694	-2624.489	-3248.171	623.6812	0.41974	0.109453	0.407377	0.0634296	1.195917	1.601982	2.561874	2.360613
20700	-2626.723	-3247.714	620.9908	0.478902	0.124881	0.115582	0.280635	1.687848	1.741614	2.746376	5.975382
20706	-2646.639	-3270.156	623.5169	0.399897	0.0175514	0.335178	0.247374	1.364929	1.88306	2.198028	2.82347
20712	-2635.705	-3258.568	622.8633	0.523007	0.00780382	0.193318	0.275871	1.248737	1.700466	2.775582	2.856783
20718	-2643.926	-3266.705	622.7784	0.521129	0.0113649	0.192624	0.274881	1.073279	1.61241	3.285035	2.09666
20724	-2640.278	-3262.892	622.6147	0.398466	0.0778437	0.342453	0.181237	1.643405	1.723172	2.86716	2.436476
20730	-2637.439	-3260.12	622.6806	0.358775	0.0545235	0.459759	0.126943	1.270556	1.451548	3.725001	1.265555
20736	-2620.698	-3242.098	621.4007	0.460402	0.123838	0.286491	0.129269	1.411777	1.641378	3.622063	2.771502
20742	-2623.857	-3247.584	623.7266	0.33711	0.176761	0.343191	0.142937	1.119637	1.623013	2.957376	1.523472
20748	-2625	-3248.088	623.0875	0.599677	0.10444	0.229337	0.0665457	1.397088	1.65789	2.771233	2.380043
20754	-2626.935	-3249.893	622.9576	0.38872	0.134758	0.194312	0.282209	1.48304	1.659541	3.133979	1.647737
20760	-2614.911	-3238.425	623.5149	0.506043	0.155629	0.134821	0.203507	1.351321	1.756637	3.026785	1.239455
20766	-2602.302	-3225.187	622.8859	0.439929	0.158444	0.189359	0.212268	1.673045	1.612754	3.224423	1.420408
20772	-2616.839	-3237.624	620.7847	0.505889	0.0322858	0.217731	0.244094	1.673045	1.5181	3.847877	2.9757
20778	-2637.57	-3258.938	621.368	0.48279	0.0197599	0.128767	0.368683	1.535055	1.449019	4.237848	1.470147
20784	-2653.583	-3273.984	620.4007	0.454498	0.0182985	0.244987	0.282217	2.192983	1.541197	3.934269	2.673309
20790	-2620.113	-3241.969	621.8555	0.460738	0.0186415	0.249579	0.271041	1.620262	1.789426	3.513779	1.91174
20796	-2638.875	-3260.197	621.322	0.440722	0.0659526	0.214297	0.279028	1.671375	1.565966	3.457546	3.127505
20802	-2626.801	-3248.51	621.7099	0.424667	0.0636393	0.20649	0.305204	2.867223	1.674818	3.253404	1.679384
20808	-2633.99	-3256.558	622.5674	0.399446	0.154277	0.159199	0.287078	1.367609	1.565155	3.104828	2.506946
20814	-2637.601	-3259.307	621.7057	0.501684	0.100463	0.200095	0.197758	1.838558	1.610325	3.318949	2.598488
20820	-2637.297	-3259.033	621.7366	0.62013	0.0367689	0.10727	0.235831	1.256382	1.484381	3.046852	4.525103
20826	-2628.573	-3250.236	621.6629	0.62013	0.0367689	0.10727	0.235831	1.466129	1.481929	3.114109	4.055388
20832	-2638.69	-3262.287	623.597	0.561509	0.106229	0.0917643	0.240498	1.466129	1.642697	2.450086	2.327792
20838	-2653.135	-3276.703	623.5676	0.431679	0.176131	0.116249	0.275941	1.555443	1.689903	2.498564	2.086633
20844	-2643.721	-3266.751	623.03	0.404802	0.198048	0.169528	0.227622	1.555443	1.519044	3.113755	1.6965
20850	-2648.736	-3270.801	622.0649	0.308347	0.207322	0.177467	0.306864	1.495007	1.503511	3.71868	1.6965
20856	-2651.578	-3272.651	621.0728	0.315739	0.195751	0.105929	0.382581	1.807029	1.651379	4.114731	1.570689
20862	-2659.507	-3283.084	623.5767	0.390601	0.35552	0.0494593	0.204419	0.9556515	1.642007	2.892137	2.025878
20868	-2660.574	-3283.849	623.2754	0.367844	0.403428	0.0467063	0.182022	0.8454316	1.448252	3.508555	1.488436
20874	-2637.291	-3258.9	621.6094	0.347393	0.246744	0.273517	0.132346	1.332148	1.668073	3.355268	3.262111
20880	-2629.314	-3254.218	624.9037	0.158066	0.459808	0.122258	0.259869	1.119301	1.843532	2.198157	1.324557
20886	-2627.972	-3250.564	622.5918	0.401064	0.288693	0.147083	0.16316	1.674749	1.708669	2.687263	2.914812
20892	-2623.589	-3247.479	623.8901	0.354674	0.347894	0.0277331	0.269699	1.551737	1.725546	2.77201	1.136134
20898	-2630.641	-3254.856	624.2152	0.305334	0.290353	0.132117	0.272197	1.270215	1.618914	2.869945	1.003326
20904	-2629.682	-3251.685	622.0027	0.356959	0.300016	0.156461	0.186564	1.188981	1.613288	4.029575	1.333145
20910	-2629.613	-3251.13	621.5169	0.398908	0.329279	0.0624095	0.209404	1.514269	1.486047	4.080687	1.59709
20916	-2625.958	-3248.53	622.5722	0.341583	0.290961	0.171018	0.196437	1.151499	1.627712	4.080687	0.6907533
20922	-2637.451	-3261.23	623.7785	0.392409	0.151593	0.230333	0.225666	1.395015	1.615514	2.70016	1.67096
20928	-2641.504	-3264.492	622.9882	0.528462	0.134172	0.206058	0.131308	1.28913	1.619372	2.916035	2.375206
20934	-2622.598	-3244.793	622.195	0.311774	0.311543	0.0717912	0.304892	1.242788	1.492414	3.569089	2.174124
20940	-2639.095	-3262.238	623.1434	0.596788	0.0440659	0.253504	0.105642	1.112494	1.598761	3.064414	2.0724
20946	-2633.035	-3255.408	622.3727	0.514391	0.0826252	0.218504	0.18448	0.9380254	1.441513	3.602369	2.334382
20952	-2643.051	-3262.998	619.9475	0.582992	0.0834702	0.19513	0.138408	1.450512	1.451891	4.563246	2.703718
20958	-2649.411	-3270.293	620.8816	0.554462	0.0381578	0.106205	0.301176	1.314448	1.451891	4.315818	2.152611
20964	-2639.726	-3262.869	623.1428	0.486359	0.0313144	0.163966	0.31836	1.314448	1.626157	2.878528	2.200095
20970	-2618.91	-3241.684	622.7732	0.379238	0.0216933	0.380178	0.218891	1.595904	1.641499	2.878528	2.35429
20976	-2629.879	-3251.031	621.152	0.362259	0.0193844	0.371397	0.246959	1.776377	1.648102	3.546284	2.878168
20982	-2629.595	-3251.49	621.8951	0.328461	0.193978	0.253643	0.223918	1.002623	1.563506	3.693654	2.531052
20988	-2650.745	-3273.415	622.67	0.391401	0.182801	0.167054	0.258744	1.027393	1.523202	3.750568	1.406401
20994	-2637.322	-3259.961	622.6397	0.337517	0.163134	0.402835	0.0965132	0.7321828	1.468401	3.973944	1.406401
21000	-2634.251	-3257.535	623.2842	0.464872	0.0798753	0.360169	0.0950832	0.5269132	1.454359	3.793897	1.294222
21006	-2620.46	-3242.509	622.0494	0.434251	0.172107	0.107841	0.285801	1.000722	1.282158	4.262309	1.398089
21012	-2619.719	-3242.178	622.4598	0.374398	0.163564	0.281583	0.180455	0.7305673	1.584105	3.991131	1.447164
21018	-2633.999	-3257.884	623.8848	0.353073	0.136889	0.231791	0.278247	0.8400479	1.575178	2.967362	1.708023
21024	-2614.311	-3238.216	623.9044	0.445656	0.143516	0.11911	0.291718	1.065765	1.632266	2.967362	1.351448
21030	-2609.81	-3233.253	623.4428	0.486729	0.0384397	0.195591	0.279241	1.002807	1.750232	2.239727	3.672654
21036	-2622.374	-3244.509	622.1354	0.46423	0.0366629	0.18655	0.312557	2.595722	1.582757	2.540114	3.165299
21042	-2625.759	-3247.001	621.2411	0.508927	0.166915	0.0149897	0.309169	2.595722	1.744122	2.575939	4.467532
21048	-2632.231	-3253.756	621.5253	0.448518	0.147206	0.131805	0.272471	1.941667	1.660314	2.842934	4.101948
21054	-2636.472	-3258.663	622.1909	0.395723	0.127454	0.145967	0.330856	1.526192	1.562169	3.280539	2.4238
21060	-2629.349	-3249.993	620.644	0.402469	0.265665	0.112667	0.219199	1.424374	1.59502	3.53996	4.511735
21066	-2629.275	-3251.609	622.3338	0.537648	0.253935	0.0707568	0.137661	1.424374	1.710866	2.624607	3.945133
21072	-2647.685	-3271.024	623.339	0.405249	0.134413	0.0826263	0.377711	1.424374	1.596265	2.87258	1.858189
21078	-2654.652	-3274.303	619.651	0.408187	0.193982	0.0631705	0.334661	1.590981	1.460759	5.038492	1.744694
21084	-2672.648	-3292.405	619.7577	0.49763	0.195398	0.0770126	0.229959	1.62072	1.420145	4.850351	2.065573
21090	-2672.1	-3296.069	623.9693	0.53348	0.00193743	0.208122	0.25646	1.104492	1.584395	2.815675	1.576268
21096	-2659.475	-3279.377	619.9024	0.560802	0.00967706	0.159927	0.269594	1.731853	1.571813	3.847754	4.454073
21102	-2655.888	-3278.769	622.8808	0.602139	0.0313068	0.078357	0.288197	2.368719	1.760767	2.364581	2.382311
21108	-2661.203	-3283.75	622.5469	0.557514	0.0202517	0.155396	0.266838	3.070694	1.743988	2.303859	2.382311
21114	-2653.568	-3277.726	624.1585	0.544724	0.119657	0.130102	0.205517	1.296382	1.694654	2.467342	1.677502
21120	-2648.713	-3272.428	623.7155	0.521978	0.147132	0.096331	0.234559	1.271925	1.725522	2.362055	2.49305
21126	-2663.827	-3289.603	625.7759	0.499224	0.174103	0.134778	0.191894	1.082921	1.756849	2.155085	0.6399987
21132	-2653.762	-3276.619	622.8564	0.395929	0.21244	0.252201	0.139431	1.854448	1.689037	2.853042	1.942885
21138	-2636.841	-3261.169	624.3282	0.418201	0.22439	0.167955	0.189455	1.380276	1.745022	2.30252	1.634396
21144	-2640.402	-3263.29	622.8884	0.317988	0.290129	0.0974025	0.294481	1.804664	1.753786	2.685059	2.23941
21150	-2627.787	-3250.335	622.5485	0.424167	0.16901	0.18432	0.222502	1.543188	1.769132	3.192635	1.832816
21156	-2633.605	-3255.768	622.163	0.445344	0.147912	0.161311	0.245433	1.629831	1.719095	3.700894	1.240873
21162	-2655.713	-3277.211	621.4975	0.408777	0.163415	0.15665	0.271158	1.535589	1.500469	3.700894	2.463622
21168	-2654.047	-3275.761	621.7146	0.363631	0.248097	0.216817	0.171455	0.9115877	1.469438	4.193469	1.827909
21174	-2642.771	-3265.142	622.3717	0.333453	0.205337	0.187596	0.273614	1.405849	1.528972	3.925986	1.015297
21180	-2656.212	-3277.854	621.6423	0.472691	0.118281	0.212033	0.196996	1.773328	1.528291	4.261818	0.8495708
21186	-2655.124	-3277.636	622.5126	0.410932	0.111341	0.199592	0.278134	1.318737	1.604	3.946322	0.8451751
21192	-2657.021	-3280.812	623.7912	0.389391	0.164386	0.150758	0.295464	1.36359	1.752143	2.506168	1.912894
21198	-2659.336	-3281.984	622.6477	0.486659	0.0799273	0.144557	0.288856	1.445758	1.632836	3.025236	2.382328
21204	-2644.257	-3269.788	625.5305	0.456455	0.205763	0.229416	0.108366	1.283654	1.903382	2.299288	0.2638737
21210	-2641.041	-3266.762	625.7205	0.589196	0.100562	0.210711	0.0995307	1.182289	1.761051	2.317333	0.199316
21216	-2635.806	-3261.902	626.0959	0.485197	0.115242	0.367079	0.0324819	0.8727832	1.632835	2.355383	0.199316
21222	-2622.007	-3247.964	625.9567	0.381012	0.20807	0.377513	0.0334051	1.021635	1.787312	2.255122	0.2980265
21228	-2654.175	-3276.363	622.1884	0.267165	0.223601	0.467305	0.0419283	1.367867	1.568879	4.416549	0.3166156
21234	-2647.435	-3269.772	622.3372	0.242681	0.326375	0.336859	0.0940856	1.138446	1.369654	4.572387	0.2218481
21240	-2642.142	-3265.054	622.9116	0.182601	0.357645	0.393757	0.0659969	0.8907772	1.385619	4.337028	0.4021301
21246	-2621.668	-3245.092	623.4242	0.183354	0.35912	0.395381	0.0621453	0.8832699	1.460754	4.052534	0.2644433
21252	-2647.58	-3270.63	623.0496	0.460092	0.101739	0.378653	0.0595161	1.195251	1.629847	3.737892	0.7632984
21258	-2622.142	-3246.167	624.0254	0.528751	0.107842	0.314748	0.0486595	1.355827	1.517593	3.407221	0.2279688
21264	-2647.489	-3272.397	624.9074	0.420325	0.0852099	0.415299	0.0791664	1.116833	1.536175	3.007688	0.2440292
21270	-2610.143	-3233.477	623.3343	0.369648	0.202751	0.366362	0.0612383	1.144687	1.476839	3.890277	0.4231709
21276	-2607.187	-3231.279	624.092	0.321487	0.176335	0.448918	0.0532597	1.274309	1.524105	3.406955	0.2834372
21282	-2616.073	-3241.127	625.0544	0.428364	0.142947	0.41278	0.0159095	0.9858744	1.570222	2.920673	0.4174788
21288	-2609.295	-3234.197	624.9023	0.35703	0.200423	0.34404	0.0985063	1.175055	1.67713	2.889732	0.2249738
21294	-2632.374	-3257.82	625.4459	0.424664	0.143662	0.409214	0.022461	0.704789	1.582333	2.889732	0.3386497
21300	-2640.027	-3265.01	624.9829	0.189339	0.281725	0.4141	0.114836	0.5908214	1.577277	2.904342	0.9073125
21306	-2656.647	-3281.978	625.3309	0.218097	0.295174	0.340079	0.146649	0.5908214	1.723885	2.615773	0.885773
21312	-2668.058	-3292.955	624.8976	0.32392	0.188744	0.334222	0.153114	0.4884656	1.701368	2.675112	1.367283
21318	-2644.396	-3269.008	624.6116	0.439807	0.0694235	0.333355	0.157415	0.9372801	1.701368	2.386506	1.696825
21324	-2666.312	-3291.2	624.8886	0.469773	0.0902739	0.320013	0.119939	2.340818	1.856775	2.201852	0.2411752
21330	-2645.618	-3267.829	622.2113	0.341367	0.114327	0.162854	0.381451	1.839986	1.442251	3.502133	1.70168
21336	-2639.954	-3260.507	620.5533	0.423414	0.100812	0.201996	0.273778	1.839986	1.418659	4.159256	2.429763
21342	-2649.43	-3270.782	621.3521	0.531858	0.057837	0.172759	0.237546	1.474436	1.463498	3.863173	2.394717
21348	-2643.747	-3266.54	622.7929	0.419639	0.166615	0.116598	0.297149	1.321035	1.514306	3.365185	1.724334
21354	-2633.938	-3256.676	622.7379	0.401026	0.352458	0.0345	0.212017	1.244188	1.477325	3.460455	1.724334
21360	-2643.954	-3265.175	621.2202	0.366134	0.361897	0.102647	0.169322	1.244188	1.466463	3.84635	2.96507
21366	-2628.108	-3250.325	622.2168	0.460522	0.282981	0.0741476	0.18235	1.200337	1.489111	3.84635	1.584151
21372	-2642.424	-3263.011	620.5871	0.391362	0.152014	0.274365	0.182259	1.527997	1.412125	4.326033	2.333096
21378	-2629.792	-3251.388	621.5963	0.354236	0.126741	0.297913	0.22111	1.364794	1.513876	3.984004	1.835574
21384	-2630.45	-3252.319	621.8683	0.380908	0.189246	0.306594	0.123252	1.602048	1.482267	4.392861	0.5915366
21390	-2642.377	-3263.898	621.5209	0.528749	0.181431	0.1639	0.125919	1.321595	1.567453	4.437657	1.002417
21396	-2646.146	-3269.25	623.1033	0.353104	0.0962636	0.45162	0.0990116	1.196651	1.48565	3.441788	1.374993
21402	-2657.941	-3281.124	623.1829	0.417656	0.247432	0.134902	0.20001	0.974377	1.573384	3.197106	1.938232
21408	-2646.987	-3268.872	621.8853	0.328285	0.176478	0.315368	0.179869	0.9299223	1.52807	4.300997	1.310807
21414	-2654.515	-3276.586	622.0714	0.405445	0.169535	0.252229	0.172792	1.245752	1.307955	4.300997	1.023237
21420	-2635.82	-3255.782	619.9617	0.405445	0.169535	0.252229	0.172792	1.513059	1.578059	4.049953	3.96648
21426	-2658.974	-3281.63	622.6558	0.358302	0.263616	0.109401	0.268681	1.376427	1.658593	3.789928	0.8668501
21432	-2629.83	-3253.376	623.5455	0.450841	0.206371	0.00471361	0.338074	1.376427	1.643668	2.809494	1.723026
21438	-2634.67	-3257.501	622.831	0.518578	0.267571	0.0145897	0.199262	1.215432	1.622172	2.863402	2.852244
21444	-2638.594	-3262.374	623.7798	0.325616	0.423648	0.115273	0.135463	0.9411557	1.818238	2.753167	1.847921
21450	-2658.313	-3281.303	622.9903	0.287205	0.328617	0.158146	0.226032	1.199599	1.789164	3.094159	1.847921
21456	-2651.661	-3276.548	624.8867	0.294404	0.336855	0.09096	0.277781	1.1049	1.761061	1.982815	1.847921
21462	-2647.645	-3271.154	623.5093	0.578063	0.0187897	0.214021	0.189127	1.13214	1.653865	2.465864	2.87627
21468	-2655.99	-3280.284	624.2942	0.577409	0.0386073	0.135534	0.248449	0.892933	1.642411	2.465864	2.078645
21474	-2647.638	-3272.56	624.922	0.427676	0.0741803	0.277033	0.221111	1.002657	1.629895	2.465864	1.205085
21480	-2645.965	-3267.142	621.1768	0.449498	0.114815	0.203295	0.232393	1.880853	1.567702	3.793729	2.192021
21486	-2655.295	-3275.942	620.6471	0.449498	0.114815	0.203295	0.232393	1.647553	1.690676	3.984114	2.574452
21492	-2650.638	-3271.235	620.5979	0.450264	0.0674088	0.150754	0.331573	1.874505	1.564226	4.332063	1.723055
21498	-2649.148	-3269.24	620.0918	0.495197	0.0970523	0.111586	0.296165	1.457901	1.315237	5.016508	1.572812
21504	-2643.613	-3264.731	621.1178	0.335493	0.165761	0.255045	0.243701	1.843295	1.466711	4.353846	1.221614
21510	-2636.019	-3258.995	622.9761	0.393977	0.194657	0.125183	0.286183	0.9829025	1.607028	3.774155	0.9967926
21516	-2635.305	-3258.041	622.7354	0.38826	0.238157	0.0607472	0.312836	1.358878	1.66197	3.017332	2.343757
21522	-2646.709	-3269.067	622.3584	0.380412	0.289	0.140709	0.189878	1.428089	1.571954	3.146269	2.62724
21528	-2654.686	-3276.758	622.0723	0.358999	0.180434	0.315594	0.144972	1.248398	1.590682	4.077278	1.133635
21534	-2643.851	-3266.109	622.2571	0.328443	0.200668	0.316078	0.15481	1.151614	1.447997	4.077278	1.185173
21540	-2646.58	-3268.844	622.2642	0.305519	0.186662	0.28262	0.225199	1.913248	1.538115	2.904241	2.837522
21546	-2647.824	-3266.713	618.8891	0.448422	0.159279	0.222573	0.169727	1.930843	1.548442	4.530724	3.798836
21552	-2632.389	-3255.903	623.5145	0.34609	0.196833	0.307766	0.149311	1.930843	1.650054	2.947963	0.9888367
21558	-2634.075	-3257.35	623.275	0.278858	0.187952	0.380301	0.152888	0.8757045	1.57099	3.526184	1.282377
21564	-2644.589	-3265.21	620.6208	0.300359	0.149677	0.433586	0.116378	0.9469951	1.547657	4.689761	1.955622
21570	-2653.696	-3278.053	624.3573	0.299436	0.293227	0.247912	0.159424	0.9353596	1.691238	2.690041	1.435733
21576	-2628.491	-3252.872	624.381	0.398398	0.0823726	0.276155	0.243074	1.192376	1.727725	2.306935	1.79508
21582	-2639.585	-3261.668	622.0831	0.513326	0.106135	0.0673456	0.313194	1.658055	1.561209	2.96829	3.267297
21588	-2644.228	-3267.8	623.5719	0.545189	0.072759	0.187617	0.194435	1.126024	1.798485	2.845438	1.713511
21594	-2662.442	-3285.318	622.8758	0.479575	0.0751168	0.22727	0.218038	0.9902709	1.574256	2.936029	3.019613
21600	-2674.412	-3296.284	621.8722	0.501117	0.138454	0.158553	0.201876	1.56374	1.612791	3.888456	1.37989
21606	-2634.787	-3255.934	621.1468	0.413259	0.101024	0.348531	0.137186	1.450363	1.556573	4.402201	1.35294
21612	-2642.029	-3265.531	623.5019	0.359372	0.269987	0.303085	0.0675563	1.228517	1.604767	3.552035	0.6330887
21618	-2642.133	-3265.544	623.4111	0.244386	0.291164	0.150033	0.314417	1.48632	1.659448	3.223166	0.9832294
21624	-2662.382	-3284.19	621.8082	0.278098	0.33133	0.093352	0.29722	1.811165	1.814285	3.429937	1.926337
21630	-2665.92	-3291.113	625.1928	0.260074	0.307954	0.316035	0.115937	0.5204394	1.761876	2.601088	1.081482
21636	-2652.828	-3279.106	626.2784	0.266441	0.36008	0.295347	0.0781317	0.4190177	1.8163	2.302486	0.5317595
21642	-2653.249	-3279.292	626.0431	0.295615	0.290011	0.327687	0.0866869	0.4327607	1.675374	2.656759	0.2686989
21648	-2633.104	-3259.245	626.1408	0.292643	0.397563	0.223978	0.0858154	0.4349452	1.633279	2.621235	0.2686989
21654	-2655.888	-3281.186	625.2977	0.324333	0.267221	0.295303	0.113143	0.50789	1.59202	2.582033	1.19424
21660	-2658.103	-3279.723	621.6194	0.284179	0.207857	0.232503	0.275461	1.712027	1.621724	3.907865	1.478765
21666	-2639.645	-3261.799	622.154	0.258312	0.292073	0.245664	0.203951	2.246665	1.738389	3.57663	0.9650244
21672	-2632.449	-3252.55	620.1008	0.490991	0.170306	0.118931	0.219772	1.989406	1.767929	3.597397	4.116464
21678	-2627.967	-3249.389	621.4221	0.419096	0.243034	0.150278	0.187591	2.05229	1.522307	3.539709	2.347159
21684	-2628.885	-3249.654	620.7689	0.417191	0.22353	0.149595	0.209684	1.513444	1.397428	4.232964	2.347159
21690	-2638.459	-3259.334	620.875	0.450316	0.143544	0.169107	0.237034	1.210937	1.370973	4.232964	2.635501
21696	-2644.827	-3265.382	620.5556	0.254552	0.30921	0.230501	0.205737	1.138843	1.536159	3.900498	4.065472
21702	-2637.496	-3258.84	621.3443	0.302272	0.289416	0.215746	0.192566	1.371532	1.486869	3.85483	2.528526
21708	-2634.325	-3256.41	622.0844	0.280738	0.413729	0.0968783	0.208655	1.323595	1.480441	3.852074	1.604377
21714	-2618.486	-3242.32	623.8346	0.264659	0.47049	0.0839789	0.180872	0.9383781	1.579637	2.836535	1.911952
21720	-2641.967	-3263.897	621.9299	0.225374	0.486709	0.086874	0.201043	1.195434	1.421758	4.346004	1.018483
21726	-2619.151	-3241.895	622.7441	0.381389	0.312189	0.0943047	0.212117	1.566631	1.483837	3.232306	1.836329
21732	-2624.399	-3246.99	622.5914	0.279912	0.3634	0.109774	0.246913	1.473407	1.601588	3.300138	1.836329
21738	-2621.541	-3245.736	624.1944	0.364838	0.291205	0.124199	0.219759	1.199082	1.630635	2.652253	1.465692
21744	-2630.833	-3255.039	624.2066	0.380418	0.364014	0.0876269	0.167941	1.793874	1.569841	2.743558	0.8245037
21750	-2625.019	-3248.652	623.6336	0.319845	0.267681	0.121133	0.291341	1.075641	1.599092	3.1933	1.259289
21756	-2631.235	-3253.757	622.5216	0.290861	0.305774	0.196728	0.206637	1.763912	1.627416	3.406509	1.383012
21762	-2619.34	-3241.421	622.081	0.359984	0.24293	0.177389	0.219697	1.66906	1.550122	3.672619	1.540948
21768	-2622.003	-3245.924	623.9212	0.37709	0.254474	0.185819	0.182618	0.8895965	1.626568	3.080065	1.327117
21774	-2632.416	-3256.748	624.3321	0.263699	0.351227	0.309316	0.0757583	1.127858	1.611829	3.038349	0.7554469
21780	-2648.449	-3271.729	623.2802	0.194858	0.313747	0.119316	0.372079	1.5876	1.624736	3.038349	1.394896
21786	-2640.071	-3263.253	623.1814	0.4331	0.192872	0.208092	0.165936	1.064576	1.514999	3.387033	1.503945
21792	-2640.618	-3263.293	622.6749	0.45551	0.059504	0.310464	0.174522	1.269303	1.456214	3.582992	1.544205
21798	-2629.58	-3251	621.42	0.40588	0.0533808	0.420819	0.11992	1.761303	1.603732	4.485247	0.6224541
21804	-2631.481	-3253.584	622.1026	0.502902	0.0894076	0.259105	0.148586	1.447842	1.482236	4.470046	0.3284446
21810	-2633.195	-3255.753	622.5583	0.342485	0.156592	0.441304	0.0596199	1.345153	1.332917	4.362916	0.2635101
21816	-2648.872	-3271.46	622.5878	0.455495	0.118382	0.248094	0.178029	1.114844	1.377854	4.279543	0.6145725
21822	-2636.92	-3258.676	621.756	0.330705	0.0470771	0.535564	0.0866533	0.9710348	1.236964	4.493928	1.351332
21828	-2616.811	-3240.078	623.2677	0.484878	0.0247099	0.281108	0.209304	1.173732	1.645397	2.984399	1.944175
21834	-2611.726	-3236.074	624.3483	0.358465	0.223446	0.263352	0.154737	1.066754	1.611779	2.703103	1.363505
21840	-2628.124	-3252.727	624.6032	0.380592	0.122777	0.322128	0.174503	1.066754	1.672165	2.551954	1.285947
21846	-2627.142	-3250.546	623.404	0.497721	0.0358934	0.317534	0.148851	1.108552	1.642398	2.707962	2.48417
21852	-2605.737	-3229.397	623.6599	0.445409	0.0363871	0.28416	0.234044	1.377613	1.596789	2.917706	1.430028
21858	-2619.071	-3242.179	623.1085	0.403301	0.085997	0.369862	0.14084	1.079027	1.566874	3.206504	1.887714
21864	-2639.167	-3261.517	622.3498	0.430968	0.0918966	0.326633	0.150502	1.40585	1.484258	3.763275	1.385889
21870	-2652.262	-3275.876	623.6142	0.330405	0.11727	0.360268	0.192057	1.170211	1.424626	3.763275	0.3864769
21876	-2647.717	-3271.76	624.0432	0.475176	0.100605	0.309069	0.11515	0.9926033	1.56849	3.568967	0.2756089
21882	-2646.861	-3270.18	623.3188	0.437075	0.18194	0.257808	0.123177	1.431396	1.623114	2.90172	1.780708
21888	-2652.844	-3276.826	623.9822	0.40596	0.168988	0.175647	0.249405	1.431396	1.603903	2.90172	1.053864
21894	-2658.038	-3284.735	626.6963	0.473993	0.166259	0.306803	0.0529457	0.8265986	1.755344	1.927281	0.2449133
21900	-2655.077	-3281.329	626.2527	0.471352	0.217591	0.305094	0.00596334	1.050337	1.719321	2.085395	0.204938
21906	-2658.404	-3284.851	626.4471	0.439569	0.299086	0.248372	0.0129724	0.7582465	1.847862	2.066814	0.199537
21912	-2654.348	-3278.361	624.0132	0.410193	0.1305	0.205349	0.253959	0.9377744	1.590372	2.983382	1.389817
21918	-2642.554	-3266.457	623.9027	0.444257	0.141337	0.222402	0.192003	1.152508	1.602025	2.983382	1.265197
21924	-2639.904	-3263.626	623.7225	0.440648	0.235417	0.127052	0.196883	1.289378	1.592462	2.885387	1.516615
21930	-2649.662	-3273.306	623.6443	0.332475	0.248028	0.251534	0.167963	0.9251728	1.552552	3.292996	1.278391
21936	-2632.621	-3257.627	625.0061	0.346068	0.258169	0.220932	0.174831	0.5736183	1.739084	2.474501	1.469576
21942	-2616.402	-3239.779	623.3772	0.393118	0.293268	0.250969	0.0626443	0.5138435	1.576123	2.995512	2.843963
21948	-2617.954	-3240.47	622.5161	0.38463	0.181442	0.39517	0.0387574	1.205787	1.589008	3.251229	2.402111
21954	-2638.753	-3262.122	623.369	0.260812	0.192726	0.402858	0.143605	0.7960112	1.646712	3.564871	1.119927
21960	-2641.651	-3264.378	622.7275	0.331249	0.427487	0.0855	0.155765	0.7131071	1.631962	3.384616	2.425057
21966	-2647.555	-3269.782	622.2272	0.23537	0.363149	0.23493	0.166551	1.61382	1.519472	3.634446	1.536409
21972	-2642.805	-3266.059	623.2538	0.305731	0.245417	0.30516	0.143692	1.341525	1.582294	2.943093	1.931154
21978	-2640.232	-3263.538	623.3059	0.311836	0.191069	0.279272	0.217823	1.379324	1.479582	3.539693	0.8269138
21984	-2636.414	-3258.666	622.2518	0.353793	0.216777	0.301524	0.127907	1.379324	1.471906	4.426831	0.3258326
21990	-2626.649	-3247.33	620.6805	0.391425	0.133467	0.333596	0.141512	1.229283	1.351856	4.953902	1.228459
21996	-2650.13	-3270.453	620.3237	0.459825	0.15679	0.224261	0.159124	1.229283	1.497918	3.939116	4.305775
22002	-2640.096	-3259.971	619.8756	0.498751	0.048835	0.131559	0.320855	1.449458	1.488415	3.939116	4.868846
22008	-2639.81	-3261.641	621.8309	0.585699	0.0501446	0.154494	0.209662	1.585422	1.619034	2.884282	4.006812
22014	-2639.24	-3262.703	623.4629	0.498694	0.0499742	0.153969	0.297363	1.308472	1.641438	2.884282	1.751479
22020	-2655.443	-3276.861	621.4183	0.318384	0.404224	0.00897935	0.268412	1.358663	1.517481	4.267558	1.451102
22026	-2654.681	-3277.669	622.9871	0.311913	0.420542	0.00458874	0.262956	1.971988	1.606575	3.135671	1.221619
22032	-2671.283	-3293.09	621.8068	0.431527	0.236499	0.00634846	0.325626	1.805939	1.579851	3.914269	1.221619
22038	-2652.096	-3273.651	621.5557	0.434363	0.308274	0.00639018	0.250973	2.098636	1.498358	3.923159	1.323901
22044	-2645.8	-3266.519	620.7195	0.483981	0.258962	0.0180989	0.238958	1.529281	1.519773	4.71515	1.178442
22050	-2627.448	-3249.297	621.8496	0.305162	0.346061	0.0294481	0.319329	2.334735	1.664772	3.405867	1.628726
22056	-2634.577	-3256.454	621.8778	0.287358	0.325871	0.0860721	0.300698	1.665838	1.865525	3.566198	1.628726
22062	-2633.287	-3255.682	622.3951	0.485512	0.247332	0.0425775	0.224578	1.559307	1.755473	3.566198	1.2657
22068	-2623.081	-3245.894	622.8123	0.348481	0.294659	0.0846847	0.272175	1.442966	1.755473	3.566198	0.9393112
22074	-2640.494	-3260.938	620.4438	0.306563	0.313617	0.0901333	0.289686	1.778906	1.684491	3.835185	3.163635
22080	-2643.613	-3265.545	621.9324	0.31082	0.222749	0.0913851	0.375046	1.258783	1.571662	3.956378	1.531581
22086	-2638.985	-3260.859	621.8739	0.226478	0.379144	0.142933	0.251446	1.384859	1.790127	3.927444	1.279024
22092	-2639.33	-3262.031	622.7002	0.282903	0.364174	0.0117111	0.341212	1.375442	1.74452	3.654405	0.9698562
22098	-2644.567	-3263.381	618.8136	0.453524	0.231275	0.043782	0.271419	1.291926	1.44241	5.5968	1.87999
22104	-2638.514	-3264.803	626.2887	0.349021	0.288039	0.185254	0.177686	0.8425091	1.876021	1.9097	0.6216322
22110	-2636.898	-3262.126	625.228	0.399915	0.177835	0.212268	0.209981	1.258155	1.799113	2.57042	0.2436872
22116	-2625.311	-3250.999	625.6881	0.41936	0.183826	0.199482	0.197333	1.096822	1.797987	2.378828	0.2436872
22122	-2634.116	-3260.102	625.9859	0.397469	0.156284	0.278479	0.167768	1.013374	1.691403	2.30951	0.2436872
22128	-2638.425	-3262.486	624.061	0.47424	0.155878	0.25673	0.113151	1.376332	1.594678	3.332117	0.2436872
22134	-2620.043	-3244.754	624.712	0.534924	0.10964	0.29549	0.0599456	1.023172	1.552806	3.165942	0.2851907
22140	-2630.074	-3254.297	624.2228	0.450896	0.141382	0.268374	0.139347	1.376886	1.603652	3.227899	0.2851907
22146	-2627.244	-3250.605	623.3602	0.416502	0.149804	0.247903	0.185792	1.251486	1.589301	3.804925	0.2180222
22152	-2636.026	-3259	622.9743	0.529594	0.147436	0.203069	0.119901	1.740995	1.585671	3.785509	0.2180222
22158	-2621.464	-3245.289	623.8253	0.425982	0.19446	0.26938	0.110178	1.531678	1.538913	3.422165	0.2315158
22164	-2632.846	-3257.337	624.4912	0.435933	0.199003	0.275673	0.0893913	1.243651	1.612813	3.138645	0.2583556
22170	-2642.982	-3265.762	622.7798	0.491611	0.0412281	0.338431	0.12873	1.393957	1.686136	3.406095	1.378461
22176	-2631.745	-3254.631	622.8854	0.514047	0.0144725	0.34156	0.12992	1.484952	1.592059	3.406095	1.277701
22182	-2638.526	-3264.025	625.4987	0.53595	0.132276	0.29894	0.0328342	0.9880212	1.632129	2.667038	0.2384522
22188	-2638.471	-3264.755	626.2846	0.471179	0.11629	0.395194	0.0173376	0.7159414	1.638523	2.341781	0.2113805
22194	-2633.627	-3259.106	625.4789	0.458914	0.121428	0.367845	0.0518134	0.7258612	1.452371	2.952093	0.2287647
22200	-2631.401	-3256.057	624.6556	0.27737	0.234313	0.388335	0.0999817	1.044203	1.59691	3.164039	0.2440767
22206	-2640.336	-3265.093	624.757	0.50249	0.183673	0.235464	0.0783735	1.816231	1.667963	2.645291	0.2251376
22212	-2646.463	-3271.462	624.9991	0.490914	0.119555	0.257134	0.132397	1.271478	1.606162	2.802429	0.1865795
22218	-2647.514	-3272.189	624.6754	0.465963	0.188185	0.244065	0.101787	1.372536	1.606162	2.95566	0.2115035
22224	-2648.117	-3272.828	624.7115	0.464972	0.23202	0.300916	0.00209182	1.28606	1.640093	2.960743	0.2115035
22230	-2645.937	-3270.887	624.9498	0.418301	0.292887	0.28693	0.00188186	1.128955	1.600053	2.934896	0.2773175
22236	-2657.229	-3280.622	623.3924	0.418439	0.292984	0.287025	0.00155186	0.8788846	1.268636	4.170171	0.3230592
22242	-2629.061	-3253.887	624.8262	0.209748	0.392575	0.384591	0.0130864	0.5675117	1.430854	3.43943	0.3230592
22248	-2646.379	-3270.777	624.3987	0.243766	0.283263	0.458105	0.0148661	0.5675117	1.565263	3.611185	0.3198316
22254	-2647.167	-3271.436	624.2691	0.303073	0.256058	0.414108	0.0267611	0.6913302	1.465107	3.611185	0.4475129
22260	-2656.812	-3279.366	622.5534	0.26136	0.262787	0.396707	0.0791459	0.7325212	1.441654	4.588133	0.4268414
22266	-2633.587	-3256.272	622.685	0.291427	0.341949	0.296751	0.0698727	0.7193175	1.395108	4.437362	0.6233599
22272	-2619.57	-3241.936	622.3657	0.326939	0.230111	0.332911	0.110038	0.7036096	1.588129	4.218363	1.141388
22278	-2647.193	-3269.579	622.3859	0.385616	0.211779	0.306389	0.0962159	0.8617264	1.477412	4.218363	1.063693
22284	-2645.267	-3269.116	623.849	0.369949	0.255776	0.283831	0.0904443	1.590546	1.54314	3.375145	0.2825572
22290	-2632.884	-3258.232	625.3481	0.319941	0.290628	0.312589	0.0768421	0.7199518	1.621489	2.875594	0.423075
22296	-2633.781	-3258.214	624.4334	0.316007	0.287054	0.308745	0.0881933	0.6951501	1.536314	3.534105	0.3044965
22302	-2657.332	-3280.455	623.1231	0.306705	0.426635	0.180298	0.0863608	1.315448	1.394099	4.021143	0.278404
22308	-2670.099	-3293.414	623.3145	0.417019	0.220412	0.245147	0.117422	1.388553	1.37113	3.882666	0.3000982
22314	-2682.653	-3305.911	623.258	0.379961	0.24201	0.295373	0.0826573	1.18252	1.480707	3.964292	0.283599
22320	-2679.448	-3305.549	626.1011	0.367448	0.197648	0.352389	0.0825153	0.7898399	1.756683	2.33742	0.283599
22326	-2662.263	-3289.071	626.8078	0.343184	0.250629	0.32912	0.0770666	0.4466436	1.756683	2.100417	0.1982471
22332	-2644.135	-3271.002	626.8665	0.21044	0.418947	0.296628	0.0739851	0.4164337	1.756683	2.093084	0.2584796
22338	-2644.339	-3271.188	626.8484	0.198618	0.501805	0.279963	0.0196148	0.4164337	1.756683	2.093084	0.3151816
22344	-2638.488	-3265.227	626.7389	0.0645313	0.488195	0.436656	0.0106175	0.4261649	1.779308	2.155984	0.2422913
22350	-2644.044	-3270.196	626.1525	0.0769714	0.582308	0.329308	0.0114134	0.4261396	1.779308	2.404968	0.5269965
22356	-2653.838	-3279.808	625.9702	0.215759	0.557243	0.195004	0.031993	0.3966514	1.689202	2.591265	0.5269965
22362	-2640.789	-3267.39	626.6017	0.118182	0.305228	0.552831	0.0237593	0.3966514	1.706821	2.307593	0.2426231
22368	-2638.266	-3265.212	626.9467	0.333875	0.362882	0.270228	0.0330154	0.2156715	1.673432	2.135407	0.1963308
22374	-2650.727	-3274.581	623.8538	0.311479	0.346722	0.27945	0.0623484	0.4905295	1.64248	3.683205	0.7596866
22380	-2648.947	-3272.868	623.9216	0.355658	0.254351	0.267529	0.122462	1.409982	1.713463	3.280405	0.4009136
22386	-2660.096	-3281.923	621.8267	0.482293	0.0302106	0.333779	0.153717	1.409982	1.571928	3.599422	2.29384
22392	-2662.984	-3285.752	622.7688	0.519154	0.0325196	0.13938	0.308946	1.694601	1.827678	2.923796	1.890224
22398	-2664.122	-3287.261	623.1397	0.577238	0.0196688	0.125318	0.277775	1.357688	1.692608	2.331446	3.451169
22404	-2658.519	-3280.248	621.7291	0.417008	0.0228215	0.198855	0.361315	0.9311174	1.662211	2.806169	5.808528
22410	-2650.653	-3273.374	622.721	0.531637	0.0153249	0.133533	0.319505	1.380305	1.562356	3.15355	2.154664
22416	-2658.634	-3280.321	621.6868	0.628195	0.0444307	0.254258	0.0731161	1.294847	1.540273	3.200511	3.907001
22422	-2646.791	-3269.48	622.6882	0.135386	0.224693	0.499257	0.140664	1.62882	1.349134	3.945625	0.6654887
22428	-2643.547	-3267.014	623.4672	0.318271	0.200362	0.375555	0.105812	1.040807	1.426288	3.631935	0.8767729
22434	-2641.602	-3265.66	624.0582	0.472605	0.0708435	0.338561	0.117991	1.080656	1.434439	3.227988	0.9271695
22440	-2639.732	-3263.137	623.4053	0.538858	0.0807748	0.351142	0.0292247	0.64665	1.631467	3.462614	1.459661
22446	-2636.94	-3260.16	623.2202	0.459394	0.0688632	0.374121	0.0976217	1.225436	1.717696	2.675045	2.56086
22452	-2641.159	-3264.864	623.7042	0.46851	0.0702297	0.361429	0.0998311	1.414013	1.837916	2.368759	2.147288
22458	-2649.716	-3272.089	622.3737	0.557435	0.080274	0.259303	0.102987	1.188392	1.564873	3.125752	3.022255
22464	-2653.822	-3276.901	623.0797	0.353673	0.309572	0.124747	0.212008	1.976151	1.593444	3.251018	0.9380043
22470	-2651.758	-3274.154	622.3955	0.371846	0.249131	0.131158	0.247865	1.4077	1.586528	3.696601	1.347891
22476	-2640.794	-3264.511	623.7175	0.336111	0.251662	0.104384	0.307843	1.996386	1.712745	2.731928	1.029514
22482	-2648.234	-3270.056	621.8222	0.304676	0.196445	0.0973616	0.401518	1.996386	1.475179	3.279198	2.54502
22488	-2639.149	-3260.819	621.6692	0.508211	0.236789	0.0512599	0.203741	1.649343	1.665894	3.763389	1.727905
22494	-2640.82	-3261.805	620.9849	0.514171	0.150701	0.0408813	0.294247	1.601448	1.520712	3.682119	3.220973
22500	-2650.855	-3271.88	621.0248	0.49995	0.230139	0.0403967	0.229514	1.56282	1.672217	4.025235	2.056405
22506	-2647.379	-3268.836	621.4569	0.442799	0.293922	0.0532234	0.210056	1.117159	1.3706	4.126764	2.186722
22512	-2613.76	-3234.36	620.5998	0.442268	0.226108	0.0980614	0.233563	1.668417	1.56093	4.081104	2.559188
22518	-2635.483	-3256.935	621.4525	0.400758	0.138574	0.174247	0.286421	1.668417	1.496412	4.281932	1.119753
22524	-2641.864	-3263.607	621.7437	0.449926	0.118797	0.185733	0.245544	2.454661	1.78145	3.378188	1.574569
22530	-2633.587	-3254.024	620.4374	0.517263	0.102987	0.164717	0.215033	2.127384	1.619489	4.353521	1.574569
22536	-2636.091	-3257.666	621.575	0.440907	0.25207	0.0594515	0.247572	1.554065	1.580905	4.17102	1.207955
22542	-2661.598	-3282.602	621.0039	0.446656	0.115733	0.122753	0.314858	1.19047	1.410382	4.565398	1.625062
22548	-2652.653	-3273.214	620.561	0.499915	0.119601	0.246789	0.133696	1.712878	1.369225	4.036523	2.993384
22554	-2626.845	-3248.722	621.8762	0.44763	0.241759	0.0836507	0.22696	1.712878	1.77162	3.198057	2.557422
22560	-2640.518	-3264.61	624.0916	0.309985	0.300981	0.20036	0.188674	1.172837	1.685119	2.919256	1.071054
22566	-2614.352	-3238.036	623.684	0.375344	0.282943	0.113258	0.228454	1.346324	1.58306	3.04998	1.207688
22572	-2643.611	-3265.727	622.1165	0.346981	0.396874	0.0149972	0.241148	1.297125	1.459682	3.724391	1.896275
22578	-2673.714	-3296.422	622.7085	0.265148	0.539117	0.0114603	0.184275	1.578053	1.662252	3.581575	0.9932703
22584	-2672.012	-3293.854	621.8415	0.231929	0.518356	0.0284338	0.221281	2.246144	1.579101	3.645119	1.334863
22590	-2661.522	-3283.951	622.4289	0.231508	0.517417	0.0301938	0.22088	1.96385	1.707008	3.645119	0.8146497
22596	-2651.285	-3273.719	622.4339	0.274195	0.474213	0.0491557	0.202437	1.332153	1.444013	3.909061	1.136226
22602	-2655.458	-3278.384	622.926	0.25761	0.508501	0.0421725	0.191717	1.415792	1.403048	3.852887	0.7151682
22608	-2642.126	-3263.893	621.7668	0.407623	0.327912	0.140834	0.123631	1.473999	1.552672	3.994214	1.445227
22614	-2639.314	-3262.329	623.0144	0.361315	0.329294	0.185239	0.124152	1.303107	1.459627	3.672534	0.9746856
22620	-2623.1	-3248.877	625.7766	0.353408	0.30955	0.319579	0.0174625	0.4927808	1.66773	2.534517	0.734366
22626	-2629.434	-3254.166	624.7321	0.218307	0.388808	0.275163	0.117721	0.4927808	1.728506	2.668711	1.532277
22632	-2641.445	-3266.445	625.0001	0.145913	0.454703	0.309884	0.0894997	0.4980065	1.704987	2.668711	1.252002
22638	-2645.537	-3270.463	624.9257	0.0615734	0.70995	0.105426	0.123051	0.5658171	1.790849	2.619075	1.252002
22644	-2658.779	-3283.874	625.0947	0.171528	0.637757	0.085116	0.105598	0.5289878	1.711192	2.619075	1.197112
22650	-2632.04	-3254.486	622.4453	0.247413	0.431022	0.181081	0.140484	0.5193704	1.65928	3.797056	2.068345
22656	-2642.367	-3263.79	621.4233	0.247413	0.431022	0.181081	0.140484	0.6885322	1.616537	4.49768	1.628731
22662	-2636.58	-3259.262	622.6815	0.227023	0.328562	0.254436	0.18998	1.19593	1.51483	3.865752	1.016809
22668	-2638.198	-3260.07	621.8723	0.374088	0.339899	0.0888917	0.197121	1.739575	1.568083	3.990178	1.082291
22674	-2630.748	-3252.273	621.5259	0.269157	0.277908	0.0726796	0.380255	1.535671	1.484333	4.393499	0.970333
22680	-2626.807	-3248.42	621.6132	0.249459	0.274925	0.119043	0.356572	1.31157	1.629748	3.996029	1.703379
22686	-2655.194	-3277.936	622.7421	0.467895	0.301341	0.0653443	0.16542	1.544407	1.546728	3.281633	1.679729
22692	-2643.081	-3262.682	619.6007	0.411842	0.303317	0.0750778	0.209763	1.686303	1.464552	4.549748	2.959965
22698	-2645.848	-3265.892	620.0442	0.340965	0.342451	0.0621569	0.254428	1.874909	1.389219	4.76575	1.669578
22704	-2662.546	-3282.733	620.1868	0.413587	0.198952	0.138204	0.249257	1.394881	1.510373	4.666825	2.070455
22710	-2656.736	-3276.587	619.8519	0.405439	0.190907	0.164476	0.239178	1.390828	1.508989	5.288428	1.144343
22716	-2646.915	-3267.642	620.7269	0.456152	0.123038	0.237284	0.183526	2.659317	1.553229	4.057363	1.498765
22722	-2644.312	-3266.252	621.9403	0.35106	0.222261	0.240593	0.186086	1.793284	1.706147	3.940178	0.9206109
22728	-2641.874	-3263.923	622.0486	0.469794	0.0829139	0.19827	0.249022	1.447582	1.708285	3.717233	1.523399
22734	-2631.392	-3253.072	621.6795	0.38922	0.101468	0.303	0.206313	1.713327	1.570047	4.185072	0.9516388
22740	-2624.661	-3245.813	621.1522	0.418059	0.107722	0.277302	0.196917	1.64677	1.531662	4.314056	1.362419
22746	-2638.275	-3259.193	620.9174	0.400534	0.136749	0.273718	0.189	2.090605	1.487747	4.314056	1.288889
22752	-2647.004	-3267.793	620.7897	0.421128	0.274042	0.106113	0.198718	1.692705	1.552855	4.506162	1.321401
22758	-2630.627	-3250.663	620.0365	0.275283	0.213265	0.203423	0.308029	1.938376	1.552855	5.000719	0.9812275
22764	-2626.982	-3249.647	622.6648	0.384393	0.242443	0.100353	0.272811	1.633259	1.810183	3.565135	0.8732528
22770	-2660.468	-3283.144	622.6757	0.46693	0.226659	0.0933709	0.21304	1.432039	1.513253	3.201794	2.109442
22776	-2669.54	-3290.885	621.3449	0.48479	0.230252	0.0702201	0.214738	1.528795	1.517265	4.075423	1.765026
22782	-2638.182	-3260.208	622.0269	0.418431	0.264094	0.080541	0.236934	1.726286	1.547399	3.781488	1.337916
22788	-2628.238	-3250.687	622.449	0.37027	0.319208	0.100858	0.209664	1.915244	1.719221	2.966763	2.133567
22794	-2650.072	-3272.325	622.2535	0.532213	0.143886	0.0225378	0.301363	2.79447	1.572135	3.219668	1.288797
22800	-2634.974	-3258.178	623.2033	0.415526	0.256054	0.0931297	0.23529	1.336394	1.572135	3.081215	1.721335
22806	-2632.026	-3256.166	624.1395	0.323532	0.401894	0.0963407	0.178233	1.191902	1.630233	2.817956	1.23432
22812	-2635.005	-3259.05	624.0451	0.369853	0.193137	0.129724	0.307287	1.709036	1.681529	2.596563	1.18209
22818	-2647.513	-3270.974	623.4603	0.423412	0.221105	0.164788	0.190694	1.652445	1.664443	2.666535	1.79907
22824	-2648.671	-3272.658	623.9873	0.412941	0.192032	0.119323	0.275704	1.250939	1.595109	2.783258	1.443106
22830	-2655.264	-3277.602	622.3377	0.498671	0.180735	0.0911033	0.229491	1.678222	1.862115	3.641564	0.9775742
22836	-2636.977	-3259.807	622.8298	0.380859	0.290273	0.0990365	0.229831	1.678222	1.764999	3.363221	1.060225
22842	-2643.749	-3267.045	623.2961	0.388294	0.294543	0.0489775	0.268185	1.660224	1.624476	3.339806	0.7940169
22848	-2637.97	-3259.087	621.1165	0.350249	0.324199	0.0303641	0.295188	1.474373	1.678505	4.087885	1.882151
22854	-2655.952	-3278.423	622.471	0.286393	0.469933	0.0698053	0.173869	2.274005	1.841938	3.517662	0.6405558
22860	-2633.924	-3258.679	624.7556	0.30459	0.277545	0.137789	0.280076	1.473667	1.666782	2.823074	0.2475267
22866	-2638.386	-3262.2	623.8136	0.394401	0.296343	0.0901572	0.219099	2.147305	1.620652	3.09244	0.2891933
22872	-2652.811	-3276.82	624.0091	0.395071	0.18468	0.153873	0.266376	1.617439	1.561245	3.060276	0.6589186
22878	-2633.551	-3255.891	622.3398	0.319453	0.159963	0.200895	0.319689	1.334579	1.600196	3.97972	0.9462788
22884	-2642.837	-3265.544	622.7068	0.242499	0.378665	0.146194	0.232642	1.920119	1.512639	3.169958	1.624788
22890	-2618.453	-3241.194	622.741	0.247687	0.386766	0.149322	0.216225	0.861472	1.638573	3.796333	1.298328
22896	-2613.905	-3236.103	622.1977	0.321783	0.292891	0.104416	0.28091	1.44691	1.514283	3.796333	1.418032
22902	-2646.072	-3267.003	620.9304	0.416284	0.296542	0.084492	0.202682	1.105797	1.450175	4.575804	1.742787
22908	-2640.43	-3263.469	623.0396	0.411086	0.327242	0.093239	0.168433	1.377103	1.61662	3.532213	0.9673093
22914	-2639.886	-3264.08	624.194	0.467639	0.131339	0.209418	0.191605	1.500907	1.882666	2.390422	1.348165
22920	-2645.998	-3267.059	621.0608	0.355454	0.168404	0.268518	0.207623	1.213559	1.676625	3.781188	3.118542
22926	-2641.956	-3263.055	621.0991	0.333212	0.278509	0.102241	0.286038	1.940235	1.639963	3.55722	2.740642
22932	-2657.294	-3277.767	620.4736	0.462057	0.257005	0.0739763	0.206962	1.234366	1.456217	5.147547	0.9699889
22938	-2634.337	-3256.299	621.9623	0.29028	0.233576	0.205063	0.271082	1.766402	1.732286	3.861371	1.030514
22944	-2646.946	-3269.263	622.3167	0.261765	0.340205	0.237421	0.160609	1.503818	1.555928	3.263796	2.318723
22950	-2647.11	-3270.702	623.5913	0.263759	0.349779	0.118953	0.267509	2.195118	1.661102	2.834791	0.8942124
22956	-2641.973	-3264.948	622.975	0.296754	0.323207	0.109916	0.270123	1.890163	1.552326	3.33038	1.014413
22962	-2640.57	-3263.916	623.3458	0.27295	0.340507	0.138089	0.248454	1.415602	1.653123	3.466785	0.7121871
22968	-2645.094	-3268.048	622.9548	0.412916	0.206995	0.226685	0.153404	1.416408	1.684615	3.224736	1.509117
22974	-2637.863	-3260.479	622.6159	0.361177	0.245809	0.187241	0.205773	1.425764	1.66851	3.653389	1.088194
22980	-2631.563	-3254.684	623.1213	0.35276	0.24008	0.182877	0.224282	1.375569	1.566377	3.707097	0.6492418
22986	-2625.334	-3248.232	622.8977	0.449975	0.128841	0.219246	0.201938	1.54362	1.667772	3.664409	0.6957556
22992	-2639.477	-3263.15	623.6726	0.321464	0.335512	0.134791	0.208233	1.484504	1.820829	2.995468	0.9444418
22998	-2655.33	-3278.814	623.4838	0.434802	0.241349	0.144317	0.179532	1.247874	1.724446	3.29584	0.9369664
23004	-2639.563	-3261.066	621.5035	0.503642	0.124086	0.120304	0.251968	1.511129	1.61255	4.294441	1.061189
23010	-2629.087	-3250.042	620.9551	0.45391	0.123397	0.0937785	0.328914	1.652627	1.554109	4.711714	0.8111372
23016	-2638.472	-3261.446	622.9747	0.472737	0.128516	0.0976682	0.30108	1.673831	1.823169	3.326307	0.9238632
23022	-2650.462	-3272.756	622.2938	0.366664	0.156782	0.168839	0.307715	1.984068	1.670869	3.282195	1.644548
23028	-2625.246	-3247.247	622.001	0.418721	0.179041	0.226995	0.175243	1.424459	1.683433	3.839122	1.387452
23034	-2629.585	-3252.949	623.3645	0.381996	0.190731	0.241816	0.185456	1.206381	1.767336	3.193496	1.232473
23040	-2639.794	-3262.388	622.5942	0.359188	0.279148	0.0902363	0.271428	1.669792	1.925303	3.387677	1.101741
23046	-2660.151	-3281.716	621.5646	0.471622	0.178754	0.159921	0.189702	1.523891	1.871908	3.450995	2.465754
23052	-2648.954	-3272.504	623.5497	0.338432	0.17754	0.120878	0.36315	1.727888	1.655451	3.193497	0.7068091
23058	-2640.805	-3263.432	622.6266	0.46183	0.158674	0.072054	0.307442	1.6299	1.583864	3.358393	1.531587
23064	-2631.851	-3253.713	621.8619	0.45824	0.122638	0.11407	0.305052	2.106992	1.588498	3.877724	0.9858489
23070	-2642.734	-3265.017	622.2834	0.252817	0.351124	0.0623241	0.333734	1.773254	1.608115	3.877724	0.804455
23076	-2632.224	-3252.758	620.5345	0.265895	0.310235	0.204006	0.219865	1.516182	1.384016	5.118467	0.7870837
23082	-2636.828	-3256.119	619.2911	0.313398	0.288009	0.139449	0.259145	1.795152	1.517829	5.164349	1.633552
23088	-2642.86	-3264.743	621.8829	0.550532	0.203789	0.0863116	0.159368	1.348211	1.414183	4.070643	1.445045
23094	-2645.903	-3266.224	620.3205	0.492788	0.135783	0.225796	0.145633	1.761363	1.438027	4.578811	1.791299
23100	-2657.152	-3282.771	625.6186	0.508246	0.113743	0.359081	0.0189311	0.6560606	1.644519	2.797805	0.2445623
23106	-2666.232	-3292.041	625.8091	0.508795	0.120795	0.35186	0.0185504	0.5571374	1.626461	2.754513	0.2307344
23112	-2647.003	-3271.792	624.7894	0.385108	0.17496	0.400253	0.0396788	0.5943771	1.708641	3.227052	0.4414603
23118	-2658.061	-3282.817	624.7558	0.386386	0.104408	0.395899	0.113307	1.048635	1.539178	3.135011	0.2725546
23124	-2656.87	-3281.038	624.1682	0.370032	0.142313	0.379143	0.108512	1.411162	1.555445	3.24868	0.3548713
23130	-2655.104	-3277.532	622.4276	0.370032	0.142313	0.379143	0.108512	1.518525	1.469357	4.011552	0.7772986
23136	-2652.776	-3276.886	624.1098	0.46529	0.102379	0.279743	0.152587	1.034568	1.578227	3.484995	0.1895124
23142	-2664.968	-3287.551	622.5826	0.442438	0.109882	0.0748406	0.372839	1.152893	1.557785	3.294169	2.31798
23148	-2650.138	-3270.94	620.8022	0.42583	0.078377	0.229854	0.26594	1.526821	1.50918	3.78085	3.373756
23154	-2651.483	-3274.577	623.0938	0.503559	0.0844532	0.247673	0.164314	1.395324	1.435774	3.332776	1.446182
23160	-2643.501	-3266.393	622.8918	0.523737	0.0233337	0.246795	0.206134	1.395619	1.604646	3.083682	2.005983
23166	-2660.574	-3280.609	620.0352	0.550733	0.0364841	0.227127	0.185656	2.011749	1.716823	2.836542	7.618761
23172	-2654.175	-3275.807	621.6321	0.425619	0.252471	0.124686	0.197225	1.219074	1.34627	4.727073	0.7018739
23178	-2646.619	-3268.941	622.3223	0.34765	0.260511	0.188333	0.203506	1.360119	1.619887	3.899712	1.060849
23184	-2646.786	-3268.16	621.3743	0.523158	0.0237353	0.0917874	0.361319	1.522511	1.613679	3.326716	3.569816
23190	-2656.117	-3277.822	621.7056	0.53898	0.00996776	0.0945634	0.356488	1.450115	1.465421	3.594548	2.591191
23196	-2639.295	-3260.638	621.3435	0.477183	0.101868	0.0837211	0.337227	2.197268	1.577399	3.200474	3.129904
23202	-2639.477	-3260.923	621.446	0.387526	0.0827286	0.137345	0.3924	3.439835	1.577399	3.231206	1.760633
23208	-2656.877	-3280.608	623.7312	0.232724	0.45981	0.0361265	0.27134	1.600658	1.48708	3.231206	0.7331583
23214	-2667.272	-3290.359	623.087	0.209674	0.473623	0.0372117	0.279491	1.301594	1.481039	3.274779	1.615329
23220	-2653.81	-3277.615	623.8049	0.440456	0.268282	0.132945	0.158317	1.270648	1.677726	2.743108	1.615329
23226	-2655.084	-3279.022	623.9384	0.345207	0.205521	0.228989	0.220282	1.407759	1.790626	2.494588	1.653406
23232	-2666.878	-3291.308	624.4306	0.371709	0.251832	0.0539996	0.322459	1.323243	1.696346	2.334597	1.571613
23238	-2664.981	-3289.741	624.7599	0.423964	0.187817	0.223385	0.164834	1.130457	1.765553	2.553356	0.9603087
23244	-2661.678	-3286.376	624.6979	0.44037	0.195085	0.232029	0.132517	1.017575	1.657531	2.553356	1.249409
23250	-2690.298	-3311.732	621.4335	0.55694	0.0896727	0.181798	0.171589	1.02137	1.40226	4.067092	2.461267
23256	-2673.58	-3294.684	621.1037	0.601707	0.0164045	0.196411	0.185478	1.542527	1.314091	3.764246	3.212934
23262	-2648.972	-3272.266	623.2935	0.563817	0.0294993	0.270964	0.13572	1.426551	1.748828	2.428771	2.729624
23268	-2622.764	-3246.417	623.6526	0.46389	0.11186	0.22294	0.201309	1.426551	1.548677	2.981229	1.325439
23274	-2627.554	-3249.347	621.7936	0.517702	0.126563	0.265284	0.0904502	1.656748	1.596782	3.686051	1.818791
23280	-2631.577	-3254.122	622.5448	0.437759	0.0111732	0.353948	0.19712	1.20914	1.511164	3.556474	1.758432
23286	-2634.63	-3255.252	620.6215	0.501701	0.0954631	0.228518	0.174318	1.502873	1.533107	4.086378	2.771304
23292	-2646.749	-3268.465	621.7156	0.478882	0.148532	0.120484	0.252102	1.590887	1.577422	4.086378	1.187356
23298	-2652.003	-3273.704	621.7011	0.40933	0.159065	0.221441	0.210164	1.009409	1.377265	4.520634	1.166424
23304	-2660.688	-3282.918	622.2297	0.374976	0.162659	0.38786	0.0745043	1.198919	1.788876	4.102718	0.7831895
23310	-2649.921	-3273.6	623.6785	0.221431	0.295647	0.4141	0.0688214	1.160122	1.535415	3.30464	0.9985555
23316	-2647.867	-3272.048	624.1814	0.239681	0.192686	0.448229	0.119404	0.8518063	1.549536	3.0892	1.155948
23322	-2643.162	-3267.834	624.6721	0.440972	0.189984	0.209691	0.159352	1.211283	1.799336	2.437359	1.12488
23328	-2650.367	-3274.864	624.4977	0.392985	0.27318	0.209339	0.124496	1.130532	1.8619	2.404449	1.384455
23334	-2647.316	-3272.811	625.4946	0.403774	0.28517	0.182304	0.128752	1.017351	1.855409	1.794971	1.437493
23340	-2633.72	-3258.114	624.3939	0.322295	0.130781	0.382683	0.164241	1.017351	1.795326	2.078321	2.397299
23346	-2645.409	-3269.28	623.8705	0.249051	0.353017	0.278433	0.119499	0.6037902	1.644898	2.958153	1.974636
23352	-2633.593	-3257.142	623.5489	0.249051	0.353017	0.278433	0.119499	0.7823603	1.420981	3.614676	1.09357
23358	-2630.052	-3255.544	625.4911	0.161081	0.415602	0.268149	0.155167	0.405501	1.621933	2.497789	1.20296
23364	-2644.858	-3269.288	624.4304	0.166387	0.430923	0.276981	0.125709	0.4618551	1.552369	2.745685	2.010543
23370	-2633.758	-3258.742	624.9841	0.23573	0.295356	0.39633	0.0725832	0.5852429	1.587242	2.745685	1.165859
23376	-2648.95	-3269.613	620.6633	0.254825	0.319281	0.36679	0.0591044	0.6049347	1.460323	5.320308	1.10278
23382	-2647.084	-3268.691	621.6072	0.178327	0.375095	0.283364	0.163214	0.7720497	1.483155	4.892711	0.7377121
23388	-2628.517	-3248.557	620.0394	0.312437	0.362505	0.273852	0.0512056	0.8757941	1.553564	4.599124	3.183597
23394	-2636.919	-3259.763	622.8439	0.429007	0.135023	0.355344	0.0806258	0.7596981	1.721661	3.786113	1.231535
23400	-2640.546	-3263.018	622.4722	0.447857	0.203594	0.261945	0.0866041	0.5701389	1.424533	4.317505	1.165232
23406	-2648.307	-3269.634	621.3269	0.26757	0.200675	0.399629	0.132125	0.6203519	1.51205	3.643214	4.546891
23412	-2673.292	-3293.749	620.457	0.384112	0.0186912	0.314355	0.282842	1.662665	1.403974	4.582193	1.755747
23418	-2664.967	-3287.96	622.9928	0.483167	0.0235113	0.13754	0.355782	1.253414	1.552308	2.954162	2.422398
23424	-2632.388	-3254.659	622.2708	0.275374	0.25956	0.286654	0.178412	0.6187134	1.589201	4.245069	1.286727
23430	-2661.141	-3285.684	624.5426	0.445654	0.0897326	0.24334	0.221273	0.8709588	1.73112	2.424684	1.754625
23436	-2645.32	-3266.363	621.0434	0.455712	0.101442	0.192699	0.250147	1.379329	1.804745	3.174929	4.625064
23442	-2644.39	-3264.567	620.1771	0.511287	0.0449707	0.163089	0.280654	1.799734	1.629021	3.92718	3.420326
23448	-2650.123	-3274.331	624.208	0.470129	0.136193	0.284445	0.109233	0.9619171	1.593509	3.195877	0.7951747
23454	-2645.665	-3269.316	623.651	0.491386	0.119629	0.240143	0.148842	1.170935	1.791716	2.950868	1.373423
23460	-2634.454	-3257.547	623.0937	0.456011	0.12795	0.256846	0.159194	1.105254	1.495551	3.730064	0.9466869
23466	-2631.126	-3252.092	620.9667	0.428996	0.113484	0.247411	0.210108	1.751841	1.366118	4.755112	0.8283385
23472	-2616.226	-3237.074	620.8479	0.465663	0.049863	0.268558	0.215917	1.46659	1.538459	4.743323	1.030717
23478	-2605.924	-3228.535	622.6108	0.40239	0.120646	0.264395	0.21257	1.636808	1.687679	3.660981	0.8814042
23484	-2625.2	-3249.42	624.2198	0.365102	0.279317	0.239894	0.115687	1.02167	1.748215	3.008944	0.8789581
23490	-2640.38	-3263.563	623.183	0.301246	0.382229	0.0984264	0.218099	1.065626	1.639616	3.526774	1.103635
23496	-2631.936	-3253.973	622.0371	0.36315	0.293686	0.0578801	0.285284	1.243136	1.579787	4.251701	0.8771406
23502	-2657.797	-3280.012	622.2153	0.536864	0.196734	0.0906408	0.175761	1.361276	1.737626	3.737338	1.347904
23508	-2631.415	-3253.834	622.4193	0.362319	0.132772	0.242329	0.262579	1.685725	1.877539	3.619954	0.91267
23514	-2629.15	-3250.362	621.2123	0.345821	0.290006	0.213185	0.150988	1.266555	1.666535	4.16213	1.846203
23520	-2634.457	-3257.554	623.0969	0.321091	0.268508	0.288936	0.121464	0.5514849	1.459541	3.853367	1.353124
23526	-2634.064	-3256.916	622.8518	0.353894	0.111556	0.44597	0.0885803	1.685798	1.538401	3.910512	0.2808366
23532	-2635.163	-3258.566	623.4034	0.320229	0.18713	0.36591	0.126731	1.274223	1.538401	3.800537	0.2352227
23538	-2634.439	-3258.517	624.0776	0.484617	0.15032	0.293933	0.0711289	1.650257	1.546205	3.211533	0.238462
23544	-2635.718	-3260.882	625.1643	0.474123	0.053228	0.403061	0.0695886	1.031925	1.701972	2.796537	0.2977133
23550	-2655.442	-3280.667	625.2257	0.467629	0.0718386	0.334653	0.12588	1.097852	1.657945	2.714083	0.3818678
23556	-2674.298	-3298.93	624.6318	0.349446	0.117881	0.431854	0.100819	1.363321	1.69761	2.892011	0.3986569
23562	-2628.371	-3253.761	625.3907	0.388104	0.224222	0.346509	0.0411657	1.186059	1.764828	2.532785	0.2502597
23568	-2618.194	-3243.006	624.8121	0.372977	0.215482	0.37198	0.0395611	1.129144	1.649087	2.964666	0.354258
23574	-2622.028	-3245.592	623.5644	0.417962	0.0936171	0.416846	0.0715745	1.413511	1.684864	3.490598	0.4289241
23580	-2614.157	-3238.566	624.4082	0.323023	0.295806	0.345062	0.0361086	0.9819757	1.732724	3.252623	0.3259392
23586	-2623.557	-3249.612	626.0542	0.316776	0.290086	0.338389	0.0547479	0.8094718	1.746673	2.357312	0.2975514
23592	-2617.911	-3243.277	625.3654	0.239965	0.263955	0.437231	0.0588502	0.5070593	1.703781	3.002527	0.2975514
23598	-2618.774	-3243.239	624.4649	0.174164	0.493552	0.276894	0.0553901	0.3457224	1.666226	3.638333	0.2975514
23604	-2627.271	-3253.862	626.5915	0.188642	0.446477	0.299913	0.0649688	0.4325057	1.735322	2.245699	0.3612613
23610	-2638.85	-3264.429	625.5793	0.296845	0.331229	0.335803	0.0361229	0.6613915	1.71729	2.762949	0.3149434
23616	-2645.94	-3272.182	626.242	0.33391	0.317961	0.326954	0.021175	0.5859184	1.87587	2.300527	0.3149434
23622	-2638.613	-3265.125	626.5121	0.424011	0.202196	0.346904	0.0268888	0.6868616	1.905915	2.025895	0.1853583
23628	-2619.217	-3246.442	627.2244	0.241544	0.358321	0.37997	0.020164	0.4833124	1.905915	1.690871	0.3213465
23634	-2620.621	-3247.256	626.6346	0.168131	0.32425	0.486087	0.0215318	0.5142415	2.0089	1.879006	0.5357456
23640	-2615.87	-3243.245	627.3741	0.0386779	0.560974	0.377701	0.022647	0.3292625	2.0089	1.612553	0.287659
23646	-2627.891	-3255.15	627.2591	0.0429041	0.52784	0.418972	0.0102837	0.4307189	2.069181	1.599732	0.243894
23652	-2631.322	-3258.346	627.0236	0.133187	0.491117	0.346696	0.0289991	0.424206	2.119763	1.547251	0.5895057
23658	-2612.363	-3239.49	627.1264	0.161746	0.356798	0.421036	0.0604196	0.4984313	2.119763	1.547251	0.4134199
23664	-2631.898	-3258.74	626.8427	0.340453	0.229669	0.304989	0.124889	0.9571519	1.970412	1.56275	0.3252998
23670	-2645.272	-3271.904	626.6318	0.38808	0.0620384	0.524412	0.0254693	0.864869	1.987484	1.783013	0.2777764
23676	-2653.947	-3280.775	626.8276	0.371583	0.110902	0.50212	0.0153945	0.8316315	2.065128	1.605987	0.3064375
23682	-2636.9	-3263.847	626.9472	0.387257	0.163628	0.428554	0.0205613	0.8547677	1.87645	1.64295	0.2168757
23688	-2623.655	-3250.35	626.6954	0.389128	0.242988	0.351041	0.0168424	0.9571812	1.947917	1.695725	0.2956554
23694	-2633.933	-3260.101	626.1681	0.404027	0.164038	0.271413	0.160521	1.480516	1.983981	1.695725	0.2956554
23700	-2627.397	-3253.627	626.2295	0.42921	0.181356	0.211967	0.177468	1.396878	1.983981	1.695725	0.197217
23706	-2639.971	-3267.043	627.0724	0.462865	0.170663	0.199469	0.167004	0.9543348	2.068631	1.326492	0.2179013
23712	-2642.566	-3269.214	626.648	0.386846	0.142634	0.374443	0.0960761	1.115601	2.021857	1.560137	0.2067261
23718	-2664.282	-3291.393	627.111	0.564786	0.0852884	0.261459	0.0884662	0.7124342	2.021857	1.468355	0.1549797
23724	-2647.724	-3274.407	626.683	0.479248	0.133907	0.221861	0.164984	0.7950483	1.906753	1.822845	0.174593
23730	-2638.761	-3265.536	626.7745	0.587239	0.129441	0.214462	0.0688577	0.8658149	1.879358	1.731642	0.1792975
23736	-2641.65	-3268.638	626.9875	0.550189	0.120315	0.21553	0.113966	0.8433232	1.856725	1.637023	0.2177796
23742	-2640.758	-3267.476	626.7181	0.275902	0.173172	0.354468	0.196457	0.8433232	1.965681	1.755269	0.2664691
23748	-2637.546	-3263.738	626.1918	0.29477	0.116628	0.378709	0.209892	1.315393	2.031898	1.755269	0.2493141
23754	-2625.748	-3252.424	626.676	0.331134	0.202723	0.301905	0.164238	0.8464502	1.951482	1.783661	0.2074065
23760	-2640.138	-3267.008	626.8701	0.418755	0.185558	0.367766	0.0279212	0.8995466	2.103997	1.494538	0.2074065
23766	-2639.171	-3266.511	627.3401	0.385793	0.194282	0.339707	0.0802183	0.5087267	2.037529	1.499253	0.2093613
23772	-2641.896	-3269.36	627.4635	0.375321	0.197448	0.363862	0.0633683	0.465292	2.069028	1.413793	0.2093613
23778	-2626.594	-3253.468	626.8749	0.335466	0.20322	0.374498	0.0868166	1.006551	1.988555	1.497212	0.2093613
23784	-2646.459	-3272.947	626.4884	0.395708	0.204163	0.297722	0.102407	1.339793	1.924742	1.595726	0.2093613
23790	-2638.13	-3264.571	626.4406	0.393178	0.100084	0.385161	0.121577	1.005338	1.897258	1.877373	0.2237109
23796	-2639.828	-3266.156	626.3283	0.494619	0.0872989	0.281735	0.136347	1.156423	1.982611	1.794396	0.2237109
23802	-2649.383	-3275.974	626.5906	0.440363	0.187416	0.250831	0.121391	0.8472906	1.760504	1.977177	0.2237109
23808	-2651.998	-3279.044	627.0464	0.464491	0.197684	0.264574	0.0732502	0.5076055	1.854136	1.846026	0.2237109
23814	-2650.453	-3277.204	626.7501	0.416593	0.275843	0.240875	0.0666889	0.484354	1.770111	2.115946	0.2237109
23820	-2644.617	-3271.362	626.7442	0.315867	0.261691	0.405144	0.0172981	0.4690973	1.834397	2.089777	0.2667991
23826	-2648.048	-3274.973	626.926	0.25562	0.211778	0.452799	0.0798028	0.445868	1.838306	1.981643	0.2634046
23832	-2644.706	-3271.976	627.2699	0.23183	0.305096	0.379233	0.0838414	0.4651703	1.904797	1.68673	0.2634046
23838	-2647.863	-3275.039	627.1763	0.163667	0.433219	0.343924	0.0591901	0.5585516	1.904797	1.68673	0.2634046
23844	-2661.84	-3288.373	626.5328	0.174631	0.238004	0.52421	0.0631555	0.4638391	1.725317	2.282318	0.3352631
23850	-2650.298	-3276.245	625.9476	0.394554	0.20168	0.309242	0.0945243	1.087312	1.805021	2.204573	0.3094997
23856	-2659.042	-3284.225	625.1822	0.45392	0.103599	0.279213	0.163268	1.267653	1.661753	2.677314	0.2691055
23862	-2649.568	-3275.826	626.2579	0.438377	0.129656	0.349441	0.0825263	0.8068517	1.752469	2.231127	0.2635629
23868	-2638.541	-3264.707	626.1664	0.374121	0.14449	0.38942	0.0919681	0.8517559	1.71654	2.282629	0.2668391
23874	-2606.21	-3232.141	625.931	0.36583	0.141288	0.383175	0.109706	1.109984	1.699217	2.27765	0.2320126
23880	-2630.573	-3256.216	625.6428	0.355727	0.137386	0.372592	0.134295	1.008819	1.655896	2.549505	0.2320126
23886	-2612.714	-3238.385	625.6717	0.369779	0.142813	0.303978	0.18343	1.085934	1.655896	2.466864	0.3350547
23892	-2643.729	-3268.808	625.0788	0.383889	0.148263	0.315578	0.15227	1.979321	1.715362	2.335019	0.2835413
23898	-2626.914	-3251.877	624.9628	0.335629	0.157209	0.334619	0.172543	0.9964707	1.538612	3.043096	0.2345613
23904	-2634.425	-3258.153	623.7276	0.468767	0.190448	0.179129	0.161656	1.578168	1.546053	3.453356	0.244194
23910	-2639.527	-3263.797	624.2702	0.369494	0.226038	0.212603	0.191865	1.424377	1.493725	3.243097	0.244194
23916	-2651.469	-3275.026	623.5572	0.421903	0.2161	0.1224	0.239598	1.189962	1.407024	3.828539	0.2141915
23922	-2652.412	-3273.125	620.7124	0.480882	0.235771	0.133542	0.149806	1.048008	1.400615	5.484495	0.1766622
23928	-2652.077	-3274.731	622.6545	0.329344	0.227874	0.159639	0.283142	1.582278	1.568234	4.030317	0.1745449
23934	-2634.974	-3259.818	624.8447	0.330811	0.234273	0.247343	0.187573	1.016022	1.558514	3.084234	0.2102117
23940	-2651.468	-3275.931	624.4622	0.448343	0.212799	0.193558	0.1453	1.708638	1.563254	2.937385	0.2985056
23946	-2629.102	-3251.953	622.8509	0.17558	0.386339	0.174287	0.263794	1.455429	1.700995	3.447318	1.15084
23952	-2635.855	-3259.861	624.0059	0.4162	0.211969	0.227097	0.144734	1.120259	1.708145	2.956648	1.123551
23958	-2624.096	-3245.727	621.6312	0.419059	0.310627	0.165095	0.105219	0.9529885	1.514597	4.814374	0.6413992
23964	-2625.365	-3248.698	623.3338	0.390264	0.243085	0.287333	0.079318	0.7458483	1.500144	4.151635	0.3206417
23970	-2639.212	-3260.351	621.1391	0.448399	0.133411	0.335933	0.0822575	0.9249299	1.504984	4.95136	0.9126192
23976	-2643.084	-3266.664	623.5798	0.237947	0.228641	0.428491	0.104922	0.643798	1.929508	3.342881	1.168812
23982	-2625.688	-3250.27	624.5821	0.260979	0.328788	0.322116	0.0881165	0.7290462	1.913421	3.149461	0.4316331
23988	-2629.399	-3254.125	624.7262	0.258441	0.397904	0.289086	0.0545688	0.5286249	1.491854	3.498538	0.2612785
23994	-2650.266	-3275.338	625.0721	0.259313	0.403797	0.30904	0.0278497	0.5286249	1.706855	3.166325	0.2802073
24000	-2641.518	-3266.743	625.225	0.291381	0.334752	0.334172	0.0396954	0.5468706	1.535797	3.166325	0.2273231
24006	-2643.441	-3269.088	625.6465	0.268142	0.351014	0.372623	0.00822142	0.6016341	1.650327	2.810587	0.2752912
24012	-2640.535	-3263.072	622.537	0.23161	0.303191	0.321856	0.143342	1.099256	1.587692	3.991031	0.9625312
24018	-2641.434	-3261.95	620.5166	0.293319	0.278842	0.296008	0.13183	1.969711	1.62874	3.59699	3.607521
24024	-2642.78	-3263.816	621.0357	0.39006	0.0627642	0.393636	0.15354	1.345345	1.673904	3.501433	3.828012
24030	-2645.449	-3266.236	620.7867	0.374571	0.0538731	0.329662	0.241894	1.954714	1.527685	4.245581	1.648382
24036	-2649.127	-3270.501	621.3749	0.423275	0.0437492	0.287057	0.245919	1.627988	1.626353	3.721855	2.292209
24042	-2631.71	-3253.401	621.6909	0.51642	0.0633591	0.120185	0.300035	1.361264	1.474111	3.745549	2.329176
24048	-2664.411	-3284.334	619.9233	0.37766	0.0843239	0.379447	0.158569	1.361264	1.592505	4.901708	1.796786
24054	-2630.49	-3251.079	620.5891	0.476899	0.218946	0.180022	0.124133	1.477179	1.459748	4.343396	2.28056
24060	-2637.168	-3257.415	620.2466	0.462552	0.121498	0.174606	0.241344	1.900477	1.503006	4.518487	1.800137
24066	-2629.139	-3251.537	622.3986	0.336087	0.153486	0.22377	0.286657	1.593851	1.608762	3.604657	1.317873
24072	-2650.534	-3270.663	620.1287	0.391033	0.0841934	0.191252	0.333522	1.593851	1.608636	4.526291	2.122894
24078	-2655.922	-3279.056	623.1342	0.348016	0.153072	0.0671346	0.431778	1.593851	1.629763	2.804436	2.039113
24084	-2661.752	-3284.71	622.9586	0.24723	0.194433	0.251603	0.306734	1.485235	1.653996	2.886299	2.188513
24090	-2657.392	-3280.477	623.0854	0.404287	0.139106	0.182959	0.273649	1.276518	1.58443	3.138587	1.801319
24096	-2651.749	-3273.122	621.3728	0.323408	0.174328	0.17604	0.326225	1.692309	1.518727	4.066903	1.581033
24102	-2657.33	-3281.134	623.8039	0.540996	0.156312	0.0807982	0.221895	1.29181	1.611833	3.015958	1.163125
24108	-2653.543	-3276.37	622.8265	0.542837	0.156844	0.0305602	0.269759	1.53193	1.574304	3.465967	1.206803
24114	-2652.034	-3275.454	623.4201	0.241134	0.28479	0.0424626	0.431614	1.556165	1.551997	2.801114	1.815935
24120	-2645.831	-3269.732	623.901	0.411254	0.123923	0.0563251	0.408498	1.547368	1.720243	2.403815	1.815935
24126	-2662.844	-3285.494	622.65	0.415367	0.102644	0.151712	0.330276	1.644374	1.563335	3.152391	1.94553
24132	-2655.584	-3277.393	621.8093	0.340243	0.132724	0.210759	0.316275	1.268486	1.46899	3.660275	2.504347
24138	-2636.913	-3259.333	622.4199	0.510595	0.0225832	0.28202	0.184802	0.8634091	1.406169	3.494502	2.711774
24144	-2640.279	-3261.428	621.1494	0.504475	0.0104737	0.284218	0.200833	1.408153	1.477666	3.361466	4.36555
24150	-2659.563	-3280.838	621.2755	0.47472	0.00985596	0.267454	0.247971	1.408153	1.727864	3.620045	2.844468
24156	-2657.049	-3278.038	620.9892	0.447334	0.0092874	0.362375	0.181003	1.555385	1.609192	4.120451	1.973399
24162	-2659.231	-3279.972	620.7413	0.519816	0.0107922	0.25906	0.210331	1.145568	1.64054	3.981067	3.242972
24168	-2647.094	-3269.677	622.5834	0.465748	0.00154589	0.357588	0.175118	1.579214	1.64054	3.086381	2.154006
24174	-2647.418	-3270.262	622.8439	0.481544	0.00153477	0.355017	0.161904	1.364207	1.607363	3.101267	2.064709
24180	-2662.726	-3285.571	622.8444	0.509398	0.00162355	0.317709	0.171269	1.928293	1.879174	2.594093	2.197055
24186	-2651.195	-3276.106	624.9115	0.509398	0.00162355	0.317709	0.171269	1.104364	1.850493	1.9451	1.775158
24192	-2641.575	-3265.072	623.4968	0.485254	0.00440521	0.365278	0.145063	1.261414	1.757475	2.538897	2.367394
24198	-2640.739	-3264.341	623.6017	0.505127	0.00402518	0.215101	0.275748	1.204057	1.706129	2.538897	2.367394
24204	-2637.294	-3259.898	622.6038	0.449416	0.00692028	0.192942	0.350721	1.871927	1.692278	2.809892	2.367394
24210	-2630.124	-3253.617	623.4923	0.414242	0.0863998	0.271534	0.227824	1.151723	1.788974	2.789435	1.911668
24216	-2638.736	-3261.586	622.8501	0.309687	0.0412504	0.241258	0.407804	1.585685	1.685838	2.543048	3.034178
24222	-2642.665	-3265.426	622.7609	0.35177	0.19464	0.198824	0.254766	1.450332	1.654773	3.237122	1.71618
24228	-2644.121	-3264.909	620.7871	0.40986	0.319945	0.020395	0.2498	1.699803	1.626711	4.271377	1.71618
24234	-2641.109	-3259.703	618.594	0.349625	0.352558	0.0146986	0.283119	2.402317	1.455707	5.192116	1.965792
24240	-2633.242	-3254.282	621.0402	0.373708	0.29871	0.0249613	0.302621	1.889111	1.568742	4.129334	1.60087
24246	-2635.908	-3256.237	620.3285	0.39004	0.331594	0.0804327	0.197933	1.331794	1.42958	4.180198	3.422019
24252	-2640.08	-3262.943	622.8628	0.386042	0.17885	0.294072	0.141037	1.403569	1.501226	3.437382	1.423435
24258	-2662.469	-3285.503	623.0341	0.461435	0.110407	0.149743	0.278415	1.403569	1.48927	3.311919	1.485599
24264	-2643.919	-3264.642	620.7226	0.418871	0.124842	0.109309	0.346978	1.764455	1.450066	4.487131	1.485599
24270	-2659.561	-3279.004	619.4429	0.420383	0.114368	0.0824308	0.382818	2.030115	1.450184	4.922937	1.844708
24276	-2649.125	-3271.07	621.9447	0.384609	0.127299	0.141961	0.34613	1.63612	1.507798	3.874622	1.37534
24282	-2641.835	-3263.699	621.864	0.470864	0.0868365	0.198842	0.243458	1.651704	1.593118	3.243274	2.814702
24288	-2663.231	-3286.133	622.9019	0.47233	0.0839927	0.199461	0.244216	1.560276	1.601585	3.243274	1.485944
24294	-2653.275	-3277.414	624.1389	0.350325	0.100899	0.281742	0.267034	0.9499259	1.797603	2.260624	2.456319
24300	-2634.621	-3258.91	624.2888	0.425131	0.0605634	0.341904	0.172401	0.9633756	1.667553	2.466103	1.955774
24306	-2635.508	-3259.832	624.3237	0.495863	0.0538256	0.317719	0.132593	0.7909332	1.717743	2.524097	1.955774
24312	-2641.537	-3265.374	623.8374	0.371227	0.282095	0.25141	0.0952677	0.8720455	1.717743	2.313224	3.057479
24318	-2657.261	-3278.392	621.1307	0.344178	0.209594	0.233091	0.213137	1.33868	1.599614	4.024709	2.284123
24324	-2660.914	-3283.355	622.4408	0.440982	0.0403446	0.270934	0.24774	1.533959	1.590961	2.958213	2.818528
24330	-2652.716	-3276.694	623.9781	0.455538	0.0392941	0.263879	0.241289	1.533959	1.740556	2.341419	1.831762
24336	-2638.864	-3262.656	623.7922	0.50108	0.10156	0.167644	0.229716	1.395443	1.655047	2.740799	1.527748
24342	-2644.411	-3267.944	623.533	0.562625	0.0301408	0.149304	0.25793	1.395443	1.652183	2.740799	1.848273
24348	-2651.457	-3275.631	624.1741	0.522603	0.0576669	0.129074	0.290656	0.885144	1.585993	2.91572	1.400701
24354	-2642.677	-3266.709	624.0324	0.473554	0.0370589	0.226011	0.263376	1.019051	1.585993	2.919779	1.400043
24360	-2641.646	-3264.575	622.9285	0.508073	0.0460427	0.280801	0.165083	1.506141	1.562892	2.92471	2.244022
24366	-2647.575	-3270.802	623.2268	0.525638	0.0308456	0.215557	0.227959	1.594486	1.527415	2.970715	1.697569
24372	-2650.943	-3272.881	621.9384	0.51663	0.0145789	0.211863	0.256929	1.799092	1.674877	3.118546	2.711045
24378	-2638.501	-3263.425	624.924	0.456872	0.0105462	0.346724	0.185859	1.196732	1.678075	2.249527	1.315255
24384	-2630.153	-3253.948	623.7944	0.359842	0.323741	0.197723	0.118694	1.72895	1.678075	2.630736	1.380563
24390	-2628.08	-3251.989	623.909	0.537048	0.04768	0.278844	0.136429	1.046145	1.660703	2.314131	2.743364
24396	-2636.512	-3259.988	623.4764	0.455311	0.0500452	0.237774	0.25687	1.221547	1.660703	2.577781	2.503204
24402	-2656.78	-3281.118	624.3379	0.468406	0.0227243	0.244612	0.264257	2.146465	1.578947	2.582007	0.6868448
24408	-2646.56	-3267.33	620.7701	0.449096	0.0217875	0.380432	0.148685	1.516446	1.514492	4.729968	1.11504
24414	-2630.024	-3252.801	622.7777	0.571314	0.0177416	0.2733	0.137644	1.054158	1.44592	3.594733	1.654802
24420	-2633.052	-3255.446	622.3933	0.653741	0.00539924	0.245075	0.0957846	1.230957	1.44592	3.581844	1.954049
24426	-2636.044	-3257.599	621.555	0.469364	0.0800865	0.184185	0.266364	1.371728	1.510198	3.802655	2.316705
24432	-2629.82	-3252.136	622.3163	0.469364	0.0800865	0.184185	0.266364	1.326673	1.738745	3.227585	2.370224
24438	-2616.849	-3237.781	620.9315	0.512262	0.0976444	0.26469	0.125403	1.683889	1.435854	3.927931	2.634091
24444	-2640.921	-3264.113	623.192	0.582233	0.0723203	0.202914	0.142532	1.344922	1.540918	3.518855	0.9426819
24450	-2623.337	-3247.596	624.2593	0.27114	0.261455	0.401028	0.066376	0.6113455	1.456734	3.732601	0.3044696
24456	-2621.115	-3244.569	623.4539	0.214925	0.428686	0.317884	0.0385043	0.3917007	1.386699	4.328568	0.3772764
24462	-2626.414	-3249.71	623.2961	0.249822	0.335923	0.369498	0.0447562	0.2690866	1.355405	4.504747	0.2848724
24468	-2628.908	-3251.842	622.9339	0.314983	0.350612	0.309888	0.0245163	0.334147	1.317288	4.697012	0.3441878
24474	-2633.302	-3257.031	623.7285	0.314983	0.350612	0.309888	0.0245163	0.2997896	1.276356	4.301495	0.2755433
24480	-2634.942	-3257.88	622.9386	0.273575	0.30452	0.26915	0.152755	0.2693407	1.387445	4.3635	0.8931115
24486	-2638.844	-3264.753	625.9086	0.130848	0.377141	0.28675	0.20526	0.2306108	1.610328	2.829715	0.3222135
24492	-2639.5	-3265.33	625.829	0.157733	0.454631	0.345667	0.0419693	0.3825491	1.60611	2.843553	0.3222135
24498	-2629.948	-3255.53	625.5815	0.0553103	0.562134	0.350373	0.0321835	0.577271	1.667293	2.843553	0.3222135
24504	-2650.202	-3276.935	626.7332	0.125153	0.609403	0.230554	0.0348898	0.4248969	1.836375	2.090501	0.3651801
24510	-2654.456	-3281.179	626.7229	0.0933143	0.371152	0.511845	0.023689	0.2956816	1.85826	2.090501	0.4566747
24516	-2637.862	-3264.752	626.8899	0.221732	0.283897	0.483368	0.0110025	0.4857053	1.836772	1.918789	0.4182758
24522	-2629.164	-3254.842	625.6782	0.267369	0.34233	0.373187	0.0171137	0.3953196	1.636212	2.694001	0.6982965
24528	-2647.942	-3271.681	623.739	0.325066	0.310349	0.243079	0.121507	0.4844009	1.428506	3.227854	1.998491
24534	-2646.923	-3270.608	623.6842	0.331628	0.293849	0.247985	0.126537	0.674863	1.499593	3.598774	1.019472
24540	-2644.677	-3266.247	621.5701	0.327259	0.289978	0.244718	0.138045	0.9997496	1.618673	3.730032	2.859771
24546	-2621.817	-3245.404	623.5871	0.492443	0.0596136	0.204602	0.243342	1.379353	1.541272	3.13195	1.177673
24552	-2644.654	-3266.975	622.3211	0.531092	0.0550741	0.189022	0.224812	1.483559	1.454937	3.593666	1.718759
24558	-2649.619	-3269.892	620.2737	0.541439	0.0627464	0.166511	0.229304	1.406694	1.375551	4.34066	3.001875
24564	-2637.795	-3259.576	621.7808	0.421444	0.266006	0.129608	0.182943	1.479219	1.442503	4.002264	1.534849
24570	-2628.203	-3248.419	620.216	0.324799	0.249221	0.152217	0.273762	1.407963	1.490442	4.120953	3.582853
24576	-2625.128	-3248.75	623.6217	0.351314	0.341017	0.141439	0.166229	1.423415	1.876438	3.173249	0.7050753
24582	-2632.201	-3256.121	623.92	0.288632	0.46678	0.0988318	0.145756	0.7884079	1.660436	2.885998	1.793265
24588	-2628.831	-3251.679	622.8475	0.278569	0.41808	0.146239	0.157112	1.593823	1.671702	3.378269	1.184498
24594	-2642.209	-3265.631	623.4219	0.354682	0.300488	0.105107	0.239724	1.623488	1.676723	3.443664	0.4826903
24600	-2642.676	-3265.162	622.4861	0.416706	0.147961	0.284141	0.151192	1.854887	1.820961	3.650812	0.7223995
24606	-2659.902	-3278.616	618.7139	0.4395	0.259441	0.15501	0.146049	1.80001	1.457841	4.149355	6.178402
24612	-2640.828	-3261.389	620.561	0.408626	0.194651	0.0827423	0.313981	1.423109	1.568062	4.106998	2.866147
24618	-2630.877	-3251.157	620.2799	0.50289	0.211013	0.0506804	0.235416	1.986375	1.755594	4.199213	2.080376
24624	-2628.772	-3250.201	621.4285	0.303309	0.263397	0.217014	0.216281	1.986375	1.913917	3.314493	2.399698
24630	-2635.273	-3257.775	622.5026	0.503468	0.162054	0.168847	0.165631	1.255724	1.578359	3.924273	0.9742221
24636	-2628.845	-3251.747	622.9018	0.492318	0.140833	0.203374	0.163475	1.255724	1.570326	3.924273	0.5993019
24642	-2624.235	-3246.543	622.3076	0.409683	0.196831	0.150538	0.242948	0.6720758	1.643712	4.411029	0.8373345
24648	-2633.817	-3257.873	624.0558	0.426868	0.127552	0.19244	0.253139	1.474972	1.793914	2.889884	0.7775122
24654	-2626.694	-3250.723	624.0293	0.366827	0.268437	0.0859304	0.278806	1.219014	1.759674	2.917522	1.01745
24660	-2636.172	-3256.763	620.591	0.317178	0.299753	0.141999	0.24107	1.869651	1.572017	4.682793	1.030765
24666	-2634.005	-3253.616	619.6103	0.417445	0.316055	0.0978059	0.168695	1.361668	1.425906	5.310289	1.485561
24672	-2625.794	-3247.754	621.9599	0.518999	0.164785	0.142305	0.173911	1.368987	1.366093	4.350931	0.8776325
24678	-2620.85	-3243.594	622.744	0.404412	0.188035	0.256962	0.150591	1.738235	1.541627	3.927698	0.3454742
24684	-2640.175	-3263.93	623.7541	0.453307	0.194382	0.265236	0.087075	1.072339	1.509093	3.726688	0.244061
24690	-2621.134	-3244.756	623.6216	0.41163	0.0735453	0.451409	0.0634161	0.9236138	1.390838	3.956362	0.244061
24696	-2623.76	-3248.181	624.4204	0.455686	0.118774	0.363472	0.0620681	1.200308	1.412192	3.318925	0.290513
24702	-2628.201	-3252.285	624.0843	0.460143	0.119936	0.367028	0.0528934	1.129843	1.482864	3.517852	0.2610583
24708	-2627.576	-3253.517	625.9414	0.427257	0.185515	0.338114	0.0491132	0.9333428	1.629755	2.41308	0.3250553
24714	-2635.301	-3260.796	625.4949	0.429367	0.184832	0.336868	0.0489322	1.088449	1.678853	2.57968	0.2456335
24720	-2626.483	-3251.532	625.0491	0.368697	0.20324	0.323253	0.10481	1.416944	1.593799	2.718818	0.2456335
24726	-2623.758	-3248.666	624.9086	0.355047	0.207634	0.330243	0.107077	1.111628	1.593799	2.97389	0.2304328
24732	-2625.656	-3251.503	625.8471	0.345775	0.281298	0.319662	0.0532647	0.9281328	1.602502	2.506075	0.2314086
24738	-2611.696	-3237.037	625.3418	0.454331	0.170026	0.343013	0.0326299	0.9281328	1.570308	2.835589	0.2248099
24744	-2617.016	-3242.632	625.6154	0.482793	0.0848442	0.364501	0.067862	1.074429	1.611015	2.552783	0.2248099
24750	-2635.476	-3261.268	625.7915	0.447685	0.0786745	0.337995	0.135646	0.8816834	1.628903	2.552783	0.2807959
24756	-2637.822	-3262.761	624.9392	0.398989	0.203473	0.170394	0.227143	1.693968	1.717677	2.552783	0.3181997
24762	-2620.292	-3245.987	625.6952	0.452522	0.230773	0.177022	0.139682	1.179935	1.616545	2.432746	0.2141429
24768	-2643.576	-3269.09	625.514	0.432454	0.228468	0.169172	0.169905	0.9095655	1.60625	2.715567	0.3021075
24774	-2632.805	-3258.802	625.9975	0.226176	0.341127	0.355289	0.0774081	0.4085388	1.644621	2.715567	0.2781145
24780	-2615.594	-3241.733	626.1391	0.244701	0.369067	0.302002	0.0842301	0.5968275	1.76099	2.442484	0.2615932
24786	-2623.017	-3249.086	626.0684	0.24418	0.370411	0.301359	0.0840507	0.9917952	1.808648	2.195197	0.2498756
24792	-2620.683	-3247.477	626.7939	0.278008	0.328234	0.35988	0.0338779	0.4300569	1.801757	2.103325	0.2565102
24798	-2638.441	-3264.759	626.3178	0.28385	0.335132	0.367443	0.0135746	0.4831307	1.801757	2.37762	0.2474445
24804	-2638.147	-3264.924	626.7776	0.304451	0.305784	0.335265	0.0545002	0.4416061	1.848507	2.067139	0.3063676
24810	-2639.301	-3266.426	627.1244	0.233586	0.408175	0.286554	0.0716848	0.4030774	1.809346	1.89264	0.2684141
24816	-2655.924	-3282.501	626.5771	0.278143	0.325801	0.338839	0.057218	0.3954937	1.851037	2.228399	0.2838322
24822	-2643.92	-3270.534	626.6133	0.192827	0.458631	0.298189	0.0503536	0.4396657	1.757714	2.24018	0.2838322
24828	-2644.905	-3271.538	626.6327	0.291885	0.164342	0.451374	0.0923988	0.751672	1.739461	2.033186	0.2546575
24834	-2637.2	-3263.113	625.9121	0.523189	0.065792	0.248654	0.162365	1.504398	1.709423	2.05024	0.2569179
24840	-2645.559	-3269.697	624.1381	0.436781	0.10407	0.3236	0.135549	0.8933651	1.55222	2.990129	1.331261
24846	-2635.402	-3259.001	623.5989	0.511003	0.0734761	0.288013	0.127508	1.08685	1.419516	3.261079	1.356486
24852	-2657.027	-3281.07	624.0426	0.311058	0.39096	0.19666	0.101322	0.8396846	1.565795	3.546537	0.5299949
24858	-2639.804	-3264.006	624.202	0.339639	0.296684	0.267547	0.0961309	0.9572053	1.51629	3.524652	0.2923799
24864	-2649.974	-3273.649	623.6745	0.432235	0.0980166	0.140764	0.328985	1.234994	1.756252	3.0368	1.165999
24870	-2644.695	-3266.508	621.8129	0.377801	0.0560803	0.174946	0.391172	1.485159	1.727028	3.234451	2.93353
24876	-2646.193	-3269.331	623.1381	0.364052	0.237496	0.16858	0.229872	1.485159	1.562261	3.650082	0.6390892
24882	-2650.453	-3275.567	625.1144	0.371659	0.344874	0.172102	0.111364	1.323416	1.808511	2.554528	0.3906755
24888	-2634.789	-3261.099	626.3102	0.578768	0.0495726	0.29408	0.077579	0.9284046	1.789396	2.089384	0.2785068
24894	-2634.488	-3260.621	626.1338	0.548631	0.0702421	0.309002	0.0721248	0.9346925	1.781204	2.207985	0.2523499
24900	-2649.533	-3275.13	625.5963	0.542326	0.0907262	0.231164	0.135784	1.389235	1.81226	2.25479	0.2523499
24906	-2624.989	-3251.13	626.1402	0.546208	0.0842178	0.232818	0.136755	1.121192	1.81226	2.056316	0.2135078
24912	-2627.981	-3254.048	626.0669	0.428842	0.101332	0.384736	0.0850907	1.277299	1.818896	2.002371	0.2123965
24918	-2632.852	-3259.089	626.2362	0.317446	0.319727	0.284797	0.0780302	0.8393269	1.763455	2.207685	0.3061363
24924	-2650.451	-3277.18	626.7287	0.406048	0.32021	0.21487	0.0588713	0.4242292	1.704057	2.207685	0.216882
24930	-2640.987	-3267.945	626.9585	0.25158	0.376825	0.243697	0.127898	0.5027773	1.898907	1.878258	0.2854674
24936	-2647.446	-3274.046	626.5994	0.307422	0.263538	0.297789	0.131252	0.5027773	1.898907	2.121574	0.2524474
24942	-2668.251	-3292.054	623.8031	0.358813	0.246759	0.359584	0.0348448	0.5941783	1.384702	4.053626	0.2516321
24948	-2647.835	-3271.523	623.6888	0.314588	0.270803	0.315264	0.0993447	0.5902027	1.501392	4.053626	0.2697011
24954	-2662.915	-3289.204	626.2883	0.396038	0.219897	0.310981	0.0730837	0.5697002	1.831993	2.315611	0.2947398
24960	-2644.239	-3270.944	626.7051	0.258409	0.304144	0.419041	0.018406	0.5149471	1.916749	2.026177	0.2947398
24966	-2644.946	-3271.6	626.6546	0.334697	0.292833	0.316457	0.056013	0.5574978	1.870974	2.008458	0.412301
24972	-2640.292	-3267.066	626.7742	0.426678	0.298197	0.269749	0.00537511	0.3737034	1.788703	2.128047	0.3543028
24978	-2631.908	-3259.07	627.1625	0.441954	0.246345	0.303334	0.00836733	0.3737034	1.808517	1.883205	0.2339864
24984	-2636.107	-3262.332	626.2254	0.234153	0.304257	0.451256	0.0103344	0.4041425	1.77308	2.497839	0.2298051
24990	-2646.613	-3272.91	626.2971	0.354729	0.212634	0.422951	0.00968618	0.37958	1.653315	2.529357	0.3191728
24996	-2643.15	-3269.655	626.5048	0.309876	0.375416	0.314559	0.000148246	0.4086386	1.712578	2.34639	0.3191728
25002	-2650.948	-3277.315	626.3663	0.327604	0.323304	0.348996	9.65972e-05	0.4086386	1.69052	2.447784	0.3191728
25008	-2638.452	-3265.453	627.0016	0.327604	0.323304	0.348996	9.65972e-05	0.4407721	1.820635	1.91604	0.3578838
25014	-2636.352	-3261.913	625.5613	0.348405	0.313302	0.338199	9.36088e-05	0.4628002	1.614605	2.905983	0.4334641
25020	-2639.36	-3263.521	624.161	0.344722	0.320285	0.334624	0.000368768	0.3500026	1.558884	3.863666	0.3321573
25026	-2619.859	-3244.522	624.6628	0.234726	0.358749	0.406028	0.000497384	0.4697653	1.494883	3.499777	0.4442705
25032	-2610.414	-3234.867	624.4533	0.274487	0.289511	0.435469	0.000533449	0.4874355	1.428861	3.698098	0.34173
25038	-2602.222	-3226.772	624.5499	0.340604	0.229166	0.429716	0.000513523	0.4874355	1.527167	3.604794	0.2465062
25044	-2622.152	-3246.262	624.1095	0.274653	0.378606	0.34651	0.000231558	0.439229	1.334992	3.993039	0.2811818
25050	-2631.053	-3256.132	625.0787	0.465836	0.278815	0.255179	0.000170525	0.3937891	1.413498	3.41017	0.2811818
25056	-2636.645	-3261.778	625.1335	0.260564	0.344436	0.394359	0.000641498	0.4344816	1.530838	3.26057	0.3664342
25062	-2617.107	-3241.076	623.9693	0.349938	0.302805	0.346693	0.000563961	0.4357704	1.407751	4.035885	0.2566307
25068	-2629.622	-3253.47	623.8482	0.42836	0.266275	0.304869	0.000495926	0.3952983	1.491796	4.076401	0.2682321
25074	-2635.803	-3260.766	624.9628	0.428164	0.266154	0.30473	0.000952202	0.3579548	1.397456	3.50526	0.2681563
25080	-2654.42	-3279.361	624.9414	0.428164	0.266154	0.30473	0.000952202	0.3611017	1.397456	3.50526	0.3193944
25086	-2674.176	-3298.233	624.0571	0.239188	0.466653	0.290752	0.00340663	0.3810336	1.535815	3.938919	0.2631554
25092	-2664.963	-3289.12	624.1565	0.367125	0.181376	0.44627	0.00522877	0.4533296	1.423234	3.908101	0.2813864
25098	-2648.328	-3273.872	625.5438	0.240074	0.274445	0.465153	0.0203285	0.4999594	1.701953	2.879386	0.3581469
25104	-2652.044	-3277.673	625.6293	0.26942	0.362987	0.360878	0.00671543	0.4999594	1.734867	2.820388	0.3254428
25110	-2640.322	-3267.292	626.9697	0.266377	0.358887	0.356802	0.0179343	0.4002114	1.753956	2.017954	0.3313736
25116	-2650.676	-3276.744	626.0679	0.466465	0.182651	0.334912	0.0159721	0.3285452	1.686158	2.612331	0.4459496
25122	-2638.633	-3264.476	625.8424	0.426911	0.251959	0.306513	0.0146177	0.3721479	1.615852	2.846057	0.2293123
25128	-2629.074	-3254.649	625.5744	0.177796	0.395519	0.405843	0.020843	0.3721479	1.574652	3.034212	0.2517606
25134	-2652.454	-3273.019	620.5646	0.343266	0.194404	0.414914	0.0474157	1.127426	1.45065	4.250321	3.089392
25140	-2637.829	-3258.411	620.5825	0.23453	0.205377	0.426154	0.133939	1.398674	1.552763	4.591888	1.674576
25146	-2641.41	-3263.653	622.2428	0.170988	0.201945	0.525027	0.102039	0.9286651	1.467511	3.654947	2.367347
25152	-2642.352	-3263.501	621.1491	0.313099	0.369785	0.0945133	0.222603	1.34869	1.626582	3.888879	2.553869
25158	-2645.564	-3268.137	622.5735	0.156666	0.517081	0.0301038	0.296149	1.23884	1.820152	3.678841	1.104885
25164	-2626.723	-3247.196	620.473	0.32769	0.283618	0.0963977	0.292294	1.515145	1.566721	4.201836	2.61651
25170	-2620.714	-3243.32	622.6063	0.574515	0.172498	0.0627422	0.190245	1.613447	1.628567	3.179717	1.890978
25176	-2624.777	-3243.441	618.6641	0.48021	0.223387	0.0645245	0.231878	2.105426	1.393361	4.993669	2.779726
25182	-2641.408	-3262.803	621.3956	0.23574	0.335097	0.262814	0.166348	1.738974	1.673346	4.093881	1.282806
25188	-2652.688	-3275.24	622.552	0.343419	0.343613	0.142393	0.170576	1.394519	1.441245	4.274869	0.2974179
25194	-2634.972	-3256.823	621.8507	0.363799	0.336263	0.150843	0.149095	1.827973	1.664258	3.909933	1.077444
25200	-2629.046	-3251.215	622.1694	0.301557	0.345224	0.125829	0.22739	1.692566	1.584373	3.909933	0.9466057
25206	-2647.709	-3269.78	622.0703	0.446449	0.149398	0.188828	0.215325	1.284688	1.651206	3.70408	1.770415
25212	-2653.796	-3274.961	621.1653	0.492131	0.0690602	0.20815	0.230658	1.65613	1.506686	3.912441	2.256149
25218	-2639.952	-3261.072	621.1202	0.489062	0.0686295	0.213088	0.22922	1.808767	1.642666	3.800443	2.229173
25224	-2647.066	-3269.575	622.5095	0.503817	0.078173	0.181875	0.236135	1.294977	1.675092	3.20469	2.28089
25230	-2652.893	-3272.84	619.9472	0.428876	0.11736	0.312874	0.14089	1.56184	1.583661	3.905732	4.417622
25236	-2652.684	-3275.493	622.8091	0.372671	0.222849	0.326948	0.0775318	0.5556647	1.680533	4.017399	1.113438
25242	-2655.311	-3277.022	621.7104	0.500196	0.178259	0.0651485	0.256397	1.509023	1.501882	4.299199	0.9581012
25248	-2652.557	-3274.309	621.7517	0.348304	0.17305	0.259559	0.219088	1.292337	1.554577	4.12592	1.382356
25254	-2639.316	-3261.483	622.167	0.434557	0.176895	0.164592	0.223956	1.492818	1.710366	3.434477	1.926748
25260	-2647.838	-3271.115	623.277	0.355304	0.192176	0.178811	0.27371	1.154976	1.667911	3.434477	1.051706
25266	-2648.683	-3271.392	622.7096	0.328725	0.27347	0.254451	0.143354	1.421515	1.639313	3.434477	1.428167
25272	-2646.251	-3268.417	622.1659	0.33973	0.148853	0.183328	0.32809	1.298465	1.642323	3.602912	1.865885
25278	-2636.45	-3259.221	622.7708	0.224281	0.274788	0.284335	0.216597	1.731336	1.86827	3.351971	0.9914733
25284	-2624.711	-3248.182	623.4705	0.450973	0.168207	0.0956177	0.285202	1.388212	1.86827	2.855181	1.443563
25290	-2635.842	-3258.781	622.9392	0.385537	0.2889	0.0817435	0.243819	1.691795	1.965777	3.0943	1.198484
25296	-2647.01	-3270.129	623.1194	0.333245	0.302456	0.0706563	0.293643	1.284133	1.800721	3.307527	1.175587
25302	-2617.084	-3239.912	622.8279	0.356231	0.271177	0.197629	0.174963	1.517701	1.789465	3.571001	0.8203549
25308	-2630.219	-3252.783	622.5634	0.361268	0.269973	0.0471295	0.32163	2.095749	1.963196	3.099416	1.260006
25314	-2642.673	-3265.121	622.4477	0.324893	0.24279	0.143073	0.289245	1.726079	1.756388	3.135301	1.907817
25320	-2622.807	-3245.927	623.1202	0.525507	0.12309	0.146121	0.205282	1.281207	1.656553	3.135301	1.670169
25326	-2641.697	-3265.716	624.0181	0.394618	0.097863	0.22731	0.280209	1.303197	1.562311	2.909424	1.165197
25332	-2617.103	-3239.899	622.7964	0.426212	0.0256355	0.245509	0.302643	1.267048	1.669569	2.976373	2.466252
25338	-2637.644	-3259.591	621.9471	0.439559	0.152439	0.253198	0.154804	1.513019	1.794989	3.701848	1.505477
25344	-2644.486	-3267.196	622.71	0.497982	0.1727	0.153938	0.175379	1.427528	1.817562	3.216316	1.646982
25350	-2637.8	-3260.186	622.3853	0.269693	0.317507	0.222741	0.190058	1.300891	1.68217	3.753565	1.251837
25356	-2624.164	-3247.945	623.7818	0.430664	0.175525	0.192855	0.200955	1.300891	1.805373	3.110727	0.8250336
25362	-2641.022	-3263.378	622.3555	0.474119	0.156258	0.148392	0.221232	1.564674	1.699431	3.743328	1.041312
25368	-2630.386	-3253.408	623.0219	0.405376	0.115865	0.200148	0.278611	1.47469	1.851734	3.413152	0.8697218
25374	-2649.7	-3272.97	623.2704	0.430804	0.149784	0.145152	0.274259	1.488471	1.809772	3.291254	0.8590207
25380	-2625.334	-3246.828	621.4941	0.396385	0.196793	0.0464895	0.360333	1.272745	1.590475	4.182276	1.543598
25386	-2637.76	-3259.514	621.7537	0.344947	0.302968	0.0668948	0.28519	1.272745	1.724659	4.182276	1.110372
25392	-2642.56	-3265.329	622.7687	0.384766	0.17786	0.252835	0.18454	1.746622	1.633557	3.786557	0.4876018
25398	-2673.328	-3296.375	623.0468	0.359084	0.169454	0.218791	0.252672	1.18244	1.42773	4.117559	0.2397068
25404	-2649.773	-3273.648	623.8747	0.437647	0.17148	0.248335	0.142538	1.165199	1.580469	3.563133	0.2397068
25410	-2655.293	-3278.343	623.05	0.486834	0.161431	0.240918	0.110818	1.62861	1.598161	3.79118	0.2370714
25416	-2640.184	-3265.035	624.8508	0.427434	0.123949	0.36353	0.0850875	1.114698	1.610924	2.995613	0.2253614
25422	-2636.154	-3260.696	624.5423	0.424861	0.0694975	0.400901	0.104741	1.438113	1.828827	2.870396	0.2253614
25428	-2645.318	-3269.809	624.4916	0.485244	0.0881951	0.311725	0.114835	1.253463	1.744377	3.054244	0.2409803
25434	-2642.544	-3267.692	625.1479	0.292631	0.292469	0.375204	0.0396959	0.6976033	1.549152	3.081743	0.3662055
25440	-2651.902	-3274.717	622.8153	0.477342	0.103044	0.306649	0.112965	1.208287	1.822336	3.132973	1.936562
25446	-2644.208	-3267.977	623.7691	0.469342	0.118077	0.301509	0.111072	1.105929	1.799877	2.57241	2.056867
25452	-2636.018	-3260.307	624.2891	0.477039	0.00691975	0.358448	0.157594	1.036553	1.613925	2.790166	1.302184
25458	-2654.039	-3276.8	622.7614	0.526247	0.0244243	0.370022	0.0793076	1.217038	1.602542	3.478909	1.537808
25464	-2670.548	-3295.679	625.1315	0.403671	0.0633731	0.327178	0.205777	1.134435	1.688587	2.19781	1.230216
25470	-2668.409	-3294.073	625.6638	0.405866	0.21719	0.329367	0.047577	0.4777249	1.614657	2.900171	0.2516416
25476	-2663.852	-3289.297	625.4446	0.405738	0.217437	0.329263	0.0475621	0.4777249	1.464901	3.106103	0.3283812
25482	-2671.963	-3297.427	625.4642	0.22941	0.438904	0.293458	0.0382268	0.4777249	1.539852	2.949021	0.5222776
25488	-2669.889	-3294.296	624.4071	0.274957	0.249877	0.446821	0.0283457	0.4683302	1.511289	3.492722	0.6910343
25494	-2658.149	-3283.941	625.7919	0.417589	0.232422	0.329111	0.0208783	0.5051109	1.511289	2.866849	0.2770445
25500	-2645.298	-3271.545	626.2472	0.411959	0.272771	0.270796	0.0444735	0.5123629	1.571858	2.540361	0.2092425
25506	-2638.163	-3264.267	626.1046	0.304636	0.359288	0.323606	0.0124707	0.4665987	1.771102	2.540361	0.2405701
25512	-2661.545	-3287.798	626.2537	0.347088	0.217514	0.422691	0.0127067	0.5776633	1.636844	2.446328	0.3255648
25518	-2637.929	-3264.094	626.1649	0.441652	0.233948	0.313467	0.0109323	0.4688507	1.660999	2.568695	0.230499
25524	-2633.929	-3259.619	625.6901	0.250811	0.310314	0.389807	0.0490673	0.4851937	1.562434	2.909762	0.230499
25530	-2634.213	-3258.391	624.1776	0.299226	0.370214	0.272021	0.0585388	0.6040149	1.562434	3.691992	0.3870105
25536	-2624.055	-3248.132	624.0769	0.392753	0.0986349	0.431776	0.076836	0.4724783	1.551825	3.091201	1.717029
25542	-2632.989	-3254.629	621.6404	0.40086	0.219762	0.365944	0.0134342	0.4556048	1.57536	4.693993	1.300419
25548	-2631.442	-3255.75	624.308	0.417014	0.198129	0.380691	0.00416583	0.5215004	1.741923	3.600906	0.2521996
25554	-2628.813	-3255.735	626.9225	0.382727	0.26275	0.34939	0.00513308	0.39341	1.741923	2.075295	0.285186
25560	-2630.037	-3256.901	626.8642	0.267028	0.311999	0.414878	0.0060952	0.3384213	1.834645	2.079511	0.2842839
25566	-2638.453	-3265.529	627.0758	0.303949	0.27436	0.401755	0.0199368	0.3162538	1.773355	1.991962	0.255952
25572	-2634.689	-3261.846	627.1564	0.226295	0.285701	0.416262	0.0717422	0.3764116	1.845374	1.858529	0.2835772
25578	-2610.204	-3236.826	626.6225	0.383188	0.227766	0.331851	0.0571942	0.3967737	1.742671	2.271513	0.2557971
25584	-2619.731	-3245.995	626.2634	0.377982	0.275396	0.290205	0.0564172	0.5831854	1.675994	2.42416	0.2818833
25590	-2623.184	-3249.458	626.2738	0.398855	0.253456	0.291098	0.0565908	0.5831854	1.670814	2.423629	0.2584197
25596	-2671.355	-3297.709	626.3545	0.315563	0.268538	0.308421	0.107478	0.514367	1.828301	2.300185	0.3314197
25602	-2626.823	-3253.315	626.4923	0.315563	0.268538	0.308421	0.107478	0.474568	1.772495	2.236724	0.4069587
25608	-2643.32	-3269.612	626.2918	0.315049	0.27352	0.305108	0.106323	0.4298592	1.772495	2.385745	0.4173076
25614	-2636.977	-3262.768	625.791	0.31548	0.291325	0.324969	0.0682253	0.4954977	1.763515	2.557714	0.5923693
25620	-2643.295	-3268.314	625.0194	0.351828	0.334775	0.277679	0.0357183	0.4441854	1.672957	3.035483	0.7127192
25626	-2632.462	-3257.417	624.9555	0.327961	0.297771	0.348338	0.0259298	0.5060244	1.685681	3.199548	0.4351729
25632	-2652.502	-3274.882	622.38	0.424081	0.284926	0.266346	0.0246473	0.6225085	1.669973	4.405648	0.8021036
25638	-2650.069	-3273.322	623.2538	0.233848	0.374485	0.350064	0.0416026	0.5805094	1.354454	4.241453	0.5901698
25644	-2668.962	-3292.17	623.2088	0.427639	0.0328004	0.263023	0.276538	1.620778	1.808389	3.310156	0.7810804
25650	-2638.27	-3260.466	622.1969	0.342	0.33343	0.275316	0.0492547	0.5621823	1.376819	4.803859	0.6408048
25656	-2643.989	-3268.252	624.263	0.334741	0.326353	0.287672	0.0512338	0.4228184	1.398698	3.542052	0.8956356
25662	-2641.13	-3264.398	623.2675	0.2926	0.285268	0.377348	0.0447839	0.5689748	1.640654	3.594064	1.442109
25668	-2630.046	-3254.018	623.9718	0.224729	0.312917	0.427957	0.034396	0.5051272	1.581291	3.649367	0.7475137
25674	-2627.905	-3251.107	623.2025	0.367305	0.18869	0.409701	0.0343035	0.5051272	1.627077	4.020369	0.8220687
25680	-2630.96	-3254.652	623.6924	0.295895	0.268675	0.370811	0.0646182	0.5451879	1.628195	3.768385	0.7341153
25686	-2631.71	-3254.872	623.162	0.294137	0.267079	0.368608	0.0701754	0.6376328	1.532097	4.196657	0.5253768
25692	-2635.888	-3257.559	621.671	0.192685	0.366969	0.362947	0.0773989	0.7726372	1.583507	4.393384	1.489087
25698	-2636.827	-3259.787	622.9603	0.382901	0.142124	0.390919	0.0840566	0.5087256	1.496779	4.393384	0.5479233
25704	-2638.989	-3262.056	623.0663	0.406353	0.150828	0.414862	0.0279566	0.4376373	1.551648	4.393982	0.4540329
25710	-2631.38	-3255.325	623.9447	0.436777	0.145214	0.400738	0.0172713	0.5185899	1.613918	3.877611	0.3078562
25716	-2636.251	-3261.02	624.7682	0.44405	0.294845	0.245189	0.0159155	0.4509294	1.572085	3.47004	0.2281633
25722	-2652.203	-3277.375	625.1716	0.346427	0.349165	0.249512	0.0548958	0.4435731	1.53323	3.25597	0.2125707
25728	-2640.917	-3264.245	623.3288	0.311024	0.374071	0.278972	0.0359323	0.5474183	1.280134	4.403608	0.2125707
25734	-2635.007	-3258.3	623.2929	0.415346	0.302587	0.253001	0.0290657	0.587543	1.274428	4.403608	0.2125707
25740	-2642.767	-3266.934	624.1675	0.377108	0.302131	0.252619	0.068142	0.3837025	1.319586	3.946842	0.4147661
25746	-2615.122	-3239.377	624.255	0.342952	0.2863	0.358934	0.0118144	0.4517481	1.436817	3.846712	0.2397285
25752	-2621.327	-3246.575	625.2481	0.292089	0.192902	0.504947	0.0100622	0.7555203	1.487317	3.052533	0.2433344
25758	-2655.496	-3281.336	625.8408	0.428463	0.160782	0.402369	0.00838672	1.058662	1.71404	2.355203	0.2206745
25764	-2654.22	-3279.913	625.6928	0.392803	0.1474	0.452108	0.00768872	1.237841	1.689471	2.355203	0.2186789
25770	-2633.568	-3258.536	624.9683	0.292862	0.153381	0.470453	0.0833046	1.051237	1.713798	2.621773	0.776546
25776	-2624.208	-3250.349	626.1411	0.228516	0.485691	0.242799	0.0429933	0.4558227	1.774181	2.485496	0.3768503
25782	-2624.821	-3250.394	625.5732	0.383933	0.238286	0.27219	0.105591	0.8026439	1.675511	2.696994	0.3266625
25788	-2626.827	-3252.578	625.7507	0.422428	0.125537	0.319976	0.132059	0.677124	1.610153	2.696994	0.3580161
25794	-2638.683	-3264.281	625.5982	0.432677	0.196546	0.327739	0.0430382	0.6484949	1.715243	2.77208	0.2470491
25800	-2624.91	-3250.028	625.1189	0.501032	0.0879489	0.36331	0.0477093	0.6463959	1.606266	3.127373	0.2623997
25806	-2640.385	-3264.716	624.3307	0.450815	0.12739	0.328141	0.0936546	1.586125	1.709566	2.993273	0.2801496
25812	-2629.96	-3255.69	625.7297	0.274814	0.311765	0.304754	0.108666	0.6567493	1.73374	2.670121	0.2914464
25818	-2640.348	-3266.305	625.9562	0.286511	0.282474	0.317724	0.113291	0.5689344	1.852631	2.508341	0.3101725
25824	-2617.449	-3243.963	626.5146	0.203647	0.420628	0.276967	0.0987582	0.4586546	1.852639	2.232438	0.2283776
25830	-2622.496	-3249.016	626.5201	0.449352	0.199622	0.304157	0.0468689	0.6334354	1.705023	2.21127	0.2493426
25836	-2637.208	-3263.984	626.7762	0.36063	0.267091	0.270312	0.101967	0.7331265	1.816618	1.887561	0.2039483
25842	-2639.51	-3265.452	625.9414	0.471558	0.0619262	0.35889	0.107626	1.104046	1.711553	2.258034	0.2039483
25848	-2636.02	-3261.451	625.4312	0.584619	0.0251462	0.278474	0.111762	1.083643	1.806671	2.314146	0.6845978
25854	-2625.004	-3248.655	623.6513	0.523127	0.0476931	0.177138	0.252042	1.237778	1.670125	2.462572	2.481034
25860	-2643.37	-3266.367	622.9978	0.420576	0.00866035	0.0849	0.485864	1.694294	1.67069	2.761869	2.151161
25866	-2646.541	-3270.019	623.4782	0.437079	0.182821	0.0420325	0.338067	1.223776	1.690669	2.676118	2.222237
25872	-2636.626	-3260.505	623.8788	0.366747	0.287922	0.0312428	0.314089	1.078889	1.561368	2.69747	1.993262
25878	-2629.38	-3249.373	619.9927	0.367863	0.288798	0.0282938	0.315045	1.857187	1.515404	5.039018	1.056578
25884	-2637.624	-3257.843	620.2188	0.379131	0.144068	0.0573497	0.419452	2.001424	1.407593	4.911281	1.057677
25890	-2658.309	-3280.824	622.515	0.39429	0.311693	0.0480346	0.245982	1.266696	1.613946	3.503611	1.713881
25896	-2655.344	-3278.448	623.1033	0.361826	0.324261	0.198956	0.114958	1.258761	1.618031	2.995308	2.069171
25902	-2638.811	-3262.408	623.5969	0.446612	0.179816	0.236767	0.136805	1.191393	1.576168	2.995308	1.576253
25908	-2625.202	-3249.367	624.1643	0.223756	0.394661	0.235912	0.145672	0.4956823	1.71836	2.995308	1.576253
25914	-2632.117	-3256.188	624.071	0.309812	0.336108	0.218908	0.135172	0.4956823	1.526496	2.995308	1.931438
25920	-2638.482	-3263.389	624.9068	0.313621	0.34024	0.221599	0.12454	0.4956823	1.587564	2.995308	0.9192222
25926	-2630.586	-3255.612	625.0257	0.259741	0.424015	0.183528	0.132716	0.7038194	1.540453	3.172025	0.3248339
25932	-2659.051	-3283.665	624.6141	0.245986	0.303314	0.355765	0.0949359	0.4781468	1.569793	3.534249	0.3248339
25938	-2657.521	-3281.671	624.1509	0.379926	0.162691	0.443021	0.0143617	0.5332946	1.412962	3.871581	0.2833504
25944	-2670.351	-3295.399	625.0478	0.307343	0.195763	0.478552	0.0183425	0.4448391	1.496304	3.352998	0.2833504
25950	-2653.89	-3277.205	623.3154	0.207148	0.480043	0.269949	0.0428599	0.4616433	1.469475	4.197513	0.609791
25956	-2641.737	-3263.981	622.2443	0.270471	0.327325	0.35247	0.0497342	0.7830337	1.292203	4.748844	0.5479802
25962	-2629.743	-3251.072	621.3291	0.255074	0.301676	0.351429	0.0918211	0.5835531	1.357211	4.27004	2.845176
25968	-2638.657	-3258.953	620.296	0.247328	0.467227	0.219732	0.0657132	0.5005693	1.465931	4.27004	4.779927
25974	-2644.785	-3266.87	622.0849	0.211893	0.404278	0.32697	0.0568598	0.5839976	1.463431	4.208053	1.769334
25980	-2644.75	-3267.799	623.0493	0.146036	0.454178	0.299911	0.0998749	0.4869098	1.481293	4.208053	0.809916
25986	-2637.231	-3261.993	624.7621	0.196057	0.428189	0.241668	0.134085	0.6185205	1.693721	2.865927	1.045249
25992	-2637.815	-3262.486	624.6706	0.201857	0.411276	0.248817	0.138051	1.047664	1.684292	2.866673	0.7104655
25998	-2616.364	-3239.908	623.5439	0.237478	0.431777	0.10145	0.229296	1.144312	1.742226	3.03111	1.427863
26004	-2624.336	-3246.252	621.9153	0.402503	0.227035	0.091737	0.278725	1.895866	1.727074	3.863915	0.976517
26010	-2626.936	-3249.221	622.285	0.319163	0.20394	0.230428	0.246469	1.634941	1.616481	3.863915	0.9268326
26016	-2628.93	-3251.103	622.1732	0.262706	0.342332	0.190839	0.204124	1.637358	1.514249	3.985406	0.9268326
26022	-2627.929	-3249.326	621.3972	0.325354	0.235315	0.214688	0.224643	1.637358	1.645921	3.852575	1.914405
26028	-2639.802	-3260.21	620.4079	0.318287	0.240454	0.21563	0.225629	1.079002	1.580569	4.844984	1.665355
26034	-2637.219	-3260.367	623.1473	0.226702	0.459008	0.153584	0.160706	0.648515	1.550878	3.943407	0.93569
26040	-2635.285	-3258.169	622.8842	0.354999	0.192851	0.315412	0.136738	0.9164982	1.550878	3.829547	1.117933
26046	-2618.246	-3241.478	623.2316	0.282152	0.409731	0.230985	0.077132	0.731678	1.750072	3.839261	0.7525887
26052	-2630.528	-3253.206	622.6781	0.179218	0.415871	0.301229	0.103682	0.6517776	1.549511	4.355166	0.6892278
26058	-2626.093	-3248.356	622.2634	0.176071	0.408568	0.3135	0.101862	0.6290864	1.584149	4.398954	1.004475
26064	-2645.42	-3268.567	623.1466	0.129654	0.564486	0.230852	0.075008	0.4549575	1.510957	4.008188	1.060747
26070	-2641.642	-3264.137	622.4951	0.106296	0.480839	0.317165	0.0956991	0.4231633	1.617916	4.008188	1.701645
26076	-2649.74	-3274.195	624.4547	0.0197488	0.686435	0.194803	0.0990133	0.5047163	1.794045	3.232076	0.7644795
26082	-2635.616	-3259.865	624.2493	0.0170236	0.587358	0.268603	0.127016	0.4300899	1.816298	3.387464	0.7556846
26088	-2633.194	-3256.771	623.5767	0.301446	0.411128	0.161819	0.125607	1.220203	1.857382	3.006586	1.2306
26094	-2621.728	-3244.093	622.3659	0.309078	0.331672	0.182822	0.176428	1.110235	1.648084	3.797	1.426092
26100	-2641.948	-3263.963	622.0149	0.30761	0.383839	0.0667763	0.241775	0.9744432	1.500803	4.437552	0.908933
26106	-2647.278	-3266.462	619.1844	0.486555	0.200713	0.0404427	0.272288	1.793985	1.335322	5.134183	2.074403
26112	-2629.389	-3251.957	622.5681	0.438077	0.345422	0.0290414	0.187459	1.340829	1.758488	3.621103	1.181107
26118	-2633.675	-3256.816	623.1403	0.344264	0.336132	0.0228222	0.296782	1.307738	1.586761	3.086263	1.803715
26124	-2661.762	-3283.178	621.416	0.403337	0.187723	0.175922	0.233019	1.144	1.557357	4.168264	1.859153
26130	-2640.893	-3263.74	622.847	0.485781	0.0350755	0.161926	0.317217	1.516088	1.539005	3.459114	1.249668
26136	-2660.535	-3283.455	622.9199	0.345813	0.166036	0.207887	0.280264	1.414137	1.554692	3.143854	1.880514
26142	-2650.636	-3272.44	621.8034	0.281357	0.135088	0.355529	0.228026	1.732797	1.662858	3.596661	1.839564
26148	-2651.853	-3273.471	621.618	0.377075	0.196126	0.277377	0.149421	1.234547	1.589803	4.362257	1.098138
26154	-2641.179	-3263.216	622.0371	0.377075	0.196126	0.277377	0.149421	1.868044	1.644269	3.796126	1.077731
26160	-2646.048	-3267.311	621.2623	0.419202	0.177894	0.230601	0.172303	1.446817	1.420771	4.948666	0.3939469
26166	-2651.659	-3272.079	620.4206	0.3638	0.29686	0.0518105	0.28753	1.347694	1.534007	4.698332	1.71918
26172	-2646.094	-3266.031	619.9373	0.363072	0.309077	0.0667894	0.261062	1.347694	1.2839	5.272392	1.367867
26178	-2647.655	-3265.018	617.3633	0.317393	0.31369	0.146436	0.222481	1.48171	1.490402	5.347954	4.801809
26184	-2655.221	-3275.743	620.5219	0.237596	0.374094	0.131646	0.256664	1.234041	1.506647	4.660562	1.842087
26190	-2642.707	-3262.145	619.4379	0.17653	0.380987	0.142306	0.300178	1.315577	1.511461	5.434756	1.37511
26196	-2642.11	-3262.886	620.7764	0.407263	0.336681	0.125756	0.1303	1.63306	1.562336	4.633962	1.13466
26202	-2633.507	-3255.284	621.7775	0.376287	0.311073	0.0967019	0.215937	1.270431	1.745663	3.567965	2.374534
26208	-2640.433	-3262.535	622.1015	0.356505	0.350862	0.0992328	0.1934	1.582051	1.606551	3.049036	3.034905
26214	-2648.222	-3272.092	623.8704	0.345331	0.339865	0.127466	0.187339	1.529531	1.681413	3.049036	0.7644341
26220	-2638.479	-3258.698	620.2184	0.34639	0.308624	0.138562	0.206424	1.724367	1.514337	4.45403	2.158058
26226	-2654.295	-3274.239	619.944	0.320875	0.193701	0.154877	0.330547	1.724367	1.560887	4.689496	1.901136
26232	-2630.754	-3251.882	621.1274	0.580355	0.126657	0.0742205	0.218767	1.471148	1.622242	3.109301	4.911068
26238	-2639.643	-3260.745	621.1029	0.666891	0.0301799	0.076739	0.226191	1.682196	1.568459	3.488676	3.398743
26244	-2655.414	-3273.621	618.2065	0.640113	0.0113056	0.0986844	0.249897	1.934628	1.628001	3.488676	10.68967
26250	-2637.206	-3258.064	620.8581	0.655052	0.0115694	0.100987	0.232391	1.822899	1.617723	3.202293	4.525261
26256	-2637.173	-3256.909	619.7351	0.682311	0.0110722	0.0842141	0.222403	2.00609	1.607058	4.22235	3.048329
26262	-2626.148	-3245.625	619.4772	0.675593	0.0109631	0.0932314	0.220213	2.364036	1.513354	4.22235	3.210813
26268	-2626.05	-3247.3	621.2491	0.58805	0.011839	0.162305	0.237806	1.182705	1.558874	3.62532	3.523733
26274	-2649.333	-3270.463	621.1297	0.597139	0.0421468	0.181282	0.179433	1.594027	1.517237	4.132577	1.840257
26280	-2644.405	-3265.756	621.3508	0.579098	0.0350693	0.0849199	0.300913	1.4191	1.504234	4.258534	1.50036
26286	-2643.466	-3265.968	622.5018	0.482414	0.201166	0.0723476	0.244073	1.4191	1.505047	3.812518	1.096176
26292	-2637.281	-3259.531	622.2495	0.505069	0.192903	0.0690534	0.232975	1.534032	1.621913	3.590113	1.558743
26298	-2648.293	-3270.678	622.385	0.481997	0.193669	0.149434	0.1749	1.417366	1.579142	3.75988	1.238578
26304	-2651.894	-3275.109	623.2153	0.371333	0.243941	0.144826	0.2399	1.340048	1.749343	3.333461	1.031791
26310	-2631.769	-3252.874	621.1049	0.331204	0.239906	0.161451	0.267439	1.378357	1.777687	3.922787	2.270114
26316	-2638.126	-3259.374	621.2474	0.387882	0.280961	0.0179518	0.313205	2.182334	1.62274	3.768154	1.786198
26322	-2656.931	-3278.046	621.1151	0.345922	0.36336	0.011396	0.279323	1.888187	1.611537	4.127475	1.467713
26328	-2639.299	-3261.45	622.151	0.336455	0.353416	0.0384506	0.271679	1.197903	1.559217	4.073095	1.14129
26334	-2628.924	-3251.031	622.1068	0.313009	0.350395	0.0345944	0.302002	1.642837	1.624067	4.073095	0.7331835
26340	-2652.989	-3275.502	622.5131	0.28578	0.418579	0.0303852	0.265256	1.380133	1.693974	3.397706	1.713688
26346	-2638.396	-3259.842	621.446	0.326499	0.389049	0.0175439	0.266908	1.210763	1.715345	4.017231	1.876873
26352	-2639.244	-3259.079	619.8349	0.434687	0.263934	0.0351219	0.266257	1.486871	1.585727	4.312074	3.363289
26358	-2635.484	-3254.953	619.4697	0.396922	0.182892	0.177062	0.243124	1.667913	1.626845	4.058746	4.586044
26364	-2629.421	-3249.303	619.8827	0.405968	0.205829	0.199267	0.188936	1.465363	1.494435	4.672052	2.422267
26370	-2645.519	-3266.18	620.6604	0.357019	0.223537	0.210243	0.2092	1.661335	1.45333	4.672052	1.276489
26376	-2646.523	-3268.148	621.6253	0.411113	0.168926	0.138124	0.281836	2.068086	1.839782	3.478571	1.770445
26382	-2658.093	-3281.798	623.7049	0.426931	0.22265	0.212935	0.137484	1.775896	1.92049	2.958267	0.6455937
26388	-2650.271	-3272.518	622.2468	0.466291	0.160338	0.236681	0.136691	1.302632	1.656532	2.958267	3.384883
26394	-2642.909	-3264.467	621.5578	0.407271	0.262397	0.0499577	0.280374	1.504488	1.705298	3.48518	2.666228
26400	-2637.336	-3258.973	621.6369	0.343382	0.310492	0.0175919	0.328534	1.815215	1.887567	3.241157	2.510057
26406	-2660.213	-3281.423	621.2101	0.286019	0.244341	0.246319	0.22332	1.815215	1.448625	3.616533	2.861287
26412	-2643.83	-3265.239	621.4086	0.298314	0.254844	0.162282	0.28456	1.258971	1.494315	4.187962	1.767078
26418	-2650.052	-3270.39	620.338	0.308941	0.277002	0.160934	0.253122	2.120803	1.420143	4.929684	0.8088737
26424	-2660.402	-3281.586	621.1842	0.308975	0.215517	0.151053	0.324455	1.856983	1.617654	4.39278	0.91865
26430	-2642.634	-3265.278	622.6435	0.444489	0.0115602	0.249689	0.294262	1.386865	1.611833	3.53664	1.371124
26436	-2647.864	-3270.559	622.6952	0.506693	0.0305565	0.306723	0.156028	1.384343	1.64967	3.530419	1.286692
26442	-2619.869	-3240.75	620.8815	0.599285	0.0176813	0.163775	0.219259	1.506674	1.555708	3.646046	3.602208
26448	-2639.475	-3261.337	621.8615	0.444929	0.0131272	0.191136	0.350808	1.245064	1.466743	3.649669	2.489404
26454	-2636.71	-3257.217	620.5065	0.457093	0.0134861	0.169023	0.360398	1.275683	1.461014	4.410538	2.489404
26460	-2618.477	-3239.585	621.1077	0.487764	0.0150166	0.0959191	0.401301	1.671741	1.460803	4.249745	1.602616
26466	-2630.109	-3250.194	620.0852	0.657456	0.037134	0.104868	0.200542	1.67603	1.426711	4.217573	3.215333
26472	-2621.401	-3243.272	621.8706	0.530056	0.0301302	0.151018	0.288795	1.290954	1.550812	3.454358	2.799565
26478	-2637.031	-3258.822	621.7916	0.568619	0.00890208	0.189858	0.232621	1.57213	1.547592	3.357468	2.799565
26484	-2630.982	-3253.877	622.8952	0.499955	0.00782711	0.183687	0.308531	1.37993	1.484676	3.357468	1.587739
26490	-2630.523	-3253.288	622.7649	0.50834	0.0173983	0.229961	0.2443	1.290934	1.511468	3.36434	1.798934
26496	-2620.678	-3241.353	620.6751	0.443362	0.0735853	0.156997	0.326056	1.398165	1.306131	4.884329	1.252139
26502	-2648.859	-3267.69	618.8311	0.514943	0.180135	0.0820597	0.222863	1.59797	1.332083	5.736599	1.363765
26508	-2661.087	-3276.902	615.8154	0.554882	0.0332217	0.1496	0.262297	2.075797	1.465496	6.55463	2.697984
26514	-2668.368	-3286.885	618.5175	0.440769	0.210361	0.077591	0.271279	2.222801	1.681863	3.501511	8.515469
26520	-2634.386	-3255.57	621.1839	0.337582	0.30475	0.0653625	0.292305	2.001364	1.733493	3.550386	2.41542
26526	-2654.38	-3276.18	621.8007	0.338449	0.305532	0.0629643	0.293055	1.881847	1.89846	3.465289	1.683219
26532	-2641.219	-3263.739	622.5194	0.287706	0.250295	0.212881	0.249118	1.29144	1.729442	3.879876	0.8535122
26538	-2642.407	-3264.086	621.6793	0.326325	0.427609	0.086051	0.160015	0.871236	1.589811	4.554083	1.053002
26544	-2649.324	-3270.325	621.0013	0.399483	0.308499	0.111143	0.180875	1.583109	1.576374	4.554083	1.078115
26550	-2622.595	-3246.079	623.4835	0.659395	0.0763981	0.087777	0.17643	1.122554	1.667735	2.872386	1.93974
26556	-2636.751	-3260.639	623.8881	0.455682	0.243989	0.0290898	0.27124	1.163362	1.655803	2.613234	1.929183
26562	-2635.158	-3256.802	621.644	0.421403	0.252921	0.0445063	0.281169	1.783037	1.701938	3.599726	1.936214
26568	-2625.109	-3248.306	623.1967	0.516164	0.236569	0.0337911	0.213476	1.321028	1.568788	3.549235	0.8810568
26574	-2627.108	-3248.37	621.2623	0.454477	0.279358	0.0278379	0.238328	2.005614	1.605203	4.397492	0.7383757
26580	-2631.795	-3253.739	621.9432	0.375623	0.237254	0.0874284	0.299695	1.638895	1.679626	3.906239	1.130151
26586	-2643.264	-3266.897	623.6333	0.310193	0.272508	0.167788	0.249511	1.275932	1.709441	3.090963	1.123679
26592	-2649.896	-3272.863	622.9674	0.374651	0.171798	0.296252	0.1573	1.297741	1.742992	3.294765	1.414184
26598	-2629.865	-3253.674	623.8093	0.321317	0.24124	0.260855	0.176587	1.06295	1.679332	3.294765	0.8381353
26604	-2661.92	-3287.049	625.1299	0.32775	0.262428	0.217724	0.192097	1.214698	1.737963	2.692452	0.2314367
26610	-2653.611	-3278.038	624.4268	0.33535	0.275129	0.222773	0.166748	1.28252	1.737963	3.073161	0.3049209
26616	-2660.067	-3284.35	624.2829	0.292671	0.297749	0.167214	0.242366	1.427143	1.737345	3.073161	0.3315067
26622	-2642.837	-3266.853	624.0162	0.337282	0.260933	0.322515	0.0792695	1.570182	1.691073	3.165656	0.3802315
26628	-2639.355	-3264.415	625.0598	0.337282	0.260933	0.322515	0.0792695	0.7669017	1.733718	2.855081	0.5852451
26634	-2659.817	-3284.826	625.0086	0.25781	0.293411	0.362658	0.0861201	0.5990759	1.625067	3.210246	0.2733282
26640	-2668.212	-3292.88	624.6675	0.384494	0.247608	0.291213	0.0766858	0.7510187	1.668587	3.280253	0.3199413
26646	-2650.572	-3273.081	622.5092	0.475945	0.159686	0.295604	0.0687653	1.424584	1.490892	4.258777	0.2234528
26652	-2664.011	-3285.924	621.9131	0.461318	0.110564	0.286519	0.141599	1.661676	1.50557	4.258777	0.7047033
26658	-2658.84	-3281.139	622.2991	0.379006	0.140993	0.227666	0.252334	1.31171	1.479303	3.837363	1.399014
26664	-2641.895	-3262.798	620.9028	0.389022	0.144719	0.207257	0.259002	1.31171	1.440579	4.483477	1.752437
26670	-2639.567	-3260.88	621.3122	0.548395	0.0486518	0.0840472	0.318906	1.256718	1.473268	4.368443	1.526195
26676	-2631.118	-3250.831	619.7128	0.412074	0.175003	0.121875	0.291048	2.597769	1.459482	4.722114	1.464089
26682	-2633.381	-3255.282	621.9015	0.380528	0.161606	0.189099	0.268767	1.991167	1.600643	3.839929	1.086832
26688	-2652.257	-3274.917	622.6594	0.393457	0.184827	0.0977339	0.323982	1.130211	1.59541	3.828498	1.086832
26694	-2650.55	-3272.58	622.0297	0.523494	0.126302	0.0812071	0.268997	1.288639	1.567385	3.828498	1.653435
26700	-2661.472	-3284.707	623.2348	0.442476	0.0605455	0.244953	0.252026	1.425884	1.517361	3.071377	1.672042
26706	-2636.576	-3259.624	623.0484	0.564103	0.0550321	0.188598	0.192267	1.425884	1.673187	3.501541	0.9120558
26712	-2625.188	-3247.683	622.4946	0.48106	0.125709	0.229268	0.163963	1.630439	1.500581	3.588083	1.329002
26718	-2651.378	-3273.679	622.3009	0.520408	0.0909933	0.248021	0.140577	1.184797	1.554239	3.94249	1.242918
26724	-2628.354	-3250.583	622.2281	0.434823	0.0760287	0.37169	0.117458	1.085199	1.495634	3.94249	1.496303
26730	-2629.795	-3252.065	622.2706	0.389111	0.0835809	0.43687	0.0904386	1.770773	1.589093	4.104394	0.4545448
26736	-2639.584	-3263.238	623.654	0.452456	0.159965	0.367921	0.019658	1.042556	1.476582	3.806958	0.3236503
26742	-2644.887	-3268.532	623.6449	0.462525	0.128169	0.385771	0.0235341	1.36625	1.373821	3.708102	0.2370156
26748	-2633.98	-3259.128	625.148	0.223587	0.380994	0.296426	0.0989935	1.073446	1.567278	2.813444	0.4169636
26754	-2637.052	-3261.77	624.7174	0.171155	0.406723	0.316443	0.105679	0.9209374	1.529237	3.170866	0.4457334
26760	-2628.357	-3252.363	624.0056	0.242192	0.381988	0.339502	0.0363181	0.5804778	1.467169	3.433583	1.115142
26766	-2645.306	-3270.672	625.366	0.276939	0.436793	0.25021	0.0360578	0.423927	1.47919	3.137627	0.4110871
26772	-2649.188	-3272.582	623.3946	0.197203	0.404706	0.33281	0.0652807	0.5559943	1.426091	4.242279	0.396535
26778	-2644.838	-3268.23	623.3923	0.145752	0.55238	0.245979	0.0558883	0.3287516	1.473924	4.242279	0.5593938
26784	-2633.796	-3259.808	626.0123	0.16274	0.369517	0.368961	0.0987821	0.3328563	1.668522	2.727977	0.2359887
26790	-2642.594	-3269.472	626.8777	0.289345	0.285465	0.31068	0.11451	0.311829	1.745265	2.071091	0.4356637
26796	-2635.085	-3261.871	626.7856	0.124357	0.35174	0.382809	0.141095	0.2428702	1.756277	2.205768	0.2447028
26802	-2655.139	-3281.981	626.8421	0.355464	0.267268	0.307127	0.0701407	0.2943407	1.691732	2.202882	0.2256143
26808	-2649.274	-3276.001	626.7269	0.183496	0.369332	0.424413	0.0227593	0.4484583	1.694801	2.202882	0.2256143
26814	-2630.695	-3257.525	626.8305	0.285347	0.299836	0.344553	0.0702639	0.3065774	1.69814	2.202882	0.2256143
26820	-2639.293	-3266.286	626.9926	0.160587	0.387649	0.293521	0.158243	0.2952968	1.781945	2.046923	0.2346922
26826	-2634.725	-3261.502	626.7768	0.279422	0.392964	0.21195	0.115664	0.4096926	1.84115	2.046923	0.4040864
26832	-2647.305	-3269.352	622.0477	0.570285	0.0543213	0.23905	0.136343	1.458635	1.586755	3.737129	1.615989
26838	-2641.557	-3263.456	621.8993	0.39954	0.0694503	0.318302	0.212707	1.388862	1.604563	3.737129	1.854234
26844	-2633.873	-3260.206	626.3323	0.206688	0.348569	0.409634	0.0351084	0.3904404	1.821962	1.974202	0.9804953
26850	-2643.788	-3266.189	622.4012	0.470417	0.102929	0.182466	0.244188	1.48581	1.606649	2.999596	2.812712
26856	-2639.332	-3261.626	622.2937	0.532706	0.0704551	0.23047	0.166369	1.385702	1.715672	3.47775	1.783241
26862	-2648.506	-3270.987	622.4803	0.293849	0.163854	0.289819	0.252479	1.541398	1.631502	2.956967	2.684597
26868	-2661.217	-3284.696	623.4788	0.476403	0.182107	0.0573371	0.284152	1.372589	1.687839	2.477301	2.493038
26874	-2617.537	-3241.12	623.5822	0.48571	0.0858362	0.079434	0.34902	1.515487	1.580105	2.831348	1.564737
26880	-2633.582	-3256.778	623.196	0.471852	0.111918	0.0771676	0.339062	1.410607	1.591428	3.231007	1.335264
26886	-2622.356	-3244.83	622.4734	0.403776	0.255411	0.145404	0.19541	1.822883	1.71458	3.639086	0.8794163
26892	-2631.589	-3255.537	623.9481	0.424106	0.246702	0.140446	0.188746	1.291587	1.565964	3.087481	0.942141
26898	-2627.484	-3252.721	625.237	0.297968	0.254823	0.3146	0.132609	0.8796818	1.74501	2.806965	0.3376706
26904	-2629.794	-3254.401	624.6074	0.356619	0.184621	0.376418	0.0823417	1.469773	1.730472	2.87531	0.2702327
26910	-2630.232	-3255.486	625.2538	0.472652	0.18881	0.207329	0.131209	1.108765	1.601593	2.762344	0.2702327
26916	-2643.687	-3268.813	625.1263	0.490126	0.15882	0.214994	0.13606	1.108765	1.635699	2.817264	0.2834563
26922	-2648.168	-3275.651	627.4833	0.389871	0.30023	0.281513	0.0283869	0.3556147	1.996078	1.498278	0.1747236
26928	-2628.048	-3255.651	627.6028	0.198495	0.363505	0.402156	0.0358443	0.3556147	2.023854	1.422599	0.2440025
26934	-2619.246	-3246.67	627.4242	0.130685	0.467116	0.383451	0.0187479	0.4456523	2.007876	1.511886	0.2328938
26940	-2629.12	-3256.597	627.4766	0.0956771	0.398074	0.424792	0.0814564	0.3292662	2.044235	1.511886	0.2847205
26946	-2649.54	-3277.001	627.4606	0.0736805	0.432186	0.405697	0.0884366	0.3933776	2.045459	1.479718	0.3124043
26952	-2614.401	-3241.326	626.9248	0.204436	0.44537	0.278141	0.072053	0.5843351	2.024225	1.760045	0.2704155
26958	-2607.927	-3234.801	626.8747	0.137426	0.429303	0.322596	0.110675	0.3719174	1.931573	1.854461	0.5386619
26964	-2615.192	-3242.31	627.1172	0.383649	0.329131	0.240066	0.0471554	0.5051293	1.897978	1.762898	0.3039604
26970	-2603.529	-3230.632	627.1022	0.30734	0.220822	0.4402	0.0316377	0.4075075	1.828528	1.892935	0.2442494
26976	-2619.634	-3246.368	626.7339	0.313223	0.225049	0.429485	0.0322433	0.6774846	1.916962	1.892935	0.2152013
26982	-2615.488	-3242.503	627.0146	0.211285	0.275731	0.477162	0.0358226	0.5012207	1.90841	1.77799	0.4110197
26988	-2620.198	-3246.377	626.179	0.33617	0.242015	0.388245	0.0335702	0.4933095	1.847402	2.184881	0.7043825
26994	-2625.289	-3250.897	625.6081	0.352391	0.236101	0.378758	0.0327499	0.4545447	1.899933	2.184881	1.259477
27000	-2631.413	-3257.407	625.9938	0.449882	0.227707	0.258762	0.0636483	0.4513622	1.813806	2.195093	0.9381308
27006	-2632.778	-3259.345	626.5671	0.475571	0.196514	0.238642	0.0892724	0.4678366	1.826299	2.168624	0.3866952
27012	-2628.183	-3254.113	625.9308	0.300034	0.200923	0.409617	0.0894256	0.6449859	1.865992	2.031947	1.000105
27018	-2633.797	-3260.115	626.318	0.246846	0.289663	0.337002	0.126489	0.425175	1.732775	2.19029	0.734412
27024	-2631.183	-3256.04	624.8572	0.199714	0.276682	0.3219	0.201703	0.4724629	1.644982	2.954452	1.001308
27030	-2624.166	-3249.079	624.9123	0.330764	0.203091	0.236282	0.229863	0.6363388	1.680739	2.515378	1.493625
27036	-2627.633	-3251.337	623.7047	0.27041	0.328388	0.15504	0.246162	0.4324745	1.685069	2.391608	3.966266
27042	-2621.309	-3244.453	623.1444	0.275651	0.401228	0.123231	0.19989	1.019987	1.573353	2.901575	2.632468
27048	-2626.81	-3251.44	624.6305	0.452446	0.0524416	0.255318	0.239794	1.019987	1.715631	2.067836	2.191616
27054	-2622.214	-3243.695	621.481	0.516259	0.0533402	0.239903	0.190497	1.659277	1.780127	3.432486	2.606995
27060	-2623.754	-3242.98	619.2261	0.555307	0.0427529	0.258049	0.143891	1.462239	1.43046	3.908632	6.777028
27066	-2657.006	-3276.445	619.4388	0.441847	0.0433428	0.205324	0.309486	1.566815	1.596137	3.567031	7.134078
27072	-2643.732	-3264.267	620.535	0.48838	0.0692702	0.226948	0.215402	1.566815	1.529466	3.986958	3.117678
27078	-2641.845	-3264.114	622.2697	0.476989	0.0474613	0.297691	0.177858	0.9112016	1.490719	3.144192	3.778644
27084	-2637.546	-3259.559	622.0131	0.3555	0.199738	0.330409	0.114353	0.9437034	1.41843	3.533765	3.113264
27090	-2647.554	-3268.869	621.3156	0.208877	0.341049	0.311063	0.139012	1.166522	1.450453	3.440944	4.255623
27096	-2643.102	-3264.592	621.4903	0.598846	0.0541488	0.171808	0.175197	1.369454	1.580928	3.04455	4.635074
27102	-2641.93	-3262.512	620.5828	0.563494	0.0432964	0.182027	0.211183	1.369454	1.582819	3.085796	6.726869
27108	-2686.071	-3307.642	621.5714	0.335862	0.374242	0.144007	0.14589	1.415202	1.510651	3.878089	2.056192
27114	-2662.264	-3283.233	620.9688	0.457324	0.0333751	0.213673	0.295628	1.880736	1.258547	4.297888	1.711151
27120	-2650.157	-3271.434	621.2764	0.411686	0.059466	0.262721	0.266127	1.492197	1.454233	4.080287	1.963481
27126	-2659.839	-3281.1	621.2603	0.395358	0.15685	0.180526	0.267265	2.654928	1.987999	3.30347	1.91267
27132	-2636.211	-3258.852	622.6406	0.42513	0.122166	0.16798	0.284724	1.412428	1.71557	2.907507	2.606586
27138	-2647.702	-3268.627	620.9253	0.269948	0.155143	0.213326	0.361583	1.387945	1.670666	3.256963	4.861099
27144	-2649.667	-3268.947	619.2797	0.39014	0.0602804	0.203927	0.345653	1.598578	1.647086	3.768516	6.379151
27150	-2640.701	-3260.695	619.9939	0.503494	0.0137769	0.195442	0.287287	1.598578	1.441194	4.501336	2.622235
27156	-2636.04	-3259.133	623.0931	0.357748	0.18922	0.138868	0.314165	1.328432	1.591391	3.632491	0.8146136
27162	-2649.354	-3272.905	623.5508	0.385498	0.120532	0.151416	0.342554	1.258341	1.530748	3.170934	1.275327
27168	-2647.766	-3270.445	622.6791	0.483406	0.0827482	0.132986	0.30086	1.560993	1.741415	2.633118	3.018923
27174	-2644.349	-3266.253	621.9034	0.465637	0.0882766	0.128098	0.317988	1.35165	1.592194	3.669246	2.063648
27180	-2675.684	-3297.539	621.8556	0.326208	0.174078	0.259503	0.240211	0.9869653	1.848675	3.99548	1.524285
27186	-2640.291	-3262.057	621.7655	0.425338	0.130383	0.15269	0.291589	1.83866	1.587638	3.890708	1.274124
27192	-2641.809	-3264.958	623.1487	0.448066	0.269005	0.0452699	0.237659	1.341872	1.740964	3.510998	0.806594
27198	-2635.913	-3258.352	622.439	0.414466	0.323821	0.0418752	0.219838	1.921472	1.959463	2.360823	3.30681
27204	-2639.012	-3260.064	621.0521	0.570388	0.100212	0.0268596	0.30254	1.723647	1.747641	4.192041	1.403336
27210	-2636.936	-3258.76	621.824	0.423747	0.223773	0.12772	0.22476	1.552608	1.711209	3.556636	2.034756
27216	-2653.833	-3275.715	621.8819	0.464292	0.0875351	0.237347	0.210826	1.62961	1.780676	3.44459	2.034756
27222	-2650.895	-3273.018	622.1232	0.478395	0.13197	0.244557	0.145078	1.34755	1.667655	2.972363	3.472307
27228	-2669.467	-3293.088	623.6214	0.304261	0.17297	0.318371	0.204397	1.34755	1.928225	2.581304	1.769197
27234	-2619.824	-3243.993	624.1691	0.477887	0.0348622	0.216926	0.270325	1.208845	1.610407	3.342586	0.2090113
27240	-2637.171	-3261.403	624.2316	0.477721	0.0515042	0.272711	0.198064	1.208845	1.552692	3.342586	0.2906924
27246	-2622.578	-3246.441	623.8625	0.464743	0.0501049	0.344391	0.140762	1.227578	1.582419	3.530915	0.2906924
27252	-2632.066	-3255.846	623.7795	0.493876	0.0998009	0.300627	0.105696	1.788165	1.656356	3.254639	0.225326
27258	-2619.012	-3244.063	625.0501	0.461503	0.0858271	0.273733	0.178936	1.214509	1.616002	2.814789	0.2259752
27264	-2607.207	-3232.03	624.8234	0.461425	0.0859822	0.273687	0.178906	1.214509	1.655858	2.927944	0.2259752
27270	-2621.945	-3247.196	625.2509	0.402164	0.0954431	0.303802	0.198592	1.186641	1.847097	2.565758	0.2793065
27276	-2641.572	-3266.068	624.4963	0.500285	0.142508	0.183271	0.173936	1.474832	1.731958	2.939878	0.2473475
27282	-2635.072	-3260.098	625.0263	0.405714	0.235	0.262574	0.0967122	0.9829384	1.653487	2.939878	0.2943433
27288	-2648.713	-3273.893	625.1804	0.403855	0.103755	0.359849	0.132541	1.059739	1.676	2.791995	0.2468639
27294	-2643.879	-3268.374	624.4959	0.40005	0.102777	0.365881	0.131292	1.367184	1.803962	2.951822	0.2783372
27300	-2626.012	-3249.106	623.0932	0.453087	0.137684	0.195479	0.21375	1.368689	1.647895	3.540929	0.8768238
27306	-2627.803	-3251.668	623.8653	0.49261	0.243465	0.212531	0.0513937	1.268365	1.638434	3.405665	0.4527601
27312	-2629.955	-3250.389	620.4334	0.440691	0.175187	0.175341	0.20878	1.679059	1.218646	5.206381	0.7596267
27318	-2660.041	-3278.863	618.8226	0.383336	0.193152	0.193322	0.23019	1.532007	1.087386	5.978539	1.218211
27324	-2649.185	-3272.205	623.0202	0.371249	0.258345	0.187227	0.183179	1.156993	1.465495	3.605296	1.222522
27330	-2645.343	-3268.913	623.57	0.526685	0.125824	0.265615	0.0818765	1.156993	1.667736	3.692756	0.2309571
27336	-2632.305	-3254.101	621.7953	0.352305	0.17218	0.363474	0.112042	1.554735	1.610915	4.119042	1.042621
27342	-2637.373	-3261.065	623.6923	0.422694	0.113138	0.355256	0.108912	1.231458	1.775985	3.377616	0.5703533
27348	-2635.552	-3259.694	624.1418	0.42359	0.0717407	0.356009	0.148661	1.361674	1.671387	3.172095	0.4544472
27354	-2643.678	-3266.829	623.1511	0.415586	0.12632	0.243948	0.214146	1.361674	1.612027	2.99732	1.885158
27360	-2609.471	-3231.703	622.232	0.479996	0.19114	0.0815281	0.247336	1.527898	1.519882	3.469746	1.972696
27366	-2618.398	-3240.171	621.773	0.547061	0.0399784	0.16831	0.244651	1.487124	1.516593	3.17599	3.540136
27372	-2612.236	-3234.426	622.1899	0.510057	0.0312302	0.267597	0.191115	1.591066	1.623281	3.341226	2.113318
27378	-2624.494	-3246.912	622.4184	0.529203	0.0324025	0.297322	0.141073	1.276688	1.623281	3.130474	2.707829
27384	-2632.565	-3257.589	625.0233	0.403443	0.191254	0.218565	0.186739	1.268452	1.53366	2.579194	0.7636978
27390	-2638.004	-3261.208	623.2034	0.344066	0.184626	0.291039	0.180268	0.9970263	1.587463	3.884247	0.5997662
27396	-2632.325	-3255.168	622.8429	0.311629	0.220132	0.289145	0.179095	1.081569	1.535972	4.224697	0.2831618
27402	-2653.849	-3278.099	624.2499	0.37209	0.148994	0.357697	0.121218	1.167859	1.543542	3.354467	0.3124164
27408	-2629.305	-3254.085	624.7807	0.285267	0.191066	0.404733	0.118934	1.092167	1.51884	3.101492	0.2106598
27414	-2643.378	-3267.486	624.1077	0.298647	0.317705	0.271046	0.112602	1.179069	1.512746	3.426408	0.1693256
27420	-2636.457	-3261.307	624.8505	0.310201	0.229247	0.281532	0.179021	1.179069	1.577171	2.981401	0.2600997
27426	-2623.059	-3246.744	623.6845	0.367916	0.155589	0.264164	0.21233	1.402972	1.4111	3.642375	0.2231046
27432	-2629.821	-3253.714	623.8928	0.498414	0.113427	0.215192	0.172967	1.532335	1.685374	3.284909	0.1971076
27438	-2633.109	-3257.784	624.6755	0.572929	0.102866	0.215508	0.108696	1.287259	1.579908	2.990972	0.169968
27444	-2623.584	-3248.72	625.1363	0.454345	0.114474	0.24099	0.190192	1.26587	1.586702	2.752978	0.2398366
27450	-2638.922	-3264.794	625.872	0.304359	0.0907198	0.447959	0.156963	1.019317	1.630236	2.416976	0.2471733
27456	-2651.457	-3277.527	626.0709	0.482332	0.0669543	0.313234	0.137479	0.9284959	1.596324	2.348642	0.3425919
27462	-2647.654	-3270.305	622.6516	0.4481	0.11038	0.339904	0.101615	1.553773	1.575653	3.992254	0.4627364
27468	-2646.696	-3270.377	623.6811	0.355018	0.120447	0.339462	0.185074	1.409789	1.65569	3.1488	0.910447
27474	-2655.281	-3278.607	623.3254	0.376261	0.180476	0.165951	0.277312	1.409789	1.882334	2.844826	1.593832
27480	-2635.599	-3258.461	622.862	0.395887	0.245534	0.0805344	0.278045	1.565011	1.866794	3.099453	1.501016
27486	-2621.255	-3244.337	623.0821	0.397156	0.246321	0.0775863	0.278936	1.282582	1.542842	3.653149	0.8778985
27492	-2622.176	-3244.847	622.6715	0.472172	0.0845492	0.220218	0.223061	1.310292	1.598535	3.533927	1.437685
27498	-2641.626	-3262.563	620.9366	0.420315	0.136723	0.244399	0.198563	1.403839	1.409397	4.510286	1.590182
27504	-2643.087	-3263.64	620.5533	0.296522	0.237522	0.175409	0.290547	1.408841	1.320547	4.510286	2.194261
27510	-2633.791	-3254.98	621.1891	0.390484	0.255297	0.230993	0.123226	1.228176	1.377519	4.510286	1.518865
27516	-2632.176	-3255.039	622.863	0.268205	0.273146	0.247142	0.211508	1.149379	1.537472	3.50451	1.518865
27522	-2635.866	-3256.333	620.4672	0.268205	0.273146	0.247142	0.211508	1.224501	1.269545	5.147019	1.177561
27528	-2626.997	-3249.764	622.7672	0.332507	0.371715	0.0883692	0.207409	1.466561	1.356835	3.517419	1.477772
27534	-2627.286	-3247.445	620.1587	0.456737	0.119909	0.121385	0.301969	1.466561	1.451419	4.661855	2.115226
27540	-2640.778	-3260.652	619.8738	0.485056	0.105955	0.180509	0.228479	1.694137	1.31479	4.459979	3.0097
27546	-2626.12	-3246.678	620.5585	0.439138	0.168574	0.113359	0.27893	2.230326	1.68238	3.724781	2.733994
27552	-2642.75	-3264.633	621.8833	0.487943	0.250478	0.0546486	0.20693	1.450914	1.596814	2.998948	3.800206
27558	-2642.849	-3265.153	622.3038	0.52161	0.135118	0.045174	0.298097	1.497363	1.442886	3.641337	1.639737
27564	-2656.565	-3278.648	622.0827	0.483938	0.149651	0.108962	0.257448	1.451624	1.564327	3.549742	2.017455
27570	-2650.71	-3273.966	623.2558	0.338795	0.439374	0.0493822	0.172448	1.370244	1.761436	3.482162	0.7081884
27576	-2640.729	-3264.71	623.981	0.50494	0.146869	0.213275	0.134915	1.25099	1.588989	2.86323	1.309909
27582	-2646.348	-3270.799	624.451	0.367652	0.138095	0.29826	0.195993	0.8923462	1.58997	2.735008	1.411083
27588	-2642.436	-3266.674	624.2378	0.442385	0.166165	0.167826	0.223624	0.8923462	1.595068	2.694703	1.735137
27594	-2632.639	-3256.461	623.8216	0.40948	0.227424	0.0842001	0.278896	1.257525	1.650819	2.732554	1.663124
27600	-2633.193	-3256.298	623.105	0.424841	0.138317	0.0406867	0.396155	1.257525	1.711349	2.33147	3.649825
27606	-2628.797	-3252.99	624.1923	0.564064	0.196796	0.0209387	0.218201	1.43128	1.852885	2.268967	1.677182
27612	-2627.815	-3250.68	622.8647	0.128617	0.521784	0.0263784	0.323221	1.434413	1.781213	3.103488	1.727144
27618	-2636.392	-3259.796	623.4042	0.27387	0.357054	0.0203911	0.348685	1.512469	1.541702	3.103488	1.299486
27624	-2632.87	-3256.221	623.3513	0.168578	0.603109	0.0213838	0.206929	1.430159	1.604993	3.0797	1.411763
27630	-2634.318	-3257.336	623.018	0.156245	0.558984	0.0198193	0.264952	1.357987	1.571647	3.65602	0.840965
27636	-2635.328	-3256.382	621.0539	0.456202	0.263435	0.0195125	0.260851	2.291189	1.346036	4.131399	1.495023
27642	-2632.708	-3254.544	621.8366	0.375138	0.219279	0.188455	0.217128	1.339346	1.383314	4.207622	1.271955
27648	-2639.058	-3261.336	622.2782	0.411525	0.204977	0.255535	0.127964	1.198224	1.547947	3.305938	2.695795
27654	-2638.442	-3260.59	622.1483	0.411525	0.204977	0.255535	0.127964	1.403414	1.569231	4.039566	1.001865
27660	-2653.532	-3277.078	623.5467	0.336148	0.247563	0.293192	0.123096	1.070529	1.50453	3.685219	0.6114951
27666	-2635.828	-3261.302	625.474	0.357394	0.26321	0.269336	0.110059	1.023035	1.683019	2.588597	0.3866783
27672	-2642.082	-3264.798	622.7164	0.333652	0.187302	0.290253	0.188793	1.327004	1.490171	3.732989	1.117639
27678	-2649.159	-3272.215	623.0558	0.378372	0.167014	0.264961	0.189653	1.137155	1.750477	2.870213	2.404331
27684	-2647.183	-3271.396	624.2135	0.295981	0.235466	0.207266	0.261287	1.37285	1.623972	2.870213	0.9072733
27690	-2641.188	-3264.62	623.4321	0.274055	0.27644	0.0485526	0.400952	1.288822	1.736239	2.715171	2.052035
27696	-2630.474	-3252.281	621.8074	0.44273	0.211295	0.0395084	0.306466	1.288822	1.572934	3.51528	2.702345
27702	-2637.62	-3258.137	620.5163	0.386651	0.233581	0.0726979	0.30707	1.596453	1.524512	4.162632	2.61495
27708	-2625.607	-3248.706	623.0985	0.416408	0.212391	0.032751	0.33845	1.418304	1.467098	3.335698	1.376874
27714	-2635.386	-3258.408	623.0225	0.460316	0.0803261	0.406636	0.0527227	1.14444	1.533127	3.36729	1.618258
27720	-2640.664	-3262.201	621.5371	0.48251	0.0862244	0.38738	0.0438852	1.203937	1.527256	3.978459	2.104293
27726	-2655.001	-3278.102	623.1004	0.527153	0.094202	0.200031	0.178615	0.8571765	1.563289	3.19565	2.230355
27732	-2645.238	-3268.231	622.993	0.441805	0.0465047	0.287973	0.223717	1.153312	1.510423	3.19565	2.04386
27738	-2649.735	-3273.922	624.1873	0.405942	0.116312	0.272189	0.205557	1.330151	1.847062	2.45523	1.449915
27744	-2658.338	-3282.431	624.0924	0.551557	0.0301281	0.180067	0.238249	1.330151	1.701085	2.488794	1.670996
27750	-2648.496	-3272.788	624.2917	0.455948	0.0113718	0.205179	0.327501	1.330151	1.749913	2.332193	1.670996
27756	-2640.514	-3264.665	624.1513	0.322635	0.258887	0.0847631	0.333715	1.626031	1.839598	2.199903	1.670996
27762	-2630.952	-3254.688	623.7365	0.605767	0.0504807	0.159148	0.184605	1.816694	1.839598	2.199903	2.002846
27768	-2626.753	-3250.883	624.1305	0.507909	0.0671973	0.230443	0.19445	1.019245	1.82856	2.097746	2.699073
27774	-2636.196	-3260.521	624.3249	0.32782	0.198039	0.284423	0.189718	1.243366	1.777876	2.097746	2.167735
27780	-2648.119	-3273.142	625.0225	0.32782	0.198039	0.284423	0.189718	1.982506	1.843733	2.249809	0.3828541
27786	-2638.511	-3264.198	625.6871	0.318876	0.123824	0.372446	0.184854	1.308605	1.801319	2.249809	0.2412599
27792	-2628.944	-3254.223	625.2794	0.424952	0.104569	0.220458	0.250022	1.158435	1.716381	2.647998	0.2476696
27798	-2643.406	-3268.801	625.3949	0.4297	0.0945647	0.222921	0.252815	0.9727997	1.71929	2.687328	0.2509896
27804	-2620.262	-3246.133	625.8715	0.555966	0.059015	0.16143	0.223589	0.9727997	1.697734	2.364439	0.1659312
27810	-2622.578	-3247.776	625.1981	0.489499	0.120876	0.24711	0.142516	1.103998	1.655499	2.729129	0.1659312
27816	-2621.416	-3246.764	625.3479	0.365737	0.146739	0.309198	0.178325	0.9347061	1.733291	2.729129	0.277054
27822	-2618.706	-3243.017	624.3111	0.35095	0.130269	0.296697	0.222084	1.136347	1.708399	2.729129	1.179935
27828	-2626.026	-3249.08	623.0541	0.425571	0.188817	0.216601	0.169011	1.290455	1.652284	3.688543	0.7346817
27834	-2640.567	-3262.357	621.7898	0.354275	0.202644	0.180314	0.262767	1.211844	1.425508	4.069312	1.692971
27840	-2635.989	-3258.264	622.2755	0.388792	0.222388	0.100451	0.288369	1.55413	1.528212	3.535824	1.732679
27846	-2620.349	-3243.69	623.3414	0.237339	0.405439	0.0608186	0.296404	1.216454	1.528212	3.464841	1.016486
27852	-2628.671	-3252.074	623.4034	0.192897	0.320756	0.266027	0.220319	0.5582806	1.409669	3.689149	1.376738
27858	-2630.854	-3251.46	620.6058	0.261089	0.38747	0.0852974	0.266143	1.532755	1.700031	4.53981	1.444983
27864	-2637.645	-3261.223	623.5782	0.325501	0.399435	0.0879314	0.187133	1.174237	1.499878	3.494382	0.8022971
27870	-2642.55	-3266.848	624.2982	0.283927	0.296675	0.243249	0.176149	0.6607597	1.554741	2.944013	1.510253
27876	-2642.464	-3266.641	624.1766	0.220733	0.39113	0.286703	0.101434	0.4308948	1.556631	3.132555	1.554317
27882	-2637.058	-3260.169	623.1106	0.252456	0.252664	0.277764	0.217116	1.127393	1.510248	3.835381	0.7198613
27888	-2654.293	-3275.276	620.9831	0.541423	0.219854	0.0497999	0.188922	1.470815	1.679347	3.835381	2.705657
27894	-2654.459	-3275.967	621.5083	0.236538	0.383306	0.254913	0.125243	0.4941297	1.611331	2.985981	6.978379
27900	-2632.038	-3255.889	623.8517	0.296609	0.202717	0.343623	0.15705	0.4724022	1.542452	3.047405	2.11792
27906	-2634.254	-3258.311	624.0568	0.296609	0.202717	0.343623	0.15705	1.160417	1.637497	2.770887	1.435949
27912	-2632.983	-3254.558	621.5749	0.3808	0.365229	0.03754	0.216431	1.375642	1.628931	3.091839	4.173709
27918	-2619.568	-3242.176	622.6076	0.41326	0.194994	0.156866	0.23488	1.375642	1.683935	3.205091	2.030649
27924	-2623.044	-3246.62	623.5758	0.343478	0.202598	0.238279	0.215645	1.304604	1.808953	3.161097	0.9359718
27930	-2628.408	-3250.795	622.3876	0.452887	0.0136386	0.397241	0.136234	1.505851	1.589266	3.510178	1.625506
27936	-2647.511	-3267.414	619.9034	0.406446	0.129198	0.186663	0.277692	1.505851	1.692614	3.760022	4.938733
27942	-2646.133	-3268.951	622.8182	0.507496	0.0689316	0.181688	0.241885	1.365864	1.692614	2.8463	2.588141
27948	-2623.094	-3245.751	622.6566	0.507496	0.0689316	0.181688	0.241885	1.152311	1.560633	2.779628	3.608079
27954	-2632.197	-3256.544	624.3465	0.449524	0.0966687	0.186491	0.267316	1.205248	1.684505	2.285955	1.921273
27960	-2618.277	-3241.077	622.8001	0.456075	0.112013	0.116209	0.315702	1.364755	1.582524	3.372373	1.570488
27966	-2626.194	-3248.093	621.8987	0.285631	0.398516	0.122047	0.193806	1.207903	1.74286	3.076167	3.666841
27972	-2645.762	-3269.893	624.1309	0.297163	0.330931	0.126974	0.244932	1.297421	1.788927	2.415565	1.695547
27978	-2638.339	-3260.988	622.6499	0.52605	0.127031	0.118443	0.228476	1.21157	1.550242	3.039237	2.795184
27984	-2650.714	-3272.837	622.1233	0.403025	0.149652	0.178161	0.269162	1.336722	1.415607	3.89827	1.525905
27990	-2626.466	-3248.059	621.5937	0.450353	0.167226	0.204158	0.178264	1.194059	1.4448	4.262413	1.518217
27996	-2645.705	-3262.247	616.5426	0.503219	0.21728	0.0773892	0.202112	1.272142	1.381414	4.940265	10.34443
28002	-2631.936	-3250.063	618.1268	0.379763	0.258295	0.0968936	0.265049	1.390749	1.522415	4.38596	7.455321
28008	-2627.502	-3248.337	620.835	0.336071	0.0853527	0.344021	0.234555	1.142904	1.408434	4.390453	2.319702
28014	-2629.639	-3254.28	624.6405	0.305692	0.349357	0.179547	0.165404	0.5575896	1.643646	2.880332	1.266572
28020	-2634.099	-3258.279	624.1796	0.385529	0.32462	0.211562	0.0782891	0.5844429	1.679472	3.024371	1.441817
28026	-2629.067	-3250.48	621.4125	0.215572	0.455991	0.120165	0.208272	1.030116	1.532318	4.419509	1.48859
28032	-2630.963	-3254.119	623.1562	0.266488	0.311471	0.148548	0.273492	0.7380769	1.532318	3.952636	0.8372921
28038	-2635.458	-3258.666	623.2081	0.456613	0.177514	0.140511	0.225362	1.154169	1.675373	3.054471	1.855183
28044	-2641.562	-3264.762	623.2006	0.460007	0.0745426	0.075662	0.389789	1.154169	1.603142	3.084142	1.893885
28050	-2641.762	-3266.476	624.7136	0.482086	0.0651421	0.112139	0.340633	1.537854	1.653778	2.184489	1.347477
28056	-2626.763	-3249.683	622.9202	0.428929	0.229947	0.0380509	0.303073	1.98903	1.654177	2.789346	1.907218
28062	-2648.05	-3271.28	623.2296	0.48951	0.218839	0.0473865	0.244265	1.564896	1.756439	2.789346	1.813322
28068	-2660.532	-3280.549	620.0164	0.597001	0.10077	0.0590105	0.243218	1.223601	1.520432	4.569573	2.793766
28074	-2658.395	-3276.079	617.6845	0.476164	0.105086	0.224761	0.193989	1.841754	1.537415	4.740162	5.834744
28080	-2663.068	-3281.954	618.8864	0.424629	0.190381	0.280651	0.104338	0.818316	1.477674	4.350698	7.164084
28086	-2648.89	-3266.765	617.8749	0.457176	0.128326	0.302162	0.112335	1.656187	1.493388	3.942816	10.30622
28092	-2640.855	-3262.134	621.2783	0.432573	0.0485369	0.362611	0.156279	1.192262	1.552196	3.942816	2.547057
28098	-2633.28	-3255.582	622.3025	0.531268	0.0329406	0.30454	0.131252	1.065784	1.609032	3.478842	2.315811
28104	-2638.433	-3259.735	621.3022	0.53883	0.0778819	0.250168	0.13312	1.288545	1.445092	4.203791	1.894987
28110	-2681.918	-3300.351	618.4324	0.332476	0.173463	0.286983	0.207078	1.095188	1.54309	4.203791	8.31057
28116	-2663.859	-3287.613	623.7545	0.303325	0.271819	0.299965	0.12489	1.095188	1.808761	2.816727	1.573698
28122	-2631.397	-3255.605	624.2074	0.363664	0.395086	0.0715968	0.169653	0.8963353	1.682091	2.816727	1.426153
28128	-2640.21	-3262.521	622.3111	0.20358	0.460475	0.0834464	0.252498	1.571698	1.716559	3.097522	2.416927
28134	-2645.97	-3269.108	623.1382	0.218064	0.51247	0.144351	0.125116	0.8693121	1.716559	3.188141	1.969612
28140	-2649.061	-3272.05	622.9896	0.353854	0.205202	0.283943	0.157002	1.554095	1.786718	3.345756	1.011453
28146	-2655.288	-3278.322	623.0344	0.217324	0.239167	0.330941	0.212569	1.554095	1.623108	3.345756	1.132721
28152	-2635.536	-3256.63	621.0936	0.329649	0.322891	0.179204	0.168256	1.317797	1.573743	4.530265	1.27273
28158	-2649.646	-3271.463	621.8164	0.351982	0.219734	0.103967	0.324316	1.476388	1.666332	4.022152	1.20934
28164	-2633.798	-3255.799	622.0008	0.294296	0.347613	0.0869281	0.271164	1.320164	1.620818	4.022152	1.20934
28170	-2638.782	-3260.462	621.6798	0.255217	0.511458	0.0485144	0.18481	1.303514	1.604755	4.222584	1.20934
28176	-2636.575	-3257.584	621.0086	0.322759	0.35221	0.174458	0.150572	1.530295	1.438018	4.795589	0.8257388
28182	-2656.042	-3276.468	620.4265	0.302878	0.308159	0.139817	0.249145	1.453478	1.417515	5.050444	1.033048
28188	-2641.105	-3261.04	619.935	0.412821	0.194752	0.192301	0.200126	1.453478	1.321082	5.327809	1.121579
28194	-2639.423	-3261.968	622.5447	0.574258	0.108489	0.170137	0.147115	1.831055	1.523025	4.030848	0.2554627
28200	-2637.545	-3262.25	624.7044	0.488536	0.102868	0.283441	0.125155	1.353757	1.631858	2.923829	0.1925865
28206	-2649.459	-3273.024	623.5651	0.505547	0.138913	0.142905	0.212635	1.674851	1.537991	3.452483	0.1519724
28212	-2655.656	-3278.468	622.8118	0.398039	0.189857	0.114988	0.297116	1.230515	1.402739	3.932438	0.8526267
28218	-2656.21	-3279.653	623.4436	0.588515	0.0709744	0.179159	0.161351	1.679477	1.433026	3.634443	0.2331447
28224	-2636.984	-3260.466	623.482	0.496163	0.0828544	0.236896	0.184086	1.228665	1.623114	3.24334	1.149596
28230	-2669.678	-3292.803	623.1251	0.482413	0.062878	0.230331	0.224379	1.502186	1.618441	3.094069	1.556995
28236	-2652.405	-3272.354	619.9493	0.474062	0.0330453	0.306338	0.186555	1.299604	1.501282	4.24971	3.82367
28242	-2649.263	-3271.298	622.0351	0.380951	0.0707613	0.26845	0.279838	1.047515	1.501282	3.23818	3.6425
28248	-2632.526	-3256.102	623.5765	0.353999	0.136505	0.249457	0.26004	1.047515	1.523474	3.351758	1.144708
28254	-2626.544	-3250.335	623.7915	0.377186	0.221831	0.265797	0.135186	1.047515	1.627184	3.01698	1.411144
28260	-2630.057	-3254.249	624.1923	0.441323	0.184481	0.125148	0.249047	1.081782	1.593725	2.876537	1.226774
28266	-2637.596	-3261.887	624.2908	0.426907	0.178455	0.0889357	0.305702	1.580245	1.504613	2.704055	1.04095
28272	-2620.811	-3244.773	623.9624	0.385156	0.252834	0.0815827	0.280427	1.206363	1.595578	2.943512	1.224232
28278	-2612.694	-3235.562	622.8685	0.391118	0.256748	0.0673656	0.284768	1.057021	1.509447	3.250969	2.216491
28284	-2632.772	-3254.482	621.7103	0.42432	0.111715	0.0822465	0.381719	1.318777	1.651471	3.250969	3.449547
28290	-2630.572	-3254.654	624.0827	0.344438	0.149875	0.189774	0.315913	1.25028	1.768969	2.71088	1.276106
28296	-2633.039	-3257.403	624.364	0.369805	0.208686	0.197722	0.223787	0.9397454	1.637621	2.783706	1.312158
28302	-2616.636	-3240.578	623.9417	0.449969	0.117776	0.206665	0.225591	1.004486	1.547708	2.953123	1.500681
28308	-2625.119	-3247.924	622.8057	0.479061	0.0911732	0.2028	0.226966	1.066758	1.518159	3.779194	1.167994
28314	-2637.84	-3258.636	620.7955	0.424976	0.239201	0.0805402	0.255283	1.434393	1.523976	4.215495	2.270118
28320	-2639.399	-3260.7	621.3007	0.552523	0.0957715	0.151116	0.20059	1.308256	1.58459	4.278538	1.540054
28326	-2643.11	-3263.649	620.5382	0.537718	0.119956	0.0553043	0.287022	1.881747	1.486131	4.288906	1.990228
28332	-2659.101	-3282.815	623.7141	0.388383	0.116277	0.242791	0.252549	1.50271	1.574896	3.276005	0.673372
28338	-2655.273	-3278.936	623.6634	0.458523	0.0765587	0.298635	0.166283	1.214302	1.768208	2.998011	1.254566
28344	-2644.537	-3266.883	622.3461	0.506099	0.0872365	0.275587	0.131077	1.14375	1.378038	3.929937	1.455796
28350	-2647.679	-3270.985	623.3061	0.526055	0.25779	0.139531	0.0766242	1.239849	1.519089	3.435951	1.089495
28356	-2647.28	-3269.189	621.9093	0.449496	0.220273	0.219928	0.110303	1.555708	1.828737	2.748951	3.926555
28362	-2647.071	-3270.926	623.8551	0.44386	0.250941	0.115848	0.189351	1.189861	1.778943	2.565952	1.878612
28368	-2656.915	-3281.009	624.0947	0.353536	0.176203	0.172733	0.297528	1.27048	1.781378	2.351017	1.910937
28374	-2634.363	-3257.485	623.1213	0.396905	0.197818	0.193922	0.211355	1.27048	1.781942	2.78655	2.281431
28380	-2631.952	-3253.656	621.7038	0.50273	0.0864755	0.144413	0.266381	1.330171	1.723773	2.943092	4.309266
28386	-2625.989	-3249.614	623.625	0.400156	0.0909628	0.304213	0.204669	1.330171	1.642278	3.095973	1.141856
28392	-2645.827	-3268.672	622.8445	0.431871	0.18272	0.193488	0.191921	1.892519	1.688372	3.158116	1.312262
28398	-2638.784	-3261.343	622.5595	0.382655	0.108999	0.248492	0.259854	1.009496	1.669311	3.265539	2.464915
28404	-2615.405	-3238.757	623.3516	0.314694	0.267245	0.204359	0.213703	2.079857	1.715865	2.410117	1.975012
28410	-2621.315	-3244.87	623.5552	0.32057	0.260002	0.114297	0.305131	0.9962472	1.724574	2.853532	1.975012
28416	-2615.639	-3239.164	623.5247	0.545185	0.150677	0.0405246	0.263614	1.523535	1.638657	2.758666	1.698947
28422	-2624.882	-3247.502	622.6201	0.41531	0.195646	0.0448544	0.34419	1.531694	1.543404	3.29305	1.825211
28428	-2638.429	-3260.069	621.6397	0.469599	0.098981	0.0497401	0.38168	1.397793	1.52304	3.723931	2.339357
28434	-2636.103	-3257.803	621.6995	0.417401	0.186513	0.0554576	0.340629	1.345435	1.372055	4.29848	1.253056
28440	-2664.253	-3287.674	623.4214	0.425085	0.216968	0.0903064	0.267641	1.345435	1.679084	3.124561	1.253056
28446	-2637.322	-3262.062	624.7396	0.274108	0.304672	0.120982	0.300239	1.490658	1.813721	2.110551	1.312251
28452	-2656.992	-3280.626	623.6332	0.32794	0.199995	0.166854	0.305212	1.168111	1.685893	2.978804	1.463768
28458	-2635.196	-3257.508	622.3123	0.556373	0.0395558	0.174497	0.229575	1.255985	1.626524	2.950317	3.422195
28464	-2625.672	-3250.338	624.6656	0.51849	0.174941	0.152025	0.154544	1.12715	1.727737	2.296057	1.545267
28470	-2628.999	-3252.331	623.3313	0.430271	0.163052	0.293208	0.113469	1.261323	1.651817	3.085528	1.545267
28476	-2628.772	-3254.449	625.6773	0.313793	0.292074	0.204048	0.190085	1.263847	1.715781	2.337478	0.2503388
28482	-2618.777	-3244.289	625.5126	0.373965	0.160539	0.238961	0.226534	1.367921	1.72451	2.366419	0.2043922
28488	-2616.903	-3242.858	625.9553	0.436142	0.174195	0.278692	0.110971	1.14106	1.846832	2.148471	0.2605925
28494	-2632.42	-3258.685	626.2647	0.330522	0.208922	0.33425	0.126305	0.8203913	1.869794	2.140265	0.2305992
28500	-2622.104	-3249.472	627.3679	0.32432	0.285627	0.266118	0.123935	0.3278041	1.879924	1.710435	0.2218432
28506	-2631.495	-3258.707	627.2125	0.393534	0.268689	0.250337	0.0874407	0.4574254	1.931385	1.710435	0.2223409
28512	-2631.067	-3258.194	627.1268	0.163461	0.333748	0.372633	0.130158	0.5436867	1.931385	1.710435	0.2223409
28518	-2637.671	-3264.35	626.6789	0.235505	0.395365	0.279213	0.0899164	0.9680807	1.931733	1.717338	0.241612
28524	-2629.63	-3256.35	626.7201	0.343505	0.31303	0.212313	0.131151	0.9947208	1.931733	1.668632	0.2375678
28530	-2642.338	-3268.516	626.1779	0.333937	0.324104	0.250989	0.0909707	1.107415	1.931733	1.967024	0.2525313
28536	-2648.709	-3275.412	626.7032	0.364051	0.220862	0.273622	0.141465	0.9075989	1.907148	1.761068	0.2525313
28542	-2647.447	-3274.468	627.0209	0.245084	0.293802	0.272929	0.188184	0.6927259	1.907148	1.695221	0.2410737
28548	-2649.747	-3275.931	626.1838	0.233424	0.211693	0.375078	0.179805	0.4198956	1.796023	2.493091	0.3093647
28554	-2646.836	-3273.254	626.4184	0.194136	0.416537	0.311949	0.0773777	0.5445876	1.726687	2.26249	0.4178886
28560	-2633.082	-3258.941	625.8585	0.335366	0.239457	0.340674	0.0845029	0.5199271	1.59066	2.770928	0.2581339
28566	-2646.041	-3271.821	625.7796	0.277957	0.196029	0.455976	0.0700376	0.4921362	1.697341	2.770928	0.2581339
28572	-2652.908	-3278.683	625.7752	0.245455	0.171065	0.432918	0.150561	0.4883186	1.676316	2.770928	0.3345833
28578	-2632.318	-3258.045	625.7274	0.365818	0.231307	0.349078	0.0537968	0.499076	1.577081	2.861863	0.2034908
28584	-2626.045	-3252.225	626.1798	0.366299	0.200273	0.349536	0.0838921	0.4575309	1.666658	2.557443	0.299576
28590	-2629.53	-3254.797	625.2672	0.336251	0.191789	0.320864	0.151095	0.5701609	1.557666	3.109019	0.2097747
28596	-2633.093	-3258.525	625.4321	0.275015	0.307928	0.389541	0.0275152	0.4321354	1.529125	3.066812	0.4057645
28602	-2627.611	-3253.693	626.0824	0.301302	0.320251	0.350237	0.0282093	0.5470242	1.634946	2.587551	0.2305962
28608	-2640.273	-3266.89	626.6166	0.321922	0.251278	0.39666	0.0301398	0.5187111	1.694206	2.206947	0.3510341
28614	-2633.335	-3260.54	627.2049	0.321922	0.251278	0.39666	0.0301398	0.5187111	1.8048	1.765413	0.2374108
28620	-2638.972	-3265.786	626.8137	0.270976	0.229641	0.404151	0.0952327	0.7345364	1.969355	1.765413	0.2357887
28626	-2654.024	-3281.392	627.3678	0.352514	0.34812	0.258107	0.0412598	0.3207691	1.790559	1.711753	0.1497984
28632	-2661.794	-3288.769	626.9752	0.175664	0.315858	0.451405	0.0570731	0.5399837	1.900306	1.83971	0.2872555
28638	-2643.393	-3269.75	626.3567	0.199188	0.358155	0.377942	0.0647159	0.5028101	1.693776	2.381187	0.3564954
28644	-2643.951	-3270.073	626.1221	0.154822	0.386441	0.38891	0.0698271	0.441755	1.575164	2.638567	0.3564954
28650	-2634.345	-3259.352	625.0074	0.33075	0.356425	0.248422	0.0644034	0.7548483	1.546293	3.160152	0.232598
28656	-2647.737	-3271.368	623.6308	0.4423	0.186497	0.332206	0.0389971	1.093497	1.557335	3.757013	0.232598
28662	-2641.643	-3264.695	623.0515	0.440277	0.184349	0.254707	0.120667	1.345257	1.481492	3.953966	0.400499
28668	-2632.89	-3255.155	622.2655	0.29338	0.295057	0.169725	0.241838	1.393444	1.617687	3.92976	1.037299
28674	-2642.325	-3263.613	621.2877	0.540451	0.0257705	0.173165	0.260613	1.260138	1.37078	4.358532	1.695472
28680	-2639.247	-3262.481	623.2339	0.555115	0.0270351	0.143583	0.274267	1.216541	1.457074	3.458954	1.211383
28686	-2662.669	-3285.854	623.1848	0.516785	0.094218	0.133668	0.255329	1.216541	1.611667	3.059657	1.879857
28692	-2675.043	-3297.816	622.7727	0.47715	0.178648	0.140155	0.204048	1.484121	1.671961	3.350174	1.420529
28698	-2668.166	-3292.721	624.5553	0.41854	0.134137	0.26834	0.178984	0.9634953	1.847653	2.457447	1.426393
28704	-2642.238	-3265.333	623.0945	0.47835	0.110134	0.201849	0.209667	1.02068	1.509287	3.465146	1.506968
28710	-2640.792	-3263.013	622.2208	0.307933	0.304612	0.252484	0.134971	0.5550508	1.385711	4.565719	1.026783
28716	-2665.433	-3288.457	623.0238	0.189199	0.277453	0.347555	0.185793	0.5844814	1.413018	4.483656	0.2339664
28722	-2648.582	-3273.455	624.8725	0.478861	0.173798	0.240539	0.106802	0.5844814	1.726198	3.233824	0.3036667
28728	-2627.296	-3252.283	624.9864	0.449981	0.163316	0.262946	0.123757	1.0525	1.570696	2.975641	0.2755063
28734	-2645.927	-3271.351	625.4246	0.550706	0.100588	0.321805	0.0269011	0.762624	1.631582	2.853337	0.2755063
28740	-2658.781	-3284.072	625.2912	0.53789	0.116994	0.314316	0.0307995	0.9705355	1.515951	2.803959	0.445736
28746	-2649.752	-3275.331	625.579	0.593932	0.0431208	0.347064	0.0158839	0.9289906	1.661626	2.629467	0.3015061
28752	-2641.641	-3266.378	624.7365	0.483306	0.0703932	0.310128	0.136173	0.9494184	1.491569	3.230231	0.2917364
28758	-2641.405	-3266.764	625.3589	0.475027	0.109389	0.151668	0.263917	1.366198	1.659412	2.453914	0.1498279
28764	-2625.998	-3251.099	625.1018	0.596646	0.142899	0.15938	0.101075	1.36662	1.542596	2.733117	0.1986747
28770	-2635.052	-3259.16	624.1079	0.506436	0.121293	0.286478	0.0857929	1.284054	1.545453	3.373557	0.204066
28776	-2651.594	-3276.959	625.365	0.453411	0.111269	0.358509	0.0768103	1.093729	1.562475	2.724073	0.2890936
28782	-2649.585	-3274.768	625.1831	0.466948	0.0775469	0.259786	0.195719	1.114221	1.653211	2.766934	0.2923524
28788	-2643.901	-3269.627	625.7257	0.32868	0.14619	0.387365	0.137765	1.017812	1.67365	2.477484	0.2923524
28794	-2660.625	-3286.332	625.7068	0.390741	0.173794	0.271688	0.163777	1.197981	1.785212	2.290215	0.1829076
28800	-2638.446	-3263.914	625.4672	0.546365	0.108716	0.169954	0.174964	1.54535	1.745513	2.290215	0.2245333
28806	-2638.801	-3264.534	625.7333	0.455893	0.092276	0.321311	0.13052	1.114767	1.769415	2.333134	0.1816681
28812	-2652.235	-3277.698	625.4629	0.325549	0.300759	0.162855	0.210836	1.07447	1.724255	2.201861	0.9087716
28818	-2651.368	-3273.707	622.3394	0.315364	0.30697	0.162476	0.21519	1.231099	1.483081	3.802622	1.502652
28824	-2650.824	-3272.056	621.2317	0.252321	0.338418	0.186538	0.222723	1.231099	1.605878	4.130473	2.016039
28830	-2640.131	-3262.952	622.8212	0.417837	0.190281	0.178617	0.213265	1.214887	1.710779	3.393486	1.514448
28836	-2645.419	-3268.58	623.161	0.430673	0.161523	0.200577	0.207227	1.143371	1.720215	2.892958	2.233655
28842	-2656.609	-3280.513	623.9041	0.468074	0.17555	0.131153	0.225223	1.202968	1.50559	3.283841	0.802426
28848	-2628.789	-3253.005	624.2161	0.510697	0.119023	0.270853	0.0994279	1.202968	1.504072	3.387905	0.2541307
28854	-2612.804	-3236.93	624.1252	0.474738	0.148178	0.272327	0.104757	1.116058	1.457449	3.491154	0.3566114
28860	-2609.188	-3232.85	623.6616	0.43614	0.14726	0.32036	0.0962397	1.361088	1.544128	3.603038	0.2578668
28866	-2625.115	-3250.048	624.9334	0.475048	0.0711875	0.348939	0.104825	1.335025	1.627951	2.813283	0.2578668
28872	-2635.192	-3259.797	624.6045	0.35656	0.196967	0.376063	0.0704103	1.271505	1.721993	2.990301	0.2578668
28878	-2649.299	-3273.752	624.4533	0.412478	0.0951616	0.410908	0.0814525	1.122246	1.442738	3.329216	0.2660139
28884	-2622.821	-3247.341	624.5192	0.552562	0.090158	0.298174	0.0591058	1.122246	1.541407	3.227613	0.215335
28890	-2624.316	-3248.34	624.0244	0.505089	0.119076	0.298776	0.0770592	1.136096	1.532852	3.520078	0.241245
28896	-2650.747	-3274.154	623.4073	0.419907	0.0315474	0.266562	0.281983	1.378855	1.534458	3.26731	1.134448
28902	-2655.317	-3273.711	618.3938	0.52884	0.0753799	0.0993942	0.296386	1.631798	1.703113	3.577361	10.0225
28908	-2663	-3281.727	618.7263	0.494622	0.0158017	0.212368	0.277209	1.587978	1.743474	3.405593	9.86622
28914	-2631.311	-3253.534	622.2223	0.45655	0.0724652	0.188149	0.282836	1.87879	1.614427	3.159827	2.184142
28920	-2673.744	-3294.12	620.3766	0.546882	0.0241231	0.115843	0.313152	1.80464	1.753828	3.905236	2.920195
28926	-2654.163	-3276.813	622.6497	0.582179	0.0627964	0.0697984	0.285226	1.344367	1.653051	3.184022	2.10176
28932	-2653.564	-3274.998	621.4336	0.487311	0.0842895	0.0731314	0.355268	1.782213	1.883879	2.95484	3.722796
28938	-2650.437	-3270.982	620.5451	0.373514	0.190877	0.0886645	0.346944	1.777684	1.750732	3.703926	3.270146
28944	-2642.127	-3265.937	623.8098	0.414033	0.214681	0.128948	0.242338	1.40874	1.769669	2.818901	1.223775
28950	-2656.498	-3279.938	623.4404	0.222226	0.413284	0.0891324	0.275358	1.643299	1.879474	2.62316	1.654096
28956	-2655.899	-3279.195	623.2955	0.254286	0.489778	0.111984	0.143951	0.7061596	2.011815	2.62316	2.936795
28962	-2655.876	-3281.096	625.2204	0.197316	0.39111	0.257361	0.154212	0.8433455	1.852703	2.504731	0.7842599
28968	-2634.323	-3258.788	624.4646	0.309592	0.489057	0.125907	0.0754444	0.5740371	1.896196	2.990599	0.9798622
28974	-2650.288	-3274.251	623.9626	0.440744	0.0827143	0.324248	0.152293	1.403261	2.016798	2.735094	0.9593661
28980	-2657.084	-3281.704	624.6195	0.336778	0.236192	0.336515	0.090515	1.258797	1.546755	3.093294	0.2475737
28986	-2637.337	-3260.25	622.9132	0.288625	0.192262	0.405253	0.11386	1.106382	1.764659	3.800262	0.7429274
28992	-2640.048	-3261.684	621.636	0.417798	0.131765	0.214685	0.235753	1.738313	1.69279	3.379977	2.542195
28998	-2617.733	-3240.252	622.5189	0.46426	0.031626	0.23856	0.265554	1.490559	1.906921	2.849475	2.542195
29004	-2634.84	-3257.432	622.5922	0.454331	0.052338	0.233457	0.259874	1.713961	1.768753	3.199791	1.58987
29010	-2627.519	-3248.85	621.3305	0.403295	0.170637	0.195386	0.230682	1.713961	1.465139	4.138113	1.525929
29016	-2637.542	-3259.102	621.5597	0.419445	0.154644	0.20321	0.222701	1.330961	1.564458	4.138113	1.525929
29022	-2652.576	-3275.023	622.447	0.347644	0.25732	0.304075	0.09096	1.778133	1.731822	3.518977	1.131178
29028	-2659.269	-3280.709	621.4397	0.424188	0.127118	0.172446	0.276248	1.97063	1.701986	3.812122	1.552731
29034	-2653.6	-3274.028	620.4279	0.463612	0.119177	0.100746	0.316465	1.707839	1.464959	4.824019	1.181257
29040	-2658.769	-3280.698	621.9287	0.328606	0.0958355	0.343468	0.23209	1.061878	1.470467	4.188184	1.400958
29046	-2673.643	-3295.536	621.8931	0.320339	0.0918871	0.361523	0.226251	0.8187017	1.359405	4.21453	1.815764
29052	-2646.5	-3268.904	622.4039	0.306228	0.251076	0.278373	0.164322	0.605845	1.612559	4.217448	1.185769
29058	-2651.922	-3275.578	623.6562	0.342469	0.28079	0.311317	0.0654234	0.6450619	1.600952	3.453131	1.235424
29064	-2653.934	-3278.872	624.9379	0.340709	0.279347	0.309718	0.0702261	0.6450619	1.663511	3.176503	0.3552726
29070	-2645.031	-3269.475	624.4438	0.424778	0.226146	0.294314	0.0547626	0.8337694	1.579446	3.079933	0.8960046
29076	-2656.863	-3280.075	623.2118	0.233762	0.244374	0.439995	0.0818692	0.7105758	1.362734	3.999699	0.8960046
29082	-2654.118	-3276.163	622.0453	0.297792	0.306027	0.318976	0.0772049	0.7763176	1.404699	4.695236	0.7279108
29088	-2644.702	-3268.715	624.0132	0.427185	0.188298	0.22931	0.155208	1.359164	1.421139	3.470456	0.23854
29094	-2647.059	-3270.677	623.6183	0.34403	0.110192	0.47477	0.0710077	1.016511	1.345212	3.930165	0.2365039
29100	-2632.075	-3254.603	622.528	0.324116	0.109982	0.384043	0.18186	1.475958	1.476562	3.980221	0.7620818
29106	-2639.226	-3261.964	622.738	0.379632	0.272388	0.262427	0.0855528	0.8064068	1.505755	4.460528	0.2701665
29112	-2647.88	-3271.552	623.6715	0.372217	0.104028	0.422572	0.101183	0.8064068	1.42064	3.758648	0.7061586
29118	-2666.174	-3289.656	623.4823	0.271721	0.0580964	0.586529	0.0836537	1.269848	1.42064	3.661416	0.6111698
29124	-2641.188	-3262.342	621.1537	0.444075	0.0374196	0.33206	0.186446	1.522101	1.388842	4.283031	1.715155
29130	-2629.694	-3251.23	621.5363	0.422111	0.0954626	0.362337	0.12009	1.267844	1.461726	3.950533	2.180808
29136	-2633.224	-3253.834	620.6094	0.557794	0.054634	0.207368	0.180203	1.267844	1.519207	4.209812	2.801168
29142	-2632.606	-3255.597	622.9902	0.576267	0.0149255	0.277254	0.131553	1.267844	1.519207	3.355026	1.5598
29148	-2640.656	-3261.67	621.0141	0.543771	0.0140838	0.26162	0.180526	1.37342	1.49525	4.112705	2.334853
29154	-2632.981	-3253.291	620.3105	0.427343	0.0110683	0.328608	0.23298	1.287499	1.419348	4.162998	3.603894
29160	-2640.618	-3262.663	622.0449	0.46962	0.0102512	0.304348	0.215781	1.28498	1.31301	3.918309	1.759358
29166	-2653.508	-3275.865	622.3566	0.509241	0.0830273	0.322701	0.0850304	1.582209	1.608523	3.547051	1.488114
29172	-2638.431	-3259.497	621.0665	0.481255	0.0966776	0.304967	0.117101	1.261661	1.597274	3.834313	3.011209
29178	-2639.404	-3258.371	618.9672	0.415405	0.0812358	0.363704	0.139655	1.486215	1.541884	4.285575	5.371319
29184	-2636.916	-3258.955	622.0393	0.371274	0.111982	0.354214	0.16253	1.204314	1.600506	2.945252	4.104446
29190	-2652.944	-3276.612	623.6674	0.408281	0.302602	0.110387	0.17873	1.204314	1.666383	2.39678	2.669665
29196	-2639.417	-3262.675	623.258	0.437817	0.21209	0.158433	0.19166	1.204314	1.692202	3.096393	1.626037
29202	-2649.995	-3269.792	619.7969	0.345534	0.169945	0.12695	0.35757	1.711516	1.50581	5.048181	1.381364
29208	-2669.802	-3291.878	622.0762	0.409495	0.208479	0.130563	0.251464	1.38236	1.535987	4.071138	1.071358
29214	-2647.915	-3270.278	622.3629	0.440022	0.149725	0.170288	0.239965	0.9876313	1.467364	4.039964	1.293467
29220	-2644.939	-3267.652	622.7134	0.437312	0.053039	0.169239	0.34041	1.525195	1.608476	3.503968	1.227667
29226	-2653.877	-3273.803	619.9257	0.2481	0.371119	0.0960143	0.284767	1.56579	1.598966	3.694403	5.2515
29232	-2659.121	-3280.066	620.9455	0.481243	0.209036	0.0536354	0.256086	2.172377	1.664735	2.975962	4.486681
29238	-2667.762	-3288.159	620.3971	0.434827	0.0537008	0.333938	0.177534	1.295261	1.664735	3.436681	5.603365
29244	-2675.59	-3298.326	622.7359	0.428828	0.178049	0.243259	0.149864	1.135775	1.414472	3.672534	1.488612
29250	-2641.947	-3263.107	621.1603	0.486366	0.0807141	0.140865	0.292054	1.443489	1.584165	4.635495	0.8870083
29256	-2642.095	-3261.536	619.4408	0.507812	0.0671135	0.120143	0.304932	1.443489	1.626352	4.786121	2.610938
29262	-2653.755	-3275.836	622.0807	0.386607	0.185767	0.201306	0.226321	1.614354	1.724549	4.20679	0.4567171
29268	-2654.146	-3276.043	621.8969	0.368802	0.26805	0.290472	0.0726755	1.482538	1.706791	4.363585	0.4944595
29274	-2664.388	-3285.385	620.9971	0.221163	0.494376	0.13033	0.15413	1.175685	1.549981	4.811986	1.011649
29280	-2648.927	-3268.416	619.4884	0.325359	0.311198	0.155414	0.208029	1.032671	1.549289	4.811986	3.211498
29286	-2675.062	-3296.216	621.1548	0.511521	0.0283174	0.15885	0.301312	1.882588	1.662335	3.588555	2.603798
29292	-2634.044	-3257.047	623.0028	0.391043	0.0427164	0.33944	0.226801	1.407138	1.708954	3.669735	0.6609065
29298	-2625.178	-3247.959	622.7818	0.393847	0.162874	0.367361	0.0759185	1.269267	1.821276	3.784528	0.6936668
29304	-2629.901	-3252.159	622.2587	0.427855	0.156525	0.195937	0.219683	1.940869	1.678934	3.713145	0.9095095
29310	-2630.736	-3252.907	622.1715	0.243692	0.299242	0.159608	0.297458	1.940869	1.731711	3.848298	0.7178446
29316	-2642.65	-3264.948	622.2981	0.246367	0.419533	0.13939	0.194711	1.327283	1.694107	4.015417	0.841106
29322	-2646.293	-3268.144	621.851	0.378082	0.129786	0.289797	0.202335	1.87495	1.649778	4.015417	0.8719065
29328	-2650.195	-3271.272	621.0776	0.357159	0.299348	0.125126	0.218367	1.17179	1.626336	4.490098	1.463069
29334	-2652.688	-3271.697	619.0099	0.463032	0.051315	0.234516	0.251137	1.869087	1.566648	4.823625	2.723295
29340	-2648.07	-3270.011	621.9411	0.510312	0.0565547	0.20816	0.224973	1.277478	1.637642	3.423412	2.654325
29346	-2641.923	-3263.388	621.4651	0.423209	0.0384943	0.362012	0.176285	1.651195	1.737866	3.416222	2.751808
29352	-2661.347	-3280.099	618.7513	0.534051	0.0455702	0.334168	0.0862113	1.913216	1.652089	4.31137	4.703425
29358	-2658.68	-3278.364	619.6844	0.527414	0.0434362	0.331636	0.0975141	1.913216	1.504005	3.865336	4.698691
29364	-2639.237	-3260.442	621.2047	0.449907	0.119398	0.100947	0.329748	1.748643	1.62273	3.521849	2.938526
29370	-2642.714	-3264.362	621.6483	0.463831	0.123093	0.0731239	0.339953	1.244788	1.583605	3.529776	2.967536
29376	-2631.191	-3251.151	619.96	0.463831	0.123093	0.0731239	0.339953	1.437809	1.730098	4.157366	3.446663
29382	-2646.944	-3264.884	617.9402	0.594329	0.0529623	0.11624	0.236468	1.763601	1.459759	5.285972	3.446663
29388	-2656.085	-3272.476	616.3906	0.604455	0.0368269	0.118221	0.240497	1.895663	1.46725	5.285972	6.749662
29394	-2635.958	-3256.229	620.2714	0.528049	0.137908	0.106822	0.227222	1.257393	1.468795	4.404457	2.888553
29400	-2645.52	-3266.261	620.7406	0.460385	0.12051	0.168251	0.250853	1.570559	1.54136	3.681595	3.676203
29406	-2656.254	-3275.249	618.995	0.496416	0.0671695	0.28934	0.147074	1.602921	1.671844	3.20838	10.3387
29412	-2645.358	-3264.546	619.1886	0.496416	0.0671695	0.28934	0.147074	1.507042	1.579916	3.919285	6.307792
29418	-2641.342	-3260.03	618.6882	0.460086	0.123928	0.147525	0.26846	1.464538	1.614056	4.432212	5.289389
29424	-2655.218	-3275.398	620.1808	0.356058	0.186811	0.151828	0.305303	1.966654	1.570519	4.630146	1.496327
29430	-2653.61	-3273.396	619.7858	0.277918	0.0993302	0.514529	0.108222	1.855357	1.683971	3.744968	4.638222
29436	-2672.29	-3296.541	624.2513	0.291437	0.189306	0.424988	0.094269	0.8932962	1.691613	2.536252	1.919955
29442	-2669.063	-3291.936	622.8736	0.427163	0.190917	0.195374	0.186547	1.302743	1.691613	2.630347	3.167195
29448	-2665.404	-3288.025	622.6203	0.380983	0.153366	0.308926	0.156725	0.7384853	1.503631	3.215715	3.221158
29454	-2662.104	-3282.347	620.2432	0.253807	0.208378	0.37022	0.167595	1.578658	1.675019	3.888293	3.672693
29460	-2657.656	-3279.592	621.9359	0.381144	0.266743	0.0511401	0.300972	1.840673	1.649541	3.428439	1.947781
29466	-2647.195	-3267.842	620.6476	0.270737	0.235696	0.10514	0.388427	2.633088	1.574624	4.242851	1.219256
29472	-2660.135	-3282.801	622.6652	0.466895	0.0812742	0.116776	0.335055	1.569164	1.860119	2.702597	2.656074
29478	-2655.282	-3277.008	621.7258	0.490642	0.155311	0.0915035	0.262544	1.779457	1.91248	2.702597	3.909857
29484	-2643.473	-3266.297	622.8236	0.465107	0.191619	0.242228	0.101046	1.650584	1.598698	3.20443	1.569287
29490	-2651.74	-3273.017	621.2771	0.477565	0.060219	0.174362	0.287854	1.393413	1.564881	3.915305	2.327874
29496	-2650.655	-3273.442	622.7865	0.419344	0.234938	0.128782	0.216935	1.739366	1.634501	3.137928	1.61807
29502	-2651.307	-3273.727	622.4204	0.391978	0.0343951	0.413403	0.160224	1.626865	1.474371	3.925121	0.8363718
29508	-2664.479	-3285.093	620.6139	0.480354	0.0421499	0.145516	0.33198	1.768021	1.582759	3.847702	3.025037
29514	-2677.816	-3297.378	619.5623	0.353123	0.0650488	0.221204	0.360624	1.709553	1.598803	3.847702	5.200396
29520	-2643.653	-3265.26	621.6071	0.313331	0.2244	0.127477	0.334792	1.63077	1.568684	3.847702	1.763023
29526	-2628.158	-3251.529	623.3713	0.384987	0.31954	0.0814806	0.213993	1.63077	1.888064	3.033346	0.9908631
29532	-2633.027	-3255.18	622.1531	0.370612	0.352041	0.0415886	0.235758	1.723805	1.742516	3.450656	1.627099
29538	-2626.669	-3247.657	620.9876	0.291678	0.389749	0.0808497	0.237724	1.573549	1.671933	4.219794	1.655031
29544	-2636.259	-3257.759	621.4999	0.316925	0.425888	0.0878479	0.169339	1.228596	1.744766	3.290977	3.695845
29550	-2652.476	-3272.477	620.0009	0.251454	0.480689	0.0697001	0.198157	1.293069	1.533832	4.720884	2.290378
29556	-2632.366	-3252.486	620.1194	0.236422	0.451955	0.087297	0.224326	1.507653	1.663541	4.183856	3.094411
29562	-2642.349	-3263.688	621.3388	0.211057	0.376493	0.163027	0.249423	1.616391	1.663541	4.455444	0.8049357
29568	-2647.46	-3268.48	621.0202	0.29636	0.282507	0.206948	0.214185	1.371254	1.777434	3.783521	2.7734
29574	-2642.65	-3264.756	622.1064	0.324097	0.218567	0.166224	0.291111	1.386908	1.761327	3.68615	1.519292
29580	-2634.923	-3256.798	621.8746	0.518973	0.137199	0.0647037	0.279125	1.745551	1.925331	3.397363	1.836529
29586	-2644.357	-3268.04	623.6829	0.292619	0.301118	0.248881	0.157382	1.455008	1.925331	2.864157	1.073413
29592	-2643.281	-3266.473	623.1914	0.316922	0.243073	0.269552	0.170454	1.390458	1.987971	3.046435	1.265628
29598	-2652.758	-3276.066	623.3081	0.22107	0.508268	0.0785608	0.192102	1.759931	1.893066	3.046435	0.9226167
29604	-2648.38	-3271.24	622.8607	0.32835	0.324965	0.101392	0.245293	1.759931	1.831854	3.046435	1.460129
29610	-2656.204	-3278.601	622.3971	0.436613	0.218394	0.129891	0.215102	1.874947	1.835134	3.55228	0.9424978
29616	-2662.995	-3286.212	623.2173	0.377316	0.159397	0.292606	0.170681	1.586575	1.619004	3.55228	0.5877654
29622	-2665.301	-3287.19	621.8882	0.23292	0.388357	0.192035	0.186688	1.309665	1.497542	4.099422	1.328287
29628	-2662.331	-3283.923	621.592	0.283906	0.192295	0.339596	0.184202	1.029492	1.456321	4.447443	1.316869
29634	-2654.872	-3278.232	623.3603	0.495903	0.181044	0.030121	0.292932	1.542424	1.675035	3.048628	1.274224
29640	-2642.921	-3265.395	622.4734	0.437686	0.15058	0.0198978	0.391836	1.657458	1.654729	3.487873	1.347602
29646	-2652.264	-3274.523	622.2591	0.531719	0.186992	0.0195421	0.261746	1.879774	1.683529	3.102147	2.170617
29652	-2640.85	-3262.306	621.4561	0.376442	0.255366	0.0147507	0.353441	1.849225	1.676048	4.178413	0.9722557
29658	-2648.346	-3271.626	623.28	0.50282	0.207086	0.0212636	0.26883	1.402298	1.622744	3.36662	0.9813431
29664	-2635.168	-3256.898	621.7296	0.368237	0.337714	0.0351311	0.258918	1.469153	1.691731	3.862255	1.599999
29670	-2668.359	-3288.169	619.8109	0.520879	0.102589	0.141057	0.235476	1.433782	1.453642	5.451803	0.9045536
29676	-2646.448	-3267.674	621.2257	0.505114	0.0998338	0.136787	0.258264	1.433782	1.595352	4.245505	1.551753
29682	-2650.543	-3272.043	621.4998	0.505114	0.0998338	0.136787	0.258264	1.287001	1.563213	3.967579	2.027124
29688	-2656.988	-3277.807	620.8188	0.40391	0.13924	0.0966426	0.360207	1.287001	1.619858	4.663243	1.294327
29694	-2643.148	-3266.779	623.6317	0.390606	0.169433	0.164969	0.274993	1.391562	1.563263	3.258931	0.8833706
29700	-2651.963	-3276.033	624.0701	0.498202	0.174339	0.169746	0.157713	1.492044	1.657919	3.227628	0.2284567
29706	-2647.408	-3272.22	624.8119	0.448721	0.127213	0.213506	0.21056	1.161622	1.518128	3.049066	0.2348586
29712	-2661.794	-3286.234	624.44	0.485826	0.0980746	0.231161	0.184938	1.656036	1.516334	2.99623	0.1934107
29718	-2663.332	-3288.304	624.9718	0.384005	0.222003	0.247814	0.146178	1.052068	1.554263	2.99623	0.2469435
29724	-2651.408	-3275.151	623.7434	0.426488	0.202331	0.182465	0.188716	1.562656	1.666258	2.829536	1.244108
29730	-2636.245	-3260.257	624.0125	0.426705	0.202434	0.182558	0.188304	1.194742	1.552122	3.026273	1.084639
29736	-2660.268	-3284.971	624.7027	0.464488	0.220359	0.198723	0.116431	1.053027	1.711962	2.786821	0.7733738
29742	-2661.986	-3285.239	623.2532	0.499413	0.161736	0.213665	0.125186	1.437089	1.671371	3.112776	1.378173
29748	-2634.981	-3258.99	624.0094	0.360221	0.108518	0.349384	0.181878	0.9212151	1.517603	3.326533	0.8861133
29754	-2650.283	-3271.262	620.9788	0.461173	0.0640774	0.196466	0.278284	1.830651	1.636496	4.448269	1.026537
29760	-2646.008	-3266.777	620.769	0.548695	0.112159	0.180521	0.158626	1.365967	1.355344	4.406451	2.155431
29766	-2629.774	-3253.435	623.6611	0.297299	0.326198	0.200405	0.176099	1.377115	1.586895	3.222688	0.9039273
29772	-2644.985	-3266.866	621.8803	0.307543	0.356929	0.106069	0.229458	2.298864	1.702049	3.766754	0.9108972
29778	-2629.815	-3253.533	623.717	0.554152	0.165554	0.0639972	0.216297	1.462873	1.589513	3.039652	1.076821
29784	-2642.857	-3266.125	623.268	0.295663	0.254958	0.0985576	0.350822	1.324981	1.499608	3.502431	0.9541421
29790	-2659.501	-3281.529	622.0284	0.572808	0.135964	0.0784817	0.212746	1.321031	1.652269	3.611896	1.985414
29796	-2656.899	-3277.781	620.8819	0.347129	0.253052	0.127003	0.272816	1.292252	1.623076	3.82186	3.272532
29802	-2651.472	-3273.334	621.8628	0.308435	0.224845	0.28154	0.185179	1.891806	1.642261	3.82186	1.195522
29808	-2664.018	-3285.252	621.234	0.459485	0.1426	0.207278	0.190636	1.086811	1.560657	4.522724	1.387291
29814	-2657.858	-3278.535	620.6771	0.397949	0.198103	0.152953	0.250994	2.344432	1.551634	4.522724	0.904034
29820	-2660.51	-3280.116	619.6063	0.352251	0.153121	0.197113	0.297515	2.512122	1.576062	5.043682	0.904034
29826	-2667.443	-3286.771	619.3278	0.363316	0.186225	0.254853	0.195606	1.548955	1.344914	5.523118	1.276777
29832	-2631.453	-3252.299	620.8452	0.363316	0.186225	0.254853	0.195606	1.370339	1.446079	4.712416	1.276777
29838	-2661.689	-3282.272	620.5837	0.465704	0.160411	0.123155	0.250731	1.765811	1.47981	4.727877	1.133932
29844	-2645.839	-3269.012	623.1734	0.338716	0.392076	0.0868468	0.182362	1.223368	1.551077	3.578818	0.9597759
29850	-2653.156	-3276.176	623.0201	0.471878	0.0698334	0.258959	0.199329	1.095482	1.67492	3.053733	2.184497
29856	-2640.665	-3262.414	621.7493	0.329339	0.216862	0.260333	0.193466	1.095482	1.46185	4.00576	1.982111
29862	-2652.344	-3273.722	621.3787	0.398026	0.183699	0.213946	0.204329	1.222123	1.397076	4.070997	2.256715
29868	-2650.862	-3273	622.1372	0.337311	0.0777488	0.375207	0.209733	1.251869	1.417717	4.070997	1.256212
29874	-2666.671	-3288.868	622.1978	0.287729	0.241644	0.320054	0.150573	0.9044952	1.535335	3.698361	2.262041
29880	-2674.981	-3293.221	618.2401	0.46317	0.149876	0.143669	0.243284	2.053786	1.531072	4.379073	5.662839
29886	-2659.298	-3281.959	622.6602	0.475662	0.158635	0.108202	0.257501	1.125574	1.718831	3.143229	2.379712
29892	-2661.617	-3285.319	623.7016	0.248187	0.425714	0.0209289	0.30517	1.70251	1.696359	2.199674	2.379712
29898	-2670.854	-3294.298	623.4437	0.411877	0.0541982	0.11129	0.422635	1.401472	1.505665	2.852143	1.909726
29904	-2648.582	-3271.729	623.1475	0.32563	0.223338	0.0680908	0.382941	1.090908	1.499963	2.97695	2.443634
29910	-2649.099	-3272.047	622.9478	0.403951	0.061625	0.206259	0.328164	1.53388	1.498618	2.979089	2.147396
29916	-2643.758	-3267	623.2413	0.471752	0.197994	0.0579009	0.272353	1.148619	1.497655	3.227413	1.678843
29922	-2657.624	-3280.767	623.1437	0.498509	0.168654	0.120134	0.212703	1.288554	1.606538	3.451311	1.093274
29928	-2637.992	-3260.797	622.8049	0.431412	0.136934	0.154194	0.277461	1.287585	1.606538	2.964767	2.54898
29934	-2647.008	-3270.616	623.6081	0.533007	0.113056	0.0767701	0.277167	1.246909	1.606538	2.844162	1.767247
29940	-2653.109	-3276.792	623.6824	0.347855	0.260783	0.137999	0.253363	1.052769	1.618986	3.440797	0.7888679
29946	-2633.598	-3257.804	624.2067	0.356868	0.266993	0.321985	0.0541542	0.6147667	1.583103	3.580026	0.5281181
29952	-2632.806	-3255.708	622.9019	0.362064	0.225332	0.355807	0.056797	0.5847298	1.583103	3.718677	1.667714
29958	-2641.943	-3264.838	622.8942	0.241083	0.430076	0.218419	0.110422	0.5592236	1.758409	3.682209	1.574115
29964	-2649.709	-3273.347	623.6384	0.223003	0.381454	0.289157	0.106386	0.7171751	1.455733	3.682209	0.9211546
29970	-2643.936	-3266.542	622.6063	0.214976	0.385395	0.292144	0.107485	1.435518	1.762132	3.755657	0.8216551
29976	-2643.459	-3266.255	622.7954	0.327132	0.328923	0.249336	0.0946088	0.372083	1.630886	2.975606	4.096286
29982	-2640.774	-3263.942	623.168	0.338364	0.188942	0.375341	0.0973537	0.5304045	1.594712	3.12155	2.784283
29988	-2638.978	-3260.571	621.5927	0.265852	0.304123	0.147764	0.282262	1.384294	1.542259	3.831196	2.132783
29994	-2654.477	-3274.964	620.4869	0.471971	0.173189	0.130192	0.224647	1.57644	1.425424	4.31175	2.436965
30000	-2669.738	-3291.81	622.0721	0.319072	0.201105	0.326395	0.153428	0.7542706	1.603619	3.874315	2.133969
30006	-2627.427	-3250.899	623.4719	0.272477	0.442035	0.158969	0.126518	1.215316	1.635117	3.421283	0.8572349
30012	-2638.855	-3259.821	620.966	0.406413	0.25627	0.170685	0.166632	1.399846	1.442932	4.281632	2.027466
30018	-2637.648	-3258.204	620.5561	0.32778	0.221719	0.14929	0.301211	1.468488	1.659114	4.422738	1.874334
30024	-2645.999	-3268.149	622.1501	0.32228	0.271065	0.263766	0.142889	0.8278418	1.529696	4.107783	1.513214
30030	-2664.7	-3282.876	618.1764	0.309077	0.251092	0.158785	0.281046	1.884042	1.492525	5.815538	1.499567
30036	-2640.091	-3260.982	620.8907	0.309077	0.251092	0.158785	0.281046	1.28601	1.498868	4.588958	1.499567
30042	-2665.074	-3286.713	621.6389	0.418363	0.121768	0.332185	0.127684	1.162018	1.566441	3.625804	2.867916
30048	-2647.875	-3272.23	624.3553	0.386124	0.189444	0.306587	0.117845	0.7975446	1.61682	2.788338	1.502528
30054	-2654.036	-3274.586	620.5492	0.379308	0.1861	0.18925	0.245342	1.16378	1.580099	3.989522	3.642885
30060	-2656.411	-3278.537	622.1266	0.297288	0.145858	0.402149	0.154705	0.7239293	1.604453	3.947726	1.930917
30066	-2655.08	-3279.36	624.2808	0.169798	0.564443	0.229691	0.0360678	0.6697314	1.739632	3.368127	0.5995412
30072	-2650.378	-3274.859	624.4808	0.23937	0.498947	0.203038	0.0586446	0.6189534	1.80294	2.535582	1.853146
30078	-2652.749	-3275.472	622.7223	0.313935	0.214392	0.322691	0.148981	0.6015253	1.584794	2.734239	4.72821
30084	-2625.177	-3247.96	622.7829	0.420323	0.197617	0.268771	0.113289	1.286289	1.676644	2.621677	3.405008
30090	-2636.084	-3259.408	623.3243	0.448591	0.0430227	0.286846	0.22154	1.151344	1.743817	2.54816	2.787321
30096	-2636.054	-3260.102	624.0481	0.460406	0.0287455	0.332012	0.178837	1.154047	1.688607	2.54816	1.827366
30102	-2631.819	-3254.155	622.3354	0.507004	0.0345826	0.288387	0.170026	1.013615	1.537685	3.296703	2.93342
30108	-2627.851	-3247.939	620.0879	0.569901	0.0497516	0.135742	0.244605	1.374401	1.57032	4.00355	4.136476
30114	-2658.593	-3281.893	623.2994	0.453025	0.0870232	0.270244	0.189708	1.097664	1.761886	2.493879	3.026002
30120	-2654.921	-3275.918	620.9971	0.405476	0.0565926	0.175744	0.362187	1.052886	1.582479	3.991847	3.026002
30126	-2653.433	-3275.368	621.935	0.532707	0.0241489	0.12638	0.316763	1.225796	1.548377	3.487994	2.70576
30132	-2654.336	-3274.455	620.1196	0.518185	0.0234906	0.150197	0.308128	1.383996	1.72483	3.939325	3.970254
30138	-2641.159	-3262.716	621.5573	0.507654	0.0637543	0.147144	0.281448	1.164811	1.629236	3.549433	3.114007
30144	-2637.759	-3257.61	619.8516	0.414756	0.283144	0.0721558	0.229944	1.272928	1.56241	4.666355	2.643129
30150	-2629.414	-3251.431	622.0171	0.473312	0.117036	0.147244	0.262408	1.200257	1.561953	3.857857	1.713547
30156	-2647.691	-3269.874	622.1827	0.294627	0.222015	0.267182	0.216176	1.873258	1.594743	3.820698	0.9347279
30162	-2649.256	-3270.948	621.6926	0.365741	0.28702	0.078885	0.268354	1.436476	1.678022	3.700446	2.057596
30168	-2658.415	-3280.063	621.6475	0.426638	0.168305	0.0920198	0.313037	1.600029	1.663155	3.497061	2.439629
30174	-2667.474	-3292.196	624.7213	0.425629	0.098776	0.163299	0.312296	1.109685	1.659536	2.252335	1.661824
30180	-2648.864	-3272.165	623.301	0.384728	0.13359	0.226817	0.254865	1.376662	1.616938	2.801217	2.092599
30186	-2631.418	-3253.44	622.0222	0.407135	0.115353	0.229167	0.248345	1.609617	1.721276	3.855739	1.121547
30192	-2656.805	-3278.777	621.9726	0.397519	0.274105	0.0858972	0.242479	1.472243	1.663542	3.806923	1.458266
30198	-2647.411	-3268.919	621.508	0.296797	0.283105	0.150792	0.269306	1.421147	1.6212	4.073247	1.559016
30204	-2649.434	-3270.659	621.2254	0.282308	0.319123	0.1941	0.204469	1.424017	1.580378	4.368413	1.331428
30210	-2658.703	-3282.461	623.7582	0.448093	0.175479	0.125172	0.251257	1.239152	1.813468	3.131168	0.8618052
30216	-2638.663	-3262.39	623.7271	0.532507	0.0939346	0.148753	0.224806	1.307512	1.692389	2.771168	1.595388
30222	-2627.142	-3252.008	624.8663	0.314415	0.292971	0.181744	0.21087	0.5670402	1.643191	2.771168	1.207133
30228	-2639.752	-3261.246	621.4938	0.35989	0.221866	0.176875	0.241369	1.648948	1.549977	4.298167	1.010271
30234	-2619.295	-3243.629	624.3346	0.383871	0.225514	0.216898	0.173717	1.117142	1.682366	2.961004	0.8184836
30240	-2634.281	-3257.033	622.7519	0.506187	0.159866	0.104878	0.229069	1.471351	1.617532	3.225251	1.77584
30246	-2631.636	-3254.526	622.89	0.280453	0.323144	0.218968	0.177435	1.38779	1.617532	3.466447	1.226188
30252	-2632.097	-3253.832	621.7353	0.467263	0.293893	0.0530774	0.185767	1.518811	1.569822	4.09667	1.220284
30258	-2644.771	-3266.411	621.6403	0.485109	0.28281	0.0515744	0.180506	1.476917	1.477906	3.789885	2.142396
30264	-2642.022	-3262.816	620.7943	0.485567	0.0500337	0.283723	0.180676	1.473852	1.595837	3.789885	3.287016
30270	-2641.885	-3266.005	624.1203	0.444208	0.162891	0.113197	0.279703	2.186669	1.725048	2.268275	1.222924
30276	-2644.727	-3269.263	624.5358	0.488835	0.0787916	0.12457	0.307803	1.070594	1.675938	2.601862	1.263576
30282	-2661.591	-3286.264	624.6725	0.25413	0.239745	0.186938	0.319188	1.278857	1.565858	2.601862	1.029336
30288	-2639.736	-3262.014	622.2778	0.360985	0.219526	0.153146	0.266342	1.335971	1.580604	3.309766	2.442278
30294	-2643.54	-3267.574	624.0341	0.379258	0.230639	0.110279	0.279824	1.335971	1.559209	2.70713	1.483974
30300	-2650.552	-3270.089	619.5377	0.472852	0.140241	0.316944	0.0699638	1.715281	1.539862	4.497682	3.054789
30306	-2648.082	-3270.069	621.987	0.429876	0.0985244	0.288138	0.183462	1.266101	1.490317	4.118304	1.236249
30312	-2636.627	-3256.79	620.163	0.446949	0.222131	0.128392	0.202528	2.155178	1.531373	4.379667	1.943906
30318	-2633.69	-3252.913	619.2235	0.493029	0.188735	0.123471	0.194765	1.515464	1.461449	4.698634	3.406009
30324	-2635.079	-3255.806	620.7261	0.444357	0.10373	0.232621	0.219292	1.290437	1.295154	4.771798	1.543442
30330	-2629.93	-3247.608	617.6777	0.310695	0.107831	0.333282	0.248192	1.181872	1.348153	6.050227	2.589671
30336	-2614.674	-3235.597	620.9227	0.477128	0.0935612	0.121594	0.307717	1.349302	1.560439	4.196919	2.192348
30342	-2618.317	-3238.418	620.1014	0.511774	0.0584759	0.121719	0.308031	1.538673	1.44223	4.659438	2.127124
30348	-2629.891	-3250.581	620.6899	0.496136	0.0048059	0.297995	0.201063	1.676897	1.589101	4.384278	1.659719
30354	-2641.574	-3262.718	621.1436	0.475166	0.0156741	0.316595	0.192565	1.086343	1.64619	3.269394	5.013554
30360	-2637.648	-3259.223	621.5755	0.662647	0.0346192	0.110175	0.192559	1.61914	1.702966	3.93997	1.4593
30366	-2637.209	-3257.342	620.1334	0.297309	0.321032	0.091743	0.289917	1.489477	1.475409	5.007772	1.328851
30372	-2622.506	-3243.837	621.3311	0.381311	0.254418	0.174311	0.18996	1.263665	1.539173	4.351785	1.454873
30378	-2639.63	-3262.65	623.0197	0.437351	0.168988	0.266606	0.127055	1.927149	1.552535	3.176977	1.206731
30384	-2632.823	-3253.995	621.1716	0.430379	0.0352837	0.29789	0.236448	1.579105	1.682908	4.000499	1.887355
30390	-2631.972	-3252.963	620.9911	0.365092	0.144467	0.384268	0.106174	1.446783	1.621031	3.490463	3.87866
30396	-2642.915	-3264.254	621.3391	0.354343	0.112493	0.176069	0.357095	1.289617	1.724904	4.219521	1.473192
30402	-2643.524	-3265.204	621.68	0.377779	0.108735	0.151721	0.361765	1.394269	1.864299	3.891618	1.473192
30408	-2683.383	-3303.614	620.2306	0.647136	0.0582046	0.0388899	0.25577	2.645668	1.708983	3.891618	2.327164
30414	-2647.275	-3271.066	623.7915	0.464666	0.0540867	0.272307	0.20894	1.938495	1.728385	2.228426	1.89444
30420	-2632.664	-3254.635	621.971	0.583311	0.0678969	0.0865019	0.26229	2.065489	1.582674	3.251676	2.165732
30426	-2633.025	-3253.881	620.8566	0.489317	0.0569561	0.233702	0.220025	1.687646	1.427933	4.509902	1.382981
30432	-2651.769	-3273.362	621.5932	0.406266	0.220677	0.190376	0.182681	1.346108	1.555648	3.679189	2.54342
30438	-2634.568	-3257.381	622.8126	0.552686	0.0593357	0.258988	0.12899	1.049524	1.607385	3.407931	1.81395
30444	-2643.474	-3268.099	624.6246	0.48379	0.0334953	0.371899	0.110816	1.286072	1.535374	2.845407	0.7130837
30450	-2635.443	-3260.814	625.3708	0.328523	0.13718	0.422459	0.111838	1.076609	1.599965	2.675274	0.3778199
30456	-2658.408	-3283.389	624.9813	0.459931	0.192052	0.191444	0.156573	1.352917	1.502021	2.850226	0.2672305
30462	-2651.774	-3273.35	621.5759	0.512835	0.0456199	0.266962	0.174583	1.134299	1.570902	4.557129	0.9079451
30468	-2645.442	-3269.861	624.4189	0.437232	0.14059	0.255252	0.166926	1.230255	1.631367	3.154129	0.3513146
30474	-2644.73	-3269.365	624.635	0.366877	0.0744633	0.459365	0.0992941	1.346178	1.699973	2.915226	0.3622673
30480	-2640.577	-3265.531	624.9539	0.422195	0.0894624	0.272604	0.215739	1.189867	1.776685	2.392859	0.9546393
30486	-2637.644	-3263.898	626.254	0.360791	0.120564	0.28952	0.229126	1.131658	1.819219	1.97306	0.2795322
30492	-2646.378	-3272.551	626.1728	0.360791	0.120564	0.28952	0.229126	1.131658	1.884264	1.984008	0.2788376
30498	-2647.72	-3272.996	625.2758	0.488151	0.0370835	0.348704	0.126061	1.895587	1.958971	2.095019	0.249138
30504	-2626.337	-3252.184	625.8473	0.492527	0.0374159	0.35183	0.118227	1.365116	1.826329	2.09647	0.2594175
30510	-2636.278	-3262.765	626.4872	0.356034	0.162034	0.360718	0.121214	0.7749274	1.748719	2.09647	0.2040153
30516	-2638.597	-3264.678	626.081	0.408154	0.170203	0.378903	0.0427404	1.031049	1.772067	2.175121	0.2040153
30522	-2679.796	-3303.896	624.1003	0.330134	0.168733	0.308141	0.192992	0.6750731	1.70419	3.383476	0.7737558
30528	-2663.073	-3284.384	621.3111	0.300187	0.176277	0.321917	0.201619	1.716746	1.81377	3.666808	2.149682
30534	-2649.704	-3271.777	622.0727	0.295268	0.219703	0.233741	0.251289	1.179835	1.635196	3.438626	2.556095
30540	-2638.721	-3258.996	620.2742	0.475505	0.155694	0.240108	0.128692	1.451665	1.664108	4.25304	2.719648
30546	-2637.553	-3257.614	620.0613	0.352869	0.214839	0.34678	0.0855123	0.4772223	1.530687	4.25304	5.297029
30552	-2635.629	-3257.218	621.5892	0.490974	0.19918	0.244978	0.0648683	0.6469282	1.662018	4.430357	1.57171
30558	-2633.352	-3255.232	621.8801	0.293079	0.441929	0.184521	0.0804719	0.6083659	1.662018	4.430357	1.287739
30564	-2641.766	-3264.808	623.0421	0.308111	0.464596	0.142694	0.0845995	0.4096288	1.689492	4.28533	0.55788
30570	-2635.587	-3258.017	622.4293	0.250894	0.307967	0.313919	0.12722	0.6004732	1.698566	4.350274	0.8437485
30576	-2649.42	-3272.636	623.2161	0.263401	0.323318	0.279721	0.133561	0.5424473	1.618361	3.98303	0.8437485
30582	-2642.542	-3264.705	622.1627	0.204603	0.378984	0.265152	0.15126	0.4671908	1.505154	4.972971	0.3071919
30588	-2662.579	-3284.638	622.0595	0.238211	0.34004	0.286032	0.135717	0.4138087	1.560672	4.972971	0.4377687
30594	-2684.8	-3306.426	621.6261	0.296028	0.314232	0.264323	0.125417	0.4358231	1.435887	5.199626	0.5686538
30600	-2668.69	-3290.354	621.6641	0.398617	0.0994169	0.184258	0.317708	1.749672	1.497301	4.468018	0.5284633
30606	-2657.489	-3278.446	620.9576	0.424252	0.146003	0.24138	0.188365	1.474625	1.369106	4.859378	0.8772955
30612	-2667.333	-3286.197	618.8634	0.564784	0.0634238	0.167796	0.203996	1.474625	1.288414	6.072242	0.8502048
30618	-2658.458	-3275.694	617.2357	0.530521	0.0870305	0.102524	0.279925	2.167095	1.480733	6.076744	1.81823
30624	-2661.863	-3281.249	619.3862	0.411788	0.295536	0.0892378	0.203439	1.530888	1.232796	5.7121	0.9907931
30630	-2675.987	-3295.523	619.5359	0.356302	0.230797	0.239836	0.173065	1.821366	1.38512	5.392983	1.031381
30636	-2665.15	-3287.976	622.827	0.279235	0.347792	0.181344	0.191629	1.363783	1.617998	3.765003	0.7939696
30642	-2642.944	-3265.854	622.9099	0.34183	0.268345	0.0997348	0.29009	1.371546	1.723139	3.3738	1.277064
30648	-2649.223	-3271.373	622.1497	0.247284	0.34386	0.0169874	0.391869	1.592173	1.586642	3.783781	1.277064
30654	-2643.974	-3266.29	622.3161	0.407721	0.209197	0.0572654	0.325817	1.500744	1.602605	3.783781	1.16561
30660	-2644.515	-3267.523	623.0079	0.430864	0.176654	0.124781	0.267702	1.60033	1.715919	3.460338	0.8330628
30666	-2641.4	-3263.83	622.43	0.418487	0.12846	0.104378	0.348674	2.267472	1.705297	3.444852	0.9339137
30672	-2633.382	-3256.471	623.0887	0.353768	0.0954675	0.305934	0.24483	1.687939	1.611796	3.444852	0.811386
30678	-2647.459	-3270.577	623.1187	0.357931	0.378646	0.114439	0.148985	1.450697	1.688052	3.444852	0.9024804
30684	-2638.566	-3262.967	624.4019	0.393959	0.227097	0.068636	0.310308	1.450697	1.688052	2.718887	0.8367283
30690	-2622.032	-3245.61	623.5787	0.364509	0.144079	0.204301	0.287111	1.616607	1.828847	2.852303	1.158512
30696	-2632.468	-3256.044	623.5766	0.497477	0.103866	0.147709	0.250948	0.9204336	1.736324	2.463039	2.983184
30702	-2641.499	-3264.976	623.4777	0.446418	0.0932057	0.0808227	0.379554	1.361257	1.697017	2.372547	2.753056
30708	-2623.683	-3248.5	624.8166	0.408371	0.222464	0.0416198	0.327545	1.283375	1.688907	2.221798	1.380523
30714	-2620.857	-3244.465	623.6079	0.412676	0.126241	0.100114	0.360969	1.593736	1.688907	2.593034	1.793939
30720	-2629.198	-3253.018	623.8196	0.402817	0.222293	0.151672	0.223219	1.859917	1.788625	2.579588	1.209321
30726	-2640.349	-3264.141	623.7918	0.349532	0.250989	0.051891	0.347589	1.729168	1.855395	2.291295	1.816482
30732	-2648.481	-3272.179	623.6976	0.426867	0.191789	0.11574	0.265604	1.241725	1.682683	2.729448	1.801796
30738	-2639.574	-3259.727	620.1536	0.414976	0.227677	0.0551045	0.302242	1.520006	1.418409	4.944522	1.468679
30744	-2654.262	-3274.523	620.261	0.458217	0.239329	0.0298039	0.27265	1.602966	1.5552	4.791687	1.422813
30750	-2652.188	-3272.843	620.6549	0.444143	0.278581	0.0481077	0.229169	1.875773	1.493382	4.607733	1.179116
30756	-2634.204	-3256.231	622.0271	0.371982	0.173744	0.191935	0.262339	1.804133	1.493382	3.903457	1.102601
30762	-2635.462	-3256.654	621.1919	0.444207	0.0385984	0.209775	0.30742	1.971866	1.577162	3.649869	2.414284
30768	-2655.929	-3278.289	622.3594	0.444207	0.0385984	0.209775	0.30742	1.156512	1.900251	3.270721	2.200171
30774	-2635.658	-3259.113	623.455	0.485724	0.0254175	0.222304	0.266554	1.16084	1.796128	2.392197	2.878863
30780	-2605.225	-3229.322	624.097	0.492806	0.025788	0.207904	0.273502	1.243865	1.713578	2.558091	1.611839
30786	-2617.024	-3237.836	620.8113	0.549285	0.0294232	0.204688	0.216604	1.376378	1.595628	3.622673	3.95801
30792	-2645.349	-3267.389	622.0406	0.548704	0.0834682	0.116717	0.25111	1.620576	1.428477	3.918802	1.286428
30798	-2640.393	-3260.126	619.733	0.597927	0.109798	0.146548	0.145727	1.135479	1.41769	4.801344	2.883901
30804	-2620.333	-3241.808	621.4745	0.511055	0.0418104	0.232165	0.21497	1.37587	1.426089	3.74183	2.718346
30810	-2626.089	-3247.793	621.705	0.470456	0.0300672	0.303416	0.196061	1.390369	1.511941	4.131837	1.371614
30816	-2643.961	-3266.073	622.1118	0.410825	0.0103517	0.387085	0.191738	1.35398	1.481875	3.634632	2.009279
30822	-2618.484	-3241.26	622.7757	0.532934	0.0059632	0.222627	0.238476	1.192384	1.481875	3.435277	1.785862
30828	-2626.145	-3249.203	623.0581	0.505906	0.0108311	0.230387	0.252876	1.192384	1.575394	3.214021	1.785862
30834	-2624.701	-3246.687	621.9857	0.563216	0.012058	0.256486	0.16824	1.182159	1.650677	3.567505	2.331287
30840	-2623.018	-3243.347	620.3285	0.489091	0.0704376	0.224897	0.215575	1.49628	1.552554	4.248686	2.761118
30846	-2635.271	-3257.144	621.872	0.414496	0.13037	0.30112	0.154014	1.298374	1.455675	3.788428	2.07704
30852	-2643.128	-3264.767	621.6394	0.201444	0.411081	0.256139	0.131336	1.425154	1.545156	4.353351	0.9630578
30858	-2641.992	-3264.66	622.6671	0.28188	0.501202	0.116976	0.0999416	0.9938618	1.664092	3.785411	1.225343
30864	-2647.79	-3270.252	622.4621	0.355447	0.27726	0.128753	0.238541	1.136199	1.484095	3.92632	1.225343
30870	-2632.674	-3252.135	619.4612	0.448376	0.116058	0.157038	0.278529	1.605699	1.686503	4.847167	2.131691
30876	-2630.543	-3251.986	621.4434	0.376184	0.171824	0.232495	0.219497	1.605699	1.69208	4.122289	1.275135
30882	-2629.862	-3250.732	620.8708	0.374593	0.140689	0.193811	0.290907	1.834978	1.577133	4.449743	1.193024
30888	-2642.032	-3264.199	622.167	0.545438	0.113164	0.136505	0.204893	1.351492	1.64557	3.890712	1.220276
30894	-2637.882	-3261.241	623.3585	0.435856	0.256309	0.135865	0.17197	0.9728936	1.471945	3.396301	1.436515
30900	-2648.371	-3270.188	621.817	0.361901	0.341688	0.193367	0.103044	1.023539	1.496487	4.481361	0.9832283
30906	-2654.983	-3276.384	621.4017	0.214332	0.202361	0.47695	0.106356	1.72128	1.408074	4.574333	0.7053423
30912	-2691.321	-3313.99	622.6687	0.283037	0.174824	0.209126	0.333012	1.18408	1.697318	3.60413	1.326447
30918	-2645.892	-3268.308	622.4168	0.474697	0.0665063	0.202408	0.256388	1.2114	1.502126	3.881202	1.262369
30924	-2635.52	-3257.284	621.7638	0.524941	0.0510655	0.130088	0.293905	1.429661	1.711687	3.900161	1.499266
30930	-2642.397	-3264.47	622.0732	0.556389	0.0707306	0.137845	0.235035	1.351486	1.560595	3.900161	1.398071
30936	-2640.318	-3262.456	622.1378	0.495546	0.10444	0.196015	0.203999	1.375821	1.570531	4.184619	0.7865634
30942	-2634.325	-3255.363	621.0379	0.466386	0.142104	0.18448	0.207029	1.812992	1.605977	4.512182	0.8996185
30948	-2627.493	-3249.758	622.265	0.503429	0.214127	0.0811149	0.201329	1.318769	1.717202	3.771492	1.292882
30954	-2622.813	-3245.026	622.2121	0.448186	0.213632	0.137318	0.200864	1.826079	1.73687	3.579916	1.222927
30960	-2636.196	-3258.382	622.1854	0.275861	0.11355	0.291119	0.31947	2.466187	1.783149	3.592299	0.7200698
30966	-2635.992	-3258.485	622.4929	0.369582	0.145624	0.231142	0.253652	1.836128	1.846297	3.260008	1.384921
30972	-2640.425	-3262.607	622.1822	0.375484	0.147949	0.0486487	0.427919	1.415155	1.5814	3.53201	1.945874
30978	-2629.412	-3250.919	621.5075	0.495015	0.0491826	0.260542	0.19526	2.023222	1.564324	3.289796	2.838773
30984	-2629.783	-3251.295	621.5126	0.462114	0.109996	0.259549	0.168341	1.039729	1.433541	4.080631	2.240164
30990	-2648.553	-3270.288	621.7352	0.338816	0.160478	0.309499	0.191207	1.634643	1.384369	4.48335	0.6327002
30996	-2637.478	-3256.822	619.3443	0.391787	0.185568	0.190379	0.232266	1.634643	1.377523	5.005546	2.296281
31002	-2652.221	-3272.243	620.0221	0.475163	0.159352	0.256382	0.109104	1.230162	1.425564	5.201483	1.378721
31008	-2682.867	-3301.326	618.4592	0.358482	0.107675	0.352967	0.180875	2.044118	1.5009	5.286233	2.202352
31014	-2667.378	-3289.714	622.3357	0.480031	0.0350685	0.404681	0.0802194	1.609997	1.532229	3.359552	1.976268
31020	-2654.993	-3277.853	622.8594	0.43409	0.026281	0.205162	0.334467	1.391265	1.541217	3.757551	0.825223
31026	-2635.669	-3259.036	623.3672	0.388453	0.13326	0.18184	0.296447	1.786108	1.764268	2.768614	1.460383
31032	-2653.52	-3277.906	624.386	0.569733	0.0729123	0.104466	0.252889	1.016349	1.747754	2.368249	1.857957
31038	-2624.933	-3247.916	622.9831	0.420381	0.0927721	0.165076	0.32177	1.580945	1.533435	3.17774	1.579743
31044	-2618.069	-3239.605	621.5361	0.393583	0.19042	0.114739	0.301258	1.442173	1.582296	4.297225	1.11518
31050	-2620.401	-3241.99	621.5884	0.314241	0.15755	0.0998072	0.428402	1.35758	1.492	4.018622	1.804732
31056	-2644.742	-3266.855	622.1139	0.312088	0.334045	0.0404757	0.313391	1.177784	1.606124	3.38675	2.677007
31062	-2652.818	-3274.173	621.3548	0.312088	0.334045	0.0404757	0.313391	1.440842	1.851821	2.937376	4.590869
31068	-2638.688	-3261.761	623.0727	0.554783	0.115677	0.097654	0.231886	1.455815	1.671292	3.258461	1.288279
31074	-2620.883	-3241.793	620.9093	0.422196	0.0201132	0.420082	0.137608	1.718548	1.533829	4.636827	0.9527764
31080	-2638.564	-3259.199	620.6358	0.416055	0.0436159	0.241923	0.298406	1.718548	1.71332	3.961005	2.530383
31086	-2636.137	-3256.273	620.1358	0.469861	0.0800164	0.284176	0.165947	1.282251	1.492284	3.937097	4.622541
31092	-2619.93	-3237.594	617.6641	0.502182	0.111529	0.084696	0.301593	2.146131	1.494788	5.457491	2.827968
31098	-2617.583	-3238.972	621.3886	0.367416	0.111703	0.28052	0.240361	1.782904	1.617834	3.379176	3.000879
31104	-2637.517	-3259.578	622.0609	0.555132	0.0532432	0.207548	0.184077	1.512349	1.717937	3.329046	2.283965
31110	-2636.119	-3257.987	621.8679	0.430772	0.0677891	0.267073	0.234366	1.743936	1.71078	3.329046	2.29491
31116	-2640.524	-3262.717	622.1928	0.447767	0.0494015	0.332036	0.170795	1.743936	1.782108	3.312477	1.799483
31122	-2649.629	-3272.772	623.1425	0.566086	0.012705	0.278138	0.143071	1.576955	1.737979	2.957783	1.588831
31128	-2623.672	-3247.421	623.7488	0.544982	0.0156371	0.168231	0.27115	1.576955	1.746086	2.580813	1.592579
31134	-2633.556	-3256.58	623.0234	0.529211	0.0260183	0.258273	0.186498	1.585588	1.909146	3.030373	1.380863
31140	-2625.467	-3247.789	622.3218	0.444904	0.0365735	0.256366	0.262156	1.242859	1.579038	3.42498	2.221021
31146	-2641.301	-3262.643	621.3424	0.432581	0.0632587	0.249265	0.254895	1.081781	1.524857	4.264966	1.853836
31152	-2622.049	-3245.208	623.1582	0.274985	0.335256	0.192703	0.197056	1.24113	1.598591	3.358081	1.301178
31158	-2627.769	-3248.06	620.2912	0.265543	0.475943	0.0682237	0.19029	1.346625	1.494111	5.221599	0.8794833
31164	-2629.681	-3250.364	620.6837	0.251498	0.30557	0.0972002	0.345732	2.134343	1.475046	4.661372	0.8763684
31170	-2624.029	-3244.856	620.8271	0.318997	0.456098	0.0449108	0.179994	1.959136	1.630446	4.341056	1.286674
31176	-2621.369	-3241.564	620.1947	0.446825	0.188148	0.0910231	0.274004	2.659635	1.659966	4.341056	1.413524
31182	-2642.661	-3263.721	621.0595	0.447033	0.16737	0.179465	0.206132	1.311894	1.662232	3.72585	3.153967
31188	-2640.572	-3262.66	622.0878	0.362969	0.222187	0.157764	0.257079	1.444514	1.62842	3.662964	1.687346
31194	-2650.048	-3270.291	620.2433	0.391652	0.150437	0.182894	0.275017	1.575341	1.522191	4.795658	1.499457
31200	-2635.461	-3256.279	620.8178	0.398953	0.27232	0.107305	0.221423	1.895465	1.727836	4.14794	1.631595
31206	-2630.663	-3251.039	620.3753	0.342662	0.239266	0.262697	0.155375	1.941746	1.587298	4.732236	1.08818
31212	-2658.194	-3279.8	621.6066	0.421771	0.300113	0.0770257	0.20109	1.279531	1.746493	3.619215	2.482992
31218	-2670.114	-3291.174	621.06	0.386475	0.219054	0.115804	0.278666	1.296143	1.710452	3.826671	2.805966
31224	-2670.422	-3292.313	621.8912	0.466011	0.264135	0.139637	0.130218	1.560407	1.569124	4.08298	1.047152
31230	-2648.795	-3271.582	622.7873	0.419919	0.229383	0.12696	0.223738	1.690808	1.75855	3.290921	1.228613
31236	-2635.38	-3258.02	622.6403	0.400886	0.218986	0.174074	0.206055	1.330954	1.54368	3.203737	2.237432
31242	-2637.924	-3260.233	622.3094	0.428113	0.405005	0.0127252	0.154156	1.330954	1.622231	3.320057	2.316365
31248	-2643.328	-3266.22	622.892	0.279855	0.28558	0.124141	0.310424	1.844117	1.622231	3.036209	1.610909
31254	-2628.202	-3250.893	622.6913	0.372666	0.324932	0.0780741	0.224328	1.153048	1.666923	2.945964	2.880544
31260	-2614.976	-3238.086	623.1105	0.503624	0.0407983	0.28978	0.165798	1.221221	1.538959	2.945964	2.333677
31266	-2629.598	-3252.403	622.8058	0.412375	0.131093	0.237276	0.219257	1.265989	1.671737	2.704264	3.169482
31272	-2664.478	-3287.498	623.0201	0.4284	0.0973262	0.246497	0.227777	1.130403	1.52679	3.172032	2.068666
31278	-2653.419	-3275.803	622.3846	0.403288	0.105112	0.277174	0.214425	1.751523	1.689039	3.534669	1.236152
31284	-2648.076	-3270.193	622.1175	0.382793	0.170829	0.120797	0.32558	1.585401	1.559699	3.84293	1.236152
31290	-2646.999	-3269.22	622.2208	0.317646	0.371142	0.100239	0.210973	1.632391	1.543013	4.162133	0.5617841
31296	-2665.525	-3285.312	619.7867	0.342619	0.321702	0.108119	0.22756	1.182389	1.352141	5.500449	1.174569
31302	-2669.996	-3293.45	623.4542	0.257397	0.383112	0.0675822	0.291909	1.588789	1.854984	3.143415	0.79682
31308	-2656.51	-3279.464	622.9539	0.304238	0.173936	0.176795	0.34503	1.588789	1.811311	3.450745	0.8184245
31314	-2660.814	-3282.931	622.1171	0.437757	0.0903483	0.159879	0.312016	1.632633	1.853727	3.453732	1.620143
31320	-2672.625	-3293.409	620.7847	0.303096	0.338546	0.0474845	0.310874	1.57665	1.760573	4.36435	1.484962
31326	-2655.528	-3277.999	622.4708	0.377333	0.07787	0.353968	0.190829	1.002249	1.704832	3.84482	1.272571
31332	-2638.271	-3262.278	624.0072	0.384774	0.251183	0.144832	0.219211	0.5871698	1.95623	3.275949	0.8856838
31338	-2639.532	-3263.684	624.1519	0.384575	0.263555	0.154686	0.197184	0.9136348	1.738784	3.111218	0.8936733
31344	-2653.51	-3276.633	623.1229	0.260092	0.359884	0.211223	0.168802	0.7865061	1.715853	3.836284	0.8387231
31350	-2625.382	-3246.609	621.2274	0.219776	0.379493	0.222732	0.177999	0.7865061	1.405177	5.012507	0.9567779
31356	-2629.173	-3251.214	622.0408	0.295269	0.23712	0.235015	0.232596	1.784095	1.697729	3.9247	0.8644233
31362	-2637.066	-3260.254	623.1875	0.370819	0.246231	0.192466	0.190484	1.323999	1.637497	3.213447	1.413167
31368	-2652.539	-3275.515	622.9764	0.455578	0.07394	0.236458	0.234024	1.476192	1.716745	3.474362	0.9424833
31374	-2632.998	-3255.817	622.8196	0.616718	0.0210611	0.150865	0.211356	1.510555	1.58696	3.072522	2.016686
31380	-2660.372	-3283.474	623.1023	0.486414	0.128111	0.131221	0.254254	1.628707	1.969133	2.622165	1.986729
31386	-2648.588	-3272.122	623.534	0.319193	0.0829999	0.33384	0.263967	1.201425	1.969133	2.881489	1.40214
31392	-2644.917	-3268.483	623.5657	0.493671	0.0833887	0.126922	0.296019	2.026095	1.812036	2.904471	0.7817287
31398	-2638.361	-3260.612	622.2502	0.383846	0.195485	0.0986861	0.321983	2.140948	1.918656	3.151694	1.526036
31404	-2642.756	-3264.368	621.6125	0.358855	0.454557	0.0198779	0.16671	1.703513	1.639344	4.080162	1.144317
31410	-2631.416	-3254.983	623.5673	0.441247	0.120353	0.0401984	0.398202	1.43147	1.633423	3.191409	0.95485
31416	-2630.231	-3252.215	621.9843	0.326126	0.30726	0.0119565	0.354657	1.469273	1.659937	3.944892	1.187889
31422	-2635.705	-3257.01	621.305	0.496742	0.208245	0.00461073	0.290403	2.447165	1.567705	3.959133	1.187889
31428	-2639.31	-3262.282	622.9716	0.366098	0.282102	0.0279955	0.323805	1.886003	1.66365	3.221539	1.09548
31434	-2624.291	-3245.965	621.6742	0.422729	0.146052	0.114476	0.316744	2.083837	1.635675	3.63165	1.623827
31440	-2645.798	-3267.025	621.227	0.395444	0.136625	0.171631	0.2963	1.281131	1.495379	4.570243	1.17385
31446	-2643.141	-3265.329	622.1885	0.386558	0.402796	0.0743871	0.136259	2.259343	1.657967	2.864634	2.47522
31452	-2646.751	-3269.925	623.1745	0.386558	0.402796	0.0743871	0.136259	1.321624	1.603613	3.16736	1.559565
31458	-2646.449	-3268.981	622.532	0.341764	0.25861	0.0181367	0.381489	1.546548	1.575747	3.55258	1.350066
31464	-2650.597	-3272.049	621.4526	0.366329	0.277199	0.0194718	0.337	1.607736	1.546317	4.297992	1.090777
31470	-2662.559	-3284.332	621.7728	0.345248	0.264529	0.0686267	0.321597	1.347127	1.557732	4.045351	1.458635
31476	-2645.037	-3267.052	622.0148	0.386587	0.0958096	0.207	0.310604	1.798167	1.726246	3.82236	1.026605
31482	-2645.899	-3267.044	621.1448	0.434437	0.117534	0.216451	0.231577	1.232439	1.363059	4.634433	1.330274
31488	-2627.237	-3249.323	622.0866	0.385878	0.183364	0.197512	0.233246	1.312878	1.686605	4.121154	0.8862354
31494	-2624.311	-3244.565	620.2537	0.454923	0.160982	0.109114	0.274981	1.616609	1.457857	4.294743	2.738975
31500	-2637.618	-3259.135	621.5173	0.219607	0.269156	0.0915107	0.419727	1.270849	1.397776	4.152959	1.815539
31506	-2640.833	-3262.29	621.457	0.244679	0.569383	0.0124631	0.173475	1.315322	1.407945	4.152959	1.827361
31512	-2673.593	-3294.268	620.6751	0.35151	0.31226	0.0179047	0.318325	2.029355	1.465505	3.726529	3.134881
31518	-2647.333	-3270.803	623.4705	0.304927	0.387145	0.0177662	0.290162	1.732802	1.934336	2.595051	1.520221
31524	-2660.709	-3284.798	624.0899	0.25013	0.283107	0.368598	0.0981651	0.5376396	1.5315	3.666264	0.6242352
31530	-2641.648	-3265.843	624.1951	0.257447	0.385663	0.306977	0.0499128	0.6257641	1.579212	3.666264	0.370696
31536	-2639.732	-3264.199	624.4667	0.259785	0.389166	0.309765	0.0412843	0.5365511	1.384618	3.666264	0.3910595
31542	-2646.85	-3269.754	622.9047	0.256677	0.259147	0.443386	0.0407903	0.4909775	1.355328	4.544353	0.4951223
31548	-2665.144	-3288.721	623.5768	0.343683	0.230085	0.333817	0.0924153	0.4909775	1.384211	4.242262	0.2618022
31554	-2657.02	-3276.321	619.3011	0.349888	0.108327	0.254368	0.287418	1.628993	1.480466	4.561531	3.500691
31560	-2655.403	-3274.866	619.4626	0.3698	0.0983089	0.230843	0.301048	1.628993	1.483448	4.700513	2.79296
31566	-2667.569	-3289.826	622.257	0.460355	0.0401003	0.287372	0.212173	1.231903	1.409911	4.312776	0.7362434
31572	-2678.776	-3299.19	620.4142	0.548497	0.0982142	0.0695138	0.283775	1.565271	1.406589	4.383391	2.398944
31578	-2658.786	-3279.584	620.7975	0.517895	0.070782	0.0586596	0.352663	1.475425	1.73919	3.8382	2.893048
31584	-2625.016	-3247.531	622.5157	0.283175	0.173942	0.231613	0.311269	1.506675	1.705802	3.758193	0.8995634
31590	-2639.398	-3261.699	622.3006	0.449847	0.133498	0.17776	0.238895	2.136889	1.823154	3.108028	1.67098
31596	-2637.42	-3261.134	623.7142	0.360566	0.177883	0.101888	0.359664	1.929502	1.91874	2.67775	0.9658572
31602	-2634.622	-3258.077	623.4551	0.390463	0.173197	0.154482	0.281858	1.247116	1.766571	3.119908	1.228112
31608	-2646.753	-3270.037	623.2838	0.478199	0.088496	0.157961	0.275344	1.408147	1.81301	2.85573	1.708137
31614	-2636.752	-3259.998	623.2457	0.304144	0.0520309	0.491118	0.152707	1.408147	2.054619	2.85573	1.466213
31620	-2658.056	-3281.331	623.2751	0.388242	0.294407	0.152667	0.164684	1.408147	1.865678	2.85573	1.6545
31626	-2640.52	-3262.614	622.0946	0.348263	0.261312	0.244254	0.146172	1.180954	1.659351	3.969347	1.305689
31632	-2639.506	-3262.628	623.1216	0.485526	0.170644	0.0709533	0.272878	1.378946	1.521166	3.713312	0.6785537
31638	-2640.67	-3262.985	622.3147	0.319318	0.284088	0.0773019	0.319292	1.400146	1.628198	3.627979	1.535125
31644	-2639.042	-3261.312	622.2701	0.259013	0.272297	0.209699	0.258992	1.316857	1.51204	3.974896	1.130694
31650	-2633.327	-3255.059	621.7323	0.372327	0.0572349	0.266367	0.304071	1.831352	1.583047	3.936566	1.234884
31656	-2636.935	-3258.894	621.9589	0.535178	0.110545	0.0663815	0.287896	1.781715	1.633353	3.7756	1.280765
31662	-2630.129	-3251.346	621.2167	0.299237	0.220181	0.199049	0.281532	1.97782	1.803358	4.03214	1.251257
31668	-2638.192	-3259.104	620.9113	0.369327	0.271754	0.126335	0.232584	1.494742	1.623419	4.170623	2.009787
31674	-2637.387	-3257.305	619.9178	0.383453	0.344337	0.0394233	0.232786	2.022372	1.606192	4.670542	1.630142
31680	-2653.229	-3275.207	621.9786	0.323488	0.294074	0.0333935	0.349045	1.606715	1.536053	4.127121	0.8779362
31686	-2664.173	-3285.894	621.7213	0.3473	0.292363	0.0225877	0.337749	1.363699	1.564838	4.269533	1.064746
31692	-2656.16	-3277.968	621.8073	0.315901	0.35634	0.0205456	0.307214	1.363699	1.611161	3.997198	1.437509
31698	-2659.755	-3282.687	622.9324	0.431433	0.117166	0.028296	0.423105	1.620159	1.712752	3.486669	0.849476
31704	-2664.83	-3286.099	621.2693	0.40619	0.300155	0.0805767	0.213078	1.637619	1.562855	4.378293	1.090618
31710	-2644.169	-3262.756	618.5868	0.650855	0.0230262	0.0431981	0.282921	2.070093	1.813031	3.657508	7.378166
31716	-2637.505	-3257.825	620.3198	0.484885	0.0167089	0.332445	0.165961	1.745069	1.489801	3.977453	3.334785
31722	-2631.805	-3252.488	620.6831	0.351926	0.200495	0.202438	0.245141	1.246948	1.584343	4.458613	1.983465
31728	-2621.616	-3244.379	622.7633	0.3276	0.220415	0.182488	0.269497	1.508294	1.780859	3.199608	1.576707
31734	-2636.18	-3259.52	623.3406	0.495345	0.158361	0.139815	0.206478	1.508294	1.941839	2.682763	1.720925
31740	-2639.318	-3263.863	624.5442	0.473082	0.124578	0.149098	0.253242	1.423775	1.927202	2.046596	1.583265
31746	-2636.369	-3259.388	623.0187	0.55265	0.145531	0.00598519	0.295834	1.505174	1.635254	3.064171	1.722548
31752	-2634.443	-3255.137	620.6947	0.422334	0.144988	0.00858017	0.424098	1.474474	1.680448	3.56239	4.056025
31758	-2634.112	-3256.636	622.5239	0.582709	0.0694501	0.00441305	0.343427	1.385775	1.575864	3.167789	2.374575
31764	-2637.095	-3259.118	622.0229	0.593038	0.0805015	0.0515961	0.274865	1.735602	1.700116	3.291735	2.189832
31770	-2648.638	-3268.935	620.2969	0.385126	0.083981	0.244148	0.286745	2.075934	1.65746	3.552695	3.969492
31776	-2612.876	-3235.608	622.7324	0.344063	0.0686078	0.313568	0.273761	1.622481	1.675601	3.26314	1.497083
31782	-2631.132	-3253.196	622.0636	0.369161	0.255891	0.200181	0.174768	1.635097	1.588471	3.234469	2.554499
31788	-2627.497	-3248.046	620.5485	0.518685	0.0355909	0.151095	0.29463	1.664658	1.514951	4.484943	1.717146
31794	-2628.787	-3249.624	620.8372	0.481621	0.102272	0.0531693	0.362937	1.726314	1.528654	4.278831	1.73265
31800	-2642.035	-3262.586	620.5516	0.461579	0.0831586	0.252331	0.202932	1.550721	1.651385	4.56388	1.496343
31806	-2651.506	-3272.808	621.3022	0.259414	0.201304	0.301297	0.237985	1.550721	1.596729	4.56388	0.7724339
31812	-2640.205	-3263.089	622.884	0.256055	0.285113	0.410532	0.0483008	0.5630339	1.531686	4.447199	0.436478
31818	-2636.941	-3260.377	623.436	0.259322	0.288751	0.412029	0.0398991	0.3258453	1.575917	4.288306	0.2868007
31824	-2626.676	-3251.524	624.8472	0.291559	0.268262	0.40311	0.0370681	0.545685	1.500441	3.409192	0.2868007
31830	-2642.935	-3268.394	625.459	0.290529	0.211284	0.465483	0.0327044	0.5774856	1.704673	2.832356	0.4531734
31836	-2629.449	-3254.256	624.8069	0.519955	0.139195	0.306661	0.0341894	0.5562018	1.52195	3.417343	0.2593685
31842	-2638.532	-3264.248	625.7159	0.539179	0.128461	0.303954	0.0284056	0.8653592	1.700878	2.568022	0.2593685
31848	-2623.566	-3249.531	625.9651	0.333311	0.18585	0.439743	0.0410955	0.6422537	1.760764	2.519146	0.2814199
31854	-2632.893	-3259.579	626.6862	0.322083	0.228886	0.373859	0.0751721	0.4621655	1.751891	2.161217	0.3494039
31860	-2649.695	-3275.69	625.995	0.407489	0.189765	0.350503	0.0522432	0.4938536	1.887502	2.519462	0.2398846
31866	-2646.423	-3272.778	626.3556	0.297255	0.40895	0.255685	0.0381104	0.2876938	1.636833	2.532597	0.3324466
31872	-2648.833	-3272.977	624.1444	0.317407	0.406265	0.235634	0.040694	0.3319138	1.511595	3.918408	0.2920273
31878	-2655.466	-3278.896	623.4301	0.188795	0.373148	0.402985	0.0350723	0.3573645	1.513616	4.300931	0.3380682
31884	-2637.392	-3261.352	623.9605	0.458978	0.228464	0.168701	0.143857	1.016744	1.78361	2.352709	2.428166
31890	-2641.054	-3264.999	623.9453	0.420033	0.209078	0.0786293	0.292259	1.371849	1.721178	2.547012	1.666205
31896	-2638.48	-3262.078	623.5983	0.574137	0.0926318	0.107477	0.225753	1.699175	1.808733	2.270108	2.213883
31902	-2662.681	-3285.316	622.6349	0.540471	0.112449	0.0730311	0.274049	1.261297	1.738039	2.88476	2.855837
31908	-2664.124	-3286.845	622.7209	0.398625	0.173468	0.121469	0.306438	1.673881	1.750556	2.712999	2.578449
31914	-2678.679	-3302.335	623.6566	0.305977	0.273587	0.171333	0.249103	1.000079	1.86993	2.106872	3.438858
31920	-2662.489	-3286.471	623.9815	0.555631	0.208942	0.0532449	0.182182	1.476785	1.800928	2.431567	1.637145
31926	-2659.985	-3281.061	621.0761	0.643022	0.0537848	0.111393	0.191799	1.466185	1.671337	3.29661	4.237681
31932	-2654.084	-3278.839	624.7548	0.28779	0.224597	0.40024	0.0873728	0.5948424	1.815443	3.212208	0.3866506
31938	-2673.369	-3297.145	623.7759	0.411332	0.188705	0.328296	0.0716674	0.7367733	2.063071	3.212208	0.9584084
31944	-2659.76	-3284.698	624.938	0.360102	0.273372	0.311275	0.0552505	0.6890033	1.831946	3.060824	0.3224579
31950	-2653.997	-3280.748	626.751	0.318671	0.293471	0.33416	0.0536969	0.6890033	1.930121	1.860167	0.2060383
31956	-2656.955	-3283.441	626.486	0.299686	0.306242	0.314252	0.0798193	0.5066073	1.894047	2.179496	0.3281452
31962	-2662.355	-3287.92	625.5643	0.334684	0.306843	0.310449	0.0480248	0.5838057	2.020652	2.631685	0.3281452
31968	-2657.856	-3283.299	625.443	0.321466	0.277659	0.350209	0.0506661	0.5838057	1.663694	2.937255	0.2312293
31974	-2671.958	-3296.611	624.6532	0.478343	0.155001	0.292246	0.0744103	0.6619959	1.510985	3.441633	0.3025631
31980	-2667.907	-3290.655	622.7474	0.392872	0.127306	0.418707	0.0611146	1.051698	1.326352	4.348183	0.4486906
31986	-2649.412	-3272.7	623.2883	0.342019	0.110827	0.49395	0.053204	1.101442	1.416153	3.976981	0.4199088
31992	-2643.972	-3267.218	623.2458	0.449714	0.130987	0.302166	0.117133	1.203206	1.539774	3.92925	0.2503241
31998	-2632.581	-3256.298	623.7171	0.465613	0.131629	0.303647	0.0991115	1.193229	1.455551	3.71179	0.2436596
32004	-2656.41	-3280.376	623.9657	0.47606	0.159779	0.191569	0.172593	0.9803281	1.40959	3.71179	0.2226413
32010	-2656.425	-3280.828	624.4036	0.242448	0.227621	0.277502	0.252428	0.9803281	1.642328	3.32081	0.2226413
32016	-2653.42	-3278.156	624.7359	0.264166	0.279648	0.340931	0.115255	0.8437321	1.699335	3.164976	0.3170256
32022	-2632.492	-3256.658	624.1659	0.431634	0.193741	0.315354	0.05927	0.6483628	1.839174	3.367134	0.6372257
32028	-2629.651	-3254.229	624.5783	0.409554	0.21097	0.350095	0.0293807	0.550166	1.721938	3.348308	0.4815837
32034	-2635.817	-3259.033	623.2158	0.226408	0.320797	0.267664	0.18513	1.28778	1.711495	3.605183	0.6643042
32040	-2640.041	-3262.032	621.9909	0.374919	0.276034	0.0424809	0.306565	1.326016	1.638783	3.856752	1.515738
32046	-2650.585	-3272.752	622.1669	0.471305	0.262513	0.0404	0.225782	1.615937	1.607136	3.807726	1.171245
32052	-2618.534	-3239.664	621.1302	0.433741	0.24159	0.03718	0.287489	2.095537	1.715554	3.961466	1.485844
32058	-2619.842	-3242.606	622.7645	0.36523	0.361379	0.0467194	0.226672	1.421609	1.637091	3.69866	0.8968009
32064	-2624.927	-3247.386	622.4587	0.420813	0.330408	0.0427154	0.206064	1.421609	1.776504	3.589578	1.259521
32070	-2626.139	-3248.162	622.0226	0.4553	0.282982	0.0462162	0.215501	1.330102	1.497641	4.374166	0.6867319
32076	-2640.074	-3261.854	621.7797	0.413936	0.150504	0.239637	0.195923	1.32791	1.633715	3.779398	1.947528
32082	-2646.173	-3268.577	622.4046	0.348755	0.217898	0.139004	0.294343	1.424975	1.633715	4.017378	0.7108047
32088	-2654.547	-3277.154	622.6067	0.315903	0.38665	0.0954115	0.202036	1.424975	1.717178	3.710094	0.9506873
32094	-2635.854	-3260.169	624.3148	0.369634	0.236012	0.157955	0.236399	1.424975	1.741358	2.791124	0.7776175
32100	-2652.885	-3275.097	622.212	0.450868	0.121556	0.139224	0.288352	1.529002	1.577165	3.80773	1.233019
32106	-2640.017	-3262.494	622.4768	0.41341	0.0948209	0.227372	0.264397	1.842734	1.715372	3.793152	0.6069635
32112	-2657.284	-3279.701	622.418	0.375905	0.0862187	0.445056	0.0928199	1.844856	1.707898	3.625731	0.9457802
32118	-2655.998	-3281.228	625.2296	0.537169	0.139117	0.191074	0.13264	1.17151	1.683414	2.671573	0.1867131
32124	-2647.622	-3274	626.3785	0.164698	0.41346	0.392085	0.0297565	0.3417701	1.632684	2.517105	0.2194961
32130	-2640.053	-3266.836	626.783	0.341649	0.376559	0.254692	0.0271008	0.3417701	1.738256	2.108517	0.4649361
32136	-2637.644	-3264.712	627.0687	0.359444	0.316052	0.293295	0.0312084	0.3417701	1.774655	1.950576	0.3682451
32142	-2639.377	-3266.571	627.1939	0.394373	0.268623	0.325169	0.0118346	0.2987353	1.693706	1.950576	0.3382002
32148	-2637.184	-3263.497	626.3129	0.394373	0.268623	0.325169	0.0118346	0.3380397	1.693706	2.52565	0.2488453
32154	-2634.577	-3260.401	625.8235	0.49608	0.192598	0.287962	0.0233593	0.417107	1.726386	2.769616	0.2488453
32160	-2642.977	-3268.961	625.9847	0.266998	0.25419	0.380052	0.0987594	0.4050136	1.619016	2.737788	0.2939739
32166	-2639.014	-3264.355	625.3415	0.190425	0.317024	0.473997	0.018554	0.4050136	1.67882	2.886928	0.6692313
32172	-2628.508	-3254.871	626.3626	0.205944	0.34286	0.433676	0.0175195	0.5321107	1.724612	2.126624	0.6946547
32178	-2630.927	-3257.815	626.8879	0.208795	0.347606	0.439678	0.00392072	0.3482512	1.873247	2.037639	0.2479591
32184	-2660.463	-3287.386	626.9234	0.442544	0.246737	0.306463	0.00425519	0.378042	1.764777	2.037639	0.1726548
32190	-2649.153	-3275.943	626.7903	0.437974	0.244189	0.303298	0.0145383	0.509486	1.777557	2.037639	0.1726548
32196	-2657.335	-3284.18	626.8453	0.371761	0.270255	0.341895	0.0160902	0.501774	1.777557	2.037639	0.226348
32202	-2647.055	-3273.479	626.4239	0.37324	0.27133	0.343255	0.012176	0.5549545	1.786569	2.270981	0.226348
32208	-2644.284	-3271.134	626.8504	0.319513	0.204425	0.451616	0.0244462	0.4288869	1.793758	2.06632	0.214991
32214	-2653.594	-3280.393	626.7995	0.287546	0.351289	0.310921	0.0502445	0.4288869	1.722347	2.146512	0.214991
32220	-2648.555	-3275.129	626.5736	0.318856	0.280654	0.344775	0.0557154	0.3902026	1.752717	2.294499	0.2930432
32226	-2661.123	-3288.218	627.0957	0.397411	0.232167	0.31889	0.0515324	0.4601706	1.897537	1.81068	0.2969753
32232	-2639.682	-3266.119	626.4369	0.389304	0.235984	0.322332	0.0523796	0.4601706	1.665116	2.390828	0.3161261
32238	-2632.594	-3258.839	626.2449	0.246172	0.349917	0.367524	0.0363869	0.3537858	1.730217	2.538754	0.2501789
32244	-2628.463	-3253.986	625.5231	0.293593	0.216135	0.438321	0.0519512	0.4629029	1.583035	3.011291	0.2707686
32250	-2625.504	-3250.558	625.0534	0.244826	0.21912	0.492732	0.043322	1.188775	1.774949	2.731988	0.2707686
32256	-2636.943	-3262.155	625.2124	0.252802	0.226259	0.48918	0.0317597	0.7209769	1.611611	3.020382	0.2707686
32262	-2640.634	-3264.853	624.2198	0.2171	0.335532	0.420094	0.0272744	0.4228425	1.642966	3.681308	0.4717067
32268	-2634.877	-3258.334	623.4574	0.202353	0.40078	0.379626	0.0172408	0.3709134	1.343493	4.324067	0.4511274
32274	-2638.599	-3261.54	622.9407	0.227429	0.505809	0.245003	0.0217589	0.4135925	1.337795	4.598583	0.4511274
32280	-2651.245	-3274.198	622.9525	0.247994	0.375004	0.248831	0.128171	0.370427	1.456941	4.598583	0.3320429
32286	-2643.545	-3267.409	623.8646	0.246272	0.275298	0.356356	0.122074	0.370427	1.627341	3.683343	0.8663109
32292	-2647.148	-3271.104	623.9567	0.260344	0.449239	0.214347	0.076069	0.370427	1.542704	3.916381	0.4702714
32298	-2663.484	-3288.156	624.672	0.285171	0.314394	0.34018	0.0602548	0.5103354	1.617377	3.206333	0.7618652
32304	-2642.076	-3266.814	624.7378	0.217432	0.327584	0.354451	0.100533	0.5103354	1.726206	3.188269	0.6255805
32310	-2638.583	-3265.039	626.4566	0.189845	0.366131	0.345912	0.0981115	0.419322	1.547127	2.487204	0.268142
32316	-2633.569	-3259.091	625.5221	0.195052	0.376173	0.3554	0.0733744	0.419322	1.569794	3.044079	0.2688605
32322	-2642.76	-3265.18	622.42	0.263689	0.264256	0.273465	0.19859	0.6482831	1.61516	4.597674	0.4614814
32328	-2642.424	-3266.593	624.1687	0.391574	0.16041	0.220593	0.227423	1.047403	1.60753	3.434958	0.305668
32334	-2622.053	-3247.919	625.8657	0.341015	0.201839	0.390678	0.0664676	0.5215765	1.627395	2.73237	0.201628
32340	-2635.404	-3259.681	624.2773	0.352662	0.221778	0.404021	0.0215391	0.7158843	1.457405	3.650687	0.3281263
32346	-2621.769	-3247.254	625.4849	0.35108	0.218391	0.397851	0.0326775	0.5179744	1.654387	2.945192	0.3264389
32352	-2660.782	-3284.214	623.4326	0.335277	0.208561	0.339781	0.116381	0.6387265	1.613592	4.102975	0.2921255
32358	-2642.316	-3267.165	624.8484	0.344462	0.214274	0.36131	0.079953	0.5958442	1.482457	3.391945	0.2437447
32364	-2615.215	-3239.734	624.5192	0.344462	0.214274	0.36131	0.079953	1.005696	1.478247	3.328668	0.3084831
32370	-2629.017	-3254.186	625.1684	0.405418	0.252192	0.248289	0.0941013	0.6594728	1.656301	3.043818	0.3310021
32376	-2635.532	-3261.137	625.605	0.355386	0.24258	0.311519	0.0905148	0.5690546	1.670486	2.839531	0.2117285
32382	-2627.538	-3254.083	626.5457	0.378825	0.26381	0.330281	0.0270848	0.557309	1.752089	2.208902	0.2117285
32388	-2619.757	-3245.789	626.0317	0.379547	0.249596	0.330911	0.0399471	0.9213286	1.808088	2.258269	0.2117285
32394	-2634.146	-3259.775	625.6292	0.437656	0.214951	0.253192	0.0942004	0.6019144	1.644277	2.81988	0.2117285
32400	-2631.307	-3256.603	625.2955	0.515682	0.122392	0.250932	0.110995	0.9553929	1.577364	2.81988	0.3535113
32406	-2619.401	-3243.626	624.2245	0.242677	0.313555	0.391535	0.0522334	0.8220609	1.647552	3.518888	0.2767787
32412	-2622.875	-3247.921	625.0456	0.34484	0.227937	0.336003	0.0912201	0.6393277	1.631754	3.158567	0.277623
32418	-2630.211	-3254.725	624.5133	0.289853	0.30685	0.320694	0.0826031	0.5835528	1.635617	3.503806	0.2789564
32424	-2625.826	-3250.287	624.4606	0.289853	0.30685	0.320694	0.0826031	0.6692072	1.438793	3.596425	0.2789564
32430	-2650.174	-3275.931	625.757	0.355188	0.269275	0.367405	0.00813292	0.4337112	1.759211	2.780616	0.2638908
32436	-2642.451	-3268.275	625.8237	0.340996	0.26731	0.352725	0.0389685	0.3852128	1.733926	2.780616	0.2656966
32442	-2621.486	-3247.259	625.7735	0.231937	0.332652	0.411809	0.0236023	0.4351225	1.741105	2.780616	0.2656966
32448	-2631.732	-3257.176	625.4435	0.231937	0.332652	0.411809	0.0236023	0.4711277	1.664913	2.986474	0.3404339
32454	-2641.319	-3266.789	625.4701	0.33191	0.307949	0.335019	0.025122	0.4226645	1.620947	3.033858	0.3115454
32460	-2642.439	-3268.44	626.0006	0.209306	0.381143	0.380983	0.0285687	0.4483907	1.620947	2.708003	0.2410549
32466	-2656.777	-3282.75	625.9727	0.208747	0.380125	0.379965	0.0311627	0.3871229	1.638962	2.708003	0.3832996
32472	-2658.42	-3284.622	626.2023	0.205225	0.373712	0.40455	0.0165128	0.3555482	1.614812	2.626488	0.3087613
32478	-2680.452	-3306.339	625.8874	0.312449	0.264893	0.286751	0.135906	0.5507373	1.712838	2.626488	0.3687717
32484	-2662.546	-3285.683	623.1361	0.314251	0.152072	0.474368	0.0593089	1.19216	1.658977	3.90235	0.3617529
32490	-2654.962	-3280.417	625.455	0.422344	0.20438	0.170822	0.202454	0.6009867	1.590065	2.962597	0.2262559
32496	-2665.221	-3288.19	622.9692	0.383087	0.185382	0.265262	0.166269	1.304248	1.594221	3.997345	0.2141969
32502	-2664.086	-3286.781	622.6956	0.46171	0.163889	0.234507	0.139894	1.304248	1.476208	4.216453	0.2037405
32508	-2652.047	-3275.183	623.1358	0.415461	0.120246	0.338413	0.125881	1.484125	1.560898	3.834434	0.2569153
32514	-2649.87	-3272.018	622.148	0.352495	0.132779	0.374969	0.139757	0.8393125	1.273116	4.902879	0.2482886
32520	-2632.932	-3257.484	624.5523	0.330101	0.229552	0.321107	0.119241	0.6770846	1.58937	3.451089	0.2306351
32526	-2634.439	-3260.054	625.615	0.259422	0.369986	0.314361	0.0562315	0.5495359	1.621807	2.859012	0.1823014
32532	-2630.8	-3254.406	623.6063	0.416877	0.201651	0.315293	0.0661791	0.5393653	1.763462	2.627842	3.113322
32538	-2637.712	-3260.653	622.9413	0.315484	0.365863	0.243835	0.0748176	0.9075009	1.722484	3.929295	0.7313615
32544	-2635.448	-3259.198	623.7494	0.201243	0.446254	0.297414	0.0550889	0.5594179	1.761531	3.267059	1.403291
32550	-2635.246	-3259.537	624.2912	0.321061	0.106198	0.483234	0.0895077	0.6376084	1.709804	2.326346	2.699207
32556	-2620.116	-3243.814	623.6982	0.552413	0.141652	0.232251	0.0736838	1.240589	1.66677	2.771217	1.736773
32562	-2614.161	-3238.732	624.5712	0.422595	0.182737	0.299613	0.0950551	0.757895	1.711423	2.499744	1.741613
32568	-2642.568	-3267.496	624.9284	0.235019	0.144644	0.569602	0.0507339	0.6206681	1.722709	2.669944	1.17278
32574	-2626.223	-3250.12	623.8977	0.462707	0.12577	0.236077	0.175446	0.8265112	1.502154	3.288308	1.178659
32580	-2649.812	-3275.659	625.8468	0.349761	0.282506	0.278715	0.0890181	0.9437493	1.637181	2.461364	0.3247786
32586	-2649.832	-3275.67	625.8376	0.30044	0.303934	0.299856	0.0957701	0.9905386	1.61286	2.461364	0.2971483
32592	-2636.432	-3262.244	625.8113	0.381549	0.195465	0.380807	0.0421788	0.9636387	1.675648	2.461364	0.241697
32598	-2662.76	-3287.356	624.5957	0.30274	0.337734	0.31144	0.0480856	0.939462	1.635235	3.239216	0.250446
32604	-2621.125	-3245.031	623.9069	0.442069	0.0981512	0.338404	0.121376	1.422125	1.581372	3.395639	0.3159973
32610	-2624.817	-3248.508	623.6906	0.419518	0.188388	0.321141	0.0709527	1.422125	1.614884	3.468252	0.3995896
32616	-2632.018	-3256.045	624.0275	0.403753	0.177728	0.309073	0.109445	1.031758	1.578305	2.855666	1.521498
32622	-2626.939	-3249.779	622.8402	0.449495	0.0181741	0.344089	0.188242	0.961391	1.540673	3.557849	1.653324
32628	-2647.699	-3271.293	623.5937	0.512172	0.0568128	0.167395	0.263621	1.863957	1.727396	2.620508	1.449396
32634	-2647.052	-3269.938	622.8859	0.579153	0.0642427	0.189286	0.167318	1.506376	1.727396	2.785092	2.400063
32640	-2641.258	-3262.766	621.5078	0.477301	0.172098	0.108752	0.241849	1.578909	1.563577	3.030668	4.294495
32646	-2646.661	-3268.706	622.0456	0.476031	0.216172	0.167804	0.139994	1.234344	1.526179	3.336996	2.966325
32652	-2644.063	-3266.38	622.3167	0.407858	0.297423	0.0758383	0.218881	1.291995	1.695422	3.336996	2.211577
32658	-2643.692	-3267.419	623.7271	0.395871	0.318071	0.0736095	0.212449	1.291995	1.597554	3.568068	0.2806015
32664	-2628.644	-3253.019	624.3757	0.4353	0.250151	0.080941	0.233608	1.448915	1.715365	2.87969	0.586496
32670	-2625.309	-3248.859	623.5503	0.506809	0.291245	0.0731491	0.128797	1.123805	1.551355	3.112691	1.505429
32676	-2623.704	-3245.965	622.2613	0.410107	0.235674	0.120419	0.233799	1.385604	1.376136	4.120205	0.9565229
32682	-2628.396	-3251.503	623.1072	0.318911	0.272109	0.139036	0.269945	1.457385	1.698138	3.280278	1.181586
32688	-2647.319	-3269.712	622.393	0.451448	0.115484	0.147225	0.285843	1.384039	1.594187	3.280278	2.265199
32694	-2662.15	-3284.357	622.2069	0.454773	0.131838	0.259816	0.153574	1.231799	1.535845	3.361089	2.630434
32700	-2649.021	-3271.027	622.0053	0.553093	0.102131	0.125819	0.218957	1.469038	1.694808	3.108811	3.042581
32706	-2649.686	-3273.841	624.1553	0.4003	0.236436	0.132565	0.230698	1.546355	1.67549	2.588619	1.228688
32712	-2647.133	-3271.632	624.4992	0.377404	0.117353	0.21975	0.285494	1.672633	1.642367	2.416902	1.080706
32718	-2622.715	-3244.492	621.7764	0.313246	0.138563	0.31123	0.23696	1.329865	1.49697	3.814348	2.050823
32724	-2640.286	-3262.933	622.6473	0.419817	0.0898007	0.336812	0.153571	1.329865	1.4564	3.685541	1.311774
32730	-2624.72	-3247.897	623.1768	0.410764	0.154634	0.413804	0.0207985	0.897276	1.410403	4.160204	0.4198608
32736	-2610.462	-3233.499	623.0368	0.385632	0.154787	0.414213	0.0453679	1.057359	1.44476	4.160204	0.3502175
32742	-2614.572	-3235.699	621.1268	0.38693	0.144643	0.38735	0.0810773	1.467922	1.459595	4.760071	0.8043282
32748	-2648.6	-3271.845	623.2455	0.356035	0.218531	0.351799	0.073636	1.467922	1.469642	3.829787	0.2790726
32754	-2632.103	-3255.644	623.5409	0.402064	0.154382	0.39547	0.048084	0.9313208	1.445158	3.706355	0.770135
32760	-2618.933	-3240.87	621.9372	0.480737	0.0795425	0.301386	0.138335	1.291142	1.591382	3.988544	1.404552
32766	-2622.175	-3243.794	621.6195	0.490532	0.0911615	0.307527	0.110779	1.515209	1.853646	3.284373	2.861987
32772	-2619.659	-3242.993	623.3337	0.454444	0.0844547	0.284902	0.1762	1.191564	1.771368	2.504255	2.779602
32778	-2632.24	-3254.716	622.4756	0.537396	0.099371	0.122588	0.240646	1.191564	1.836789	2.674153	3.682979
32784	-2635.269	-3258.383	623.1148	0.258781	0.27383	0.351508	0.115882	1.029306	1.438715	3.817107	0.9066726
32790	-2625.668	-3250.419	624.751	0.352969	0.239034	0.306841	0.101156	0.8623849	1.473571	3.109704	0.6283407
32796	-2625.504	-3250.142	624.6381	0.373719	0.190342	0.355387	0.0805508	0.6454713	1.473571	3.450481	0.3869418
32802	-2638.511	-3261.78	623.2686	0.284804	0.295347	0.379515	0.0403342	0.6199261	1.608368	3.823632	0.9952583
32808	-2643.184	-3264.171	620.9869	0.259146	0.301563	0.345324	0.0939664	0.6199261	1.437847	4.180524	3.502853
32814	-2643.613	-3265.988	622.3743	0.394268	0.238328	0.288814	0.0785894	0.6158894	1.555458	3.184757	3.918901
32820	-2648.803	-3273.099	624.2956	0.202555	0.295148	0.357669	0.144628	0.501565	1.727109	3.418151	0.6821494
32826	-2655.608	-3279.949	624.3406	0.253267	0.303597	0.272583	0.170553	0.5445411	1.543889	3.464284	0.6970933
32832	-2641.452	-3261.266	619.8146	0.338431	0.324153	0.275656	0.0617604	1.251303	1.504257	3.228443	8.967248
32838	-2642.507	-3266.193	623.6861	0.30762	0.106701	0.416772	0.168907	0.9788967	1.581452	2.955691	1.794853
32844	-2666.811	-3292.805	625.9941	0.170521	0.364624	0.257533	0.207322	0.5366848	1.706682	2.474028	0.5405846
32850	-2629.622	-3253.166	623.5442	0.422105	0.112424	0.352961	0.11251	1.114181	1.792841	2.868232	1.722335
32856	-2634.514	-3258.818	624.3033	0.499914	0.171002	0.239207	0.0898774	0.6306199	1.769715	2.557474	2.068327
32862	-2656.171	-3278.241	622.0697	0.322937	0.317582	0.219764	0.139717	0.6974044	1.498996	3.619421	3.065882
32868	-2658.043	-3280.043	622.0001	0.339332	0.21435	0.269591	0.176727	1.642294	1.677013	4.0017	0.9050682
32874	-2628.928	-3250.227	621.2989	0.309133	0.326529	0.0951226	0.269215	1.646981	1.552325	4.007625	1.803223
32880	-2625.355	-3246.097	620.7417	0.377996	0.165412	0.17716	0.279433	1.346409	1.335048	4.44566	2.149365
32886	-2633.49	-3255.944	622.4537	0.425582	0.152757	0.163606	0.258055	1.299991	1.460281	3.901351	1.143123
32892	-2645.937	-3268.062	622.1242	0.411099	0.112051	0.227577	0.249273	1.297957	1.439218	4.015684	1.306174
32898	-2643.856	-3265.494	621.6385	0.467747	0.138524	0.056506	0.337223	1.749422	1.700348	3.830332	1.486913
32904	-2636.704	-3256.11	619.4061	0.614454	0.0610562	0.0742289	0.250261	1.439265	1.397823	4.873462	2.784027
32910	-2636.819	-3258.333	621.5141	0.483812	0.170036	0.079184	0.266967	1.444064	1.467275	4.114313	1.625156
32916	-2649.592	-3271.283	621.6903	0.527518	0.216661	0.0743686	0.181453	1.759932	1.413092	3.658809	2.150421
32922	-2629.165	-3254.205	625.0395	0.267283	0.274138	0.226975	0.231604	0.6072098	1.798019	2.264024	1.713073
32928	-2652.215	-3278.585	626.3701	0.172339	0.376236	0.311655	0.13977	0.4486624	1.798019	2.264024	0.4916986
32934	-2630.963	-3257.077	626.1141	0.295089	0.368835	0.303783	0.0322934	0.6106095	1.734649	2.397227	0.4356526
32940	-2649.544	-3271.794	622.2507	0.588135	0.188621	0.0213346	0.201909	1.553557	1.382698	3.924136	1.161188
32946	-2624.347	-3245.91	621.5635	0.522618	0.187081	0.0437645	0.246537	1.419684	1.408293	3.959465	2.008273
32952	-2617.696	-3240.223	622.5275	0.450711	0.130168	0.15442	0.264701	1.811038	1.497834	3.730159	0.8935821
32958	-2615.333	-3237.948	622.6155	0.451691	0.130451	0.15258	0.265277	1.429637	1.658635	3.77007	0.8935821
32964	-2622.746	-3245.307	622.5604	0.379889	0.277913	0.0681475	0.27405	1.539243	1.469853	3.23581	2.120994
32970	-2629.079	-3251.656	622.5767	0.439227	0.173607	0.0593542	0.327812	1.323606	1.474196	3.619397	1.506624
32976	-2628.551	-3252.476	623.9249	0.34415	0.303815	0.0725969	0.279438	1.421194	1.575267	2.974141	1.028269
32982	-2631.769	-3255.467	623.6975	0.40765	0.255673	0.158386	0.17829	1.176567	1.549662	3.140249	1.235233
32988	-2660.619	-3284.646	624.0272	0.35743	0.224176	0.187348	0.231047	1.06909	1.487374	3.042604	1.235233
32994	-2660.016	-3281.589	621.5727	0.377823	0.250623	0.127325	0.244229	1.00054	1.670182	3.751594	2.71232
33000	-2676.081	-3299.104	623.0234	0.315244	0.089212	0.387616	0.207928	1.117113	1.660413	2.961941	2.389389
33006	-2659.364	-3283.757	624.3936	0.392598	0.159006	0.291844	0.156553	0.9952349	1.74412	2.417753	1.780304
33012	-2672.288	-3297.546	625.258	0.442353	0.179157	0.202096	0.176393	0.9532551	1.754249	2.037778	1.487263
33018	-2664.652	-3288.591	623.9387	0.408738	0.282892	0.0848111	0.223559	1.234082	1.721825	2.563481	1.796841
33024	-2662.306	-3286.367	624.0613	0.315788	0.263875	0.17141	0.248927	1.207853	1.525263	2.831768	1.393817
33030	-2654.012	-3278.635	624.6223	0.3732	0.240655	0.133886	0.252259	1.276608	1.694455	2.470866	1.167132
33036	-2652.702	-3276.478	623.7757	0.504228	0.138494	0.098397	0.258881	1.336188	1.727837	2.470866	2.07368
33042	-2641.094	-3263.262	622.1682	0.472292	0.130564	0.0757439	0.3214	1.628238	1.572967	3.399855	2.033442
33048	-2645.4	-3265.564	620.1639	0.468182	0.181153	0.0320623	0.318603	2.281303	1.552918	4.084676	2.518608
33054	-2635.157	-3258.907	623.7497	0.561662	0.209287	0.0412947	0.187756	1.420534	1.588229	2.89159	1.344734
33060	-2645.618	-3268.79	623.1724	0.399726	0.394369	0.05647	0.149435	1.329035	1.639259	2.857103	2.171309
33066	-2621.036	-3245.108	624.0714	0.369304	0.396962	0.0568413	0.176893	1.166272	1.665554	2.503743	1.903599
33072	-2646.21	-3271.01	624.8009	0.437254	0.352388	0.0338487	0.176509	1.182589	1.75829	2.334584	1.232144
33078	-2652.473	-3275.722	623.2492	0.319094	0.298457	0.0286683	0.35378	1.500682	1.624001	3.189782	1.232144
33084	-2672.542	-3294.802	622.2605	0.480363	0.0940127	0.158264	0.26736	1.599741	1.5477	3.39046	1.997004
33090	-2654.829	-3276.862	622.0331	0.479417	0.0957981	0.157952	0.266833	1.599741	1.457743	4.010483	1.112008
33096	-2664.001	-3286.906	622.9051	0.446725	0.0685579	0.293758	0.190959	1.091183	1.53397	3.303616	1.966114
33102	-2620.617	-3245.475	624.8579	0.503561	0.160582	0.120603	0.215254	1.151388	1.552741	2.973557	0.1692517
33108	-2644.088	-3268.697	624.6089	0.490474	0.0588825	0.342933	0.10771	1.359361	1.592878	3.010973	0.2124197
33114	-2652.315	-3275.68	623.3644	0.209889	0.319256	0.283105	0.187749	1.249473	1.729236	3.232135	1.16107
33120	-2650.697	-3274.026	623.3286	0.23481	0.357162	0.275458	0.13257	1.104406	1.525887	3.913428	0.3690571
33126	-2639.071	-3261.82	622.7498	0.295501	0.328833	0.25361	0.122055	1.060273	1.45438	4.209722	0.5551302
33132	-2633.419	-3255.97	622.5516	0.296761	0.330236	0.316459	0.0565438	1.422945	1.484383	4.144508	0.5010195
33138	-2630.706	-3252.586	621.8802	0.385418	0.363333	0.0220758	0.229173	1.878898	1.615278	4.079312	0.7667753
33144	-2636.236	-3258.131	621.896	0.386544	0.0937306	0.205465	0.314261	1.76959	1.647542	3.845645	1.212671
33150	-2649.905	-3271.693	621.7881	0.331958	0.163822	0.188277	0.315942	1.410204	1.733505	3.967809	1.333017
33156	-2640.949	-3263.381	622.4323	0.367219	0.235203	0.158648	0.238929	1.557533	1.811446	3.499981	1.289553
33162	-2654.274	-3277.416	623.1424	0.506153	0.0835424	0.30167	0.108634	0.5866196	1.515036	3.533023	1.84958
33168	-2657.501	-3280.917	623.4157	0.426017	0.0703156	0.388709	0.114959	1.178526	1.608533	3.537332	0.7794894
33174	-2666.993	-3287.277	620.2833	0.574598	0.0669278	0.291671	0.066803	1.417104	1.602256	3.544	5.316021
33180	-2642.119	-3264.027	621.9078	0.377533	0.34205	0.0738566	0.20656	1.328698	1.623777	4.046813	1.251123
33186	-2635.946	-3257.949	622.0025	0.343955	0.0567621	0.463699	0.135583	1.201545	1.410757	3.631027	2.471352
33192	-2647.325	-3268.806	621.4813	0.475086	0.0454165	0.371015	0.108483	1.240121	1.615076	3.495909	3.307167
33198	-2634.144	-3253.967	619.8222	0.435352	0.237181	0.0837094	0.243757	1.451496	1.761336	3.991512	4.192701
33204	-2713.081	-3334.499	621.4181	0.481985	0.223084	0.280587	0.0143441	0.4211315	1.603825	3.245054	6.230308
33210	-2680.012	-3303.156	623.1443	0.473864	0.266159	0.142462	0.117515	0.4994693	1.662362	2.811863	3.657529
33216	-2651.615	-3273.796	622.1809	0.354392	0.304174	0.310856	0.0305781	0.4294202	1.530556	4.47827	1.206593
33222	-2635.877	-3259.426	623.5492	0.345726	0.296736	0.303254	0.0542842	0.3826812	1.678347	3.287856	1.906585
33228	-2649.559	-3272.958	623.3993	0.427617	0.0985675	0.446624	0.0271918	0.3734415	1.777114	2.167744	5.307071
33234	-2665.248	-3289.134	623.886	0.453525	0.0875342	0.434793	0.024148	0.3191615	1.777114	2.185829	4.238332
33240	-2665.741	-3289.717	623.9764	0.537195	0.082247	0.357869	0.0226894	0.4422012	1.791591	2.508622	2.927561
33246	-2667.242	-3291.973	624.7317	0.416572	0.103683	0.451141	0.0286031	0.3989056	1.838878	1.936262	3.131621
33252	-2659.094	-3285.535	626.4413	0.34464	0.215963	0.373241	0.0661565	0.3526686	1.730793	2.166976	0.7089443
33258	-2644.275	-3260.945	616.6703	0.347442	0.217718	0.352745	0.0820953	0.3484309	1.509523	4.737929	14.84721
33264	-2659.006	-3282.783	623.7779	0.391274	0.226281	0.29712	0.0853243	0.4295101	1.798961	2.325142	3.810199
33270	-2641.958	-3266.098	624.14	0.444813	0.21617	0.283843	0.0551742	0.4195262	1.865753	1.733132	4.791194
33276	-2661.808	-3288.399	626.5916	0.275194	0.19815	0.33283	0.193826	0.4163933	1.898611	1.733132	0.9744671
33282	-2642.141	-3267.131	624.9899	0.505222	0.14615	0.265574	0.0830543	0.6330219	2.046884	1.809305	2.325593
33288	-2647.75	-3270.718	622.968	0.512063	0.165354	0.206642	0.115941	0.6220154	1.819153	2.392789	4.835425
33294	-2654.532	-3275.884	621.3518	0.479796	0.239081	0.151663	0.129461	0.7334914	1.635361	3.520024	4.426498
33300	-2663.555	-3286.191	622.6361	0.184231	0.446554	0.0836441	0.285571	1.258932	1.61911	3.520024	1.536905
33306	-2680.543	-3302.032	621.4884	0.1068	0.477757	0.109917	0.305525	1.258932	1.61911	4.023952	1.873152
33312	-2655.072	-3276.867	621.7946	0.332678	0.460569	0.0654911	0.141262	1.607981	1.641581	4.088854	1.020613
33318	-2637.556	-3258.757	621.2011	0.47059	0.271128	0.0584597	0.199822	1.413601	1.566552	3.550668	3.445611
33324	-2642.068	-3264.937	622.8689	0.419602	0.203549	0.198677	0.178172	1.377537	1.703816	2.791144	2.616363
33330	-2636.803	-3254.787	617.9845	0.577452	0.134353	0.148059	0.140135	1.431481	1.628096	3.973257	9.905731
33336	-2640.597	-3258.256	617.6595	0.42672	0.0626592	0.27172	0.2389	1.623547	1.668563	3.973257	10.36026
33342	-2634.103	-3254.105	620.0012	0.588658	0.097487	0.0792433	0.234611	1.623547	1.819131	2.801694	8.568395
33348	-2650.816	-3273.343	622.5275	0.419273	0.150475	0.226624	0.203628	1.273357	1.630907	3.84878	1.011921
33354	-2637.78	-3257.101	619.3209	0.327363	0.117489	0.396158	0.15899	1.195849	1.381976	4.78496	3.61837
33360	-2645.413	-3264.578	619.1653	0.448548	0.160982	0.172527	0.217943	1.566344	1.381976	4.420357	4.577632
33366	-2636.013	-3255.352	619.3386	0.37243	0.214249	0.176587	0.236734	1.644456	1.520206	4.961147	2.203817
33372	-2632.558	-3251.204	618.6458	0.421718	0.0994939	0.203729	0.275059	1.293865	1.459085	4.183758	7.422074
33378	-2633.286	-3253.917	620.6311	0.35057	0.149762	0.169358	0.330311	1.599809	1.459085	4.183758	2.479152
33384	-2616.928	-3237.813	620.8846	0.433232	0.159212	0.118054	0.289502	1.537911	1.694098	4.183758	1.873249
33390	-2644.146	-3264.8	620.6541	0.528404	0.150997	0.204952	0.115647	1.164533	1.655461	3.773128	4.023537
33396	-2659.925	-3281.691	621.7663	0.469942	0.193467	0.23374	0.102851	1.164533	1.758899	3.773128	2.015294
33402	-2628.018	-3249.528	621.51	0.314983	0.287253	0.311632	0.0861319	0.614406	1.655772	4.514458	1.536851
33408	-2609.781	-3231.071	621.2894	0.239487	0.314569	0.380458	0.0654874	0.4989821	1.688684	4.588948	1.747103
33414	-2628.075	-3254.783	626.7073	0.204866	0.489662	0.238139	0.0673337	0.5201985	1.851673	1.969744	0.4800254
33420	-2635.965	-3261.98	626.0152	0.210881	0.485958	0.236337	0.0668244	0.4313398	1.852593	2.03342	1.145693
33426	-2644.565	-3271.206	626.6413	0.00934799	0.610066	0.296695	0.0838906	0.4313398	1.830249	2.138089	0.3903402
33432	-2650.651	-3276.994	626.3431	0.13954	0.389882	0.368742	0.101836	0.5157751	1.865606	2.270452	0.3601145
33438	-2650.091	-3274.596	624.5058	0.18603	0.410618	0.388354	0.0149976	0.5293504	1.763077	3.461973	0.3006997
33444	-2649.583	-3270.058	620.4753	0.328188	0.227298	0.427986	0.0165281	0.5337982	1.402938	5.92969	0.259659
33450	-2664.324	-3283.446	619.1223	0.419741	0.189099	0.37741	0.0137504	0.7122358	1.402938	6.192659	0.9934016
33456	-2656.622	-3277.597	620.9747	0.377361	0.170006	0.434483	0.0181491	0.5895763	1.410156	5.608518	0.3229127
33462	-2647.3	-3268.413	621.1135	0.427032	0.228618	0.268398	0.0759521	0.5232845	1.318059	5.462671	0.6340798
33468	-2655.813	-3278.781	622.9677	0.367578	0.253136	0.295189	0.0840974	0.5337842	1.44719	4.517332	0.2034159
33474	-2665.705	-3289.036	623.3312	0.295537	0.398095	0.238657	0.0677115	0.6618041	1.533353	4.196826	0.2572899
33480	-2639.305	-3261.459	622.1544	0.213427	0.357194	0.368624	0.0607548	0.6378285	1.447911	4.920131	0.2572899
33486	-2630.131	-3252.888	622.7573	0.363289	0.28914	0.298391	0.0491795	0.5545688	1.528207	4.587128	0.2572899
33492	-2634.015	-3257.582	623.5671	0.405468	0.290763	0.29901	0.00475948	0.5545688	1.683306	4.037799	0.2202809
33498	-2648.847	-3274.521	625.6735	0.46675	0.183569	0.344202	0.00547882	0.4584427	1.497536	2.971448	0.2174686
33504	-2658.439	-3281.303	622.8638	0.344139	0.217224	0.40511	0.0335259	0.4867157	1.528624	4.39282	0.6317088
33510	-2663.567	-3284.348	620.7806	0.215147	0.362631	0.328581	0.0936408	0.8519215	1.423151	5.218662	0.9454623
33516	-2646.88	-3267.98	621.1004	0.247765	0.354828	0.301046	0.0963607	0.4626864	1.431967	5.355354	0.7796225
33522	-2645.715	-3266.562	620.8471	0.219735	0.480961	0.213047	0.086257	0.7784632	1.498232	4.955882	1.373758
33528	-2637.353	-3259.21	621.8562	0.337227	0.228128	0.302266	0.132379	0.7784632	1.493044	4.510258	1.15045
33534	-2640.056	-3262.486	622.4297	0.333317	0.225483	0.310355	0.130844	0.7063194	1.50952	4.510258	0.6471748
33540	-2631.598	-3257.13	625.5326	0.339276	0.289847	0.315904	0.0549725	0.7781779	1.567692	2.72227	0.4865199
33546	-2645.329	-3269.702	624.3729	0.299716	0.25605	0.279068	0.165166	0.7781779	1.750611	3.177302	0.6994334
33552	-2643.259	-3268.264	625.005	0.222416	0.315826	0.344218	0.11754	0.8366073	1.589255	2.959249	0.5406399
33558	-2659.147	-3284.516	625.3682	0.316264	0.320293	0.270929	0.0925142	0.9969458	1.574054	2.750732	0.3566644
33564	-2650.697	-3272.162	621.4652	0.332163	0.262958	0.158693	0.246186	1.217116	1.640977	4.027245	1.917886
33570	-2628.922	-3251.916	622.9936	0.40298	0.10582	0.192527	0.298673	1.217116	1.640977	3.746944	0.7714992
33576	-2642.7	-3265.338	622.6377	0.543427	0.0525729	0.259626	0.144374	1.751116	1.471928	3.408831	1.434586
33582	-2638.896	-3259.833	620.9373	0.515219	0.0498441	0.298057	0.13688	1.550963	1.509102	4.23187	1.920418
33588	-2637.432	-3258.673	621.2412	0.4969	0.0596033	0.232683	0.210813	1.746845	1.775801	3.414831	2.930393
33594	-2654.894	-3279.467	624.5736	0.466998	0.0560165	0.218681	0.258305	1.429671	1.801883	2.027471	1.728317
33600	-2658.989	-3280.416	621.4263	0.359459	0.300726	0.0998752	0.239941	1.542093	1.38332	4.569028	0.8561903
33606	-2638.224	-3261.493	623.2698	0.392377	0.233138	0.173247	0.201238	1.273545	1.618974	3.783674	0.4078653
33612	-2663.034	-3287.06	624.0264	0.451419	0.150209	0.243824	0.154548	0.9479669	1.418386	3.673782	0.3421208
33618	-2643.697	-3268.226	624.5298	0.455646	0.15181	0.236548	0.155996	1.075012	1.563129	3.220593	0.3421208
33624	-2643.481	-3266.724	623.2426	0.369107	0.155345	0.343304	0.132245	1.10972	1.69846	3.87333	0.3376349
33630	-2651.966	-3277.581	625.6146	0.365517	0.233455	0.316789	0.0842389	0.8667479	1.659068	2.636497	0.3376349
33636	-2651.315	-3276.998	625.683	0.364449	0.244857	0.315862	0.0748318	0.6034334	1.711775	2.643889	0.5043913
33642	-2645.282	-3269.082	623.8004	0.350598	0.174396	0.421708	0.0532979	0.6034334	1.643132	3.77054	0.5563618
33648	-2614.254	-3239.648	625.3935	0.251346	0.260359	0.384317	0.103977	0.8523391	1.551716	2.817016	0.4023672
33654	-2634.018	-3257.917	623.8992	0.548195	0.139071	0.281614	0.0311203	1.188498	1.421563	3.617209	0.3182274
33660	-2632.598	-3257.877	625.2792	0.342073	0.365646	0.260912	0.0313687	0.9357275	1.606955	2.782145	0.4370719
33666	-2634.182	-3257.908	623.7256	0.405831	0.0914399	0.465514	0.0372154	0.7965727	1.62642	3.773554	0.4370719
33672	-2630.953	-3255.069	624.1168	0.409448	0.234617	0.318387	0.0375472	0.7632414	1.379256	3.773554	0.2351565
33678	-2639.054	-3262.501	623.4471	0.329508	0.326239	0.256225	0.0880278	1.186591	1.557842	3.810588	0.2753952
33684	-2624.135	-3247.728	623.593	0.441993	0.0954358	0.343694	0.118878	1.033172	1.488217	3.853814	0.2449839
33690	-2641.954	-3267.133	625.1792	0.392794	0.10629	0.30906	0.191856	1.190775	1.495831	2.825334	0.2449839
33696	-2652.646	-3277.187	624.5403	0.407513	0.110273	0.31443	0.167785	0.9311806	1.609813	3.291768	0.2449839
33702	-2643.278	-3267.791	624.5132	0.334478	0.193207	0.307974	0.16434	1.014959	1.666181	3.224629	0.2449839
33708	-2653.496	-3276.661	623.1644	0.33622	0.359417	0.0816942	0.222668	1.615494	1.532003	3.710618	0.4293563
33714	-2646.894	-3268.103	621.2091	0.458961	0.135794	0.225272	0.179973	1.654908	1.55066	4.323463	1.253717
33720	-2666.885	-3289.59	622.7046	0.22719	0.426838	0.111512	0.234461	1.510889	1.55066	3.743499	0.8879634
33726	-2637.892	-3260.883	622.9913	0.310326	0.288458	0.152317	0.248898	1.060393	1.52599	3.743499	1.039006
33732	-2650.013	-3272.206	622.1934	0.40779	0.117285	0.232927	0.241998	0.9788809	1.551485	3.743499	2.033525
33738	-2637.558	-3259.601	622.0431	0.493084	0.100393	0.199379	0.207144	0.9665396	1.559994	3.308737	3.447395
33744	-2649.355	-3270.171	620.8159	0.482089	0.0981542	0.136016	0.28374	1.04847	1.48639	3.970247	3.591479
33750	-2653.338	-3273.563	620.2249	0.364288	0.12048	0.166953	0.348278	1.515669	1.35324	4.137856	3.591479
33756	-2641.085	-3262.604	621.5189	0.276218	0.279541	0.180162	0.264079	1.485498	1.482502	4.174538	1.435645
33762	-2639.626	-3261.882	622.2557	0.378481	0.172295	0.173876	0.275348	2.018157	1.465389	3.276878	1.930032
33768	-2635.315	-3257.272	621.9564	0.378481	0.172295	0.173876	0.275348	1.744231	1.546539	4.01795	0.9666082
33774	-2621.965	-3244.409	622.4437	0.509579	0.0752887	0.220549	0.194583	1.609365	1.315995	4.166937	0.5760671
33780	-2622.122	-3244.09	621.9679	0.389031	0.0438461	0.301298	0.265825	1.680752	1.59208	3.803076	1.353241
33786	-2623.132	-3246.792	623.6599	0.34178	0.148388	0.305288	0.204544	1.302406	1.770996	3.34966	0.5888586
33792	-2622.836	-3248.749	625.9136	0.438815	0.216517	0.196125	0.148544	0.9162098	1.752858	2.375939	0.282232
33798	-2642.886	-3266.771	623.8858	0.389295	0.192083	0.286841	0.131781	1.272524	1.675107	3.188389	0.7503875
33804	-2623.901	-3247.829	623.9277	0.399715	0.108518	0.356458	0.135308	1.134639	1.545767	2.986582	1.312014
33810	-2621.019	-3242.896	621.8771	0.420371	0.00698979	0.374879	0.19776	1.374949	1.526695	3.752609	1.965514
33816	-2644.028	-3266.008	621.9799	0.40585	0.00674833	0.396474	0.190928	1.858189	1.520224	3.511549	1.85616
33822	-2654.037	-3276.258	622.2209	0.509204	0.00846687	0.320427	0.161902	1.139849	1.544107	3.022198	3.726549
33828	-2657.973	-3280.597	622.6237	0.557856	0.0262928	0.2755	0.140351	1.295512	1.606085	2.965555	2.819658
33834	-2643.455	-3266.481	623.0264	0.497877	0.0456664	0.321403	0.135053	1.295512	1.70809	2.658561	2.819658
33840	-2633.635	-3257.54	623.9043	0.594078	0.0721249	0.161212	0.172585	1.295512	1.766212	2.258612	2.361399
33846	-2653.606	-3278.417	624.8108	0.455381	0.0993041	0.321554	0.123761	1.304059	1.661027	2.729998	0.5815118
33852	-2650.126	-3274.346	624.22	0.431992	0.159201	0.236519	0.172288	1.713531	1.775053	2.500021	1.061033
33858	-2644.021	-3267.653	623.6316	0.410262	0.116986	0.346151	0.126602	1.259744	1.646474	2.700043	1.974281
33864	-2640.808	-3264.613	623.8043	0.505571	0.144163	0.194254	0.156013	1.30319	1.646474	2.747668	1.608751
33870	-2639.741	-3262.809	623.0675	0.406819	0.248467	0.243415	0.101299	1.323334	1.646474	3.068092	1.841046
33876	-2651.002	-3273.957	622.9555	0.238234	0.378717	0.142544	0.240506	1.411238	1.723509	3.296276	1.332267
33882	-2653.43	-3277.543	624.1125	0.45341	0.162407	0.142966	0.241217	1.36897	1.684077	2.982243	0.7713425
33888	-2636.645	-3258.504	621.8591	0.320322	0.0994082	0.432622	0.147647	1.163487	1.577852	3.268665	3.522078
33894	-2647.35	-3270.956	623.606	0.31879	0.14037	0.430553	0.110287	0.9476721	1.563219	3.127505	1.601943
33900	-2635.891	-3260.45	624.5588	0.466956	0.0473052	0.324192	0.161547	0.793256	1.568429	2.869983	1.187145
33906	-2616.21	-3239.638	623.4276	0.483537	0.0134771	0.335703	0.167283	1.191414	1.690234	2.715503	2.246651
33912	-2616.32	-3240.255	623.9347	0.577714	0.0162153	0.223391	0.18268	1.053063	1.659633	2.625078	1.978331
33918	-2631.239	-3253.8	622.5615	0.357082	0.0455006	0.33933	0.258088	1.794767	1.602205	2.878935	2.484333
33924	-2650.985	-3273.35	622.3641	0.385281	0.0935377	0.296028	0.225153	1.276012	1.622751	3.249665	2.484333
33930	-2641.969	-3264.025	622.056	0.332532	0.278204	0.221411	0.167853	1.837541	1.765611	3.397129	1.718212
33936	-2651.435	-3273.713	622.2773	0.303624	0.254018	0.202163	0.240194	1.255034	1.541376	4.227832	0.7141246
33942	-2638.788	-3260.171	621.3835	0.280972	0.235068	0.255425	0.228535	1.476612	1.547603	4.352946	1.176397
33948	-2644.997	-3265.209	620.2111	0.252887	0.264141	0.226172	0.2568	1.551818	1.471436	4.630074	1.994932
33954	-2661.274	-3282.953	621.6798	0.425375	0.147818	0.19987	0.226937	0.9342439	1.4926	3.189737	4.794026
33960	-2652.904	-3276.024	623.1205	0.453489	0.120677	0.174985	0.25085	1.343951	1.655233	2.972243	1.943944
33966	-2644.628	-3266.37	621.742	0.493189	0.0841925	0.230912	0.191706	1.343951	1.592456	3.818059	1.943944
33972	-2628.238	-3247.886	619.6479	0.566765	0.0719699	0.19739	0.163875	1.524337	1.702394	4.240608	3.665463
33978	-2627.953	-3250.284	622.331	0.347706	0.293683	0.202655	0.155957	1.524337	1.811824	3.801288	0.8886123
33984	-2632.787	-3254.555	621.7674	0.353894	0.29891	0.0418066	0.305389	1.830954	1.7779	3.801288	1.241196
33990	-2629.396	-3250.943	621.5475	0.285643	0.295239	0.0178253	0.401292	2.152789	1.700171	3.801288	1.301041
33996	-2652.239	-3272.41	620.1705	0.418484	0.247716	0.00642764	0.327372	1.974295	1.639383	4.128248	2.60042
34002	-2647.989	-3270.525	622.5366	0.264897	0.38267	0.043109	0.309324	1.374206	1.577874	3.075439	2.60042
34008	-2677.635	-3297.877	620.2418	0.548363	0.0897736	0.0836509	0.278213	2.316132	1.216246	4.153395	2.693581
34014	-2664.453	-3285.675	621.2221	0.400241	0.183838	0.164966	0.250954	1.613065	1.662332	3.52042	3.032511
34020	-2642.873	-3264.971	622.0981	0.506323	0.0863994	0.173612	0.233666	1.200041	1.472878	3.359201	2.958359
34026	-2646.318	-3268.46	622.1425	0.482515	0.0959641	0.242985	0.178536	1.389186	1.366393	3.857147	1.59023
34032	-2624.46	-3246.961	622.5004	0.324566	0.153207	0.268201	0.254026	1.38995	1.469055	3.857147	1.081505
34038	-2630.138	-3249.421	619.2826	0.45326	0.082994	0.108997	0.354749	1.315368	1.576468	3.781329	7.212123
34044	-2609.733	-3230.398	620.6648	0.358166	0.190234	0.171277	0.280323	1.701767	1.558311	4.546128	1.366741
34050	-2622.966	-3243.869	620.9032	0.513523	0.179566	0.142045	0.164866	1.377111	1.245675	4.742939	1.366741
34056	-2611.426	-3231.036	619.6092	0.443464	0.0765606	0.15472	0.325256	2.075625	1.229615	5.156587	1.366741
34062	-2619.884	-3237.806	617.9218	0.332684	0.307135	0.114345	0.245837	2.032242	1.602834	5.273968	2.910614
34068	-2600.512	-3222.941	622.4293	0.305779	0.334459	0.144891	0.214871	1.17378	1.675295	3.883369	1.100211
34074	-2619.581	-3242.451	622.8699	0.33636	0.367909	0.0593713	0.23636	1.161074	1.721834	3.696687	0.9482025
34080	-2606.326	-3228.712	622.3855	0.283767	0.295158	0.139219	0.281856	1.533976	1.522956	3.696687	1.307716
34086	-2610.79	-3234.813	624.0226	0.431159	0.236094	0.0636276	0.26912	1.421155	1.640882	2.945483	0.913492
34092	-2626.683	-3249.723	623.0406	0.209184	0.463905	0.0402787	0.286633	1.421155	1.66966	2.854196	2.204406
34098	-2627.938	-3251.046	623.1077	0.295331	0.344024	0.0568664	0.303778	1.421155	1.62417	2.815456	2.263975
34104	-2622.255	-3245.245	622.9902	0.361378	0.197324	0.0695838	0.371715	1.630047	1.617114	2.782407	2.263975
34110	-2637.347	-3259.672	622.3252	0.301803	0.0559646	0.331797	0.310436	1.575007	1.604686	4.026797	0.675407
34116	-2643.694	-3265.736	622.042	0.339529	0.0584468	0.266068	0.335956	3.105916	1.862576	2.564018	2.312981
34122	-2639.586	-3263.868	624.2812	0.554431	0.0156878	0.109424	0.320458	2.501128	1.848969	1.828213	1.401158
34128	-2630.477	-3254.57	624.0933	0.454034	0.231535	0.0520024	0.262429	1.703205	1.895325	1.907742	2.166325
34134	-2632.343	-3257.861	625.5176	0.238807	0.254393	0.201016	0.305784	1.792812	1.895325	1.907742	0.512219
34140	-2651.523	-3275.493	623.9694	0.43358	0.297907	0.099947	0.168566	1.467674	1.710835	3.074649	0.6529778
34146	-2646.6	-3270.932	624.3318	0.359311	0.33195	0.100887	0.207851	1.908534	1.710086	2.580976	0.7379983
34152	-2662.779	-3288.402	625.6232	0.333378	0.22766	0.262819	0.176143	0.9434521	1.684227	2.584898	0.2732005
34158	-2649.537	-3274.194	624.6573	0.370271	0.133815	0.31427	0.181643	1.324065	1.579434	2.584898	1.016858
34164	-2638.174	-3263.461	625.2874	0.38901	0.140587	0.330174	0.140228	1.039559	1.735454	2.259549	1.016858
34170	-2624.825	-3249.456	624.6312	0.450084	0.0747663	0.304599	0.17055	1.039559	1.730387	2.259549	1.756229
34176	-2620.039	-3243.556	623.5174	0.6194	0.0277184	0.177747	0.175135	1.405293	1.58186	2.499894	2.496257
34182	-2616.312	-3239.703	623.3906	0.405061	0.0181266	0.252618	0.324195	1.405293	1.753139	2.424226	2.611949
34188	-2628.582	-3249.905	621.323	0.598386	0.0771034	0.0752908	0.24922	1.528482	1.724823	3.354332	3.365731
34194	-2621.782	-3243.056	621.2745	0.365891	0.156275	0.1215	0.356334	1.8639	1.480973	3.790242	2.203675
34200	-2625.634	-3245.904	620.2703	0.253817	0.174883	0.334232	0.237068	1.767539	1.480973	4.098636	3.037014
34206	-2651.352	-3270.478	619.1266	0.522891	0.0803707	0.142452	0.254286	1.770429	1.480959	4.670653	3.256943
34212	-2635.74	-3255.47	619.7294	0.460923	0.0814321	0.118287	0.339357	1.527059	1.540757	4.444397	3.155198
34218	-2635.217	-3255.443	620.2256	0.480765	0.114549	0.104599	0.300087	1.753863	1.565189	4.020768	3.221894
34224	-2627.363	-3247.758	620.3945	0.446768	0.222209	0.0521551	0.278867	1.352424	1.319235	4.258671	3.221894
34230	-2621.572	-3240.067	618.4957	0.497436	0.257056	0.018498	0.22701	2.227293	1.441556	5.187386	2.299718
34236	-2648.298	-3268.618	620.3197	0.514566	0.11112	0.074515	0.299798	2.227293	1.587161	4.08289	2.299718
34242	-2642.611	-3264.635	622.0243	0.546839	0.118089	0.141624	0.193448	1.442314	1.631105	4.08289	0.9540235
34248	-2634.274	-3255.192	620.918	0.49282	0.106424	0.127634	0.273122	2.548533	1.578766	4.085204	1.281723
34254	-2667.1	-3290.884	623.7844	0.492167	0.106242	0.209636	0.191954	1.36829	1.656594	3.002465	1.088329
34260	-2641.683	-3265.493	623.8102	0.448127	0.062904	0.279984	0.208986	0.9332846	1.759345	2.122583	3.439531
34266	-2657.664	-3282.167	624.5025	0.440484	0.0888308	0.265264	0.205421	1.018198	1.720674	2.146111	2.199066
34272	-2650.836	-3272.988	622.1523	0.386872	0.227484	0.223856	0.161788	1.00867	1.823304	3.114428	3.292045
34278	-2636.58	-3259.04	622.46	0.4584	0.223413	0.132159	0.186028	1.436811	1.818816	3.790401	0.848748
34284	-2654.782	-3276.44	621.6576	0.4584	0.223413	0.132159	0.186028	1.54796	1.752195	3.790401	1.682885
34290	-2652.87	-3273.955	621.0857	0.296326	0.233493	0.101602	0.368578	1.54796	1.57898	4.386177	1.334009
34296	-2652.137	-3273.559	621.4223	0.241618	0.448014	0.0828446	0.227523	1.54796	1.588747	4.386177	0.9720292
34302	-2629.407	-3250.804	621.3971	0.340431	0.284729	0.0542685	0.320571	1.54796	1.487398	4.436738	1.008764
34308	-2649.784	-3273.611	623.8266	0.377564	0.281041	0.0469875	0.294408	1.624212	1.724441	2.850138	1.008764
34314	-2626.728	-3248.453	621.7256	0.429536	0.182076	0.0534553	0.334933	1.86815	1.760284	3.947452	1.008764
34320	-2635.065	-3254.068	619.003	0.336821	0.142775	0.257766	0.262638	1.86815	1.600669	3.947452	5.835059
34326	-2649.076	-3269.34	620.2649	0.397291	0.201751	0.0911683	0.30979	1.86815	1.600669	4.81007	1.102969
34332	-2646.339	-3266.295	619.9565	0.530404	0.149134	0.110086	0.210377	1.86815	1.600669	4.808195	1.44051
34338	-2620.828	-3240.258	619.4298	0.473275	0.140372	0.132721	0.253632	1.585869	1.34969	5.352264	1.469101
34344	-2643.005	-3262.36	619.354	0.515466	0.126939	0.144552	0.213043	1.585869	1.465954	5.352264	1.422892
34350	-2636.576	-3257.149	620.5729	0.363837	0.0380465	0.204269	0.393848	1.807793	1.391383	4.772042	1.120228
34356	-2635.16	-3254.458	619.2989	0.341139	0.33786	0.172167	0.148833	1.78078	1.34033	5.886569	0.4637901
34362	-2626.741	-3247.619	620.8779	0.513428	0.249511	0.127147	0.109914	1.613784	1.292565	4.762092	1.088491
34368	-2630.042	-3251.677	621.6358	0.516238	0.121487	0.254035	0.108241	1.790715	1.582409	3.254935	2.98927
34374	-2633.987	-3256.751	622.7643	0.484886	0.12844	0.268573	0.118101	1.101358	1.582542	3.354328	1.960947
34380	-2636.224	-3257.876	621.6525	0.34334	0.380454	0.161144	0.115062	0.8021555	1.556353	4.185373	1.960947
34386	-2638.017	-3261.074	623.0568	0.348844	0.265656	0.140944	0.244555	1.182914	1.420187	3.630875	1.159053
34392	-2633.541	-3255.48	621.9396	0.32975	0.287647	0.0605042	0.322099	1.79281	1.50144	4.170659	0.7301806
34398	-2634.565	-3256.663	622.0982	0.390981	0.149197	0.077913	0.381909	1.423791	1.329667	4.170659	1.043507
34404	-2633.635	-3256.656	623.0215	0.370326	0.298884	0.0183751	0.312415	1.423791	1.653842	3.369767	1.18936
34410	-2625.685	-3247.072	621.3872	0.45174	0.302959	0.0737774	0.171524	1.423791	1.490578	3.902328	2.270366
34416	-2655.18	-3278.267	623.0868	0.535987	0.178088	0.0824131	0.203512	1.955725	1.711493	3.001972	1.25544
34422	-2634.076	-3256.965	622.8887	0.342819	0.196736	0.299312	0.161133	0.9218259	1.50615	3.942935	0.9534672
34428	-2631.382	-3254.487	623.1044	0.408747	0.152646	0.281485	0.157122	0.914177	1.370118	3.942935	0.883081
34434	-2638.035	-3260.128	622.0935	0.459187	0.12063	0.269661	0.150522	1.1737	1.590181	3.145344	3.433764
34440	-2642.101	-3262.756	620.6549	0.4919	0.129224	0.217631	0.161246	1.455211	1.727907	3.682174	3.67098
34446	-2638.146	-3261.263	623.1169	0.450129	0.12815	0.242241	0.17948	1.151717	1.709252	2.47046	3.409866
34452	-2645.58	-3267.747	622.1673	0.393855	0.112129	0.336974	0.157042	1.146082	1.759144	3.042392	3.355032
34458	-2657.143	-3279.624	622.4812	0.490905	0.081093	0.175941	0.252061	1.092971	1.914308	2.098296	5.705748
34464	-2628.804	-3253.337	624.5332	0.421621	0.189633	0.21013	0.178617	1.215168	1.914308	2.098296	1.74775
34470	-2626.036	-3250.608	624.5726	0.287632	0.119736	0.246637	0.345995	1.169176	1.855925	2.139186	1.74775
34476	-2666.57	-3290.976	624.4063	0.466687	0.0762831	0.190203	0.266827	1.174572	1.982348	2.068703	1.929113
34482	-2659.981	-3282.866	622.8853	0.532393	0.213658	0.0394412	0.214508	1.648327	1.764221	3.076288	1.5576
34488	-2651.326	-3273.665	622.3391	0.3719	0.108862	0.369395	0.149843	1.648327	1.81163	3.076288	2.19918
34494	-2658.547	-3281.028	622.4807	0.373239	0.337086	0.157675	0.132	1.197798	1.608921	3.695454	1.444999
34500	-2647.176	-3268.086	620.9108	0.315059	0.258634	0.120978	0.30533	1.563021	1.667682	4.38797	1.412387
34506	-2648.589	-3267.669	619.0801	0.364441	0.147784	0.09635	0.391425	1.871809	1.787328	4.250006	4.02126
34512	-2636.566	-3258.558	621.9922	0.493482	0.205746	0.0347903	0.265981	1.51151	1.816477	3.988039	0.9077017
34518	-2638.278	-3258.884	620.6055	0.563521	0.079573	0.0531749	0.303731	1.651459	1.589327	4.210136	2.198297
34524	-2629.795	-3250.045	620.2498	0.446892	0.0853519	0.226886	0.24087	1.420438	1.602416	4.31359	2.730084
34530	-2634.037	-3252.773	618.7364	0.551178	0.0753259	0.160921	0.212575	1.741314	1.592511	5.1895	2.259055
34536	-2642.052	-3263.415	621.3629	0.487625	0.0726373	0.156723	0.283015	1.193213	1.499929	3.863993	2.708149
34542	-2651.242	-3274.037	622.7951	0.525923	0.0543252	0.2807	0.139051	0.8617569	1.538384	3.126823	2.901883
34548	-2655.4	-3277.903	622.5031	0.268744	0.30996	0.26488	0.156416	1.593455	1.602987	3.921679	0.6679947
34554	-2644.283	-3267.794	623.5113	0.452691	0.0937777	0.0750291	0.378503	1.109703	1.61636	3.12577	1.465835
34560	-2643.455	-3266.554	623.099	0.425844	0.296418	0.0417615	0.235977	1.393154	1.517952	3.781322	0.579232
34566	-2635.302	-3259.258	623.956	0.357371	0.248756	0.330069	0.0638037	1.291439	1.444622	3.500802	0.3568124
34572	-2650.14	-3273.834	623.6938	0.335138	0.170782	0.409105	0.084975	1.383237	1.585104	3.523356	0.3568124
34578	-2646.706	-3269.446	622.74	0.261694	0.194075	0.468296	0.0759351	0.6839246	1.629745	4.259063	0.6832973
34584	-2625.906	-3249.041	623.1344	0.321325	0.266078	0.340813	0.0717841	0.5639849	1.400231	4.259063	0.6468795
34590	-2640.118	-3262.878	622.7599	0.397144	0.133462	0.42123	0.0481643	0.5639849	1.284726	4.535475	0.6468795
34596	-2635.731	-3260.491	624.76	0.465313	0.172225	0.194799	0.167663	0.8118862	1.455646	3.324033	0.2290427
34602	-2640.801	-3264.94	624.1386	0.407988	0.181561	0.325377	0.0850732	1.181642	1.706109	3.324033	0.2810225
34608	-2637.462	-3261.305	623.8433	0.343428	0.182967	0.381901	0.0917032	1.181642	1.488382	3.623689	0.2810225
34614	-2620.247	-3242.735	622.488	0.320757	0.248575	0.35669	0.0739781	1.268308	1.444202	4.379694	0.2584121
34620	-2627.596	-3250.677	623.081	0.481033	0.201406	0.147823	0.169738	1.400071	1.426175	3.97627	0.3105066
34626	-2619.243	-3242.981	623.738	0.382268	0.183175	0.371672	0.0628854	0.7701196	1.341308	3.999264	0.3139397
34632	-2612.921	-3234.325	621.4046	0.347251	0.191111	0.387719	0.0739183	1.6728	1.308903	4.855733	0.3139397
34638	-2616.141	-3241.446	625.3056	0.367908	0.142994	0.410783	0.0783153	0.5767989	1.470267	3.121683	0.3397078
34644	-2631.764	-3256.062	624.2981	0.509286	0.104864	0.328418	0.057432	1.228251	1.635674	3.217621	0.3670551
34650	-2636.211	-3260.606	624.3945	0.290424	0.262322	0.405912	0.0413414	0.9136336	1.576034	3.217621	0.6468791
34656	-2627.753	-3252.739	624.9865	0.422496	0.261359	0.256004	0.0601416	0.8563779	1.576681	3.091607	0.2349191
34662	-2621.056	-3245.454	624.3987	0.438018	0.147353	0.333718	0.0809113	1.026436	1.620821	3.310988	0.2730075
34668	-2637.907	-3263.774	625.8665	0.484979	0.124048	0.369497	0.0214764	1.377266	1.869074	2.019496	0.3565373
34674	-2640.072	-3266.369	626.2973	0.344562	0.124602	0.501794	0.0290421	0.7597823	1.869074	2.133939	0.3565373
34680	-2615.298	-3241.265	625.9672	0.467154	0.142656	0.357229	0.0329606	0.9635668	1.869074	2.236389	0.2843944
34686	-2620.821	-3246.235	625.4135	0.387832	0.195533	0.371458	0.0451777	1.130684	1.803259	2.524239	0.2843944
34692	-2623.872	-3250.194	626.3227	0.401191	0.202268	0.376631	0.0199103	0.6567141	1.86374	2.218305	0.2759647
34698	-2617.836	-3244.588	626.7524	0.348557	0.244646	0.389614	0.0171829	0.4467452	1.955473	2.017163	0.2759647
34704	-2627.347	-3253.552	626.2047	0.40376	0.221911	0.353407	0.020922	0.9395101	1.989537	1.998885	0.3426188
34710	-2627.717	-3253.935	626.2174	0.431068	0.236919	0.309676	0.022337	0.9395101	1.951983	2.015436	0.3426188
34716	-2633.64	-3259.56	625.9198	0.450709	0.160527	0.323786	0.0649776	0.8580406	1.827232	2.34392	0.3426188
34722	-2630.813	-3256.788	625.9759	0.440151	0.135296	0.372887	0.0516659	0.7286527	1.685203	2.504543	0.266454
34728	-2651.302	-3277.115	625.8125	0.281594	0.254623	0.329564	0.134219	0.8041805	1.724792	2.504543	0.3584257
34734	-2644.118	-3269.878	625.7596	0.266037	0.271632	0.319147	0.143184	1.298746	1.857802	2.14315	0.3584257
34740	-2640.607	-3266.671	626.0641	0.436402	0.234282	0.196974	0.132342	1.050795	1.8248	2.148883	0.2392766
34746	-2638.555	-3263.709	625.1543	0.463264	0.133911	0.209098	0.193726	1.547872	1.860432	2.41694	0.2392766
34752	-2653.946	-3278.535	624.589	0.491537	0.1267	0.198166	0.183597	1.288748	1.655638	3.029459	0.2392766
34758	-2637.365	-3261.77	624.4049	0.498151	0.15496	0.206729	0.14016	1.152911	1.486912	3.314461	0.2392766
34764	-2646.773	-3270.578	623.8046	0.527801	0.124274	0.166688	0.181237	1.531998	1.734533	3.314461	0.2117794
34770	-2645.828	-3271.409	625.5808	0.448076	0.171922	0.277614	0.102388	1.052921	1.58603	2.602833	0.2246498
34776	-2645.833	-3271.044	625.2114	0.378514	0.169136	0.324334	0.128016	1.264075	1.682769	2.646662	0.2246498
34782	-2652.745	-3278.688	625.9432	0.388547	0.173619	0.332931	0.104902	0.5410284	1.682769	2.646662	0.2246498
34788	-2643.108	-3268.762	625.6539	0.398949	0.178267	0.315073	0.107711	0.7488874	1.753382	2.646662	0.2246498
34794	-2625.627	-3250.9	625.273	0.417834	0.130684	0.338673	0.112809	0.8963626	1.700328	2.812688	0.3051341
34800	-2626.287	-3250.852	624.565	0.442147	0.178538	0.290139	0.0891755	0.8359135	1.765627	3.238236	0.2158259
34806	-2639.926	-3264.826	624.9006	0.507179	0.135506	0.25868	0.0986348	0.6383665	1.529932	3.300641	0.2110865
34812	-2664.072	-3288.098	624.0263	0.459284	0.117846	0.347861	0.0750092	0.7807969	1.425646	3.773823	0.1916559
34818	-2655.088	-3279.25	624.162	0.49166	0.177058	0.242522	0.0887597	0.6373815	1.396285	3.799942	0.1916559
34824	-2665.617	-3289.274	623.6575	0.364257	0.196972	0.361638	0.0771341	1.156322	1.396285	3.799942	0.2362813
34830	-2642.906	-3266.905	623.9991	0.399604	0.216086	0.299691	0.0846191	0.809479	1.436962	3.779401	0.2751455
34836	-2659.763	-3284.063	624.2999	0.443348	0.117632	0.359475	0.0795455	1.067713	1.665732	3.3187	0.2734035
34842	-2646.819	-3271.378	624.5589	0.478405	0.0654969	0.343071	0.113027	1.265826	1.59111	3.082789	0.331228
34848	-2649.466	-3273.835	624.3697	0.421219	0.0576677	0.388003	0.13311	1.366918	1.596841	3.082789	0.4459694
34854	-2677.393	-3302.62	625.2275	0.541156	0.097281	0.278564	0.0829995	1.223945	1.591668	2.71701	0.2734035
34860	-2668.293	-3288.805	620.5121	0.386034	0.159113	0.319099	0.135754	1.617174	1.578989	5.225556	0.1988625
34866	-2668.896	-3291.188	622.2923	0.376783	0.164647	0.311452	0.147118	1.185971	1.383377	4.566638	0.2694006
34872	-2641.831	-3265.558	623.7268	0.464716	0.142382	0.260589	0.132313	1.107912	1.528752	3.21421	1.163993
34878	-2632.722	-3254.411	621.6884	0.64997	0.137104	0.0719193	0.141007	1.922566	1.68232	2.975361	3.358836
34884	-2641.501	-3264.167	622.6661	0.249919	0.3511	0.190937	0.208044	1.185195	1.765799	2.975361	2.637148
34890	-2640.614	-3265.527	624.913	0.335759	0.346699	0.256519	0.061022	0.7152563	1.6864	2.903043	0.7456034
34896	-2658.604	-3284.16	625.5559	0.332894	0.287949	0.25433	0.124827	0.4840559	1.823071	2.054604	1.599581
34902	-2641.197	-3265.994	624.797	0.373127	0.166853	0.281368	0.178652	1.374629	1.823071	2.090022	1.386056
34908	-2644.911	-3270.519	625.6077	0.359685	0.196867	0.271232	0.172216	1.449841	1.907614	2.115539	0.3706535
34914	-2646.406	-3270.106	623.7001	0.375326	0.147315	0.283026	0.194333	1.281023	1.966009	2.176885	2.576641
34920	-2651.288	-3275.42	624.1319	0.415749	0.0583865	0.310601	0.215263	1.081138	1.874294	2.176885	2.352607
34926	-2647.447	-3270.901	623.4547	0.575303	0.0807938	0.114762	0.229141	1.336303	1.927448	1.779663	4.030016
34932	-2652.378	-3276.389	624.0103	0.611008	0.0267179	0.141765	0.220509	1.363811	1.957336	2.317005	1.754085
34938	-2637.159	-3260.027	622.8685	0.589919	0.0257958	0.217463	0.166822	1.063583	1.580594	3.000701	2.727696
34944	-2626.779	-3247.88	621.1002	0.562415	0.0275259	0.232048	0.17801	1.245573	1.54743	3.887921	2.907972
34950	-2633.662	-3255.542	621.8808	0.529516	0.0347653	0.236472	0.199247	1.530234	1.497588	3.611676	2.145351
34956	-2630.762	-3252.427	621.6655	0.464309	0.195205	0.165775	0.17471	1.567251	1.544379	3.818283	1.851956
34962	-2630.758	-3253.573	622.8152	0.562579	0.0402115	0.18539	0.211819	1.567251	1.675241	2.957334	2.097707
34968	-2624.638	-3247.773	623.135	0.456898	0.143615	0.13871	0.260776	1.395366	1.675241	2.90139	1.992654
34974	-2648.434	-3271.861	623.4269	0.386237	0.149178	0.244139	0.220446	1.295578	1.675241	2.752519	2.05068
34980	-2642.32	-3266.473	624.1537	0.45375	0.133905	0.223318	0.189027	1.252016	1.50987	2.889267	1.162448
34986	-2630.174	-3254.299	624.1255	0.347962	0.16387	0.283985	0.204183	0.9896416	1.540734	3.053432	1.139184
34992	-2627.296	-3249.892	622.5958	0.349108	0.164409	0.281628	0.204855	1.454666	1.594694	3.796207	0.9094258
34998	-2639.703	-3261.947	622.2436	0.517214	0.200975	0.0621536	0.219658	1.454609	1.646407	3.881142	1.061648
35004	-2642.754	-3264.994	622.2398	0.476289	0.179846	0.173001	0.170864	1.459268	1.719322	3.074022	2.729075
35010	-2647.485	-3269.823	622.3387	0.313589	0.327184	0.2031	0.156127	1.371454	1.524654	4.099505	0.7852014
35016	-2651.97	-3274.279	622.3094	0.480154	0.16644	0.114352	0.239054	1.629431	1.702149	3.647934	1.200801
35022	-2640.89	-3263.326	622.4363	0.329827	0.207285	0.165168	0.29772	1.363428	1.716951	3.698889	1.200801
35028	-2653.655	-3276.517	622.8615	0.33045	0.19232	0.242236	0.234993	1.363428	1.940709	3.149534	1.522165
35034	-2666.501	-3288.734	622.2332	0.493638	0.0834253	0.071895	0.351041	1.558314	1.580323	3.417342	1.975456
35040	-2659.665	-3280.531	620.8662	0.436088	0.164912	0.1857	0.2133	1.4466	1.423707	4.661897	1.302971
35046	-2646.453	-3268.852	622.3983	0.339814	0.214329	0.102747	0.343109	1.315265	1.463997	3.593396	1.798353
35052	-2651.066	-3270.701	619.6352	0.423202	0.266923	0.0943768	0.215498	1.224184	1.425314	3.918005	6.211525
35058	-2661.701	-3283.189	621.4882	0.451491	0.217919	0.100686	0.229904	1.085985	1.57339	3.529904	3.530361
35064	-2661.688	-3284.835	623.1471	0.470584	0.184847	0.104943	0.239626	1.123022	1.657169	3.02881	2.055127
35070	-2661.509	-3285.468	623.9589	0.2901	0.336718	0.103534	0.269648	1.24101	1.514944	3.293375	0.6924675
35076	-2668.551	-3292.968	624.417	0.310142	0.410587	0.142132	0.137138	0.4378088	1.561549	3.03242	1.457057
35082	-2665.677	-3289.728	624.0506	0.337672	0.330363	0.221657	0.110308	0.4378088	1.533683	3.266779	1.457057
35088	-2646.382	-3271.816	625.4341	0.310039	0.386978	0.259643	0.04334	0.4378088	1.494428	3.087988	0.3962677
35094	-2648.932	-3274.209	625.2771	0.295349	0.368643	0.247341	0.0886676	0.5291722	1.569768	3.083547	0.3962677
35100	-2669.433	-3294.095	624.6619	0.387714	0.351578	0.243875	0.0168331	0.5762973	1.474271	3.306311	0.6826512
35106	-2679.545	-3303.873	624.3284	0.42989	0.0994098	0.322286	0.148415	0.9268781	1.571046	3.44143	0.2431187
35112	-2686.818	-3308.746	621.9282	0.362031	0.145934	0.445089	0.0469467	0.9271797	1.581509	4.794823	0.3077426
35118	-2667.349	-3288.699	621.3492	0.454546	0.0927483	0.395197	0.057509	0.7953652	1.396719	4.915366	1.008628
35124	-2654.156	-3276.134	621.9772	0.27752	0.279786	0.404842	0.0378517	0.6318978	1.533279	3.999729	2.239739
35130	-2651.823	-3276.714	624.8909	0.323753	0.288617	0.340056	0.0475739	0.5482166	1.558305	3.280785	0.4477717
35136	-2647.279	-3272.322	625.0421	0.289196	0.246488	0.290418	0.173899	0.6756457	1.651541	2.761165	0.9198466
35142	-2650.51	-3273.575	623.0654	0.398331	0.339507	0.212159	0.0500035	0.7389738	1.705689	3.291305	2.03033
35148	-2656.577	-3281.304	624.7272	0.365609	0.281538	0.281646	0.071206	0.55719	1.711599	2.993637	0.9152901
35154	-2644.235	-3269.572	625.337	0.285139	0.348466	0.33115	0.0352455	0.4972067	1.686751	2.993637	0.4028459
35160	-2644.081	-3269.051	624.9698	0.30037	0.228636	0.439692	0.0313023	0.4859256	1.530352	3.349202	0.3107103
35166	-2669.33	-3292.554	623.2235	0.245447	0.223321	0.42947	0.101762	0.404313	1.283635	4.539666	0.2916129
35172	-2648.551	-3274.496	625.9451	0.382907	0.184124	0.349068	0.0839012	0.5381724	1.571017	2.716211	0.2259154
35178	-2625.561	-3249.197	623.636	0.40537	0.177421	0.336361	0.0808471	1.194764	1.526193	3.704998	0.3201023
35184	-2632.378	-3255.609	623.2308	0.385812	0.290116	0.187908	0.136165	0.6076033	1.457499	3.793189	1.259272
35190	-2629.2	-3252.144	622.9443	0.281059	0.31483	0.271082	0.133029	0.5359297	1.350711	3.90301	1.571947
35196	-2644.56	-3266.521	621.9615	0.449887	0.112754	0.305119	0.13224	0.8844825	1.349253	4.341184	1.397522
35202	-2647.075	-3270.551	623.4757	0.469703	0.110692	0.299537	0.120069	1.031734	1.47699	3.252527	1.509335
35208	-2641.521	-3264.669	623.1483	0.477422	0.155261	0.30446	0.0628567	0.9959526	1.47699	3.252527	1.95876
35214	-2640.085	-3262.681	622.5955	0.484907	0.0949603	0.345366	0.0747666	0.9954193	1.391049	3.392131	2.526645
35220	-2634.709	-3260.461	625.752	0.20929	0.341606	0.386335	0.0627695	0.5705434	1.640993	2.56712	0.6586088
35226	-2640.851	-3265.998	625.1478	0.297284	0.335577	0.295051	0.0720881	0.4837081	1.531847	3.065515	0.6417121
35232	-2637.705	-3262.79	625.0853	0.351441	0.210365	0.389855	0.0483394	0.583648	1.752847	3.065515	0.3746263
35238	-2645.724	-3270.122	624.3974	0.262099	0.411103	0.290748	0.0360507	0.5207056	1.497616	3.338592	0.9155344
35244	-2647.681	-3272.474	624.7931	0.319773	0.217469	0.398318	0.0644393	0.6118597	1.713757	3.164047	0.5226607
35250	-2644.4	-3268.344	623.944	0.320342	0.217856	0.432426	0.0293763	0.6556298	1.564901	3.312449	1.210634
35256	-2655.204	-3276.921	621.7173	0.295111	0.17562	0.347244	0.182025	0.5463257	1.692085	4.116485	2.219647
35262	-2657.177	-3284.264	627.0868	0.225851	0.226402	0.501639	0.0461078	0.3945019	1.82818	1.911219	0.2546554
35268	-2663.792	-3289.949	626.1565	0.292722	0.179486	0.483364	0.044428	0.643576	1.556358	2.528922	0.2427006
35274	-2626.009	-3246.941	620.9322	0.324463	0.165264	0.212841	0.297433	1.513079	1.328943	5.004	0.6606651
35280	-2639.3	-3260.195	620.8954	0.375762	0.240484	0.123963	0.259792	1.513079	1.246686	5.070087	0.6606651
35286	-2627.504	-3248.512	621.0082	0.328801	0.210429	0.233445	0.227324	1.505991	1.497466	4.871362	0.6606651
35292	-2640.198	-3260.18	619.9825	0.459812	0.199289	0.193191	0.147707	1.623475	1.497466	4.871362	1.628691
35298	-2629.911	-3253.685	623.7741	0.335473	0.0714642	0.401291	0.191771	1.129307	1.601533	2.882534	1.628691
35304	-2653.917	-3278.094	624.1768	0.441934	0.127983	0.291012	0.13907	1.236819	1.601533	2.882534	1.069957
35310	-2648.268	-3272.498	624.2299	0.371197	0.101733	0.231324	0.295747	1.178867	1.827503	2.204673	2.087758
35316	-2638.179	-3262.994	624.8146	0.407805	0.125107	0.254138	0.212949	1.178867	1.767115	2.204673	1.434618
35322	-2649.19	-3272.684	623.4942	0.358823	0.0466386	0.271765	0.322773	1.206228	1.745998	2.39322	2.824185
35328	-2639.615	-3263.641	624.0261	0.381619	0.175041	0.307031	0.136309	1.489718	1.745998	2.179623	2.145657
35334	-2632.088	-3257.571	625.4832	0.390287	0.254796	0.1565	0.198417	1.008659	1.74039	2.310079	0.7742116
35340	-2629.312	-3254.735	625.4235	0.390287	0.254796	0.1565	0.198417	1.084253	1.755749	1.995154	1.228185
35346	-2628.142	-3253.05	624.9088	0.361877	0.163772	0.304645	0.169706	1.423098	2.045274	1.935152	1.228185
35352	-2629.974	-3254.54	624.5659	0.244458	0.325362	0.218201	0.211979	1.349105	1.857818	1.818279	2.165109
35358	-2632.58	-3257.003	624.4232	0.439892	0.119422	0.116078	0.324608	1.304156	1.824894	2.188233	1.72177
35364	-2639.526	-3263.357	623.8315	0.314111	0.279018	0.107171	0.2997	1.121378	1.824894	2.287111	2.560327
35370	-2658.986	-3281.137	622.1503	0.364772	0.16945	0.169926	0.295852	1.085184	1.714496	3.202026	3.097567
35376	-2628.355	-3251.12	622.7652	0.421021	0.180551	0.145355	0.253073	1.646933	1.74395	3.51137	0.9188347
35382	-2643.876	-3265.935	622.059	0.471222	0.0429478	0.202582	0.283249	1.508664	1.545695	3.547555	2.012983
35388	-2643.202	-3266.198	622.9965	0.296966	0.23564	0.297083	0.170311	1.253647	1.685828	2.837608	2.504918
35394	-2625.977	-3250.311	624.3343	0.412759	0.251081	0.102149	0.234011	1.227122	1.596985	3.010716	0.7218243
35400	-2634.321	-3258.069	623.7478	0.456343	0.111856	0.17308	0.258721	1.227122	1.596985	2.790856	1.737344
35406	-2633.098	-3256.408	623.3099	0.313788	0.390312	0.017344	0.278556	1.890625	1.588784	3.165951	0.921726
35412	-2632.742	-3254.326	621.5837	0.403695	0.250392	0.0164347	0.329479	1.791397	1.619253	4.188928	0.929157
35418	-2633.062	-3254.283	621.221	0.391662	0.26032	0.00547498	0.342543	2.286769	1.66983	4.148433	0.9434169
35424	-2644.361	-3267.121	622.7593	0.445584	0.157685	0.00702844	0.389702	1.543717	1.775761	3.392115	1.187552
35430	-2646.354	-3268.375	622.0216	0.369488	0.263877	0.0434866	0.323149	1.801599	1.746774	3.907652	0.8508629
35436	-2644.543	-3268.245	623.7017	0.536652	0.176864	0.0216096	0.264874	1.369112	1.655698	3.192504	0.8541533
35442	-2630.494	-3254.507	624.0135	0.284166	0.371189	0.108037	0.236608	1.397177	1.816094	2.895003	0.8541533
35448	-2637.704	-3260.748	623.0432	0.230409	0.140649	0.387018	0.241925	1.342282	1.62995	3.685901	0.7257899
35454	-2651.243	-3273.275	622.0321	0.339901	0.27356	0.0675871	0.318952	1.318462	1.522234	3.713102	1.924691
35460	-2630.042	-3251.609	621.5669	0.48385	0.0591049	0.354177	0.102867	1.050897	1.538867	4.450398	1.226018
35466	-2625.163	-3246.171	621.0075	0.341066	0.210523	0.269039	0.179372	1.050897	1.536263	4.648353	1.45785
35472	-2621.673	-3245.147	623.4741	0.276522	0.273947	0.226825	0.222706	0.652261	1.825999	3.576292	0.9658822
35478	-2630.775	-3254.996	624.2204	0.150459	0.361799	0.299565	0.188176	0.6049536	1.697315	3.243643	0.9658822
35484	-2646.278	-3268.02	621.7412	0.166998	0.401569	0.332495	0.0989381	0.747924	1.536305	4.224639	1.856019
35490	-2635.98	-3259.159	623.1789	0.173953	0.398216	0.329718	0.098112	0.3566371	1.569467	4.224639	0.683731
35496	-2640.977	-3262.525	621.5481	0.25944	0.438769	0.232583	0.0692081	0.6100349	1.675737	4.301755	1.938097
35502	-2655.126	-3277.843	622.7165	0.37386	0.0955782	0.335158	0.195403	0.6100349	1.36915	3.89167	1.756774
35508	-2651.037	-3270.419	619.3818	0.375834	0.130307	0.305149	0.18871	1.12908	1.455297	4.853754	3.2665
35514	-2652.443	-3270.065	617.6215	0.337001	0.323769	0.248061	0.0911691	0.870871	1.328323	5.709449	4.422963
35520	-2648.408	-3268.911	620.5031	0.351721	0.29567	0.229932	0.122677	1.190564	1.526753	4.526141	2.21619
35526	-2635.909	-3261.017	625.1086	0.243561	0.289021	0.362255	0.105162	0.4034649	1.705131	2.909843	0.8305376
35532	-2639.466	-3262.876	623.4097	0.240491	0.337644	0.293876	0.127989	0.6869912	1.630349	2.964977	2.505595
35538	-2646.887	-3271.771	624.8844	0.291902	0.318983	0.282578	0.106536	0.5622556	1.738124	2.806132	1.035845
35544	-2641.35	-3266.271	624.9205	0.262629	0.310463	0.27503	0.151877	0.9918637	1.813911	2.408267	1.121047
35550	-2635.425	-3259.348	623.9228	0.190665	0.376821	0.248175	0.184339	1.279345	1.943421	2.408267	1.797197
35556	-2644.136	-3268.208	624.0722	0.172815	0.484021	0.185524	0.15764	0.554183	1.892797	2.408267	2.69008
35562	-2635.386	-3259.177	623.7917	0.288212	0.319811	0.223772	0.168206	0.5310228	1.652605	3.075127	1.910939
35568	-2644.193	-3266.568	622.3749	0.324803	0.264232	0.199109	0.211856	1.458598	1.398022	3.749864	1.42871
35574	-2642.489	-3261.071	618.5824	0.353404	0.292	0.243544	0.111052	1.584027	1.35991	5.063489	3.459318
35580	-2642.734	-3264.23	621.4953	0.245392	0.395486	0.303183	0.0559386	1.576502	1.291102	4.832526	0.3862009
35586	-2657.26	-3278.783	621.5237	0.456958	0.237601	0.257864	0.0475769	1.022685	1.402483	4.265625	1.851471
35592	-2647.71	-3269.956	622.2465	0.456246	0.101469	0.336831	0.105455	1.315612	1.587596	3.559357	1.909158
35598	-2661.806	-3281.161	619.3557	0.312897	0.148894	0.363037	0.175172	1.543123	1.49281	4.531494	3.609652
35604	-2638.678	-3259.678	621.0004	0.273281	0.233994	0.3483	0.144425	1.545072	1.454767	4.531494	1.283546
35610	-2649.042	-3269.604	620.5624	0.425089	0.140464	0.330262	0.104185	0.9934169	1.332518	4.712553	2.208449
35616	-2648.88	-3269.734	620.8541	0.287721	0.191762	0.387183	0.133333	0.7383829	1.376157	4.590451	2.418469
35622	-2637.522	-3260.029	622.507	0.406785	0.37247	0.142305	0.0784399	0.9715885	1.543926	3.37346	2.513734
35628	-2632.543	-3253.494	620.9509	0.426713	0.0750198	0.192894	0.305374	1.249119	1.587358	3.491902	4.387532
35634	-2625.515	-3246.087	620.5714	0.309021	0.0959866	0.246804	0.348188	1.18559	1.421567	4.540758	2.238156
35640	-2630.387	-3253.575	623.1881	0.29601	0.192067	0.262806	0.249116	1.102476	1.897106	2.791174	2.238156
35646	-2637.31	-3260.406	623.0962	0.371741	0.166293	0.149118	0.312849	1.403426	1.831516	2.791174	2.069332
35652	-2630.482	-3251.745	621.2629	0.521304	0.0908699	0.125186	0.26264	1.615888	1.891702	2.791174	4.911261
35658	-2637.19	-3259.277	622.0869	0.5366	0.213183	0.0353438	0.214872	1.342955	1.889545	3.04245	2.953454
35664	-2636.65	-3258.141	621.4908	0.363084	0.144248	0.347276	0.145391	1.342955	1.719164	4.061747	1.569933
35670	-2635.707	-3256.608	620.9016	0.554324	0.186459	0.0712815	0.187936	1.447315	1.693292	4.061747	2.246808
35676	-2636.492	-3256.368	619.8759	0.363706	0.182308	0.228758	0.225227	1.447315	1.555336	4.73611	2.2025
35682	-2631.661	-3250.572	618.911	0.389371	0.195173	0.2449	0.170555	1.540768	1.611592	4.73611	3.54052
35688	-2632.098	-3254.131	622.0336	0.276479	0.397854	0.170612	0.155054	1.181512	1.486318	4.477452	0.6442104
35694	-2654.94	-3276.029	621.0895	0.218143	0.402042	0.198979	0.180835	1.248636	1.526787	4.42856	1.609177
35700	-2652.682	-3275.919	623.2368	0.218143	0.402042	0.198979	0.180835	1.140175	1.624347	3.173937	1.649741
35706	-2644.342	-3268.264	623.9221	0.210177	0.387361	0.228231	0.174231	1.246961	1.556428	3.173937	0.8752037
35712	-2636.267	-3260.296	624.0283	0.262522	0.421516	0.0983385	0.217623	1.402361	1.681074	2.329478	2.017956
35718	-2642.174	-3265.773	623.5988	0.350488	0.0637833	0.334145	0.251583	1.402361	1.733463	2.515409	2.129219
35724	-2647.536	-3270.22	622.6845	0.501823	0.0515198	0.2699	0.176758	1.235765	1.61686	2.736951	3.436546
35730	-2640.1	-3263.57	623.4696	0.530889	0.164012	0.130823	0.174276	1.143614	1.635777	2.736951	2.279259
35736	-2656.478	-3279.659	623.1804	0.56444	0.0581464	0.139091	0.238323	1.026016	1.589252	3.008013	2.283288
35742	-2638.543	-3262.035	623.4925	0.457514	0.189151	0.107959	0.245376	1.026016	1.542746	2.847907	2.283288
35748	-2636.15	-3259.826	623.6753	0.483262	0.161276	0.114035	0.241427	1.204293	1.613872	2.72103	1.98285
35754	-2632.968	-3256.797	623.8299	0.27371	0.35276	0.119831	0.253698	1.216685	1.633991	2.776704	1.632091
35760	-2648.954	-3273.212	624.2573	0.36748	0.150922	0.160884	0.320715	1.158177	1.655763	2.776704	1.188062
35766	-2654.747	-3277.83	623.0827	0.377204	0.0528219	0.240772	0.329202	1.356753	1.618661	3.115859	1.718401
35772	-2661.801	-3285.589	623.7876	0.377663	0.0176953	0.513211	0.0914309	1.086945	1.605638	2.935514	1.552174
35778	-2653.685	-3277.314	623.6284	0.38277	0.0681348	0.520151	0.0289441	0.7416665	1.60696	2.430128	3.537627
35784	-2648.878	-3272.559	623.681	0.478518	0.101283	0.245306	0.174893	1.166351	1.690586	2.848676	1.658203
35790	-2671.716	-3294.881	623.1649	0.482876	0.105642	0.248309	0.163174	1.192495	1.679024	2.848676	2.324398
35796	-2664.39	-3287.19	622.7993	0.493299	0.105089	0.286792	0.114821	1.11145	1.623798	2.848676	3.107634
35802	-2653.245	-3276.927	623.6823	0.510692	0.0250742	0.294906	0.169328	1.450866	1.591363	2.974118	1.236491
35808	-2661.269	-3283.006	621.7372	0.390495	0.0981869	0.33417	0.177148	0.9819238	1.725998	4.040323	1.725769
35814	-2648.783	-3270.47	621.687	0.406037	0.0816762	0.277978	0.234309	1.29482	1.710638	3.345938	3.14007
35820	-2641.181	-3265.831	624.6493	0.409394	0.12973	0.204651	0.256226	1.193808	1.703318	2.331192	1.454825
35826	-2633.068	-3253.9	620.832	0.409394	0.12973	0.204651	0.256226	1.801081	1.713506	3.971581	2.125051
35832	-2641.583	-3263.508	621.9256	0.144278	0.333421	0.468979	0.0533223	0.8780944	1.682968	4.163828	1.422073
35838	-2644.403	-3267.622	623.2186	0.357613	0.194005	0.415664	0.0327176	0.5426334	1.782467	3.718893	1.136057
35844	-2659.188	-3284.036	624.8483	0.101315	0.405284	0.404842	0.088559	0.4116363	1.851161	3.097218	0.6360797
35850	-2639.318	-3262.13	622.812	0.202719	0.43434	0.238823	0.124118	0.4627649	1.563479	3.948833	1.469529
35856	-2636.78	-3258.848	622.0676	0.202139	0.433098	0.166342	0.198421	1.017584	1.49701	4.397679	0.8881643
35862	-2627.009	-3251.004	623.9945	0.196256	0.495269	0.11583	0.192645	0.892519	1.600228	3.075053	1.281602
35868	-2631.758	-3254.185	622.4267	0.206386	0.54357	0.00802148	0.242023	1.865492	1.713149	3.637271	0.8967793
35874	-2670.732	-3291.809	621.0775	0.309203	0.446636	0.0649074	0.179253	1.318933	1.49339	4.176598	2.158303
35880	-2652.361	-3274.5	622.1396	0.293184	0.475304	0.0615447	0.169967	1.318933	1.388907	4.362948	0.7072895
35886	-2635.929	-3257.533	621.6045	0.307974	0.317939	0.197977	0.17611	1.59132	1.455245	4.322919	0.9985441
35892	-2635.377	-3258.156	622.7791	0.400767	0.194861	0.137744	0.266629	1.669228	1.602055	3.36354	1.292302
35898	-2666.268	-3286.945	620.6772	0.415238	0.0771129	0.172923	0.334726	1.667435	1.512889	4.582603	1.362441
35904	-2642.59	-3265.059	622.4692	0.421106	0.23817	0.14747	0.193254	0.9656234	1.401334	3.968206	1.412803
35910	-2646.361	-3269.466	623.105	0.205975	0.501924	0.197576	0.0945258	0.9656234	1.422964	3.929809	0.8033791
35916	-2648.188	-3268.834	620.6456	0.243118	0.392869	0.0307741	0.333239	1.837323	1.401461	4.541713	1.452018
35922	-2656.084	-3278.755	622.6706	0.255976	0.485539	0.0230577	0.235428	1.502172	1.594886	3.337214	1.637417
35928	-2645.722	-3266.24	620.5184	0.342606	0.362381	0.0308612	0.264152	1.573112	1.612009	3.194157	5.853292
35934	-2653.617	-3273.625	620.0084	0.447913	0.133382	0.143422	0.275283	1.592788	1.274923	4.622503	2.531831
35940	-2642.673	-3265.223	622.5496	0.422965	0.174903	0.0762817	0.32585	1.592788	1.549568	3.577941	1.268854
35946	-2637.985	-3260.143	622.1583	0.523688	0.21068	0.0293568	0.236276	1.592788	1.54466	3.577941	1.727391
35952	-2639.301	-3262.199	622.8978	0.467994	0.168044	0.156598	0.207364	1.41295	1.760522	3.028379	1.894595
35958	-2642.845	-3267.48	624.6354	0.352021	0.339576	0.151815	0.156588	1.41295	1.592422	2.971801	0.2700762
35964	-2635.576	-3259.711	624.1349	0.439455	0.248679	0.189522	0.122344	1.440964	1.587147	2.971801	0.7979992
35970	-2636.173	-3258.269	622.0963	0.566349	0.147433	0.116379	0.169838	1.541309	1.636758	2.971801	3.273013
35976	-2632.849	-3256.304	623.4543	0.486775	0.200455	0.195336	0.117435	1.405046	1.681499	2.971801	1.437598
35982	-2612.648	-3237.914	625.2663	0.480975	0.115067	0.336547	0.0674111	1.053756	1.639752	2.756286	0.2052703
35988	-2637.474	-3262.284	624.81	0.605927	0.0791178	0.270125	0.04483	0.9814967	1.488577	3.154397	0.1859886
35994	-2636.644	-3259.732	623.0885	0.369794	0.132521	0.402052	0.0956329	1.691701	1.488577	3.792058	0.2001949
36000	-2621.786	-3245.574	623.7879	0.286547	0.315022	0.324327	0.0741043	0.8193089	1.472985	3.790639	0.4769371
36006	-2616.704	-3242.17	625.4653	0.343121	0.272969	0.342103	0.0418065	0.9493347	1.735719	2.556722	0.4769371
36012	-2627.416	-3252.053	624.6367	0.312678	0.28562	0.357958	0.0437441	1.344125	1.751867	2.864924	0.4020929
36018	-2610.36	-3233.736	623.3757	0.303791	0.277502	0.347784	0.0709223	1.40023	1.655134	3.681418	0.2826245
36024	-2631.707	-3256.922	625.2144	0.381319	0.2466	0.309056	0.0630245	0.8482643	1.647843	2.812288	0.5039159
36030	-2640.551	-3265.379	624.8289	0.30729	0.247833	0.118532	0.326344	0.9410274	1.656275	2.54943	1.199881
36036	-2652.919	-3276.963	624.0438	0.506104	0.19777	0.0814702	0.214656	1.640995	1.733878	2.54943	1.268204
36042	-2631.305	-3256.251	624.9463	0.484305	0.153227	0.192557	0.16991	1.175285	1.647784	2.240121	1.362708
36048	-2630.902	-3255.038	624.1361	0.49948	0.158029	0.167257	0.175234	1.318968	1.647784	2.505454	1.662558
36054	-2626.857	-3249.209	622.3511	0.464682	0.121542	0.0317464	0.382029	1.475755	1.625023	3.762009	1.167677
36060	-2601.063	-3223.738	622.6756	0.465138	0.0777508	0.0747064	0.382404	1.327739	1.432841	3.62476	1.425573
36066	-2616.024	-3237.088	621.0646	0.436063	0.244064	0.0427888	0.277083	1.838697	1.6388	3.446939	3.246045
36072	-2616.823	-3239.314	622.491	0.488076	0.234521	0.0727151	0.204687	0.8573335	1.443148	3.446939	2.679726
36078	-2626.752	-3250.763	624.0111	0.468842	0.350792	0.0439253	0.13644	0.9559086	1.631668	2.350781	2.679726
36084	-2630.901	-3253.755	622.8539	0.366793	0.412939	0.0596571	0.160612	2.102877	1.888459	2.542507	2.105328
36090	-2642.633	-3265.873	623.2395	0.306206	0.34473	0.049803	0.299261	1.341905	1.756827	2.788191	2.057637
36096	-2630.902	-3255.889	624.9873	0.400198	0.24317	0.0887268	0.267905	1.18599	1.731028	2.307961	1.105434
36102	-2623.715	-3247.304	623.5889	0.569413	0.0760564	0.126243	0.228288	1.18599	1.661287	2.639818	2.240799
36108	-2621.572	-3245.048	623.4759	0.479679	0.136199	0.0984122	0.28571	1.18599	1.607154	3.011151	1.658665
36114	-2619.787	-3242.305	622.5174	0.501856	0.138366	0.204563	0.155215	1.540201	1.499339	3.508428	1.546612
36120	-2611.904	-3236.058	624.1538	0.308781	0.18506	0.385353	0.120806	1.064736	1.492814	3.508428	0.2613404
36126	-2640.793	-3265.005	624.2115	0.203934	0.399818	0.270506	0.125741	1.038345	1.461162	3.508428	0.2613404
36132	-2644.906	-3270.225	625.3184	0.209611	0.410948	0.278036	0.101405	0.5292019	1.600361	3.034464	0.4083234
36138	-2632.46	-3257.884	625.4245	0.216334	0.392053	0.286955	0.104658	1.119832	1.618113	2.631114	0.3138724
36144	-2637.674	-3263.551	625.8763	0.282966	0.362787	0.265534	0.0887121	0.6779041	1.618113	2.631114	0.3138724
36150	-2627.614	-3253.615	626.001	0.232718	0.439543	0.237903	0.0898359	0.6740147	1.618113	2.556453	0.3138724
36156	-2614.534	-3239.404	624.8699	0.118846	0.405858	0.397433	0.0778638	0.6079051	1.608169	3.29544	0.281352
36162	-2627.463	-3253.278	625.8146	0.331917	0.325569	0.28115	0.0613642	0.7894723	1.610148	2.609526	0.281352
36168	-2647.905	-3273.118	625.213	0.407002	0.18564	0.372368	0.03499	1.092287	1.751901	2.703518	0.281352
36174	-2646.12	-3269.726	623.6065	0.374839	0.196929	0.395011	0.0332214	0.7978079	1.48237	3.984753	0.281352
36180	-2631.407	-3254.654	623.2471	0.308452	0.287207	0.372973	0.0313679	0.7000566	1.474861	4.252251	0.281352
36186	-2639.323	-3263.83	624.5064	0.157997	0.353024	0.458445	0.0305349	0.4247675	1.570113	3.459118	0.63426
36192	-2631.461	-3257.001	625.5399	0.168169	0.375753	0.390142	0.0659352	0.4247675	1.619635	2.916119	0.470573
36198	-2649.461	-3274.676	625.2145	0.191845	0.365059	0.379038	0.0640585	0.5943516	1.577133	2.896788	0.694474
36204	-2644.989	-3270.197	625.2082	0.16976	0.438151	0.335404	0.0566843	0.4628899	1.739037	2.942147	0.602056
36210	-2641.599	-3266.829	625.2308	0.354122	0.260109	0.174294	0.211476	0.9915931	1.672239	2.365541	1.018285
36216	-2651.983	-3276.004	624.0206	0.365627	0.310145	0.181614	0.142614	1.013953	1.573896	3.152157	1.018285
36222	-2631.683	-3254.545	622.8619	0.51647	0.161018	0.137775	0.184738	1.496615	1.831974	3.419035	1.018285
36228	-2660.796	-3283.899	623.1023	0.294618	0.247283	0.163696	0.294403	1.373537	1.793528	3.601911	0.6257514
36234	-2631.486	-3253.678	622.1919	0.290015	0.348146	0.108715	0.253123	1.916094	1.660209	3.753729	0.9430304
36240	-2645.632	-3268.35	622.7173	0.28512	0.342269	0.123761	0.24885	1.090528	1.660209	3.758192	1.125761
36246	-2657.048	-3281.455	624.4078	0.218933	0.497849	0.0694038	0.213814	0.854944	1.591715	3.195496	0.7118653
36252	-2642.28	-3265.595	623.3144	0.325293	0.123286	0.366196	0.185224	1.566405	1.673994	3.606227	0.3403147
36258	-2625.711	-3250.313	624.6018	0.505697	0.153152	0.205174	0.135977	1.566405	1.645748	2.880781	0.2578883
36264	-2619.402	-3244.032	624.6299	0.38274	0.183659	0.33902	0.0945808	1.388658	1.711349	2.880781	0.3789698
36270	-2629.845	-3253.664	623.8187	0.465265	0.068112	0.432225	0.0343979	1.392314	1.634067	3.441216	0.2752643
36276	-2621.638	-3245.569	623.9314	0.355853	0.236517	0.377581	0.0300491	1.353621	1.552639	3.441216	0.2871168
36282	-2642.753	-3266.445	623.692	0.435058	0.0179435	0.506676	0.0403229	1.087117	1.510825	3.502153	0.7508094
36288	-2664.195	-3286.496	622.3012	0.336905	0.239953	0.110683	0.312459	1.087117	1.54093	3.467855	2.413912
36294	-2666.908	-3293.431	626.5222	0.27223	0.20298	0.465162	0.0596282	0.5776987	1.761373	2.154382	0.4115003
36300	-2658.284	-3283.674	625.3905	0.318329	0.381639	0.207291	0.0927403	0.4034681	1.761373	2.437132	1.266834
36306	-2657.57	-3282.769	625.1985	0.288096	0.345393	0.208676	0.157836	0.4500757	1.761373	2.39535	1.509593
36312	-2641.928	-3265.607	623.6791	0.401771	0.0909638	0.330705	0.17656	1.112077	1.651102	2.70759	2.075411
36318	-2625.511	-3247.697	622.1863	0.496917	0.0439522	0.25655	0.202581	1.159038	1.624959	2.646039	4.883884
36324	-2612.978	-3235.818	622.8397	0.524453	0.0186062	0.334098	0.122843	1.064559	1.434234	3.431921	1.930136
36330	-2634.66	-3256.121	621.4604	0.392736	0.164736	0.29531	0.147217	1.224254	1.481755	3.431921	3.823701
36336	-2625.401	-3248.349	622.9478	0.396757	0.255995	0.221473	0.125775	1.099706	1.568508	3.085868	2.356567
36342	-2626.817	-3250.635	623.8185	0.350972	0.226454	0.311313	0.111261	1.299572	1.568508	3.000797	1.212676
36348	-2646.674	-3271.767	625.0935	0.36606	0.298985	0.205709	0.129246	1.020895	1.808962	2.298458	1.096197
36354	-2641.468	-3266.515	625.047	0.427232	0.19793	0.230202	0.144635	1.020895	1.808962	2.12341	1.439489
36360	-2621.718	-3246.149	624.4315	0.464678	0.0968824	0.250379	0.18806	1.151319	1.55764	2.581472	1.460842
36366	-2639.231	-3261.987	622.7564	0.433133	0.158191	0.233382	0.175294	1.355467	1.587894	3.253013	1.878527
36372	-2666.667	-3292.6	625.9335	0.564557	0.132645	0.238054	0.0647445	0.8454372	2.047687	1.52609	1.346885
36378	-2663.772	-3290.372	626.6003	0.615606	0.0676385	0.25958	0.0571754	1.208562	1.976044	1.562087	0.3104714
36384	-2642.137	-3266.272	624.1357	0.564145	0.0619844	0.23788	0.13599	2.118996	1.890203	1.749369	1.993439
36390	-2652.447	-3276.271	623.8241	0.444621	0.337921	0.0532151	0.164243	1.603172	1.90642	1.746066	3.048829
36396	-2639.632	-3264.63	624.9985	0.327787	0.127808	0.216629	0.327777	1.447267	1.886582	2.243872	0.8040744
36402	-2639.095	-3263.569	624.4734	0.462256	0.296656	0.0780013	0.163087	1.696997	1.819289	2.221808	1.221642
36408	-2646.375	-3271.581	625.2059	0.270671	0.361056	0.11915	0.249123	1.512864	1.819289	2.342756	0.4657877
36414	-2618.425	-3243.529	625.1038	0.343022	0.281622	0.121442	0.253914	1.144135	1.695893	2.457803	0.8294349
36420	-2627.53	-3250.189	622.6589	0.534141	0.0618645	0.210433	0.193561	1.11074	1.697565	2.549838	4.143783
36426	-2628.42	-3251.26	622.8396	0.431451	0.0952826	0.206369	0.266897	2.183813	1.753786	2.549838	2.214234
36432	-2645.246	-3267.414	622.1681	0.496798	0.0401185	0.208424	0.254659	1.298058	1.607409	3.759333	1.573166
36438	-2639.321	-3260.158	620.8376	0.406399	0.110973	0.207088	0.27554	1.339765	1.699821	3.759333	3.330629
36444	-2658.347	-3282.136	623.7891	0.40628	0.144833	0.285367	0.16352	1.567315	1.881487	3.007116	0.6879267
36450	-2659.209	-3283.448	624.2389	0.438457	0.144007	0.252638	0.164898	0.9013473	1.640729	2.878025	1.318676
36456	-2650.701	-3276.194	625.4938	0.401882	0.170824	0.231689	0.195605	1.267685	1.689431	2.467649	0.2460071
36462	-2642.501	-3267.976	625.4755	0.491054	0.170184	0.194292	0.14447	1.022463	1.608609	2.671302	0.2200728
36468	-2662.858	-3287.628	624.7704	0.38685	0.134071	0.288244	0.190835	1.009189	1.505474	3.170844	0.2578373
36474	-2662.069	-3286.503	624.4343	0.427143	0.248538	0.245979	0.0783402	1.009189	1.505474	3.352482	0.1897363
36480	-2678.87	-3299.827	620.9568	0.484357	0.0872479	0.168514	0.259881	1.397076	1.570828	4.379768	1.657556
36486	-2655.108	-3276.948	621.8397	0.478994	0.133431	0.100426	0.287149	1.776546	1.816194	3.633626	1.489198
36492	-2624.399	-3249.01	624.6113	0.286923	0.296662	0.30308	0.113335	0.5598983	1.411821	3.593573	0.2547684
36498	-2632.675	-3255.856	623.1815	0.450223	0.229476	0.265464	0.0548362	0.9418233	1.384392	4.200418	0.2547684
36504	-2643.281	-3265.55	622.2684	0.378751	0.113528	0.368024	0.139697	0.6809667	1.479336	4.517955	0.8413814
36510	-2659.962	-3281.267	621.305	0.517334	0.120545	0.176994	0.185127	1.412538	1.344331	4.245109	1.784372
36516	-2641.632	-3262.584	620.9522	0.323434	0.264094	0.109001	0.303471	2.302337	1.553179	4.245109	1.150435
36522	-2639.067	-3260.009	620.9415	0.396964	0.324133	0.033969	0.244933	2.881959	1.389821	4.168982	1.077826
36528	-2632.265	-3253.84	621.5753	0.268544	0.399974	0.0292394	0.302243	1.351974	1.506419	4.383806	1.077826
36534	-2618.915	-3241.479	622.5641	0.335915	0.409509	0.0377637	0.216813	1.351974	1.566737	3.653674	1.320394
36540	-2616.393	-3240.154	623.7602	0.544668	0.185658	0.0612318	0.208442	1.297943	1.566737	2.977942	1.320394
36546	-2623.218	-3246.08	622.8617	0.367525	0.118288	0.258527	0.255659	1.154152	1.508442	3.690518	1.191869
36552	-2639.975	-3261.847	621.8727	0.33289	0.195071	0.183792	0.288247	1.278233	1.363066	4.369045	1.016335
36558	-2648.774	-3271.907	623.1329	0.302716	0.289453	0.30681	0.101022	1.011985	1.479354	3.729333	1.016335
36564	-2646.401	-3269.403	623.0021	0.336463	0.199106	0.211046	0.253385	1.429714	1.568503	3.729333	0.6779857
36570	-2652.691	-3277.023	624.3314	0.382212	0.25245	0.236095	0.129242	1.429714	1.699406	2.730675	0.8931111
36576	-2659.848	-3283.905	624.0574	0.226874	0.303672	0.313988	0.155465	2.908044	1.735775	2.560519	0.2004509
36582	-2637.303	-3262.643	625.3405	0.423301	0.146503	0.320182	0.110014	1.124626	1.546931	2.729538	0.2924763
36588	-2630.798	-3256.155	625.3561	0.33245	0.281281	0.278631	0.107637	1.124626	1.521177	2.73949	0.2711024
36594	-2615.803	-3240.977	625.1737	0.323201	0.273456	0.27088	0.132464	0.924369	1.586885	2.930409	0.2290694
36600	-2626.437	-3251.71	625.2733	0.416355	0.189687	0.27775	0.116208	0.924369	1.643345	2.836577	0.2721447
36606	-2606.446	-3232.507	626.0611	0.373795	0.191427	0.317505	0.117273	0.9816844	1.718203	2.264743	0.2479584
36612	-2628.537	-3254.226	625.6899	0.290029	0.260737	0.328061	0.121172	1.282895	1.71344	2.31713	0.2798843
36618	-2627.159	-3253.023	625.8642	0.400134	0.21794	0.30481	0.0771159	0.7991131	1.719639	2.504602	0.2798843
36624	-2625.471	-3250.959	625.4877	0.319205	0.272466	0.38107	0.0272594	0.9059257	1.54721	2.752373	0.3522954
36630	-2623.37	-3248.557	625.1862	0.333114	0.197611	0.44374	0.0255362	1.070982	1.678522	2.745345	0.374311
36636	-2630.61	-3254.232	623.6218	0.357172	0.184354	0.413971	0.0445038	0.7532539	1.489199	3.678396	0.874025
36642	-2627.278	-3251.581	624.3025	0.345	0.202622	0.419183	0.0331947	0.6118512	1.495977	3.678396	0.3254255
36648	-2636.941	-3261.656	624.715	0.429452	0.256118	0.240963	0.0734665	0.6118512	1.508031	3.443286	0.227575
36654	-2634.803	-3257.849	623.0461	0.429452	0.256118	0.240963	0.0734665	1.064695	1.62116	4.070916	0.227575
36660	-2621.463	-3246.301	624.8378	0.420617	0.213591	0.304524	0.0612678	1.307273	1.651106	2.872311	0.2411817
36666	-2634.944	-3259.065	624.1206	0.408623	0.274885	0.237643	0.0788497	1.244832	1.748509	3.276495	0.2369619
36672	-2629.409	-3253.62	624.2102	0.298674	0.233252	0.338938	0.129136	1.324996	1.585182	3.276495	0.2369619
36678	-2636.858	-3261.4	624.5423	0.386114	0.152745	0.294199	0.166942	1.135545	1.416294	3.276495	0.2048314
36684	-2635.49	-3259.568	624.0779	0.416781	0.192566	0.251354	0.139298	1.191541	1.426959	3.51121	0.2048314
36690	-2641.53	-3266.219	624.6892	0.416781	0.192566	0.251354	0.139298	1.309138	1.552375	3.016045	0.2907271
36696	-2643.648	-3267.962	624.314	0.389503	0.211278	0.275779	0.12344	1.429473	1.552375	3.175447	0.2907271
36702	-2650.566	-3275.13	624.5634	0.379729	0.21435	0.280685	0.125235	1.065831	1.419509	3.304866	0.2121301
36708	-2640.515	-3265.492	624.9779	0.52109	0.0942631	0.301444	0.0832028	1.098347	1.488476	2.998656	0.2121301
36714	-2657.403	-3282.794	625.3903	0.697995	0.100872	0.162145	0.0389876	1.098347	1.667224	2.622215	0.1818417
36720	-2643.589	-3269.019	625.4307	0.475273	0.0823023	0.192598	0.249826	1.346577	1.667224	2.472175	0.2208102
36726	-2629.903	-3255.278	625.3754	0.529749	0.163122	0.214674	0.0924555	1.042073	1.594849	2.729461	0.2208102
36732	-2632.901	-3256.614	623.7128	0.356461	0.254268	0.299904	0.0893669	1.885976	1.693938	3.191116	0.3831334
36738	-2626.805	-3250.908	624.1024	0.388494	0.187252	0.326856	0.097398	1.393691	1.620943	3.191116	0.4847518
36744	-2666.158	-3290.089	623.9308	0.306932	0.357883	0.258234	0.0769498	1.393691	1.721034	3.191116	0.5555164
36750	-2638.243	-3262.232	623.9895	0.372164	0.304467	0.243335	0.0800338	1.393691	1.798994	3.191116	0.4149216
36756	-2650.977	-3274.733	623.756	0.421196	0.184081	0.325454	0.0692687	1.369461	1.47491	3.567015	0.3346578
36762	-2643.145	-3265.841	622.6958	0.382868	0.131256	0.295838	0.190038	1.558752	1.528982	3.944138	0.5453065
36768	-2644.478	-3266.476	621.9984	0.400445	0.217191	0.183602	0.198763	1.662653	1.488749	3.944138	1.182305
36774	-2638.416	-3260.549	622.133	0.329001	0.136181	0.268088	0.266729	1.406076	1.526722	4.097251	0.9563636
36780	-2644.864	-3266.973	622.1089	0.421932	0.129849	0.219225	0.228993	1.431883	1.505189	4.162556	0.8665315
36786	-2648.353	-3272.962	624.6089	0.459603	0.154445	0.179603	0.206349	0.9198789	1.57935	3.274511	0.2300316
36792	-2632.072	-3256.391	624.3189	0.635398	0.0498582	0.2483	0.0664433	1.230872	1.565359	3.274511	0.231311
36798	-2636.518	-3261.03	624.5126	0.488139	0.0524011	0.365272	0.0941879	1.035814	1.498563	3.311639	0.2593251
36804	-2639.923	-3263.836	623.9125	0.446484	0.0170086	0.426525	0.109982	1.139743	1.515627	3.561073	0.3724112
36810	-2640.046	-3262.471	622.4244	0.427867	0.0162994	0.431185	0.124648	1.117249	1.423888	4.351772	0.6025107
36816	-2670.642	-3293.159	622.5164	0.39085	0.0722497	0.393881	0.14302	1.117249	1.44907	4.251898	0.658764
36822	-2653.83	-3275.933	622.1031	0.361281	0.345147	0.161372	0.1322	1.568993	1.62754	4.278043	0.4428263
36828	-2635.783	-3260.877	625.0944	0.405409	0.249062	0.212791	0.132738	1.201489	1.640592	2.782459	0.2413305
36834	-2651.802	-3274.899	623.0969	0.567327	0.128453	0.161649	0.14257	1.650248	1.51938	3.79957	0.2413305
36840	-2623.532	-3248.111	624.5787	0.396709	0.289336	0.27287	0.0410861	0.7118716	1.404627	3.523257	0.2413305
36846	-2629.389	-3252.796	623.4075	0.239587	0.432706	0.233971	0.0937358	0.972713	1.660755	3.895021	0.2342925
36852	-2643.722	-3265.742	622.0201	0.388228	0.301477	0.133975	0.176321	1.462774	1.664621	4.183944	0.7372902
36858	-2662.112	-3282.189	620.077	0.276515	0.356528	0.158439	0.208517	1.512442	1.460914	4.751476	1.943885
36864	-2647.248	-3266.547	619.299	0.424789	0.261636	0.131225	0.18235	1.552181	1.31336	5.584724	1.218199
36870	-2636.439	-3256.741	620.3027	0.424789	0.261636	0.131225	0.18235	1.38815	1.294273	4.927357	1.610827
36876	-2627.45	-3247.672	620.2224	0.424789	0.261636	0.131225	0.18235	1.538821	1.248771	5.283474	0.9121319
36882	-2627.203	-3247.061	619.8573	0.357518	0.220203	0.110444	0.311835	1.243936	1.244981	5.283474	1.591294
36888	-2619.512	-3241.25	621.7381	0.43263	0.311932	0.0439624	0.211476	2.034124	1.595263	3.733352	1.433941
36894	-2635.013	-3256.571	621.5584	0.414785	0.212648	0.0611166	0.311451	1.887062	1.575703	3.979905	1.301985
36900	-2632.496	-3254.964	622.4681	0.438228	0.191398	0.0550093	0.315365	1.413584	1.696471	3.87597	0.8352188
36906	-2633.019	-3253.607	620.5881	0.426218	0.19653	0.0132069	0.364046	2.166911	1.640371	4.420472	1.21646
36912	-2663.105	-3284.554	621.4495	0.552818	0.0139283	0.300688	0.132565	1.217634	1.574794	3.365958	3.894999
36918	-2653.871	-3274.966	621.0951	0.558072	0.0087231	0.303546	0.129659	1.563581	1.787349	3.365958	3.576895
36924	-2676.734	-3296.216	619.482	0.329087	0.278009	0.182984	0.209921	1.857256	1.684644	4.617222	2.400864
36930	-2652.69	-3275.986	623.296	0.243501	0.468487	0.111892	0.17612	1.0312	1.612749	3.478553	1.135187
36936	-2645.423	-3266.838	621.4147	0.413526	0.210755	0.0805139	0.295204	1.644664	1.508359	3.995312	1.742598
36942	-2657.848	-3277.189	619.3414	0.329527	0.195782	0.256444	0.218247	1.644664	1.567881	4.089603	4.926106
36948	-2646.899	-3269.494	622.5945	0.455431	0.228298	0.133297	0.182974	1.358695	1.5119	3.39496	1.870642
36954	-2669.805	-3289.852	620.0478	0.588998	0.121604	0.121971	0.167427	1.316609	1.615958	4.880693	1.70982
36960	-2655.744	-3277.553	621.809	0.33806	0.144819	0.323068	0.194053	1.413335	1.58887	4.209791	1.013587
36966	-2650.284	-3271.575	621.2909	0.403108	0.177041	0.252987	0.166864	1.107263	1.436566	4.242623	2.0571
36972	-2639.794	-3261.424	621.6299	0.444991	0.195436	0.117515	0.242059	1.733036	1.601378	3.588909	2.170111
36978	-2644.415	-3265.814	621.3986	0.634427	0.00866753	0.167542	0.189364	2.171769	1.752028	3.698053	1.60069
36984	-2643.41	-3263.743	620.3326	0.636565	0.034588	0.209689	0.119158	1.68902	1.721427	3.600305	4.209204
36990	-2643.97	-3264.034	620.0645	0.517728	0.0480905	0.320948	0.113233	2.131559	1.718956	3.884495	3.147901
36996	-2646.514	-3267.465	620.9514	0.35201	0.0620955	0.44351	0.142385	0.8370557	1.337318	4.56305	2.254769
37002	-2659.851	-3280.349	620.4986	0.578977	0.0516566	0.281208	0.0881583	1.823791	1.641214	3.8021	3.181793
37008	-2660.542	-3282.424	621.8821	0.511211	0.0548418	0.298548	0.135399	1.392276	1.562347	3.749045	1.900208
37014	-2645.918	-3267.868	621.9495	0.479802	0.138437	0.280205	0.101557	1.509886	1.532237	3.736394	1.749889
37020	-2649.695	-3270.712	621.017	0.26547	0.31859	0.0754599	0.34048	1.585087	1.775736	3.535714	3.184121
37026	-2669.32	-3292.912	623.5917	0.271018	0.325249	0.116657	0.287076	1.372978	1.797965	2.195438	2.834915
37032	-2643.738	-3266.966	623.2279	0.467289	0.254619	0.0533569	0.224736	2.069098	1.815686	2.202429	2.477423
37038	-2640.405	-3264.365	623.9602	0.333804	0.109528	0.35121	0.205457	1.199651	1.754416	2.237038	2.477423
37044	-2647.671	-3271.53	623.8588	0.286707	0.338127	0.23367	0.141496	1.000032	1.754416	2.570176	2.143861
37050	-2659.29	-3282.48	623.1902	0.208479	0.365854	0.262657	0.16301	0.927407	1.754416	2.287011	4.166423
37056	-2660.549	-3286.283	625.7343	0.257993	0.308331	0.295792	0.137885	0.9503783	1.679629	2.287011	0.6836931
37062	-2662.792	-3287.315	624.5231	0.38228	0.182598	0.132117	0.303005	1.08448	1.546575	2.953543	0.8102884
37068	-2660.664	-3283.868	623.204	0.40376	0.0908514	0.401395	0.103994	1.316767	1.415787	3.678703	0.8102884
37074	-2651.692	-3274.313	622.6204	0.458442	0.075541	0.374853	0.0911644	1.404676	1.585714	3.225807	2.063834
37080	-2647.132	-3267.926	620.7945	0.607113	0.0486074	0.0795596	0.26472	1.948341	1.585714	2.94053	5.535851
37086	-2638.236	-3259.952	621.7165	0.423164	0.244668	0.0905423	0.241626	1.529836	1.712605	3.196416	3.163776
37092	-2641.184	-3262.748	621.5642	0.502107	0.164528	0.107433	0.225932	1.529836	1.543273	4.281986	1.07609
37098	-2622.428	-3245.34	622.9115	0.291958	0.248254	0.207143	0.252644	1.157088	1.854423	3.523838	1.07609
37104	-2650.842	-3273.232	622.3895	0.287884	0.249369	0.213629	0.249118	1.310159	1.854423	3.211152	2.162491
37110	-2640.437	-3262.703	622.2664	0.297978	0.296166	0.214684	0.191172	1.451957	1.929728	3.164325	2.162491
37116	-2657.754	-3280.357	622.6033	0.405621	0.264163	0.0699825	0.260233	2.031966	1.786554	2.805491	2.074378
37122	-2645.785	-3267.786	622.0004	0.387965	0.252665	0.110466	0.248905	1.860607	1.735712	2.637492	3.800794
37128	-2651.829	-3273.84	622.0107	0.488057	0.237015	0.0569647	0.217963	2.344865	1.640929	3.054005	2.214996
37134	-2660.022	-3282.512	622.4897	0.472	0.221094	0.077851	0.229056	1.526149	1.663703	3.584982	1.258229
37140	-2643.077	-3264.595	621.5179	0.48778	0.146827	0.213278	0.152115	1.193221	1.73065	3.689673	2.579094
37146	-2649.356	-3271.914	622.558	0.381447	0.11482	0.150343	0.35339	1.354667	1.490209	3.751366	1.224229
37152	-2667.356	-3289.804	622.4471	0.506239	0.0649452	0.0629679	0.365848	1.39426	1.625265	2.865731	3.210937
37158	-2650.371	-3273.828	623.4572	0.350585	0.31663	0.0589659	0.273819	1.218697	1.698115	2.865731	1.830535
37164	-2648.943	-3272.771	623.8277	0.387468	0.336365	0.093947	0.18222	1.52263	1.640977	2.865731	1.154501
37170	-2638.367	-3260.892	622.5257	0.480285	0.0884008	0.130495	0.300819	1.264882	1.561461	3.754338	1.264872
37176	-2646.802	-3267.69	620.8875	0.464094	0.0881092	0.14797	0.299827	1.12498	1.330284	4.519415	2.059908
37182	-2643.186	-3262.849	619.663	0.533444	0.00725598	0.222105	0.237195	1.29239	1.519603	3.99285	5.40512
37188	-2644.13	-3263.229	619.0985	0.561231	0.00827498	0.0546168	0.375877	2.012432	1.514667	4.800488	2.561294
37194	-2652.196	-3271.304	619.1088	0.453139	0.176219	0.12499	0.245652	2.012432	1.470964	4.633162	3.097306
37200	-2638.807	-3259.494	620.6872	0.453354	0.174247	0.16405	0.208348	2.012432	1.548723	4.594479	1.006347
37206	-2634.162	-3255.123	620.9608	0.457163	0.236824	0.0502959	0.255717	1.788475	1.764444	3.499437	3.121349
37212	-2632.196	-3253.055	620.8594	0.483867	0.250658	0.0483352	0.21714	1.356161	1.910142	3.685991	3.121349
37218	-2622.056	-3244.13	622.0742	0.355921	0.275024	0.130808	0.238248	1.68761	1.680744	3.837546	1.076018
37224	-2628.786	-3250.328	621.5412	0.380264	0.293834	0.0713592	0.254543	2.180877	1.706612	3.916477	1.068012
37230	-2619.03	-3240.784	621.7536	0.254257	0.225713	0.131599	0.388431	1.994758	1.706612	3.71687	1.356541
37236	-2641.73	-3263.531	621.801	0.391151	0.191123	0.202453	0.215274	1.994758	1.8419	3.71687	1.159459
37242	-2638.061	-3258.154	620.093	0.494296	0.118355	0.115308	0.272041	1.959853	1.721949	3.784001	3.63471
37248	-2642.884	-3266.337	623.4531	0.439818	0.15531	0.162814	0.242058	1.077853	1.537899	3.444447	1.06332
37254	-2645.757	-3267.531	621.774	0.453434	0.155335	0.167855	0.223377	1.527438	1.569337	3.94622	1.461098
37260	-2645.245	-3267.625	622.3801	0.387411	0.132717	0.30863	0.171242	0.9002942	1.448058	3.94622	1.583402
37266	-2643.038	-3263.951	620.9127	0.363843	0.295683	0.0557132	0.28476	1.426572	1.495023	3.936248	2.894418
37272	-2631.323	-3253.116	621.7926	0.286131	0.230852	0.0603597	0.422657	1.30731	1.503472	4.288264	1.073001
37278	-2627.364	-3248.519	621.1552	0.23261	0.263531	0.160261	0.343599	1.662275	1.503472	4.474317	1.073001
37284	-2644.512	-3265.853	621.3408	0.448988	0.150478	0.0915098	0.309025	2.117039	1.737309	3.849267	1.425871
37290	-2640.258	-3261.195	620.9367	0.271429	0.271072	0.256327	0.201172	1.695453	1.653139	4.060256	1.970386
37296	-2648.898	-3269.008	620.11	0.422097	0.0391451	0.398613	0.140144	1.695453	1.640465	3.671739	4.580281
37302	-2645.838	-3268.116	622.2789	0.533088	0.0127714	0.235521	0.218619	1.633118	1.618438	3.465189	1.684936
37308	-2645.682	-3269.777	624.0946	0.452708	0.224073	0.200009	0.12321	1.428312	1.749901	2.394333	1.684936
37314	-2635.086	-3259.89	624.8041	0.4656	0.179769	0.255783	0.0988486	0.8779765	1.595644	2.484576	1.480498
37320	-2638.604	-3262.547	623.9433	0.423717	0.122379	0.325546	0.128357	0.8779765	1.62342	2.602897	2.309741
37326	-2654.765	-3279.19	624.4251	0.380977	0.107231	0.203608	0.308183	0.8315101	1.62342	2.788906	1.37413
37332	-2631.827	-3254.444	622.6165	0.402932	0.165868	0.105257	0.325943	1.343631	1.587892	3.52363	1.498583
37338	-2630.538	-3253.733	623.1942	0.486322	0.200196	0.116734	0.196749	1.312139	1.498181	3.404785	1.214226
37344	-2642.567	-3267.045	624.4777	0.3541	0.275707	0.139827	0.230365	1.001849	1.549189	2.942506	0.9487593
37350	-2617.678	-3242.022	624.3436	0.403327	0.184384	0.231857	0.180432	0.9636627	1.758707	2.445132	1.8102
37356	-2631.956	-3253.948	621.9921	0.311332	0.307409	0.0668356	0.314423	1.509958	1.58872	3.691995	1.72223
37362	-2610.615	-3233.642	623.0269	0.303902	0.300072	0.100693	0.295333	1.520848	1.797206	3.381789	0.9313308
37368	-2638.697	-3261.052	622.3555	0.347632	0.131512	0.183027	0.337829	1.520848	1.736319	3.694943	1.127481
37374	-2636.317	-3255.691	619.3733	0.36844	0.132253	0.141256	0.358051	1.409148	1.39557	4.310171	4.820534
37380	-2652.24	-3274.24	622.0003	0.343482	0.269378	0.0598445	0.327296	1.32354	1.517708	3.82693	1.714421
37386	-2649.972	-3272.387	622.4147	0.358063	0.242561	0.122899	0.276477	1.564389	1.631891	3.732834	1.068421
37392	-2638.646	-3257.3	618.6542	0.443902	0.260295	0.0392465	0.256557	1.564389	1.40483	4.877442	3.903094
37398	-2626.301	-3246.527	620.2262	0.455067	0.177453	0.00605975	0.361421	1.826569	1.469702	4.599889	1.757881
37404	-2636.201	-3259.6	623.3991	0.471361	0.183807	0.0377292	0.307103	1.629073	1.534905	2.905068	1.577261
37410	-2630.001	-3252.64	622.6396	0.452545	0.176469	0.0761425	0.294843	1.498375	1.534905	3.646735	1.148271
37416	-2629.756	-3251.372	621.6167	0.434746	0.169529	0.112478	0.283247	1.365996	1.396119	3.821379	2.352858
37422	-2637.369	-3259.88	622.5107	0.362789	0.204827	0.135898	0.296486	1.234636	1.450609	3.898826	1.161434
37428	-2648.051	-3270.996	622.9451	0.334893	0.262363	0.179202	0.223542	1.023237	1.491953	3.950364	0.8008274
37434	-2613.197	-3236.339	623.1414	0.360123	0.206791	0.192703	0.240383	1.006679	1.539303	3.283831	1.804968
37440	-2638.424	-3263.082	624.6583	0.32722	0.314021	0.15963	0.199128	1.04302	1.775668	2.4123	1.382805
37446	-2642.116	-3265.747	623.6311	0.306765	0.297249	0.151104	0.244882	1.274847	1.606162	3.010759	1.382805
37452	-2615.837	-3239.563	623.7259	0.188129	0.405143	0.155203	0.251525	1.189103	1.637236	3.069373	1.22563
37458	-2623.951	-3248.419	624.4683	0.292383	0.365825	0.159484	0.182308	0.9453928	1.687637	2.743013	1.21132
37464	-2640.249	-3263.637	623.3881	0.371755	0.0667146	0.329732	0.231799	1.398582	1.687637	2.650309	2.187926
37470	-2644.763	-3268.598	623.8343	0.528677	0.0948756	0.313523	0.0629242	1.150385	1.677056	2.650309	1.909454
37476	-2658.6	-3283.093	624.4922	0.332839	0.148835	0.368289	0.150037	1.444777	1.758907	2.253561	1.448419
37482	-2633.181	-3257.872	624.6912	0.332839	0.148835	0.368289	0.150037	0.9771723	1.752014	2.4113	1.448419
37488	-2627.783	-3253.729	625.9454	0.332839	0.148835	0.368289	0.150037	1.07627	1.686181	2.279418	0.1876474
37494	-2625.482	-3250.7	625.2182	0.489199	0.109363	0.270615	0.130824	0.9442813	1.533123	2.916254	0.2043184
37500	-2647.584	-3268.988	621.4038	0.477932	0.0788883	0.375296	0.0678842	1.612561	1.487885	4.395198	1.020881
37506	-2629.998	-3250.811	620.8122	0.404562	0.0775493	0.368926	0.148963	1.414804	1.442579	4.395198	1.947746
37512	-2621.903	-3243.028	621.1242	0.517122	0.0707688	0.275909	0.1362	1.105631	1.539778	4.099343	2.509915
37518	-2643.872	-3264.919	621.0467	0.386784	0.0513756	0.2003	0.361541	1.791297	1.686976	3.714143	2.509915
37524	-2655.228	-3276.463	621.2343	0.512896	0.0638423	0.150896	0.272366	1.445389	1.593256	3.714143	2.812809
37530	-2650.192	-3272.235	622.0434	0.427718	0.107788	0.254764	0.209729	1.200737	1.590262	3.870428	1.620008
37536	-2641.184	-3262.975	621.7909	0.437105	0.152186	0.260355	0.150354	1.075812	1.543977	4.115742	1.607599
37542	-2653.664	-3278.275	624.6105	0.485031	0.120492	0.288902	0.105576	1.425057	1.554631	3.001505	0.2254086
37548	-2655.435	-3280.01	624.5751	0.471482	0.117126	0.280831	0.130561	0.6941586	1.534609	3.454466	0.2116399
37554	-2644.983	-3269.393	624.4095	0.516028	0.139512	0.314327	0.0301327	0.9932681	1.526903	3.374389	0.2116399
37560	-2631	-3257.507	626.5072	0.516028	0.139512	0.314327	0.0301327	0.8049222	1.810055	2.027642	0.2183514
37566	-2634.783	-3261.897	627.1134	0.394734	0.174476	0.393105	0.0376846	0.3866086	1.832412	1.892652	0.2757127
37572	-2635.953	-3262.757	626.8045	0.49007	0.17393	0.298433	0.0375666	0.5961542	1.907051	1.913953	0.2757127
37578	-2624.937	-3250.846	625.9089	0.426327	0.282139	0.259616	0.0319178	0.5274857	1.908218	2.537743	0.2757127
37584	-2638.409	-3264.637	626.2289	0.369117	0.289054	0.306046	0.0357824	0.4078535	1.721097	2.52446	0.2220704
37590	-2647.871	-3273.835	625.9635	0.376514	0.158459	0.437472	0.0275539	0.6190063	1.778083	2.52446	0.2822609
37596	-2664.978	-3289.037	624.0588	0.361613	0.152188	0.420158	0.0660412	0.6015429	1.785366	3.074527	1.344218
37602	-2649.44	-3274.056	624.6157	0.456851	0.0983577	0.30917	0.135621	1.105848	1.813161	2.398586	1.344218
37608	-2639.415	-3264.157	624.7419	0.478133	0.0787734	0.276856	0.166238	1.085463	1.759639	2.232054	1.582961
37614	-2642.39	-3268.377	625.9864	0.410597	0.0774333	0.382306	0.129663	1.085463	1.794839	2.156211	0.3819656
37620	-2650.585	-3276.481	625.8965	0.468913	0.0884309	0.294577	0.148078	1.105472	1.844978	2.10018	0.4982976
37626	-2646.498	-3270.644	624.1458	0.395566	0.231018	0.2485	0.124916	1.364951	1.844978	2.495504	1.390996
37632	-2642.408	-3265.528	623.1205	0.369195	0.0558797	0.41042	0.164505	1.702425	1.897308	2.495504	2.256862
37638	-2638.636	-3263.232	624.5968	0.322777	0.211568	0.321833	0.143822	1.237226	1.76872	2.983219	0.2822066
37644	-2646.994	-3271.741	624.7463	0.374437	0.219317	0.239406	0.166841	1.362122	1.6259	2.910315	0.2822066
37650	-2625.265	-3246.949	621.6844	0.365457	0.211949	0.249039	0.173554	1.281316	1.541973	3.958284	1.841487
37656	-2628.562	-3250.518	621.9563	0.323039	0.226168	0.182542	0.268251	1.281316	1.740973	3.390809	2.552187
37662	-2647.273	-3268.989	621.7165	0.522877	0.159404	0.128656	0.189063	1.523209	1.800727	3.512734	2.197108
37668	-2661.253	-3283.568	622.3146	0.440999	0.152667	0.212588	0.193747	1.523209	1.814055	3.512734	1.425643
37674	-2659.304	-3282.639	623.3358	0.459414	0.201324	0.0837657	0.255497	1.356223	1.707978	3.181748	1.200404
37680	-2647.47	-3269.505	622.0354	0.255017	0.352073	0.088059	0.304851	1.356223	1.707978	3.525928	2.056721
37686	-2687.112	-3310.308	623.1963	0.21133	0.284281	0.251762	0.252627	0.7456231	1.720716	3.525928	1.354175
37692	-2647.091	-3268.635	621.5438	0.214055	0.287947	0.255008	0.24299	1.294102	1.545556	4.072847	1.746578
37698	-2648.859	-3269.382	620.5233	0.302709	0.389352	0.119857	0.188081	1.577252	1.60976	4.621034	1.433999
37704	-2638.239	-3258.492	620.2537	0.385935	0.287955	0.12693	0.19918	1.260218	1.416623	5.035437	1.433999
37710	-2632.72	-3254.115	621.3952	0.268917	0.392339	0.172942	0.165802	1.22204	1.56479	4.077542	1.988145
37716	-2619.315	-3241.858	622.5431	0.330551	0.179487	0.250145	0.239817	1.765765	1.553312	3.515613	1.234559
37722	-2619.29	-3240.298	621.008	0.500992	0.134928	0.238512	0.125568	1.195078	1.425819	3.852334	3.467147
37728	-2633.333	-3257.406	624.0727	0.441033	0.11292	0.27435	0.171697	1.195078	1.562432	3.427733	0.3263531
37734	-2626.581	-3250.422	623.8413	0.441033	0.11292	0.27435	0.171697	1.521569	1.499987	3.427733	0.3263531
37740	-2631.783	-3255.618	623.8345	0.413682	0.0994617	0.313491	0.173365	1.070391	1.677785	2.648478	2.014328
37746	-2659.222	-3283.563	624.3411	0.453183	0.0740814	0.34361	0.129126	1.070391	1.804248	2.45339	1.610156
37752	-2641.475	-3264.886	623.4103	0.45682	0.0666509	0.346367	0.130162	1.356467	1.670371	2.78774	1.929093
37758	-2646.769	-3269.215	622.4458	0.473885	0.164447	0.130671	0.230998	1.426171	1.670371	2.78774	3.309819
37764	-2642.558	-3261.688	619.1299	0.55839	0.0457371	0.23309	0.162783	1.426171	1.470215	4.990962	2.790718
37770	-2641.172	-3263.476	622.3046	0.428644	0.0264988	0.280866	0.263992	1.296235	1.590584	3.457413	2.083924
37776	-2639.966	-3261.844	621.8779	0.525689	0.0476925	0.102858	0.32376	1.811326	1.726937	3.370897	2.083924
37782	-2626.949	-3249.212	622.2629	0.522476	0.0784035	0.221998	0.177123	1.341057	1.688701	3.40051	2.083924
37788	-2631.015	-3252.755	621.7391	0.541045	0.08119	0.194348	0.183418	0.9861434	1.393905	3.524339	3.598942
37794	-2620.326	-3243.482	623.1566	0.493946	0.0969756	0.241627	0.167451	1.104243	1.737119	2.881606	2.296262
37800	-2632.616	-3256.714	624.0976	0.461718	0.0967534	0.243718	0.19781	1.412036	1.794637	2.674741	1.139614
37806	-2640.524	-3264.233	623.7091	0.331598	0.145846	0.295234	0.227321	0.7430583	1.712898	3.488727	0.8993483
37812	-2624.75	-3248.17	623.42	0.291263	0.236832	0.382435	0.0894698	0.6144285	1.694704	2.810085	2.911467
37818	-2633.245	-3254.741	621.4961	0.243901	0.324594	0.362061	0.0694438	0.6144285	1.59676	4.076718	2.68802
37824	-2633.363	-3258.035	624.6716	0.2025	0.443036	0.297419	0.0570454	0.5693293	1.690608	2.545617	1.799086
37830	-2646.481	-3270.781	624.2995	0.388893	0.2453	0.282677	0.0831303	0.9993502	1.738423	2.529099	1.678839
37836	-2645.932	-3270.343	624.4109	0.31866	0.38188	0.14729	0.15217	1.116492	1.721609	2.50272	1.480072
37842	-2655.687	-3279.304	623.6171	0.150996	0.455377	0.224607	0.16902	0.6362112	1.671656	3.445732	1.225116
37848	-2650.051	-3273.605	623.5538	0.337924	0.30783	0.151833	0.202413	0.9292018	1.706838	2.614773	2.660451
37854	-2635.736	-3258.997	623.2612	0.32094	0.346814	0.17106	0.161186	1.080811	1.479052	3.168696	1.88389
37860	-2627.37	-3251.261	623.8905	0.592161	0.00337046	0.193712	0.210756	1.545904	1.453651	2.805478	1.374823
37866	-2631.682	-3254.657	622.9749	0.486995	0.00649618	0.125012	0.381498	1.656041	1.535842	3.206324	1.457406
37872	-2631.413	-3253.737	622.3237	0.449108	0.00271584	0.206728	0.341448	1.656041	1.655242	3.206324	2.125304
37878	-2644.285	-3266.833	622.5475	0.460164	0.0338037	0.156178	0.349854	1.832501	1.539384	3.213691	1.7806
37884	-2627.683	-3249.425	621.7426	0.567484	0.0217785	0.0994633	0.311274	1.832501	1.540585	3.52125	2.149588
37890	-2647.227	-3269.8	622.5734	0.322127	0.307038	0.0564593	0.314376	1.337704	1.586913	3.476262	1.653395
37896	-2644.086	-3265.772	621.6862	0.322127	0.307038	0.0564593	0.314376	1.537454	1.50119	4.052342	1.417553
37902	-2645.966	-3267.148	621.1815	0.322005	0.437008	0.0510613	0.189926	1.537454	1.583101	3.822919	2.493821
37908	-2650.796	-3272.284	621.4883	0.336415	0.456565	0.00859398	0.198426	1.70812	1.52278	3.410319	3.004897
37914	-2626.271	-3247.981	621.7099	0.445762	0.155524	0.266491	0.132223	1.84149	1.66357	3.410319	2.279643
37920	-2653.803	-3276.912	623.1089	0.337523	0.137911	0.405389	0.119177	0.7271468	1.629839	2.354179	4.831126
37926	-2645.872	-3270.59	624.718	0.336675	0.176024	0.442113	0.0451881	0.8108139	1.845283	2.354179	1.613423
37932	-2651.243	-3276.737	625.4942	0.297706	0.253453	0.276316	0.172525	1.325998	1.844185	1.865494	1.026121
37938	-2640.335	-3266.329	625.9937	0.485579	0.103571	0.28042	0.13043	0.8572601	1.844185	1.865494	0.9830111
37944	-2636.63	-3262.088	625.458	0.434248	0.295069	0.117326	0.153357	1.037984	1.87405	1.939588	1.202109
37950	-2640.464	-3265.839	625.3751	0.324872	0.219523	0.167484	0.28812	1.037984	1.8059	1.939588	1.366312
37956	-2636.936	-3260.004	623.0682	0.292063	0.235145	0.213769	0.259023	1.225338	1.533236	3.291924	1.625095
37962	-2637.749	-3261.626	623.8769	0.285622	0.241534	0.278734	0.19411	0.8746143	1.448018	3.291924	1.198703
37968	-2640.094	-3262.145	622.0506	0.304299	0.257328	0.29696	0.141412	0.9856001	1.659716	3.535126	2.589593
37974	-2650.9	-3272.669	621.7696	0.308264	0.149028	0.216313	0.326395	1.615396	1.640751	3.535126	2.183976
37980	-2644.382	-3269.639	625.257	0.463244	0.160917	0.325065	0.0507736	1.084965	1.640751	2.732985	0.336509
37986	-2662.589	-3287.963	625.3739	0.39003	0.181698	0.280033	0.148239	0.8908939	1.634217	2.732985	0.4418983
37992	-2661.742	-3282.959	621.2169	0.452082	0.106025	0.0748081	0.367084	1.83017	1.315175	3.951671	2.159874
37998	-2646.309	-3266.776	620.4677	0.499734	0.117201	0.0763684	0.306697	1.802404	1.483339	4.42865	1.844265
38004	-2641.542	-3262.734	621.1921	0.322595	0.337943	0.0532754	0.286186	1.194868	1.378121	4.063394	2.618736
38010	-2644.506	-3266.933	622.4268	0.338116	0.354202	0.0077272	0.299955	1.37303	1.500264	3.991703	0.9045056
38016	-2623.054	-3245.128	622.074	0.399365	0.288208	0.0763598	0.236067	1.354996	1.563908	3.820514	1.54918
38022	-2630.753	-3252.111	621.358	0.480543	0.126043	0.0918813	0.301532	1.414451	1.769567	3.652397	2.553199
38028	-2650.174	-3272.58	622.4056	0.508637	0.0782817	0.229995	0.183087	1.374571	1.645484	3.652397	1.38887
38034	-2636.226	-3258.744	622.5172	0.500096	0.0836351	0.238463	0.177806	1.374571	1.645484	3.779734	1.03583
38040	-2639.006	-3262.02	623.0136	0.46797	0.0557302	0.18569	0.29061	1.096659	1.408538	3.779734	1.03583
38046	-2649.45	-3271.917	622.4663	0.415189	0.00879607	0.339253	0.236761	1.05342	1.397612	3.779734	1.704355
38052	-2654.4	-3276.88	622.4803	0.439051	0.00930159	0.301279	0.250368	1.060811	1.397612	3.546518	2.205625
38058	-2667.893	-3289.285	621.3924	0.617165	0.00725932	0.142726	0.23285	1.673571	1.651768	3.326045	3.242162
38064	-2663.399	-3285.761	622.3616	0.529696	0.0136702	0.268771	0.187863	1.269348	1.548692	3.020761	3.242162
38070	-2653.74	-3276.607	622.867	0.515669	0.126906	0.180398	0.177027	1.56228	1.802578	3.221935	1.337222
38076	-2641.026	-3264.412	623.3861	0.421205	0.103659	0.330538	0.144598	0.8164745	1.729105	3.524337	1.067249
38082	-2656.923	-3280.921	623.9983	0.480208	0.15068	0.28661	0.0825016	0.8164745	1.76232	3.131018	1.090642
38088	-2655.325	-3277.647	622.3225	0.45882	0.0750758	0.387277	0.0788271	0.8222613	1.403636	4.663677	0.4695709
38094	-2649.045	-3271.375	622.3305	0.489078	0.0708784	0.365624	0.0744199	0.8342323	1.403636	4.663677	0.4479692
38100	-2639.529	-3259.951	620.422	0.550908	0.0135417	0.369414	0.0661365	0.9349465	1.455006	4.763645	2.188236
38106	-2639.227	-3261.707	622.48	0.557115	0.00400468	0.373576	0.0653044	0.7287515	1.497535	3.570851	2.494239
38112	-2636.262	-3258.923	622.6612	0.51426	0.0192091	0.299494	0.167037	1.383138	1.556343	3.050857	2.494239
38118	-2642.101	-3264.643	622.5418	0.492748	0.05769	0.263702	0.18586	1.028402	1.603921	2.949017	3.447079
38124	-2646.327	-3270.308	623.9817	0.369728	0.0945453	0.432168	0.103558	1.028402	1.677499	3.188475	0.8799476
38130	-2635.083	-3261.061	625.9781	0.300666	0.197703	0.347342	0.154289	0.5294458	1.683468	2.603552	0.3655247
38136	-2649.914	-3275.757	625.8438	0.186338	0.453213	0.300176	0.0602733	0.6747714	1.712074	2.603552	0.2803479
38142	-2671.3	-3294.876	623.5764	0.294231	0.193302	0.392639	0.119829	1.155321	1.467588	3.801469	0.2958125
38148	-2644.02	-3267.974	623.9533	0.447655	0.159033	0.323032	0.0702794	1.200302	1.530049	3.383303	0.5746477
38154	-2644.61	-3267.363	622.7531	0.409712	0.145554	0.385735	0.0589989	0.8192251	1.498552	3.383303	2.422676
38160	-2643.457	-3266.171	622.7133	0.312978	0.0940375	0.339769	0.253216	1.39122	1.498552	3.383303	1.725832
38166	-2655.614	-3278.966	623.3513	0.588437	0.0622439	0.181714	0.167605	1.18343	1.557277	2.924731	2.070134
38172	-2648.557	-3272.651	624.0941	0.51796	0.0570575	0.159951	0.265032	1.020424	1.743126	2.333434	2.331061
38178	-2650.68	-3274.646	623.9658	0.367567	0.259397	0.131786	0.24125	2.412294	1.743126	2.333434	1.094211
38184	-2652.4	-3275.037	622.6366	0.431663	0.0643013	0.154767	0.34927	1.215264	1.584837	3.226576	2.281121
38190	-2649.623	-3272.955	623.3321	0.603038	0.0490431	0.146813	0.201106	1.285784	1.631681	2.661999	2.469318
38196	-2664.388	-3287.72	623.3324	0.615838	0.0092789	0.158191	0.216692	1.732678	1.765309	2.262116	2.649277
38202	-2653.379	-3276.923	623.5441	0.617331	0.00687807	0.158574	0.217217	1.607648	1.677287	2.543875	1.978536
38208	-2637.091	-3258.738	621.6473	0.614505	0.0137228	0.19152	0.180252	1.531335	1.677287	2.563936	5.55546
38214	-2639.582	-3263.574	623.9917	0.574676	0.00927446	0.21433	0.20172	1.0158	1.854265	2.009688	3.107868
38220	-2668.785	-3292.902	624.1165	0.516859	0.00834139	0.182897	0.291902	1.042874	1.854265	2.387489	1.996763
38226	-2653.099	-3277.498	624.399	0.489189	0.0166946	0.347392	0.146724	1.042874	1.649531	2.367099	1.93668
38232	-2657.539	-3282.926	625.3864	0.264461	0.225448	0.358623	0.151468	1.006085	1.651813	2.677559	0.3759795
38238	-2655.887	-3281.268	625.3817	0.22272	0.295668	0.392445	0.089166	0.697954	1.676993	2.884412	0.3135677
38244	-2649.115	-3273.959	624.8444	0.256725	0.431492	0.230394	0.0813887	0.6802461	1.67936	2.697564	1.193109
38250	-2647.512	-3272.061	624.5485	0.151637	0.464788	0.248172	0.135404	0.7059658	1.634023	2.888808	1.193109
38256	-2673.107	-3297.885	624.7777	0.217792	0.309891	0.27784	0.194477	0.4897236	1.629832	2.888808	1.193109
38262	-2660.569	-3284.348	623.7785	0.281887	0.301346	0.114361	0.302406	1.513858	1.763133	2.442474	1.875791
38268	-2656.411	-3279.494	623.0831	0.234493	0.250681	0.263264	0.251562	1.492536	1.622742	3.104298	1.591212
38274	-2644.292	-3265.098	620.8069	0.3914	0.0157119	0.392112	0.200777	1.46526	1.613776	4.191946	2.14843
38280	-2652.42	-3274.078	621.6581	0.308701	0.209565	0.309262	0.172472	1.323164	1.819841	3.267013	3.188073
38286	-2663.648	-3286.214	622.566	0.363017	0.216436	0.257146	0.163402	1.383691	1.484196	3.193886	2.385426
38292	-2654.042	-3275.914	621.8715	0.460469	0.0500205	0.272549	0.216961	1.383691	1.484196	4.105593	1.276148
38298	-2649.787	-3271.815	622.0278	0.244756	0.111804	0.417003	0.226437	1.148867	1.535512	3.750395	2.037076
38304	-2639.786	-3261.869	622.0823	0.56057	0.0797462	0.198174	0.16151	1.586235	1.600702	3.452862	2.037076
38310	-2661.865	-3283.145	621.2799	0.527569	0.0121775	0.186507	0.273747	1.988685	1.636431	3.886717	1.650499
38316	-2651.573	-3273.513	621.9402	0.563235	0.00643294	0.154167	0.276165	1.348264	1.492179	3.691463	2.101517
38322	-2634.581	-3256.399	621.8179	0.396834	0.0128241	0.395767	0.194575	1.871163	1.59494	3.759443	1.43304
38328	-2635.058	-3256.173	621.1145	0.380803	0.0527045	0.379778	0.186714	1.885489	1.687292	3.479014	2.923878
38334	-2637.552	-3258.921	621.3693	0.462724	0.0817359	0.165977	0.289563	1.624664	1.626289	3.767158	2.193132
38340	-2622.122	-3244.977	622.8548	0.587907	0.0139736	0.200387	0.197732	1.255117	1.626289	3.135112	2.082306
38346	-2637.545	-3259.076	621.5307	0.434973	0.0103386	0.463218	0.0914704	1.400889	1.49218	3.579637	2.936766
38352	-2643.601	-3266.033	622.432	0.399984	0.00950695	0.425956	0.164553	1.400889	1.576654	3.640064	1.434355
